I strted with playing 'fabric-full.yml' playook at 11:00 CST. After ~12:45 around from "kubespray-prep.yml" , one node failed to install packages. So, I sttarted that in another window separately with limit. However, the main run failed also from this install failure. Later I started below and it is ~5.00 CST  , 5 hours running and stuck from the 'kubespray.yml' run. Adding the log below from wrapper and also from 'kubespray-inner.',

Please analyze the complete log why secially download will be taking this so long and repeating when the mirror is 'local', all the vms are running in the same physical server alonside with all the package stored in the same server. And since it failed again, is there at all possible to start from "start at task" either at the playbook level or at a task level from a playbook, otherwise it is whole day no progrees. let me know your findings and te path forward.

(venv) nh1221@Lab-ControlNode:/mnt/c/Users/nh1221/dc_lab/clab/sonic-clab$ ANSIBLE_CONFIG=$PWD/ansible.cfg ansible-playbook -i inventory.yml playbooks/kubespray.yml

PLAY [Deploy Kubernetes cluster via Kubespray] *************************************************************************************************************

TASK [Clone Kubespray repository] **************************************************************************************************************************
changed: [localhost]

TASK [Install Kubespray Python requirements] ***************************************************************************************************************
ok: [localhost]

TASK [Patch Kubespray containerd template for local image pull] ********************************************************************************************
changed: [localhost]

TASK [Run Kubespray cluster.yml (Fixed Multi-Layer Isolation)] *********************************************************************************************
ASYNC POLL on localhost: jid=j291945844852.76611 started=1 finished=0
ASYNC POLL on localhost: jid=j291945844852.76611 started=1 finished=0
ASYNC POLL on localhost: jid=j291945844852.76611 started=1 finished=0
ASYNC POLL on localhost: jid=j291945844852.76611 started=1 finished=0
:

ASYNC POLL on localhost: jid=j291945844852.76611 started=1 finished=0
ASYNC POLL on localhost: jid=j291945844852.76611 started=1 finished=0
ASYNC POLL on localhost: jid=j291945844852.76611 started=1 finished=0
ASYNC POLL on localhost: jid=j291945844852.76611 started=1 finished=0
ASYNC FAILED on localhost: jid=j291945844852.76611
fatal: [localhost]: FAILED! => {"ansible_job_id": "j291945844852.76611", "changed": false, "child_pid": 76615, "finished": 1, "msg": "Timeout exceeded", "results_file": "/home/nh1221/.ansible_async/j291945844852.76611", "started": 1, "stderr": "", "stderr_lines": [], "stdout": "", "stdout_lines": []}

PLAY RECAP *************************************************************************************************************************************************
localhost                  : ok=3    changed=2    unreachable=0    failed=1    skipped=0    rescued=0    ignored=0

(venv) nh1221@Lab-ControlNode:/mnt/c/Users/nh1221/dc_lab/clab/sonic-clab$


nh1221@Lab-ControlNode:/mnt/c/Users/nh1221$ tail -f /opt/fabric-cache/logs/kubespray-inner.log

PLAY [Check Ansible version] ***************************************************
Wednesday 16 September 2026  12:07:47 -0500 (0:00:00.251)       0:00:00.251 ***

TASK [Check 2.18.0 <= Ansible version < 2.19.0] ********************************
ok: [k8s-master-01] => {
    "changed": false,
    "msg": "All assertions passed"
}
Wednesday 16 September 2026  12:07:48 -0500 (0:00:00.238)       0:00:00.489 ***

TASK [Check that python netaddr is installed] **********************************
ok: [k8s-master-01] => {
    "changed": false,
    "msg": "All assertions passed"
}
Wednesday 16 September 2026  12:07:50 -0500 (0:00:02.630)       0:00:03.120 ***

TASK [Check that jinja is not too old (install via pip)] ***********************
ok: [k8s-master-01] => {
    "changed": false,
    "msg": "All assertions passed"
}

PLAY [Inventory setup and validation] ******************************************
Wednesday 16 September 2026  12:07:50 -0500 (0:00:00.164)       0:00:03.284 ***

TASK [dynamic_groups : Match needed groups by their old names or definition] ***
ok: [k8s-master-01] => (item={'key': 'k8s_cluster', 'value': ['kube_node', 'kube_control_plane', 'calico_rr']})
ok: [k8s-master-02] => (item={'key': 'k8s_cluster', 'value': ['kube_node', 'kube_control_plane', 'calico_rr']})
ok: [k8s-master-03] => (item={'key': 'k8s_cluster', 'value': ['kube_node', 'kube_control_plane', 'calico_rr']})
ok: [k8s-db-01] => (item={'key': 'k8s_cluster', 'value': ['kube_node', 'kube_control_plane', 'calico_rr']})
ok: [k8s-db-02] => (item={'key': 'k8s_cluster', 'value': ['kube_node', 'kube_control_plane', 'calico_rr']})
ok: [k8s-db-03] => (item={'key': 'k8s_cluster', 'value': ['kube_node', 'kube_control_plane', 'calico_rr']})
ok: [osh-ctrl-01] => (item={'key': 'k8s_cluster', 'value': ['kube_node', 'kube_control_plane', 'calico_rr']})
ok: [osh-ctrl-02] => (item={'key': 'k8s_cluster', 'value': ['kube_node', 'kube_control_plane', 'calico_rr']})
ok: [osh-net-01] => (item={'key': 'k8s_cluster', 'value': ['kube_node', 'kube_control_plane', 'calico_rr']})
ok: [osh-ctrl-03] => (item={'key': 'k8s_cluster', 'value': ['kube_node', 'kube_control_plane', 'calico_rr']})
ok: [osh-net-02] => (item={'key': 'k8s_cluster', 'value': ['kube_node', 'kube_control_plane', 'calico_rr']})
ok: [MonSrv] => (item={'key': 'k8s_cluster', 'value': ['kube_node', 'kube_control_plane', 'calico_rr']})
ok: [osh-comp-01] => (item={'key': 'k8s_cluster', 'value': ['kube_node', 'kube_control_plane', 'calico_rr']})
ok: [osh-comp-02] => (item={'key': 'k8s_cluster', 'value': ['kube_node', 'kube_control_plane', 'calico_rr']})
ok: [osh-comp-04] => (item={'key': 'k8s_cluster', 'value': ['kube_node', 'kube_control_plane', 'calico_rr']})
ok: [osh-comp-03] => (item={'key': 'k8s_cluster', 'value': ['kube_node', 'kube_control_plane', 'calico_rr']})
Wednesday 16 September 2026  12:08:06 -0500 (0:00:15.872)       0:00:19.157 ***

TASK [validate_inventory : Fail if removed variables are used] *****************
ok: [k8s-master-01] => {
    "changed": false,
    "msg": "All assertions passed"
}
Wednesday 16 September 2026  12:08:08 -0500 (0:00:02.244)       0:00:21.401 ***
Wednesday 16 September 2026  12:08:09 -0500 (0:00:00.048)       0:00:21.450 ***
Wednesday 16 September 2026  12:08:09 -0500 (0:00:00.065)       0:00:21.515 ***
Wednesday 16 September 2026  12:08:09 -0500 (0:00:00.576)       0:00:22.092 ***
Wednesday 16 September 2026  12:08:10 -0500 (0:00:00.652)       0:00:22.745 ***
Wednesday 16 September 2026  12:08:10 -0500 (0:00:00.058)       0:00:22.803 ***
Wednesday 16 September 2026  12:08:10 -0500 (0:00:00.058)       0:00:22.862 ***
Wednesday 16 September 2026  12:08:11 -0500 (0:00:00.616)       0:00:23.479 ***
Wednesday 16 September 2026  12:08:11 -0500 (0:00:00.618)       0:00:24.098 ***
Wednesday 16 September 2026  12:08:12 -0500 (0:00:00.714)       0:00:24.813 ***

TASK [validate_inventory : Check that kube_service_addresses is a network range] ***
ok: [k8s-master-01] => {
    "changed": false,
    "msg": "All assertions passed"
}
Wednesday 16 September 2026  12:08:15 -0500 (0:00:03.296)       0:00:28.109 ***

TASK [validate_inventory : Check that kube_pods_subnet is a network range] *****
ok: [k8s-master-01] => {
    "changed": false,
    "msg": "All assertions passed"
}
Wednesday 16 September 2026  12:08:18 -0500 (0:00:03.214)       0:00:31.323 ***

TASK [validate_inventory : Check that kube_pods_subnet does not collide with kube_service_addresses] ***
ok: [k8s-master-01] => {
    "changed": false,
    "msg": "All assertions passed"
}
Wednesday 16 September 2026  12:08:22 -0500 (0:00:03.642)       0:00:34.966 ***
Wednesday 16 September 2026  12:08:22 -0500 (0:00:00.385)       0:00:35.351 ***
Wednesday 16 September 2026  12:08:23 -0500 (0:00:00.762)       0:00:36.114 ***
Wednesday 16 September 2026  12:08:24 -0500 (0:00:00.772)       0:00:36.886 ***
Wednesday 16 September 2026  12:08:25 -0500 (0:00:00.967)       0:00:37.854 ***
Wednesday 16 September 2026  12:08:26 -0500 (0:00:00.817)       0:00:38.672 ***

TASK [validate_inventory : Stop if unsupported options selected] ***************
ok: [k8s-master-01] => {
    "changed": false,
    "msg": "All assertions passed"
}
Wednesday 16 September 2026  12:08:27 -0500 (0:00:01.651)       0:00:40.323 ***
Wednesday 16 September 2026  12:08:31 -0500 (0:00:03.123)       0:00:43.447 ***
Wednesday 16 September 2026  12:08:31 -0500 (0:00:00.920)       0:00:44.367 ***
Wednesday 16 September 2026  12:08:33 -0500 (0:00:01.246)       0:00:45.613 ***
Wednesday 16 September 2026  12:08:39 -0500 (0:00:06.250)       0:00:51.864 ***

TASK [validate_inventory : Ensure minimum containerd version] ******************
ok: [k8s-master-01] => {
    "changed": false,
    "msg": "All assertions passed"
}
Wednesday 16 September 2026  12:08:42 -0500 (0:00:02.751)       0:00:54.615 ***
Wednesday 16 September 2026  12:08:42 -0500 (0:00:00.762)       0:00:55.377 ***

TASK [validate_inventory : Download_file | Check if requested Kubernetes are supported] ***
ok: [k8s-master-01] => {
    "changed": false,
    "msg": "All assertions passed"
}
ok: [k8s-master-02] => {
    "changed": false,
    "msg": "All assertions passed"
}
ok: [k8s-master-03] => {
    "changed": false,
    "msg": "All assertions passed"
}
ok: [k8s-db-01] => {
    "changed": false,
    "msg": "All assertions passed"
}
ok: [k8s-db-02] => {
    "changed": false,
    "msg": "All assertions passed"
}
ok: [k8s-db-03] => {
    "changed": false,
    "msg": "All assertions passed"
}
ok: [osh-ctrl-01] => {
    "changed": false,
    "msg": "All assertions passed"
}
ok: [osh-ctrl-02] => {
    "changed": false,
    "msg": "All assertions passed"
}
ok: [osh-ctrl-03] => {
    "changed": false,
    "msg": "All assertions passed"
}
ok: [osh-net-01] => {
    "changed": false,
    "msg": "All assertions passed"
}
ok: [osh-net-02] => {
    "changed": false,
    "msg": "All assertions passed"
}
ok: [MonSrv] => {
    "changed": false,
    "msg": "All assertions passed"
}
ok: [osh-comp-01] => {
    "changed": false,
    "msg": "All assertions passed"
}
[WARNING]: Could not match supplied host pattern, ignoring: bastion
ok: [osh-comp-02] => {
    "changed": false,
    "msg": "All assertions passed"
}
ok: [osh-comp-03] => {
    "changed": false,
    "msg": "All assertions passed"
}
ok: [osh-comp-04] => {
    "changed": false,
    "msg": "All assertions passed"
}

PLAY [Install bastion ssh config] **********************************************
skipping: no hosts matched

PLAY [Bootstrap hosts for Ansible] *********************************************
Wednesday 16 September 2026  12:09:17 -0500 (0:00:34.841)       0:01:30.219 ***
[WARNING]: raw module does not support the environment keyword

TASK [bootstrap_os : Fetch /etc/os-release] ************************************
ok: [k8s-master-01]
ok: [k8s-master-02]
ok: [k8s-db-01]
ok: [k8s-master-03]
ok: [k8s-db-02]
ok: [k8s-db-03]
ok: [osh-ctrl-01]
ok: [osh-ctrl-02]
ok: [osh-ctrl-03]
ok: [osh-net-01]
ok: [osh-net-02]
ok: [MonSrv]
ok: [osh-comp-01]
ok: [osh-comp-02]
ok: [osh-comp-03]
ok: [osh-comp-04]
Wednesday 16 September 2026  12:09:42 -0500 (0:00:24.541)       0:01:54.760 ***
Wednesday 16 September 2026  12:09:55 -0500 (0:00:13.484)       0:02:08.245 ***

TASK [bootstrap_os : Include tasks] ********************************************
included: /opt/fabric-cache/repos/kubespray/roles/bootstrap_os/tasks/ubuntu.yml for k8s-master-01, k8s-master-02, k8s-db-01, k8s-master-03, k8s-db-03, k8s-db-02, osh-ctrl-02, osh-ctrl-01, osh-ctrl-03, osh-net-01, osh-net-02, MonSrv, osh-comp-01, osh-comp-02, osh-comp-03, osh-comp-04 => (item=/opt/fabric-cache/repos/kubespray/roles/bootstrap_os/tasks/ubuntu.yml)
Wednesday 16 September 2026  12:10:05 -0500 (0:00:10.122)       0:02:18.367 ***

TASK [bootstrap_os : Check if bootstrap is needed] *****************************
ok: [k8s-master-01]
ok: [k8s-master-02]
ok: [k8s-db-01]
ok: [k8s-master-03]
ok: [k8s-db-02]
ok: [k8s-db-03]
ok: [osh-ctrl-01]
ok: [osh-ctrl-02]
ok: [osh-ctrl-03]
ok: [osh-net-01]
ok: [osh-net-02]
ok: [MonSrv]
ok: [osh-comp-01]
ok: [osh-comp-02]
ok: [osh-comp-03]
ok: [osh-comp-04]
Wednesday 16 September 2026  12:10:28 -0500 (0:00:22.163)       0:02:40.531 ***

TASK [bootstrap_os : Check http::proxy in apt configuration files] *************
ok: [k8s-master-01]
ok: [k8s-master-02]
ok: [k8s-db-01]
ok: [k8s-master-03]
ok: [k8s-db-02]
ok: [k8s-db-03]
ok: [osh-ctrl-01]
ok: [osh-ctrl-02]
ok: [osh-ctrl-03]
ok: [osh-net-01]
ok: [osh-net-02]
ok: [MonSrv]
ok: [osh-comp-01]
ok: [osh-comp-02]
ok: [osh-comp-03]
ok: [osh-comp-04]
Wednesday 16 September 2026  12:10:51 -0500 (0:00:23.068)       0:03:03.600 ***
Wednesday 16 September 2026  12:10:52 -0500 (0:00:01.734)       0:03:05.334 ***

TASK [bootstrap_os : Check https::proxy in apt configuration files] ************
ok: [k8s-master-02]
ok: [k8s-master-01]
ok: [k8s-db-01]
ok: [k8s-master-03]
ok: [k8s-db-02]
ok: [k8s-db-03]
ok: [osh-ctrl-01]
ok: [osh-ctrl-02]
ok: [osh-ctrl-03]
ok: [osh-net-01]
ok: [osh-net-02]
ok: [MonSrv]
ok: [osh-comp-01]
ok: [osh-comp-02]
ok: [osh-comp-03]
ok: [osh-comp-04]
Wednesday 16 September 2026  12:11:15 -0500 (0:00:22.494)       0:03:27.829 ***
Wednesday 16 September 2026  12:11:17 -0500 (0:00:01.848)       0:03:29.677 ***
Wednesday 16 September 2026  12:11:17 -0500 (0:00:00.561)       0:03:30.239 ***
Wednesday 16 September 2026  12:11:18 -0500 (0:00:00.581)       0:03:30.820 ***
Wednesday 16 September 2026  12:11:19 -0500 (0:00:00.733)       0:03:31.554 ***
Wednesday 16 September 2026  12:11:19 -0500 (0:00:00.565)       0:03:32.119 ***

TASK [system_packages : Gather OS information] *********************************
ok: [k8s-master-02]
ok: [k8s-master-01]
ok: [k8s-db-01]
ok: [k8s-master-03]
ok: [k8s-db-02]
ok: [k8s-db-03]
ok: [osh-ctrl-01]
ok: [osh-ctrl-02]
ok: [osh-ctrl-03]
ok: [osh-net-02]
ok: [osh-net-01]
ok: [MonSrv]
ok: [osh-comp-01]
ok: [osh-comp-02]
ok: [osh-comp-03]
ok: [osh-comp-04]
Wednesday 16 September 2026  12:12:11 -0500 (0:00:51.418)       0:04:23.538 ***
Wednesday 16 September 2026  12:12:11 -0500 (0:00:00.308)       0:04:23.846 ***
Wednesday 16 September 2026  12:12:11 -0500 (0:00:00.443)       0:04:24.289 ***
Wednesday 16 September 2026  12:12:12 -0500 (0:00:00.539)       0:04:24.828 ***
Wednesday 16 September 2026  12:12:12 -0500 (0:00:00.532)       0:04:25.361 ***

TASK [system_packages : Manage packages] ***************************************
ok: [k8s-master-02] => (item=install)
ok: [k8s-master-01] => (item=install)
ok: [k8s-master-03] => (item=install)
ok: [k8s-db-01] => (item=install)
ok: [k8s-db-02] => (item=install)
ok: [k8s-db-03] => (item=install)
ok: [osh-ctrl-01] => (item=install)
ok: [osh-ctrl-02] => (item=install)
ok: [osh-ctrl-03] => (item=install)
ok: [osh-net-01] => (item=install)
ok: [osh-net-02] => (item=install)
ok: [MonSrv] => (item=install)
ok: [osh-comp-01] => (item=install)
ok: [osh-comp-02] => (item=install)
ok: [osh-comp-03] => (item=install)
ok: [osh-comp-04] => (item=install)
Wednesday 16 September 2026  12:13:01 -0500 (0:00:48.399)       0:05:13.760 ***

TASK [bootstrap_os : Create remote_tmp for it is used by another module] *******
ok: [k8s-master-02]
ok: [k8s-master-01]
ok: [k8s-master-03]
ok: [k8s-db-01]
ok: [k8s-db-02]
ok: [k8s-db-03]
ok: [osh-ctrl-01]
ok: [osh-ctrl-02]
ok: [osh-ctrl-03]
ok: [osh-net-01]
ok: [osh-net-02]
ok: [MonSrv]
ok: [osh-comp-01]
ok: [osh-comp-02]
ok: [osh-comp-03]
ok: [osh-comp-04]
Wednesday 16 September 2026  12:13:35 -0500 (0:00:34.268)       0:05:48.029 ***

TASK [bootstrap_os : Gather facts] *********************************************
ok: [k8s-master-01]
ok: [k8s-master-02]
ok: [k8s-db-01]
ok: [k8s-master-03]
ok: [k8s-db-02]
ok: [k8s-db-03]
ok: [osh-ctrl-01]
ok: [osh-ctrl-02]
ok: [osh-net-01]
ok: [osh-ctrl-03]
ok: [osh-net-02]
ok: [MonSrv]
ok: [osh-comp-01]
ok: [osh-comp-02]
ok: [osh-comp-03]
ok: [osh-comp-04]
Wednesday 16 September 2026  12:14:08 -0500 (0:00:32.683)       0:06:20.713 ***

TASK [bootstrap_os : Assign inventory name to unconfigured hostnames (non-CoreOS, non-Flatcar, Suse and ClearLinux, non-Fedora)] ***
ok: [k8s-master-01]
ok: [k8s-master-02]
ok: [k8s-db-01]
ok: [k8s-master-03]
ok: [k8s-db-02]
ok: [k8s-db-03]
ok: [osh-ctrl-01]
ok: [osh-ctrl-02]
ok: [osh-ctrl-03]
ok: [osh-net-01]
ok: [osh-net-02]
ok: [MonSrv]
ok: [osh-comp-01]
ok: [osh-comp-02]
ok: [osh-comp-03]
ok: [osh-comp-04]
Wednesday 16 September 2026  12:14:58 -0500 (0:00:50.665)       0:07:11.379 ***

TASK [bootstrap_os : Ensure bash_completion.d folder exists] *******************
ok: [k8s-master-01]
ok: [k8s-master-02]
ok: [k8s-db-01]
ok: [k8s-master-03]
ok: [k8s-db-02]
ok: [k8s-db-03]
ok: [osh-ctrl-01]
ok: [osh-ctrl-02]
ok: [osh-ctrl-03]
ok: [osh-net-01]
ok: [osh-net-02]
ok: [MonSrv]
ok: [osh-comp-01]
ok: [osh-comp-02]
ok: [osh-comp-03]
ok: [osh-comp-04]

PLAY [Gather facts] ************************************************************
Wednesday 16 September 2026  12:15:26 -0500 (0:00:27.240)       0:07:38.619 ***

TASK [network_facts : Gather node IPs] *****************************************
ok: [k8s-master-02]
ok: [k8s-master-01]
ok: [k8s-db-01]
ok: [k8s-master-03]
ok: [k8s-db-02]
ok: [k8s-db-03]
ok: [osh-ctrl-02]
ok: [osh-ctrl-01]
ok: [osh-ctrl-03]
ok: [osh-net-01]
ok: [osh-net-02]
ok: [MonSrv]
ok: [osh-comp-01]
ok: [osh-comp-02]
ok: [osh-comp-03]
ok: [osh-comp-04]
Wednesday 16 September 2026  12:16:01 -0500 (0:00:35.740)       0:08:14.359 ***

TASK [network_facts : Set computed IPs variables] ******************************
ok: [k8s-master-01]
ok: [k8s-master-02]
ok: [k8s-master-03]
ok: [k8s-db-01]
ok: [k8s-db-02]
ok: [k8s-db-03]
ok: [osh-ctrl-01]
ok: [osh-ctrl-02]
ok: [osh-ctrl-03]
ok: [osh-net-01]
ok: [osh-net-02]
ok: [MonSrv]
ok: [osh-comp-01]
ok: [osh-comp-02]
ok: [osh-comp-03]
ok: [osh-comp-04]
Wednesday 16 September 2026  12:16:11 -0500 (0:00:09.796)       0:08:24.156 ***
Wednesday 16 September 2026  12:16:12 -0500 (0:00:00.733)       0:08:24.889 ***

TASK [Gather minimal facts] ****************************************************
ok: [k8s-master-01]
ok: [k8s-master-02]
ok: [k8s-db-01]
ok: [k8s-master-03]
ok: [k8s-db-02]
ok: [k8s-db-03]
ok: [osh-ctrl-02]
ok: [osh-ctrl-01]
ok: [osh-ctrl-03]
ok: [osh-net-01]
ok: [osh-net-02]
ok: [MonSrv]
ok: [osh-comp-01]
ok: [osh-comp-02]
ok: [osh-comp-03]
ok: [osh-comp-04]
Wednesday 16 September 2026  12:16:40 -0500 (0:00:28.482)       0:08:53.372 ***

TASK [Gather necessary facts (network)] ****************************************
ok: [k8s-master-01]
ok: [k8s-master-02]
ok: [k8s-db-01]
ok: [k8s-master-03]
ok: [k8s-db-02]
ok: [k8s-db-03]
ok: [osh-ctrl-01]
ok: [osh-ctrl-02]
ok: [osh-ctrl-03]
ok: [osh-net-01]
ok: [osh-net-02]
ok: [MonSrv]
ok: [osh-comp-01]
ok: [osh-comp-02]
ok: [osh-comp-03]
ok: [osh-comp-04]
Wednesday 16 September 2026  12:17:15 -0500 (0:00:34.694)       0:09:28.067 ***

TASK [Gather necessary facts (hardware)] ***************************************
ok: [k8s-master-01]
ok: [k8s-master-02]
ok: [k8s-db-01]
ok: [k8s-master-03]
ok: [k8s-db-02]
ok: [k8s-db-03]
ok: [osh-ctrl-01]
ok: [osh-ctrl-02]
ok: [osh-ctrl-03]
ok: [osh-net-01]
ok: [osh-net-02]
ok: [MonSrv]
ok: [osh-comp-01]
ok: [osh-comp-02]
ok: [osh-comp-03]
ok: [osh-comp-04]

PLAY [Prepare for etcd install] ************************************************
Wednesday 16 September 2026  12:17:47 -0500 (0:00:32.226)       0:10:00.294 ***

TASK [adduser : User | Create User Group] **************************************
changed: [k8s-master-02]
changed: [k8s-master-01]
changed: [k8s-db-01]
changed: [k8s-master-03]
changed: [k8s-db-02]
changed: [k8s-db-03]
changed: [osh-ctrl-01]
changed: [osh-ctrl-02]
changed: [osh-ctrl-03]
changed: [osh-net-01]
changed: [osh-net-02]
changed: [MonSrv]
changed: [osh-comp-01]
changed: [osh-comp-02]
changed: [osh-comp-03]
changed: [osh-comp-04]
Wednesday 16 September 2026  12:18:24 -0500 (0:00:36.624)       0:10:36.918 ***

TASK [adduser : User | Create User] ********************************************
changed: [k8s-master-02]
changed: [k8s-master-01]
changed: [k8s-db-01]
changed: [k8s-master-03]
changed: [k8s-db-03]
changed: [k8s-db-02]
changed: [osh-ctrl-01]
changed: [osh-ctrl-02]
changed: [osh-ctrl-03]
changed: [osh-net-01]
changed: [osh-net-02]
changed: [MonSrv]
changed: [osh-comp-01]
changed: [osh-comp-02]
changed: [osh-comp-03]
changed: [osh-comp-04]
Wednesday 16 September 2026  12:18:59 -0500 (0:00:34.788)       0:11:11.707 ***

TASK [kubernetes/preinstall : Check if /etc/fstab exists] **********************
ok: [k8s-master-01]
ok: [k8s-master-02]
ok: [k8s-db-01]
ok: [k8s-master-03]
ok: [k8s-db-02]
ok: [k8s-db-03]
ok: [osh-ctrl-01]
ok: [osh-ctrl-02]
ok: [osh-ctrl-03]
ok: [osh-net-01]
ok: [osh-net-02]
ok: [MonSrv]
ok: [osh-comp-01]
ok: [osh-comp-02]
ok: [osh-comp-03]
ok: [osh-comp-04]
Wednesday 16 September 2026  12:19:37 -0500 (0:00:38.190)       0:11:49.898 ***

TASK [kubernetes/preinstall : Remove swapfile from /etc/fstab] *****************
ok: [k8s-master-01] => (item=swap)
ok: [k8s-master-02] => (item=swap)
ok: [k8s-master-01] => (item=none)
ok: [k8s-master-02] => (item=none)
ok: [k8s-db-01] => (item=swap)
ok: [k8s-master-03] => (item=swap)
ok: [k8s-db-01] => (item=none)
ok: [k8s-master-03] => (item=none)
ok: [k8s-db-02] => (item=swap)
ok: [k8s-db-03] => (item=swap)
ok: [k8s-db-02] => (item=none)
ok: [k8s-db-03] => (item=none)
ok: [osh-ctrl-01] => (item=swap)
ok: [osh-ctrl-02] => (item=swap)
ok: [osh-ctrl-01] => (item=none)
ok: [osh-ctrl-02] => (item=none)
ok: [osh-ctrl-03] => (item=swap)
ok: [osh-net-01] => (item=swap)
ok: [osh-ctrl-03] => (item=none)
ok: [osh-net-01] => (item=none)
ok: [osh-net-02] => (item=swap)
ok: [MonSrv] => (item=swap)
ok: [osh-net-02] => (item=none)
ok: [MonSrv] => (item=none)
ok: [osh-comp-01] => (item=swap)
ok: [osh-comp-02] => (item=swap)
ok: [osh-comp-01] => (item=none)
ok: [osh-comp-02] => (item=none)
ok: [osh-comp-03] => (item=swap)
ok: [osh-comp-04] => (item=swap)
ok: [osh-comp-03] => (item=none)
ok: [osh-comp-04] => (item=none)
Wednesday 16 September 2026  12:20:30 -0500 (0:00:53.029)       0:12:42.928 ***

TASK [kubernetes/preinstall : Mask swap.target (persist swapoff)] **************
changed: [k8s-master-01]
changed: [k8s-master-02]
changed: [k8s-db-01]
changed: [k8s-master-03]
changed: [k8s-db-02]
changed: [k8s-db-03]
changed: [osh-ctrl-01]
changed: [osh-ctrl-02]
changed: [osh-ctrl-03]
changed: [osh-net-01]
changed: [osh-net-02]
changed: [MonSrv]
changed: [osh-comp-01]
changed: [osh-comp-02]
changed: [osh-comp-03]
changed: [osh-comp-04]
Wednesday 16 September 2026  12:21:22 -0500 (0:00:52.311)       0:13:35.240 ***

TASK [kubernetes/preinstall : Disable swap] ************************************
changed: [k8s-master-02]
changed: [k8s-master-01]
changed: [k8s-db-01]
changed: [k8s-master-03]
changed: [k8s-db-02]
changed: [k8s-db-03]
changed: [osh-ctrl-01]
changed: [osh-ctrl-02]
changed: [osh-ctrl-03]
changed: [osh-net-01]
changed: [osh-net-02]
changed: [MonSrv]
changed: [osh-comp-01]
changed: [osh-comp-02]
changed: [osh-comp-03]
changed: [osh-comp-04]
Wednesday 16 September 2026  12:21:55 -0500 (0:00:32.174)       0:14:07.414 ***
Wednesday 16 September 2026  12:21:55 -0500 (0:00:00.424)       0:14:07.838 ***

TASK [kubernetes/preinstall : Check resolvconf] ********************************
ok: [k8s-master-01]
ok: [k8s-master-02]
ok: [k8s-db-01]
ok: [k8s-master-03]
ok: [k8s-db-02]
ok: [k8s-db-03]
ok: [osh-ctrl-02]
ok: [osh-ctrl-01]
ok: [osh-ctrl-03]
ok: [osh-net-01]
ok: [osh-net-02]
ok: [MonSrv]
ok: [osh-comp-01]
ok: [osh-comp-02]
ok: [osh-comp-03]
ok: [osh-comp-04]
Wednesday 16 September 2026  12:22:26 -0500 (0:00:31.161)       0:14:39.000 ***

TASK [kubernetes/preinstall : Check existence of /etc/resolvconf/resolv.conf.d] ***
ok: [k8s-master-01]
ok: [k8s-master-02]
ok: [k8s-db-01]
ok: [k8s-master-03]
ok: [k8s-db-02]
ok: [k8s-db-03]
ok: [osh-ctrl-01]
ok: [osh-ctrl-02]
ok: [osh-ctrl-03]
ok: [osh-net-01]
ok: [osh-net-02]
ok: [MonSrv]
ok: [osh-comp-01]
ok: [osh-comp-02]
ok: [osh-comp-03]
ok: [osh-comp-04]
Wednesday 16 September 2026  12:22:51 -0500 (0:00:24.871)       0:15:03.871 ***

TASK [kubernetes/preinstall : Check status of /etc/resolv.conf] ****************
ok: [k8s-master-02]
ok: [k8s-master-01]
ok: [k8s-db-01]
ok: [k8s-master-03]
ok: [k8s-db-02]
ok: [k8s-db-03]
ok: [osh-ctrl-01]
ok: [osh-ctrl-02]
ok: [osh-ctrl-03]
ok: [osh-net-01]
ok: [osh-net-02]
ok: [MonSrv]
ok: [osh-comp-01]
ok: [osh-comp-02]
ok: [osh-comp-03]
ok: [osh-comp-04]
Wednesday 16 September 2026  12:23:14 -0500 (0:00:23.309)       0:15:27.181 ***

TASK [kubernetes/preinstall : Fetch resolv.conf] *******************************
ok: [k8s-master-02]
ok: [k8s-master-01]
ok: [k8s-db-01]
ok: [k8s-master-03]
ok: [k8s-db-02]
ok: [k8s-db-03]
ok: [osh-ctrl-01]
ok: [osh-ctrl-02]
ok: [osh-ctrl-03]
ok: [osh-net-01]
ok: [osh-net-02]
ok: [MonSrv]
ok: [osh-comp-01]
ok: [osh-comp-02]
ok: [osh-comp-03]
ok: [osh-comp-04]
Wednesday 16 September 2026  12:23:48 -0500 (0:00:33.992)       0:16:01.173 ***

TASK [kubernetes/preinstall : NetworkManager | Check if host has NetworkManager] ***
ok: [k8s-master-01]
ok: [k8s-master-02]
ok: [k8s-db-01]
ok: [k8s-master-03]
ok: [k8s-db-02]
ok: [k8s-db-03]
ok: [osh-ctrl-01]
ok: [osh-ctrl-02]
ok: [osh-ctrl-03]
ok: [osh-net-01]
ok: [osh-net-02]
ok: [MonSrv]
ok: [osh-comp-01]
ok: [osh-comp-02]
ok: [osh-comp-03]
ok: [osh-comp-04]
Wednesday 16 September 2026  12:24:15 -0500 (0:00:26.635)       0:16:27.809 ***

TASK [kubernetes/preinstall : Check systemd-resolved] **************************
ok: [k8s-master-01]
ok: [k8s-master-02]
ok: [k8s-master-03]
ok: [k8s-db-01]
ok: [k8s-db-02]
ok: [k8s-db-03]
ok: [osh-ctrl-01]
ok: [osh-ctrl-02]
ok: [osh-ctrl-03]
ok: [osh-net-01]
ok: [osh-net-02]
ok: [MonSrv]
ok: [osh-comp-01]
ok: [osh-comp-02]
ok: [osh-comp-03]
ok: [osh-comp-04]
Wednesday 16 September 2026  12:24:40 -0500 (0:00:25.340)       0:16:53.150 ***

TASK [kubernetes/preinstall : Set default dns if remove_default_searchdomains is false] ***
ok: [k8s-master-01]
ok: [k8s-master-02]
ok: [k8s-master-03]
ok: [k8s-db-01]
ok: [k8s-db-02]
ok: [k8s-db-03]
ok: [osh-ctrl-01]
ok: [osh-ctrl-02]
ok: [osh-ctrl-03]
ok: [osh-net-01]
ok: [osh-net-02]
ok: [MonSrv]
ok: [osh-comp-01]
ok: [osh-comp-02]
ok: [osh-comp-03]
ok: [osh-comp-04]
Wednesday 16 September 2026  12:24:50 -0500 (0:00:09.517)       0:17:02.667 ***

TASK [kubernetes/preinstall : Set dns facts] ***********************************
ok: [k8s-master-01]
ok: [k8s-master-02]
ok: [k8s-master-03]
ok: [k8s-db-01]
ok: [k8s-db-02]
ok: [k8s-db-03]
ok: [osh-ctrl-01]
ok: [osh-ctrl-02]
ok: [osh-ctrl-03]
ok: [osh-net-01]
ok: [osh-net-02]
ok: [MonSrv]
ok: [osh-comp-01]
ok: [osh-comp-02]
ok: [osh-comp-03]
ok: [osh-comp-04]
Wednesday 16 September 2026  12:24:57 -0500 (0:00:06.792)       0:17:09.460 ***

TASK [kubernetes/preinstall : Check if kubelet is configured] ******************
ok: [k8s-master-01]
ok: [k8s-master-02]
ok: [k8s-db-01]
ok: [k8s-master-03]
ok: [k8s-db-02]
ok: [k8s-db-03]
ok: [osh-ctrl-01]
ok: [osh-ctrl-02]
ok: [osh-ctrl-03]
ok: [osh-net-01]
ok: [osh-net-02]
ok: [MonSrv]
ok: [osh-comp-01]
ok: [osh-comp-02]
ok: [osh-comp-03]
ok: [osh-comp-04]
Wednesday 16 September 2026  12:25:28 -0500 (0:00:31.083)       0:17:40.543 ***

TASK [kubernetes/preinstall : Check if early DNS configuration stage] **********
ok: [k8s-master-01]
ok: [k8s-master-02]
ok: [k8s-master-03]
ok: [k8s-db-01]
ok: [k8s-db-02]
ok: [k8s-db-03]
ok: [osh-ctrl-01]
ok: [osh-ctrl-02]
ok: [osh-ctrl-03]
ok: [osh-net-01]
ok: [osh-net-02]
ok: [MonSrv]
ok: [osh-comp-01]
ok: [osh-comp-02]
ok: [osh-comp-03]
ok: [osh-comp-04]
Wednesday 16 September 2026  12:25:34 -0500 (0:00:06.267)       0:17:46.811 ***

TASK [kubernetes/preinstall : Target resolv.conf files] ************************
ok: [k8s-master-01]
ok: [k8s-master-02]
ok: [k8s-master-03]
ok: [k8s-db-01]
ok: [k8s-db-02]
ok: [k8s-db-03]
ok: [osh-ctrl-01]
ok: [osh-ctrl-02]
ok: [osh-ctrl-03]
ok: [osh-net-01]
ok: [osh-net-02]
ok: [MonSrv]
ok: [osh-comp-01]
ok: [osh-comp-02]
ok: [osh-comp-03]
ok: [osh-comp-04]
Wednesday 16 September 2026  12:25:44 -0500 (0:00:09.985)       0:17:56.796 ***
Wednesday 16 September 2026  12:25:45 -0500 (0:00:00.669)       0:17:57.466 ***

TASK [kubernetes/preinstall : Check if /etc/dhclient.conf exists] **************
ok: [k8s-master-01]
ok: [k8s-master-02]
ok: [k8s-db-01]
ok: [k8s-master-03]
ok: [k8s-db-02]
ok: [k8s-db-03]
ok: [osh-ctrl-01]
ok: [osh-ctrl-02]
ok: [osh-ctrl-03]
ok: [osh-net-01]
ok: [osh-net-02]
ok: [MonSrv]
ok: [osh-comp-01]
ok: [osh-comp-02]
ok: [osh-comp-03]
ok: [osh-comp-04]
Wednesday 16 September 2026  12:26:15 -0500 (0:00:30.194)       0:18:27.661 ***
Wednesday 16 September 2026  12:26:16 -0500 (0:00:00.956)       0:18:28.618 ***

TASK [kubernetes/preinstall : Check if /etc/dhcp/dhclient.conf exists] *********
ok: [k8s-master-01]
ok: [k8s-master-02]
ok: [k8s-db-01]
ok: [k8s-master-03]
ok: [k8s-db-02]
ok: [k8s-db-03]
ok: [osh-ctrl-01]
ok: [osh-ctrl-02]
ok: [osh-ctrl-03]
ok: [osh-net-01]
ok: [MonSrv]
ok: [osh-net-02]
ok: [osh-comp-01]
ok: [osh-comp-02]
ok: [osh-comp-03]
ok: [osh-comp-04]
Wednesday 16 September 2026  12:26:44 -0500 (0:00:28.259)       0:18:56.877 ***
Wednesday 16 September 2026  12:26:44 -0500 (0:00:00.407)       0:18:57.285 ***
Wednesday 16 September 2026  12:26:45 -0500 (0:00:00.474)       0:18:57.759 ***

TASK [kubernetes/preinstall : Target dhclient hook file for Debian family] *****
ok: [k8s-master-01]
ok: [k8s-master-02]
ok: [k8s-master-03]
ok: [k8s-db-01]
ok: [k8s-db-02]
ok: [k8s-db-03]
ok: [osh-ctrl-01]
ok: [osh-ctrl-02]
ok: [osh-ctrl-03]
ok: [osh-net-01]
ok: [osh-net-02]
ok: [MonSrv]
ok: [osh-comp-01]
ok: [osh-comp-02]
ok: [osh-comp-03]
ok: [osh-comp-04]
Wednesday 16 September 2026  12:26:56 -0500 (0:00:11.042)       0:19:08.802 ***
Wednesday 16 September 2026  12:26:57 -0500 (0:00:00.619)       0:19:09.421 ***

TASK [kubernetes/preinstall : Check /usr readonly] *****************************
ok: [k8s-master-01]
ok: [k8s-master-02]
ok: [k8s-db-01]
ok: [k8s-master-03]
ok: [k8s-db-02]
ok: [k8s-db-03]
ok: [osh-ctrl-01]
ok: [osh-ctrl-02]
ok: [osh-ctrl-03]
ok: [osh-net-01]
ok: [osh-net-02]
ok: [MonSrv]
ok: [osh-comp-01]
ok: [osh-comp-02]
ok: [osh-comp-03]
ok: [osh-comp-04]
Wednesday 16 September 2026  12:27:19 -0500 (0:00:22.802)       0:19:32.224 ***
Wednesday 16 September 2026  12:27:20 -0500 (0:00:00.436)       0:19:32.661 ***
Wednesday 16 September 2026  12:27:20 -0500 (0:00:00.341)       0:19:33.002 ***
Wednesday 16 September 2026  12:27:21 -0500 (0:00:00.498)       0:19:33.500 ***
Wednesday 16 September 2026  12:27:21 -0500 (0:00:00.522)       0:19:34.024 ***
Wednesday 16 September 2026  12:27:25 -0500 (0:00:03.407)       0:19:37.431 ***
Wednesday 16 September 2026  12:27:25 -0500 (0:00:00.656)       0:19:38.087 ***
Wednesday 16 September 2026  12:27:26 -0500 (0:00:00.622)       0:19:38.710 ***
Wednesday 16 September 2026  12:27:26 -0500 (0:00:00.626)       0:19:39.337 ***
Wednesday 16 September 2026  12:27:29 -0500 (0:00:02.358)       0:19:41.696 ***
Wednesday 16 September 2026  12:27:29 -0500 (0:00:00.655)       0:19:42.351 ***
Wednesday 16 September 2026  12:27:30 -0500 (0:00:00.646)       0:19:42.998 ***
Wednesday 16 September 2026  12:27:31 -0500 (0:00:00.638)       0:19:43.636 ***

TASK [kubernetes/preinstall : Stop if /etc/resolv.conf has no configured nameservers] ***
ok: [k8s-master-02] => {
    "changed": false,
    "msg": "All assertions passed"
}
ok: [k8s-master-01] => {
    "changed": false,
    "msg": "All assertions passed"
}
ok: [k8s-master-03] => {
    "changed": false,
    "msg": "All assertions passed"
}
ok: [k8s-db-01] => {
    "changed": false,
    "msg": "All assertions passed"
}
ok: [k8s-db-03] => {
    "changed": false,
    "msg": "All assertions passed"
}
ok: [k8s-db-02] => {
    "changed": false,
    "msg": "All assertions passed"
}
ok: [osh-ctrl-01] => {
    "changed": false,
    "msg": "All assertions passed"
}
ok: [osh-ctrl-02] => {
    "changed": false,
    "msg": "All assertions passed"
}
ok: [osh-net-01] => {
    "changed": false,
    "msg": "All assertions passed"
}
ok: [osh-ctrl-03] => {
    "changed": false,
    "msg": "All assertions passed"
}
ok: [osh-net-02] => {
    "changed": false,
    "msg": "All assertions passed"
}
ok: [MonSrv] => {
    "changed": false,
    "msg": "All assertions passed"
}
ok: [osh-comp-01] => {
    "changed": false,
    "msg": "All assertions passed"
}
ok: [osh-comp-02] => {
    "changed": false,
    "msg": "All assertions passed"
}
ok: [osh-comp-04] => {
    "changed": false,
    "msg": "All assertions passed"
}
ok: [osh-comp-03] => {
    "changed": false,
    "msg": "All assertions passed"
}
Wednesday 16 September 2026  12:27:47 -0500 (0:00:15.891)       0:19:59.528 ***

TASK [kubernetes/preinstall : Stop if download_localhost is enabled for Flatcar Container Linux] ***
ok: [k8s-master-01] => {
    "changed": false,
    "msg": "All assertions passed"
}
ok: [k8s-master-02] => {
    "changed": false,
    "msg": "All assertions passed"
}
ok: [k8s-master-03] => {
    "changed": false,
    "msg": "All assertions passed"
}
ok: [k8s-db-01] => {
    "changed": false,
    "msg": "All assertions passed"
}
ok: [k8s-db-02] => {
    "changed": false,
    "msg": "All assertions passed"
}
ok: [k8s-db-03] => {
    "changed": false,
    "msg": "All assertions passed"
}
ok: [osh-ctrl-01] => {
    "changed": false,
    "msg": "All assertions passed"
}
ok: [osh-ctrl-02] => {
    "changed": false,
    "msg": "All assertions passed"
}
ok: [osh-ctrl-03] => {
    "changed": false,
    "msg": "All assertions passed"
}
ok: [osh-net-01] => {
    "changed": false,
    "msg": "All assertions passed"
}
ok: [osh-net-02] => {
    "changed": false,
    "msg": "All assertions passed"
}
ok: [MonSrv] => {
    "changed": false,
    "msg": "All assertions passed"
}
ok: [osh-comp-01] => {
    "changed": false,
    "msg": "All assertions passed"
}
ok: [osh-comp-02] => {
    "changed": false,
    "msg": "All assertions passed"
}
ok: [osh-comp-03] => {
    "changed": false,
    "msg": "All assertions passed"
}
ok: [osh-comp-04] => {
    "changed": false,
    "msg": "All assertions passed"
}
Wednesday 16 September 2026  12:27:54 -0500 (0:00:06.913)       0:20:06.441 ***

TASK [kubernetes/preinstall : Create kubernetes directories] *******************
changed: [k8s-master-02] => (item=/etc/kubernetes)
changed: [k8s-master-01] => (item=/etc/kubernetes)
changed: [k8s-master-02] => (item=/etc/kubernetes/manifests)
changed: [k8s-master-01] => (item=/etc/kubernetes/manifests)
changed: [k8s-master-02] => (item=/usr/local/bin/kubernetes-scripts)
changed: [k8s-master-01] => (item=/usr/local/bin/kubernetes-scripts)
changed: [k8s-master-01] => (item=/usr/libexec/kubernetes/kubelet-plugins/volume/exec)
changed: [k8s-master-02] => (item=/usr/libexec/kubernetes/kubelet-plugins/volume/exec)
changed: [k8s-db-01] => (item=/etc/kubernetes)
changed: [k8s-master-03] => (item=/etc/kubernetes)
changed: [k8s-db-01] => (item=/etc/kubernetes/manifests)
changed: [k8s-master-03] => (item=/etc/kubernetes/manifests)
changed: [k8s-db-01] => (item=/usr/local/bin/kubernetes-scripts)
changed: [k8s-master-03] => (item=/usr/local/bin/kubernetes-scripts)
changed: [k8s-db-01] => (item=/usr/libexec/kubernetes/kubelet-plugins/volume/exec)
changed: [k8s-master-03] => (item=/usr/libexec/kubernetes/kubelet-plugins/volume/exec)
changed: [k8s-db-02] => (item=/etc/kubernetes)
changed: [k8s-db-03] => (item=/etc/kubernetes)
changed: [k8s-db-02] => (item=/etc/kubernetes/manifests)
changed: [k8s-db-03] => (item=/etc/kubernetes/manifests)
changed: [k8s-db-02] => (item=/usr/local/bin/kubernetes-scripts)
changed: [k8s-db-03] => (item=/usr/local/bin/kubernetes-scripts)
changed: [k8s-db-02] => (item=/usr/libexec/kubernetes/kubelet-plugins/volume/exec)
changed: [k8s-db-03] => (item=/usr/libexec/kubernetes/kubelet-plugins/volume/exec)
changed: [osh-ctrl-01] => (item=/etc/kubernetes)
changed: [osh-ctrl-02] => (item=/etc/kubernetes)
changed: [osh-ctrl-01] => (item=/etc/kubernetes/manifests)
changed: [osh-ctrl-02] => (item=/etc/kubernetes/manifests)
changed: [osh-ctrl-01] => (item=/usr/local/bin/kubernetes-scripts)
changed: [osh-ctrl-02] => (item=/usr/local/bin/kubernetes-scripts)
changed: [osh-ctrl-01] => (item=/usr/libexec/kubernetes/kubelet-plugins/volume/exec)
changed: [osh-ctrl-02] => (item=/usr/libexec/kubernetes/kubelet-plugins/volume/exec)
changed: [osh-ctrl-03] => (item=/etc/kubernetes)
changed: [osh-net-01] => (item=/etc/kubernetes)
changed: [osh-ctrl-03] => (item=/etc/kubernetes/manifests)
changed: [osh-net-01] => (item=/etc/kubernetes/manifests)
changed: [osh-ctrl-03] => (item=/usr/local/bin/kubernetes-scripts)
changed: [osh-net-01] => (item=/usr/local/bin/kubernetes-scripts)
changed: [osh-ctrl-03] => (item=/usr/libexec/kubernetes/kubelet-plugins/volume/exec)
changed: [osh-net-01] => (item=/usr/libexec/kubernetes/kubelet-plugins/volume/exec)
changed: [osh-net-02] => (item=/etc/kubernetes)
changed: [MonSrv] => (item=/etc/kubernetes)
changed: [osh-net-02] => (item=/etc/kubernetes/manifests)
changed: [MonSrv] => (item=/etc/kubernetes/manifests)
changed: [osh-net-02] => (item=/usr/local/bin/kubernetes-scripts)
changed: [MonSrv] => (item=/usr/local/bin/kubernetes-scripts)
changed: [osh-net-02] => (item=/usr/libexec/kubernetes/kubelet-plugins/volume/exec)
changed: [MonSrv] => (item=/usr/libexec/kubernetes/kubelet-plugins/volume/exec)
changed: [osh-comp-01] => (item=/etc/kubernetes)
changed: [osh-comp-02] => (item=/etc/kubernetes)
changed: [osh-comp-01] => (item=/etc/kubernetes/manifests)
changed: [osh-comp-02] => (item=/etc/kubernetes/manifests)
changed: [osh-comp-01] => (item=/usr/local/bin/kubernetes-scripts)
changed: [osh-comp-02] => (item=/usr/local/bin/kubernetes-scripts)
changed: [osh-comp-01] => (item=/usr/libexec/kubernetes/kubelet-plugins/volume/exec)
changed: [osh-comp-02] => (item=/usr/libexec/kubernetes/kubelet-plugins/volume/exec)
changed: [osh-comp-03] => (item=/etc/kubernetes)
changed: [osh-comp-04] => (item=/etc/kubernetes)
changed: [osh-comp-03] => (item=/etc/kubernetes/manifests)
changed: [osh-comp-04] => (item=/etc/kubernetes/manifests)
changed: [osh-comp-03] => (item=/usr/local/bin/kubernetes-scripts)
changed: [osh-comp-04] => (item=/usr/local/bin/kubernetes-scripts)
changed: [osh-comp-03] => (item=/usr/libexec/kubernetes/kubelet-plugins/volume/exec)
changed: [osh-comp-04] => (item=/usr/libexec/kubernetes/kubelet-plugins/volume/exec)
Wednesday 16 September 2026  12:29:20 -0500 (0:01:26.546)       0:21:32.988 ***

TASK [kubernetes/preinstall : Create other directories of root owner] **********
changed: [k8s-master-02] => (item=/etc/kubernetes/ssl)
changed: [k8s-master-01] => (item=/etc/kubernetes/ssl)
ok: [k8s-master-02] => (item=/usr/local/bin)
ok: [k8s-master-01] => (item=/usr/local/bin)
changed: [k8s-db-01] => (item=/etc/kubernetes/ssl)
changed: [k8s-master-03] => (item=/etc/kubernetes/ssl)
ok: [k8s-db-01] => (item=/usr/local/bin)
ok: [k8s-master-03] => (item=/usr/local/bin)
changed: [k8s-db-02] => (item=/etc/kubernetes/ssl)
changed: [k8s-db-03] => (item=/etc/kubernetes/ssl)
ok: [k8s-db-02] => (item=/usr/local/bin)
ok: [k8s-db-03] => (item=/usr/local/bin)
changed: [osh-ctrl-01] => (item=/etc/kubernetes/ssl)
changed: [osh-ctrl-02] => (item=/etc/kubernetes/ssl)
ok: [osh-ctrl-01] => (item=/usr/local/bin)
ok: [osh-ctrl-02] => (item=/usr/local/bin)
changed: [osh-ctrl-03] => (item=/etc/kubernetes/ssl)
changed: [osh-net-01] => (item=/etc/kubernetes/ssl)
ok: [osh-ctrl-03] => (item=/usr/local/bin)
ok: [osh-net-01] => (item=/usr/local/bin)
changed: [osh-net-02] => (item=/etc/kubernetes/ssl)
changed: [MonSrv] => (item=/etc/kubernetes/ssl)
ok: [osh-net-02] => (item=/usr/local/bin)
ok: [MonSrv] => (item=/usr/local/bin)
changed: [osh-comp-01] => (item=/etc/kubernetes/ssl)
changed: [osh-comp-02] => (item=/etc/kubernetes/ssl)
ok: [osh-comp-01] => (item=/usr/local/bin)
ok: [osh-comp-02] => (item=/usr/local/bin)
changed: [osh-comp-03] => (item=/etc/kubernetes/ssl)
changed: [osh-comp-04] => (item=/etc/kubernetes/ssl)
ok: [osh-comp-03] => (item=/usr/local/bin)
ok: [osh-comp-04] => (item=/usr/local/bin)
Wednesday 16 September 2026  12:30:04 -0500 (0:00:43.942)       0:22:16.931 ***

TASK [kubernetes/preinstall : Check if kubernetes kubeadm compat cert dir exists] ***
ok: [k8s-master-02]
ok: [k8s-master-01]
ok: [k8s-master-03]
ok: [k8s-db-01]
ok: [k8s-db-02]
ok: [k8s-db-03]
ok: [osh-ctrl-01]
ok: [osh-ctrl-02]
ok: [osh-ctrl-03]
ok: [osh-net-01]
ok: [osh-net-02]
ok: [MonSrv]
ok: [osh-comp-01]
ok: [osh-comp-02]
ok: [osh-comp-03]
ok: [osh-comp-04]
Wednesday 16 September 2026  12:30:31 -0500 (0:00:26.947)       0:22:43.879 ***

TASK [kubernetes/preinstall : Create kubernetes kubeadm compat cert dir (kubernetes/kubeadm issue 1498)] ***
changed: [k8s-master-01]
changed: [k8s-master-02]
changed: [k8s-db-01]
changed: [k8s-master-03]
changed: [k8s-db-02]
changed: [k8s-db-03]
changed: [osh-ctrl-02]
changed: [osh-ctrl-01]
changed: [osh-ctrl-03]
changed: [osh-net-01]
changed: [osh-net-02]
changed: [MonSrv]
changed: [osh-comp-01]
changed: [osh-comp-02]
changed: [osh-comp-03]
changed: [osh-comp-04]
Wednesday 16 September 2026  12:31:02 -0500 (0:00:30.751)       0:23:14.630 ***

TASK [kubernetes/preinstall : Create cni directories] **************************
changed: [k8s-master-02] => (item=/etc/cni/net.d)
changed: [k8s-master-01] => (item=/etc/cni/net.d)
changed: [k8s-master-02] => (item=/opt/cni/bin)
changed: [k8s-master-01] => (item=/opt/cni/bin)
changed: [k8s-db-01] => (item=/etc/cni/net.d)
changed: [k8s-master-03] => (item=/etc/cni/net.d)
changed: [k8s-db-01] => (item=/opt/cni/bin)
changed: [k8s-master-03] => (item=/opt/cni/bin)
changed: [k8s-db-02] => (item=/etc/cni/net.d)
changed: [k8s-db-03] => (item=/etc/cni/net.d)
changed: [k8s-db-02] => (item=/opt/cni/bin)
changed: [k8s-db-03] => (item=/opt/cni/bin)
changed: [osh-ctrl-01] => (item=/etc/cni/net.d)
changed: [osh-ctrl-02] => (item=/etc/cni/net.d)
changed: [osh-ctrl-01] => (item=/opt/cni/bin)
changed: [osh-ctrl-02] => (item=/opt/cni/bin)
changed: [osh-ctrl-03] => (item=/etc/cni/net.d)
changed: [osh-net-01] => (item=/etc/cni/net.d)
changed: [osh-ctrl-03] => (item=/opt/cni/bin)
changed: [osh-net-01] => (item=/opt/cni/bin)
changed: [osh-net-02] => (item=/etc/cni/net.d)
changed: [MonSrv] => (item=/etc/cni/net.d)
changed: [osh-net-02] => (item=/opt/cni/bin)
changed: [MonSrv] => (item=/opt/cni/bin)
changed: [osh-comp-01] => (item=/etc/cni/net.d)
changed: [osh-comp-02] => (item=/etc/cni/net.d)
changed: [osh-comp-01] => (item=/opt/cni/bin)
changed: [osh-comp-02] => (item=/opt/cni/bin)
changed: [osh-comp-03] => (item=/etc/cni/net.d)
changed: [osh-comp-04] => (item=/etc/cni/net.d)
changed: [osh-comp-03] => (item=/opt/cni/bin)
changed: [osh-comp-04] => (item=/opt/cni/bin)
Wednesday 16 September 2026  12:31:46 -0500 (0:00:44.542)       0:23:59.172 ***

TASK [kubernetes/preinstall : Create calico cni directories] *******************
changed: [k8s-master-01] => (item=/var/lib/calico)
changed: [k8s-master-02] => (item=/var/lib/calico)
changed: [k8s-db-01] => (item=/var/lib/calico)
changed: [k8s-master-03] => (item=/var/lib/calico)
changed: [k8s-db-02] => (item=/var/lib/calico)
changed: [k8s-db-03] => (item=/var/lib/calico)
changed: [osh-ctrl-01] => (item=/var/lib/calico)
changed: [osh-ctrl-02] => (item=/var/lib/calico)
changed: [osh-ctrl-03] => (item=/var/lib/calico)
changed: [osh-net-01] => (item=/var/lib/calico)
changed: [osh-net-02] => (item=/var/lib/calico)
changed: [MonSrv] => (item=/var/lib/calico)
changed: [osh-comp-01] => (item=/var/lib/calico)
changed: [osh-comp-02] => (item=/var/lib/calico)
changed: [osh-comp-03] => (item=/var/lib/calico)
changed: [osh-comp-04] => (item=/var/lib/calico)
Wednesday 16 September 2026  12:32:18 -0500 (0:00:31.299)       0:24:30.472 ***
Wednesday 16 September 2026  12:32:24 -0500 (0:00:06.086)       0:24:36.559 ***
Wednesday 16 September 2026  12:32:24 -0500 (0:00:00.678)       0:24:37.238 ***
Wednesday 16 September 2026  12:32:25 -0500 (0:00:00.668)       0:24:37.907 ***
Wednesday 16 September 2026  12:32:30 -0500 (0:00:05.217)       0:24:43.124 ***
Wednesday 16 September 2026  12:32:35 -0500 (0:00:05.230)       0:24:48.355 ***
Wednesday 16 September 2026  12:32:36 -0500 (0:00:00.744)       0:24:49.099 ***
Wednesday 16 September 2026  12:32:37 -0500 (0:00:00.615)       0:24:49.715 ***

TASK [kubernetes/preinstall : Create systemd-resolved drop-in directory] *******
changed: [k8s-master-02]
changed: [k8s-master-01]
changed: [k8s-master-03]
changed: [k8s-db-01]
changed: [k8s-db-02]
changed: [k8s-db-03]
changed: [osh-ctrl-01]
changed: [osh-ctrl-02]
changed: [osh-ctrl-03]
changed: [osh-net-01]
changed: [osh-net-02]
changed: [MonSrv]
changed: [osh-comp-01]
changed: [osh-comp-02]
changed: [osh-comp-03]
changed: [osh-comp-04]
Wednesday 16 September 2026  12:33:05 -0500 (0:00:27.951)       0:25:17.667 ***

TASK [kubernetes/preinstall : Write Kubespray DNS settings to systemd-resolved] ***
changed: [k8s-master-02]
changed: [k8s-master-01]
changed: [k8s-master-03]
changed: [k8s-db-01]
changed: [k8s-db-02]
changed: [k8s-db-03]
changed: [osh-ctrl-02]
changed: [osh-ctrl-01]
changed: [osh-ctrl-03]
changed: [osh-net-01]
changed: [osh-net-02]
changed: [MonSrv]
changed: [osh-comp-01]
changed: [osh-comp-02]
changed: [osh-comp-03]
changed: [osh-comp-04]
Wednesday 16 September 2026  12:35:06 -0500 (0:02:00.814)       0:27:18.482 ***
Wednesday 16 September 2026  12:35:06 -0500 (0:00:00.499)       0:27:18.981 ***
Wednesday 16 September 2026  12:35:07 -0500 (0:00:00.582)       0:27:19.564 ***
Wednesday 16 September 2026  12:35:07 -0500 (0:00:00.610)       0:27:20.175 ***
Wednesday 16 September 2026  12:35:08 -0500 (0:00:00.749)       0:27:20.925 ***
Wednesday 16 September 2026  12:35:09 -0500 (0:00:00.638)       0:27:21.563 ***
Wednesday 16 September 2026  12:35:09 -0500 (0:00:00.695)       0:27:22.259 ***
Wednesday 16 September 2026  12:35:10 -0500 (0:00:00.783)       0:27:23.042 ***
Wednesday 16 September 2026  12:35:11 -0500 (0:00:00.639)       0:27:23.682 ***
Wednesday 16 September 2026  12:35:11 -0500 (0:00:00.664)       0:27:24.346 ***
Wednesday 16 September 2026  12:35:12 -0500 (0:00:00.688)       0:27:25.035 ***

TASK [kubernetes/preinstall : Clean previously used sysctl file locations] *****
ok: [k8s-master-01] => (item=ipv4-ip_forward.conf)
ok: [k8s-master-02] => (item=ipv4-ip_forward.conf)
ok: [k8s-master-01] => (item=bridge-nf-call.conf)
ok: [k8s-master-02] => (item=bridge-nf-call.conf)
ok: [k8s-db-01] => (item=ipv4-ip_forward.conf)
ok: [k8s-master-03] => (item=ipv4-ip_forward.conf)
ok: [k8s-db-01] => (item=bridge-nf-call.conf)
ok: [k8s-master-03] => (item=bridge-nf-call.conf)
ok: [k8s-db-02] => (item=ipv4-ip_forward.conf)
ok: [k8s-db-03] => (item=ipv4-ip_forward.conf)
ok: [k8s-db-03] => (item=bridge-nf-call.conf)
ok: [k8s-db-02] => (item=bridge-nf-call.conf)
ok: [osh-ctrl-01] => (item=ipv4-ip_forward.conf)
ok: [osh-ctrl-02] => (item=ipv4-ip_forward.conf)
ok: [osh-ctrl-02] => (item=bridge-nf-call.conf)
ok: [osh-ctrl-01] => (item=bridge-nf-call.conf)
ok: [osh-net-01] => (item=ipv4-ip_forward.conf)
ok: [osh-ctrl-03] => (item=ipv4-ip_forward.conf)
ok: [osh-net-01] => (item=bridge-nf-call.conf)
ok: [osh-ctrl-03] => (item=bridge-nf-call.conf)
ok: [osh-net-02] => (item=ipv4-ip_forward.conf)
ok: [MonSrv] => (item=ipv4-ip_forward.conf)
ok: [osh-net-02] => (item=bridge-nf-call.conf)
ok: [MonSrv] => (item=bridge-nf-call.conf)
ok: [osh-comp-01] => (item=ipv4-ip_forward.conf)
ok: [osh-comp-02] => (item=ipv4-ip_forward.conf)
ok: [osh-comp-01] => (item=bridge-nf-call.conf)
ok: [osh-comp-02] => (item=bridge-nf-call.conf)
ok: [osh-comp-04] => (item=ipv4-ip_forward.conf)
ok: [osh-comp-03] => (item=ipv4-ip_forward.conf)
ok: [osh-comp-04] => (item=bridge-nf-call.conf)
ok: [osh-comp-03] => (item=bridge-nf-call.conf)
Wednesday 16 September 2026  12:36:00 -0500 (0:00:47.510)       0:28:12.545 ***

TASK [kubernetes/preinstall : Stat sysctl file configuration] ******************
ok: [k8s-master-01]
ok: [k8s-master-02]
ok: [k8s-master-03]
ok: [k8s-db-01]
ok: [k8s-db-02]
ok: [k8s-db-03]
ok: [osh-ctrl-01]
ok: [osh-ctrl-02]
ok: [osh-ctrl-03]
ok: [osh-net-01]
ok: [osh-net-02]
ok: [MonSrv]
ok: [osh-comp-01]
ok: [osh-comp-02]
ok: [osh-comp-03]
ok: [osh-comp-04]
Wednesday 16 September 2026  12:36:23 -0500 (0:00:23.580)       0:28:36.125 ***
Wednesday 16 September 2026  12:36:25 -0500 (0:00:02.011)       0:28:38.137 ***

TASK [kubernetes/preinstall : Make sure sysctl file path folder exists] ********
ok: [k8s-master-02]
ok: [k8s-master-01]
ok: [k8s-db-01]
ok: [k8s-master-03]
ok: [k8s-db-02]
ok: [k8s-db-03]
ok: [osh-ctrl-01]
ok: [osh-ctrl-02]
ok: [osh-ctrl-03]
ok: [osh-net-02]
ok: [osh-net-01]
ok: [MonSrv]
ok: [osh-comp-01]
ok: [osh-comp-02]
ok: [osh-comp-03]
ok: [osh-comp-04]
Wednesday 16 September 2026  12:36:58 -0500 (0:00:32.433)       0:29:10.571 ***

TASK [kubernetes/preinstall : Enable ip forwarding] ****************************
changed: [k8s-master-01]
changed: [k8s-master-02]
changed: [k8s-master-03]
changed: [k8s-db-01]
changed: [k8s-db-02]
changed: [k8s-db-03]
changed: [osh-ctrl-01]
changed: [osh-ctrl-02]
changed: [osh-ctrl-03]
changed: [osh-net-01]
changed: [osh-net-02]
changed: [MonSrv]
changed: [osh-comp-01]
changed: [osh-comp-02]
changed: [osh-comp-04]
changed: [osh-comp-03]
Wednesday 16 September 2026  12:37:30 -0500 (0:00:31.984)       0:29:42.555 ***
Wednesday 16 September 2026  12:37:34 -0500 (0:00:04.079)       0:29:46.635 ***

TASK [kubernetes/preinstall : Check if we need to set fs.may_detach_mounts] ****
ok: [k8s-master-02]
ok: [k8s-master-01]
ok: [k8s-db-01]
ok: [k8s-master-03]
ok: [k8s-db-02]
ok: [k8s-db-03]
ok: [osh-ctrl-01]
ok: [osh-ctrl-02]
ok: [osh-ctrl-03]
ok: [osh-net-01]
ok: [osh-net-02]
ok: [MonSrv]
ok: [osh-comp-01]
ok: [osh-comp-02]
ok: [osh-comp-03]
ok: [osh-comp-04]
Wednesday 16 September 2026  12:38:07 -0500 (0:00:33.229)       0:30:19.864 ***
Wednesday 16 September 2026  12:38:11 -0500 (0:00:04.225)       0:30:24.090 ***

TASK [kubernetes/preinstall : Ensure kubelet expected parameters are set] ******
changed: [k8s-master-01] => (item={'name': 'kernel.keys.root_maxbytes', 'value': 25000000})
changed: [k8s-master-02] => (item={'name': 'kernel.keys.root_maxbytes', 'value': 25000000})
changed: [k8s-master-01] => (item={'name': 'kernel.keys.root_maxkeys', 'value': 1000000})
changed: [k8s-master-02] => (item={'name': 'kernel.keys.root_maxkeys', 'value': 1000000})
changed: [k8s-master-01] => (item={'name': 'kernel.panic', 'value': 10})
changed: [k8s-master-02] => (item={'name': 'kernel.panic', 'value': 10})
changed: [k8s-master-01] => (item={'name': 'kernel.panic_on_oops', 'value': 1})
changed: [k8s-master-02] => (item={'name': 'kernel.panic_on_oops', 'value': 1})
changed: [k8s-master-01] => (item={'name': 'vm.overcommit_memory', 'value': 1})
changed: [k8s-master-02] => (item={'name': 'vm.overcommit_memory', 'value': 1})
changed: [k8s-master-01] => (item={'name': 'vm.panic_on_oom', 'value': 0})
changed: [k8s-master-02] => (item={'name': 'vm.panic_on_oom', 'value': 0})
changed: [k8s-db-01] => (item={'name': 'kernel.keys.root_maxbytes', 'value': 25000000})
changed: [k8s-master-03] => (item={'name': 'kernel.keys.root_maxbytes', 'value': 25000000})
changed: [k8s-db-01] => (item={'name': 'kernel.keys.root_maxkeys', 'value': 1000000})
changed: [k8s-master-03] => (item={'name': 'kernel.keys.root_maxkeys', 'value': 1000000})
changed: [k8s-db-01] => (item={'name': 'kernel.panic', 'value': 10})
changed: [k8s-master-03] => (item={'name': 'kernel.panic', 'value': 10})
changed: [k8s-db-01] => (item={'name': 'kernel.panic_on_oops', 'value': 1})
changed: [k8s-master-03] => (item={'name': 'kernel.panic_on_oops', 'value': 1})
changed: [k8s-db-01] => (item={'name': 'vm.overcommit_memory', 'value': 1})
changed: [k8s-master-03] => (item={'name': 'vm.overcommit_memory', 'value': 1})
changed: [k8s-master-03] => (item={'name': 'vm.panic_on_oom', 'value': 0})
changed: [k8s-db-01] => (item={'name': 'vm.panic_on_oom', 'value': 0})
changed: [k8s-db-03] => (item={'name': 'kernel.keys.root_maxbytes', 'value': 25000000})
changed: [k8s-db-02] => (item={'name': 'kernel.keys.root_maxbytes', 'value': 25000000})
changed: [k8s-db-03] => (item={'name': 'kernel.keys.root_maxkeys', 'value': 1000000})
changed: [k8s-db-02] => (item={'name': 'kernel.keys.root_maxkeys', 'value': 1000000})
changed: [k8s-db-03] => (item={'name': 'kernel.panic', 'value': 10})
changed: [k8s-db-02] => (item={'name': 'kernel.panic', 'value': 10})
changed: [k8s-db-02] => (item={'name': 'kernel.panic_on_oops', 'value': 1})
changed: [k8s-db-03] => (item={'name': 'kernel.panic_on_oops', 'value': 1})
changed: [k8s-db-02] => (item={'name': 'vm.overcommit_memory', 'value': 1})
changed: [k8s-db-03] => (item={'name': 'vm.overcommit_memory', 'value': 1})
changed: [k8s-db-02] => (item={'name': 'vm.panic_on_oom', 'value': 0})
changed: [k8s-db-03] => (item={'name': 'vm.panic_on_oom', 'value': 0})
changed: [osh-ctrl-01] => (item={'name': 'kernel.keys.root_maxbytes', 'value': 25000000})
changed: [osh-ctrl-02] => (item={'name': 'kernel.keys.root_maxbytes', 'value': 25000000})
changed: [osh-ctrl-01] => (item={'name': 'kernel.keys.root_maxkeys', 'value': 1000000})
changed: [osh-ctrl-02] => (item={'name': 'kernel.keys.root_maxkeys', 'value': 1000000})
changed: [osh-ctrl-01] => (item={'name': 'kernel.panic', 'value': 10})
changed: [osh-ctrl-02] => (item={'name': 'kernel.panic', 'value': 10})
changed: [osh-ctrl-01] => (item={'name': 'kernel.panic_on_oops', 'value': 1})
changed: [osh-ctrl-02] => (item={'name': 'kernel.panic_on_oops', 'value': 1})
changed: [osh-ctrl-01] => (item={'name': 'vm.overcommit_memory', 'value': 1})
changed: [osh-ctrl-02] => (item={'name': 'vm.overcommit_memory', 'value': 1})
changed: [osh-ctrl-01] => (item={'name': 'vm.panic_on_oom', 'value': 0})
changed: [osh-ctrl-02] => (item={'name': 'vm.panic_on_oom', 'value': 0})
changed: [osh-ctrl-03] => (item={'name': 'kernel.keys.root_maxbytes', 'value': 25000000})
changed: [osh-net-01] => (item={'name': 'kernel.keys.root_maxbytes', 'value': 25000000})
changed: [osh-ctrl-03] => (item={'name': 'kernel.keys.root_maxkeys', 'value': 1000000})
changed: [osh-net-01] => (item={'name': 'kernel.keys.root_maxkeys', 'value': 1000000})
changed: [osh-ctrl-03] => (item={'name': 'kernel.panic', 'value': 10})
changed: [osh-net-01] => (item={'name': 'kernel.panic', 'value': 10})
changed: [osh-ctrl-03] => (item={'name': 'kernel.panic_on_oops', 'value': 1})
changed: [osh-net-01] => (item={'name': 'kernel.panic_on_oops', 'value': 1})
changed: [osh-ctrl-03] => (item={'name': 'vm.overcommit_memory', 'value': 1})
changed: [osh-net-01] => (item={'name': 'vm.overcommit_memory', 'value': 1})
changed: [osh-ctrl-03] => (item={'name': 'vm.panic_on_oom', 'value': 0})
changed: [osh-net-01] => (item={'name': 'vm.panic_on_oom', 'value': 0})
changed: [osh-net-02] => (item={'name': 'kernel.keys.root_maxbytes', 'value': 25000000})
changed: [MonSrv] => (item={'name': 'kernel.keys.root_maxbytes', 'value': 25000000})
changed: [osh-net-02] => (item={'name': 'kernel.keys.root_maxkeys', 'value': 1000000})
changed: [MonSrv] => (item={'name': 'kernel.keys.root_maxkeys', 'value': 1000000})
changed: [osh-net-02] => (item={'name': 'kernel.panic', 'value': 10})
changed: [MonSrv] => (item={'name': 'kernel.panic', 'value': 10})
changed: [osh-net-02] => (item={'name': 'kernel.panic_on_oops', 'value': 1})
changed: [osh-net-02] => (item={'name': 'vm.overcommit_memory', 'value': 1})
changed: [MonSrv] => (item={'name': 'kernel.panic_on_oops', 'value': 1})
changed: [osh-net-02] => (item={'name': 'vm.panic_on_oom', 'value': 0})
changed: [MonSrv] => (item={'name': 'vm.overcommit_memory', 'value': 1})
changed: [MonSrv] => (item={'name': 'vm.panic_on_oom', 'value': 0})
changed: [osh-comp-01] => (item={'name': 'kernel.keys.root_maxbytes', 'value': 25000000})
changed: [osh-comp-02] => (item={'name': 'kernel.keys.root_maxbytes', 'value': 25000000})
changed: [osh-comp-01] => (item={'name': 'kernel.keys.root_maxkeys', 'value': 1000000})
changed: [osh-comp-02] => (item={'name': 'kernel.keys.root_maxkeys', 'value': 1000000})
changed: [osh-comp-01] => (item={'name': 'kernel.panic', 'value': 10})
changed: [osh-comp-02] => (item={'name': 'kernel.panic', 'value': 10})
changed: [osh-comp-01] => (item={'name': 'kernel.panic_on_oops', 'value': 1})
changed: [osh-comp-02] => (item={'name': 'kernel.panic_on_oops', 'value': 1})
changed: [osh-comp-01] => (item={'name': 'vm.overcommit_memory', 'value': 1})
changed: [osh-comp-02] => (item={'name': 'vm.overcommit_memory', 'value': 1})
changed: [osh-comp-01] => (item={'name': 'vm.panic_on_oom', 'value': 0})
changed: [osh-comp-02] => (item={'name': 'vm.panic_on_oom', 'value': 0})
changed: [osh-comp-03] => (item={'name': 'kernel.keys.root_maxbytes', 'value': 25000000})
changed: [osh-comp-04] => (item={'name': 'kernel.keys.root_maxbytes', 'value': 25000000})
changed: [osh-comp-03] => (item={'name': 'kernel.keys.root_maxkeys', 'value': 1000000})
changed: [osh-comp-04] => (item={'name': 'kernel.keys.root_maxkeys', 'value': 1000000})
changed: [osh-comp-03] => (item={'name': 'kernel.panic', 'value': 10})
changed: [osh-comp-04] => (item={'name': 'kernel.panic', 'value': 10})
changed: [osh-comp-03] => (item={'name': 'kernel.panic_on_oops', 'value': 1})
changed: [osh-comp-04] => (item={'name': 'kernel.panic_on_oops', 'value': 1})
changed: [osh-comp-03] => (item={'name': 'vm.overcommit_memory', 'value': 1})
changed: [osh-comp-04] => (item={'name': 'vm.overcommit_memory', 'value': 1})
changed: [osh-comp-03] => (item={'name': 'vm.panic_on_oom', 'value': 0})
changed: [osh-comp-04] => (item={'name': 'vm.panic_on_oom', 'value': 0})
Wednesday 16 September 2026  12:40:13 -0500 (0:02:01.612)       0:32:25.703 ***

TASK [kubernetes/preinstall : Read current sysctl values] **********************
ok: [k8s-master-02] => (item={'key': 'fs.inotify.max_user_instances', 'value': 8192})
ok: [k8s-master-01] => (item={'key': 'fs.inotify.max_user_instances', 'value': 8192})
ok: [k8s-db-01] => (item={'key': 'fs.inotify.max_user_instances', 'value': 8192})
ok: [k8s-master-03] => (item={'key': 'fs.inotify.max_user_instances', 'value': 8192})
ok: [k8s-db-02] => (item={'key': 'fs.inotify.max_user_instances', 'value': 8192})
ok: [k8s-db-03] => (item={'key': 'fs.inotify.max_user_instances', 'value': 8192})
ok: [osh-ctrl-01] => (item={'key': 'fs.inotify.max_user_instances', 'value': 8192})
ok: [osh-ctrl-02] => (item={'key': 'fs.inotify.max_user_instances', 'value': 8192})
ok: [osh-ctrl-03] => (item={'key': 'fs.inotify.max_user_instances', 'value': 8192})
ok: [osh-net-01] => (item={'key': 'fs.inotify.max_user_instances', 'value': 8192})
ok: [osh-net-02] => (item={'key': 'fs.inotify.max_user_instances', 'value': 8192})
ok: [MonSrv] => (item={'key': 'fs.inotify.max_user_instances', 'value': 8192})
ok: [osh-comp-01] => (item={'key': 'fs.inotify.max_user_instances', 'value': 8192})
ok: [osh-comp-02] => (item={'key': 'fs.inotify.max_user_instances', 'value': 8192})
ok: [osh-comp-03] => (item={'key': 'fs.inotify.max_user_instances', 'value': 8192})
ok: [osh-comp-04] => (item={'key': 'fs.inotify.max_user_instances', 'value': 8192})
Wednesday 16 September 2026  12:40:42 -0500 (0:00:29.350)       0:32:55.053 ***

TASK [kubernetes/preinstall : Increase sysctl value if lower than minimum] *****
changed: [k8s-master-01] => (item={'changed': False, 'stdout': '128', 'stderr': '', 'rc': 0, 'cmd': ['sysctl', '-n', 'fs.inotify.max_user_instances'], 'start': '2026-09-16 19:40:18.662594', 'end': '2026-09-16 19:40:18.671863', 'delta': '0:00:00.009269', 'msg': '', 'invocation': {'module_args': {'_raw_params': 'sysctl -n fs.inotify.max_user_instances', '_uses_shell': False, 'expand_argument_vars': True, 'stdin_add_newline': True, 'strip_empty_ends': True, 'argv': None, 'chdir': None, 'executable': None, 'creates': None, 'removes': None, 'stdin': None}}, 'stdout_lines': ['128'], 'stderr_lines': [], 'failed': False, 'item': {'key': 'fs.inotify.max_user_instances', 'value': 8192}, 'ansible_loop_var': 'item'})
changed: [k8s-master-02] => (item={'changed': False, 'stdout': '128', 'stderr': '', 'rc': 0, 'cmd': ['sysctl', '-n', 'fs.inotify.max_user_instances'], 'start': '2026-09-16 19:40:18.750476', 'end': '2026-09-16 19:40:18.758730', 'delta': '0:00:00.008254', 'msg': '', 'invocation': {'module_args': {'_raw_params': 'sysctl -n fs.inotify.max_user_instances', '_uses_shell': False, 'expand_argument_vars': True, 'stdin_add_newline': True, 'strip_empty_ends': True, 'argv': None, 'chdir': None, 'executable': None, 'creates': None, 'removes': None, 'stdin': None}}, 'stdout_lines': ['128'], 'stderr_lines': [], 'failed': False, 'item': {'key': 'fs.inotify.max_user_instances', 'value': 8192}, 'ansible_loop_var': 'item'})
changed: [k8s-master-03] => (item={'changed': False, 'stdout': '128', 'stderr': '', 'rc': 0, 'cmd': ['sysctl', '-n', 'fs.inotify.max_user_instances'], 'start': '2026-09-16 19:40:22.218748', 'end': '2026-09-16 19:40:22.227054', 'delta': '0:00:00.008306', 'msg': '', 'invocation': {'module_args': {'_raw_params': 'sysctl -n fs.inotify.max_user_instances', '_uses_shell': False, 'expand_argument_vars': True, 'stdin_add_newline': True, 'strip_empty_ends': True, 'argv': None, 'chdir': None, 'executable': None, 'creates': None, 'removes': None, 'stdin': None}}, 'stdout_lines': ['128'], 'stderr_lines': [], 'failed': False, 'item': {'key': 'fs.inotify.max_user_instances', 'value': 8192}, 'ansible_loop_var': 'item'})
changed: [k8s-db-01] => (item={'changed': False, 'stdout': '128', 'stderr': '', 'rc': 0, 'cmd': ['sysctl', '-n', 'fs.inotify.max_user_instances'], 'start':'2026-09-16 19:40:21.586543', 'end': '2026-09-16 19:40:21.593401', 'delta': '0:00:00.006858', 'msg': '', 'invocation': {'module_args': {'_raw_params': 'sysctl -n fs.inotify.max_user_instances', '_uses_shell': False, 'expand_argument_vars': True, 'stdin_add_newline': True, 'strip_empty_ends': True, 'argv': None, 'chdir': None, 'executable': None, 'creates': None, 'removes': None, 'stdin': None}}, 'stdout_lines': ['128'], 'stderr_lines': [], 'failed': False, 'item': {'key': 'fs.inotify.max_user_instances', 'value': 8192}, 'ansible_loop_var': 'item'})
changed: [k8s-db-02] => (item={'changed': False, 'stdout': '128', 'stderr': '', 'rc': 0, 'cmd': ['sysctl', '-n', 'fs.inotify.max_user_instances'], 'start':'2026-09-16 19:40:24.932338', 'end': '2026-09-16 19:40:24.940450', 'delta': '0:00:00.008112', 'msg': '', 'invocation': {'module_args': {'_raw_params': 'sysctl -n fs.inotify.max_user_instances', '_uses_shell': False, 'expand_argument_vars': True, 'stdin_add_newline': True, 'strip_empty_ends': True, 'argv': None, 'chdir': None, 'executable': None, 'creates': None, 'removes': None, 'stdin': None}}, 'stdout_lines': ['128'], 'stderr_lines': [], 'failed': False, 'item': {'key': 'fs.inotify.max_user_instances', 'value': 8192}, 'ansible_loop_var': 'item'})
changed: [k8s-db-03] => (item={'changed': False, 'stdout': '128', 'stderr': '', 'rc': 0, 'cmd': ['sysctl', '-n', 'fs.inotify.max_user_instances'], 'start':'2026-09-16 19:40:25.656112', 'end': '2026-09-16 19:40:25.664093', 'delta': '0:00:00.007981', 'msg': '', 'invocation': {'module_args': {'_raw_params': 'sysctl -n fs.inotify.max_user_instances', '_uses_shell': False, 'expand_argument_vars': True, 'stdin_add_newline': True, 'strip_empty_ends': True, 'argv': None, 'chdir': None, 'executable': None, 'creates': None, 'removes': None, 'stdin': None}}, 'stdout_lines': ['128'], 'stderr_lines': [], 'failed': False, 'item': {'key': 'fs.inotify.max_user_instances', 'value': 8192}, 'ansible_loop_var': 'item'})
changed: [osh-ctrl-01] => (item={'changed': False, 'stdout': '128', 'stderr': '', 'rc': 0, 'cmd': ['sysctl', '-n', 'fs.inotify.max_user_instances'], 'start': '2026-09-16 19:40:28.124145', 'end': '2026-09-16 19:40:28.131627', 'delta': '0:00:00.007482', 'msg': '', 'invocation': {'module_args': {'_raw_params': 'sysctl -n fs.inotify.max_user_instances', '_uses_shell': False, 'expand_argument_vars': True, 'stdin_add_newline': True, 'strip_empty_ends': True, 'argv': None, 'chdir': None, 'executable': None, 'creates': None, 'removes': None, 'stdin': None}}, 'stdout_lines': ['128'], 'stderr_lines': [], 'failed': False, 'item': {'key': 'fs.inotify.max_user_instances', 'value': 8192}, 'ansible_loop_var': 'item'})
changed: [osh-ctrl-02] => (item={'changed': False, 'stdout': '128', 'stderr': '', 'rc': 0, 'cmd': ['sysctl', '-n', 'fs.inotify.max_user_instances'], 'start': '2026-09-16 19:40:29.908664', 'end': '2026-09-16 19:40:29.916306', 'delta': '0:00:00.007642', 'msg': '', 'invocation': {'module_args': {'_raw_params': 'sysctl -n fs.inotify.max_user_instances', '_uses_shell': False, 'expand_argument_vars': True, 'stdin_add_newline': True, 'strip_empty_ends': True, 'argv': None, 'chdir': None, 'executable': None, 'creates': None, 'removes': None, 'stdin': None}}, 'stdout_lines': ['128'], 'stderr_lines': [], 'failed': False, 'item': {'key': 'fs.inotify.max_user_instances', 'value': 8192}, 'ansible_loop_var': 'item'})
changed: [osh-ctrl-03] => (item={'changed': False, 'stdout': '128', 'stderr': '', 'rc': 0, 'cmd': ['sysctl', '-n', 'fs.inotify.max_user_instances'], 'start': '2026-09-16 19:40:32.405958', 'end': '2026-09-16 19:40:32.414017', 'delta': '0:00:00.008059', 'msg': '', 'invocation': {'module_args': {'_raw_params': 'sysctl -n fs.inotify.max_user_instances', '_uses_shell': False, 'expand_argument_vars': True, 'stdin_add_newline': True, 'strip_empty_ends': True, 'argv': None, 'chdir': None, 'executable': None, 'creates': None, 'removes': None, 'stdin': None}}, 'stdout_lines': ['128'], 'stderr_lines': [], 'failed': False, 'item': {'key': 'fs.inotify.max_user_instances', 'value': 8192}, 'ansible_loop_var': 'item'})
changed: [osh-net-01] => (item={'changed': False, 'stdout': '128', 'stderr': '', 'rc': 0, 'cmd': ['sysctl', '-n', 'fs.inotify.max_user_instances'], 'start': '2026-09-16 19:40:34.215826', 'end': '2026-09-16 19:40:34.223379', 'delta': '0:00:00.007553', 'msg': '', 'invocation': {'module_args': {'_raw_params': 'sysctl -n fs.inotify.max_user_instances', '_uses_shell': False, 'expand_argument_vars': True, 'stdin_add_newline': True, 'strip_empty_ends': True, 'argv': None, 'chdir': None, 'executable': None, 'creates': None, 'removes': None, 'stdin': None}}, 'stdout_lines': ['128'], 'stderr_lines': [], 'failed': False, 'item': {'key': 'fs.inotify.max_user_instances', 'value': 8192}, 'ansible_loop_var': 'item'})
changed: [osh-net-02] => (item={'changed': False, 'stdout': '128', 'stderr': '', 'rc': 0, 'cmd': ['sysctl', '-n', 'fs.inotify.max_user_instances'], 'start': '2026-09-16 19:40:35.968281', 'end': '2026-09-16 19:40:35.976031', 'delta': '0:00:00.007750', 'msg': '', 'invocation': {'module_args': {'_raw_params': 'sysctl -n fs.inotify.max_user_instances', '_uses_shell': False, 'expand_argument_vars': True, 'stdin_add_newline': True, 'strip_empty_ends': True, 'argv': None, 'chdir': None, 'executable': None, 'creates': None, 'removes': None, 'stdin': None}}, 'stdout_lines': ['128'], 'stderr_lines': [], 'failed': False, 'item': {'key': 'fs.inotify.max_user_instances', 'value': 8192}, 'ansible_loop_var': 'item'})
changed: [MonSrv] => (item={'changed': False, 'stdout': '128', 'stderr': '', 'rc': 0, 'cmd': ['sysctl', '-n', 'fs.inotify.max_user_instances'], 'start': '2026-09-16 19:40:37.698562', 'end': '2026-09-16 19:40:37.706141', 'delta': '0:00:00.007579', 'msg': '', 'invocation': {'module_args': {'_raw_params': 'sysctl-n fs.inotify.max_user_instances', '_uses_shell': False, 'expand_argument_vars': True, 'stdin_add_newline': True, 'strip_empty_ends': True, 'argv': None, 'chdir': None, 'executable': None, 'creates': None, 'removes': None, 'stdin': None}}, 'stdout_lines': ['128'], 'stderr_lines': [], 'failed': False, 'item': {'key': 'fs.inotify.max_user_instances', 'value': 8192}, 'ansible_loop_var': 'item'})
changed: [osh-comp-01] => (item={'changed': False, 'stdout': '128', 'stderr': '', 'rc': 0, 'cmd': ['sysctl', '-n', 'fs.inotify.max_user_instances'], 'start': '2026-09-16 19:40:40.756095', 'end': '2026-09-16 19:40:40.763269', 'delta': '0:00:00.007174', 'msg': '', 'invocation': {'module_args': {'_raw_params': 'sysctl -n fs.inotify.max_user_instances', '_uses_shell': False, 'expand_argument_vars': True, 'stdin_add_newline': True, 'strip_empty_ends': True, 'argv': None, 'chdir': None, 'executable': None, 'creates': None, 'removes': None, 'stdin': None}}, 'stdout_lines': ['128'], 'stderr_lines': [], 'failed': False, 'item': {'key': 'fs.inotify.max_user_instances', 'value': 8192}, 'ansible_loop_var': 'item'})
changed: [osh-comp-02] => (item={'changed': False, 'stdout': '128', 'stderr': '', 'rc': 0, 'cmd': ['sysctl', '-n', 'fs.inotify.max_user_instances'], 'start': '2026-09-16 19:40:40.538250', 'end': '2026-09-16 19:40:41.547685', 'delta': '0:00:01.009435', 'msg': '', 'invocation': {'module_args': {'_raw_params': 'sysctl -n fs.inotify.max_user_instances', '_uses_shell': False, 'expand_argument_vars': True, 'stdin_add_newline': True, 'strip_empty_ends': True, 'argv': None, 'chdir': None, 'executable': None, 'creates': None, 'removes': None, 'stdin': None}}, 'stdout_lines': ['128'], 'stderr_lines': [], 'failed': False, 'item': {'key': 'fs.inotify.max_user_instances', 'value': 8192}, 'ansible_loop_var': 'item'})
changed: [osh-comp-03] => (item={'changed': False, 'stdout': '128', 'stderr': '', 'rc': 0, 'cmd': ['sysctl', '-n', 'fs.inotify.max_user_instances'], 'start': '2026-09-16 19:40:44.136405', 'end': '2026-09-16 19:40:44.145539', 'delta': '0:00:00.009134', 'msg': '', 'invocation': {'module_args': {'_raw_params': 'sysctl -n fs.inotify.max_user_instances', '_uses_shell': False, 'expand_argument_vars': True, 'stdin_add_newline': True, 'strip_empty_ends': True, 'argv': None, 'chdir': None, 'executable': None, 'creates': None, 'removes': None, 'stdin': None}}, 'stdout_lines': ['128'], 'stderr_lines': [], 'failed': False, 'item': {'key': 'fs.inotify.max_user_instances', 'value': 8192}, 'ansible_loop_var': 'item'})
changed: [osh-comp-04] => (item={'changed': False, 'stdout': '128', 'stderr': '', 'rc': 0, 'cmd': ['sysctl', '-n', 'fs.inotify.max_user_instances'], 'start': '2026-09-16 19:40:44.733199', 'end': '2026-09-16 19:40:44.741234', 'delta': '0:00:00.008035', 'msg': '', 'invocation': {'module_args': {'_raw_params': 'sysctl -n fs.inotify.max_user_instances', '_uses_shell': False, 'expand_argument_vars': True, 'stdin_add_newline': True, 'strip_empty_ends': True, 'argv': None, 'chdir': None, 'executable': None, 'creates': None, 'removes': None, 'stdin': None}}, 'stdout_lines': ['128'], 'stderr_lines': [], 'failed': False, 'item': {'key': 'fs.inotify.max_user_instances', 'value': 8192}, 'ansible_loop_var': 'item'})
Wednesday 16 September 2026  12:41:13 -0500 (0:00:31.119)       0:33:26.172 ***

TASK [kubernetes/preinstall : Check dummy module] ******************************
ok: [k8s-master-02]
ok: [k8s-master-01]
ok: [k8s-db-01]
ok: [k8s-master-03]
ok: [k8s-db-02]
ok: [k8s-db-03]
ok: [osh-ctrl-01]
ok: [osh-ctrl-02]
ok: [osh-ctrl-03]
ok: [osh-net-01]
ok: [osh-net-02]
ok: [MonSrv]
ok: [osh-comp-01]
ok: [osh-comp-02]
ok: [osh-comp-03]
ok: [osh-comp-04]
Wednesday 16 September 2026  12:41:47 -0500 (0:00:33.967)       0:34:00.140 ***
Wednesday 16 September 2026  12:41:48 -0500 (0:00:00.478)       0:34:00.619 ***

TASK [kubernetes/preinstall : Disable fapolicyd service] ***********************
ok: [k8s-master-02]
ok: [k8s-master-01]
ok: [k8s-db-01]
ok: [k8s-master-03]
ok: [k8s-db-02]
ok: [k8s-db-03]
ok: [osh-ctrl-01]
ok: [osh-ctrl-02]
ok: [osh-ctrl-03]
ok: [osh-net-01]
ok: [osh-net-02]
ok: [MonSrv]
ok: [osh-comp-01]
ok: [osh-comp-02]
ok: [osh-comp-03]
ok: [osh-comp-04]
Wednesday 16 September 2026  12:42:19 -0500 (0:00:31.181)       0:34:31.801 ***
Wednesday 16 September 2026  12:42:19 -0500 (0:00:00.396)       0:34:32.197 ***
Wednesday 16 September 2026  12:42:20 -0500 (0:00:00.499)       0:34:32.697 ***
Wednesday 16 September 2026  12:42:20 -0500 (0:00:00.594)       0:34:33.291 ***
Wednesday 16 September 2026  12:42:21 -0500 (0:00:00.617)       0:34:33.909 ***
Wednesday 16 September 2026  12:42:22 -0500 (0:00:00.617)       0:34:34.526 ***
Wednesday 16 September 2026  12:42:22 -0500 (0:00:00.612)       0:34:35.139 ***
Wednesday 16 September 2026  12:42:23 -0500 (0:00:00.585)       0:34:35.724 ***
Wednesday 16 September 2026  12:42:23 -0500 (0:00:00.657)       0:34:36.381 ***
Wednesday 16 September 2026  12:42:24 -0500 (0:00:00.827)       0:34:37.209 ***
Wednesday 16 September 2026  12:42:25 -0500 (0:00:00.687)       0:34:37.897 ***
Wednesday 16 September 2026  12:42:26 -0500 (0:00:00.693)       0:34:38.590 ***
Wednesday 16 September 2026  12:42:28 -0500 (0:00:02.445)       0:34:41.036 ***
Wednesday 16 September 2026  12:42:30 -0500 (0:00:02.347)       0:34:43.383 ***
Wednesday 16 September 2026  12:42:33 -0500 (0:00:02.371)       0:34:45.755 ***
Wednesday 16 September 2026  12:42:34 -0500 (0:00:00.714)       0:34:46.469 ***
Wednesday 16 September 2026  12:42:34 -0500 (0:00:00.644)       0:34:47.114 ***
Wednesday 16 September 2026  12:42:34 -0500 (0:00:00.021)       0:34:47.136 ***
Wednesday 16 September 2026  12:42:34 -0500 (0:00:00.025)       0:34:47.161 ***
Wednesday 16 September 2026  12:42:34 -0500 (0:00:00.021)       0:34:47.183 ***
Wednesday 16 September 2026  12:42:34 -0500 (0:00:00.020)       0:34:47.203 ***
Wednesday 16 September 2026  12:42:34 -0500 (0:00:00.020)       0:34:47.224 ***
Wednesday 16 September 2026  12:42:34 -0500 (0:00:00.020)       0:34:47.244 ***
Wednesday 16 September 2026  12:42:34 -0500 (0:00:00.018)       0:34:47.263 ***
Wednesday 16 September 2026  12:42:34 -0500 (0:00:00.020)       0:34:47.284 ***
Wednesday 16 September 2026  12:42:34 -0500 (0:00:00.016)       0:34:47.300 ***
Wednesday 16 September 2026  12:42:34 -0500 (0:00:00.019)       0:34:47.320 ***
Wednesday 16 September 2026  12:42:34 -0500 (0:00:00.021)       0:34:47.341 ***
Wednesday 16 September 2026  12:42:34 -0500 (0:00:00.020)       0:34:47.362 ***
Wednesday 16 September 2026  12:42:34 -0500 (0:00:00.020)       0:34:47.382 ***
Wednesday 16 September 2026  12:42:35 -0500 (0:00:00.019)       0:34:47.402 ***
Wednesday 16 September 2026  12:42:35 -0500 (0:00:00.018)       0:34:47.421 ***
Wednesday 16 September 2026  12:42:35 -0500 (0:00:00.016)       0:34:47.437 ***

RUNNING HANDLER [kubernetes/preinstall : Preinstall | Restart systemd-resolved] ***
changed: [k8s-master-01]
changed: [k8s-master-02]
changed: [k8s-db-01]
changed: [k8s-master-03]
changed: [k8s-db-03]
changed: [k8s-db-02]
changed: [osh-ctrl-01]
changed: [osh-ctrl-02]
changed: [osh-ctrl-03]
changed: [osh-net-01]
changed: [osh-net-02]
changed: [MonSrv]
changed: [osh-comp-01]
changed: [osh-comp-02]
changed: [osh-comp-03]
changed: [osh-comp-04]
Wednesday 16 September 2026  12:43:25 -0500 (0:00:50.056)       0:35:37.494 ***

TASK [kubernetes/preinstall : Check if we are running inside a Azure VM] *******
ok: [k8s-master-01]
ok: [k8s-master-02]
ok: [k8s-db-01]
ok: [k8s-master-03]
ok: [k8s-db-02]
ok: [k8s-db-03]
ok: [osh-ctrl-01]
ok: [osh-ctrl-02]
ok: [osh-ctrl-03]
ok: [osh-net-02]
ok: [osh-net-01]
ok: [MonSrv]
ok: [osh-comp-01]
ok: [osh-comp-02]
ok: [osh-comp-03]
ok: [osh-comp-04]
Wednesday 16 September 2026  12:43:54 -0500 (0:00:28.986)       0:36:06.480 ***
Wednesday 16 September 2026  12:43:54 -0500 (0:00:00.702)       0:36:07.183 ***

TASK [container-engine/validate-container-engine : Validate-container-engine | check if fedora coreos] ***
ok: [k8s-master-02]
ok: [k8s-master-01]
ok: [k8s-db-01]
ok: [k8s-master-03]
ok: [k8s-db-02]
ok: [k8s-db-03]
ok: [osh-ctrl-01]
ok: [osh-ctrl-02]
ok: [osh-ctrl-03]
ok: [osh-net-01]
ok: [MonSrv]
ok: [osh-net-02]
ok: [osh-comp-02]
ok: [osh-comp-01]
ok: [osh-comp-04]
ok: [osh-comp-03]
Wednesday 16 September 2026  12:44:19 -0500 (0:00:24.278)       0:36:31.461 ***

TASK [container-engine/validate-container-engine : Validate-container-engine | set is_ostree] ***
ok: [k8s-master-01]
ok: [k8s-master-02]
ok: [k8s-master-03]
ok: [k8s-db-01]
ok: [k8s-db-02]
ok: [k8s-db-03]
ok: [osh-ctrl-01]
ok: [osh-ctrl-02]
ok: [osh-ctrl-03]
ok: [osh-net-01]
ok: [osh-net-02]
ok: [MonSrv]
ok: [osh-comp-01]
ok: [osh-comp-02]
ok: [osh-comp-03]
ok: [osh-comp-04]
Wednesday 16 September 2026  12:44:30 -0500 (0:00:11.144)       0:36:42.606 ***

TASK [container-engine/validate-container-engine : Ensure kubelet systemd unit exists] ***
ok: [k8s-master-01]
ok: [k8s-master-02]
ok: [k8s-db-01]
ok: [k8s-master-03]
ok: [k8s-db-02]
ok: [k8s-db-03]
ok: [osh-ctrl-01]
ok: [osh-ctrl-02]
ok: [osh-ctrl-03]
ok: [osh-net-01]
ok: [osh-net-02]
ok: [MonSrv]
ok: [osh-comp-01]
ok: [osh-comp-02]
ok: [osh-comp-03]
ok: [osh-comp-04]
Wednesday 16 September 2026  12:44:54 -0500 (0:00:23.909)       0:37:06.515 ***

TASK [container-engine/validate-container-engine : Populate service facts] *****
ok: [k8s-master-01]
ok: [k8s-master-02]
ok: [k8s-db-01]
ok: [k8s-master-03]
ok: [k8s-db-03]
ok: [k8s-db-02]
ok: [osh-ctrl-01]
ok: [osh-ctrl-02]
ok: [osh-ctrl-03]
ok: [osh-net-01]
ok: [osh-net-02]
ok: [MonSrv]
ok: [osh-comp-01]
ok: [osh-comp-02]
ok: [osh-comp-03]
ok: [osh-comp-04]
Wednesday 16 September 2026  12:46:30 -0500 (0:01:35.952)       0:38:42.468 ***

TASK [container-engine/validate-container-engine : Check if containerd is installed] ***
ok: [k8s-master-01]
ok: [k8s-master-02]
ok: [k8s-master-03]
ok: [k8s-db-01]
ok: [k8s-db-02]
ok: [k8s-db-03]
ok: [osh-ctrl-01]
ok: [osh-ctrl-02]
ok: [osh-ctrl-03]
ok: [osh-net-01]
ok: [osh-net-02]
ok: [MonSrv]
ok: [osh-comp-01]
ok: [osh-comp-02]
ok: [osh-comp-03]
ok: [osh-comp-04]
Wednesday 16 September 2026  12:47:05 -0500 (0:00:34.941)       0:39:17.409 ***

TASK [container-engine/validate-container-engine : Check if docker is installed] ***
ok: [k8s-master-01]
ok: [k8s-master-02]
ok: [k8s-db-01]
ok: [k8s-master-03]
ok: [k8s-db-02]
ok: [k8s-db-03]
ok: [osh-ctrl-01]
ok: [osh-ctrl-02]
ok: [osh-ctrl-03]
ok: [osh-net-01]
ok: [osh-net-02]
ok: [MonSrv]
ok: [osh-comp-01]
ok: [osh-comp-02]
ok: [osh-comp-03]
ok: [osh-comp-04]
Wednesday 16 September 2026  12:47:33 -0500 (0:00:28.189)       0:39:45.599 ***

TASK [container-engine/validate-container-engine : Check if crio is installed] ***
ok: [k8s-master-02]
ok: [k8s-master-01]
ok: [k8s-db-01]
ok: [k8s-master-03]
ok: [k8s-db-02]
ok: [k8s-db-03]
ok: [osh-ctrl-01]
ok: [osh-ctrl-02]
ok: [osh-ctrl-03]
ok: [osh-net-01]
ok: [osh-net-02]
ok: [MonSrv]
ok: [osh-comp-01]
ok: [osh-comp-02]
ok: [osh-comp-03]
ok: [osh-comp-04]
Wednesday 16 September 2026  12:48:00 -0500 (0:00:27.291)       0:40:12.890 ***
Wednesday 16 September 2026  12:48:01 -0500 (0:00:00.682)       0:40:13.572 ***
Wednesday 16 September 2026  12:48:01 -0500 (0:00:00.756)       0:40:14.329 ***
Wednesday 16 September 2026  12:48:02 -0500 (0:00:00.984)       0:40:15.314 ***
Wednesday 16 September 2026  12:48:03 -0500 (0:00:00.911)       0:40:16.226 ***
Wednesday 16 September 2026  12:48:11 -0500 (0:00:07.805)       0:40:24.032 ***
Wednesday 16 September 2026  12:48:12 -0500 (0:00:00.895)       0:40:24.927 ***
Wednesday 16 September 2026  12:48:13 -0500 (0:00:00.799)       0:40:25.727 ***
Wednesday 16 September 2026  12:48:14 -0500 (0:00:00.743)       0:40:26.470 ***
Wednesday 16 September 2026  12:48:14 -0500 (0:00:00.842)       0:40:27.313 ***
Wednesday 16 September 2026  12:48:15 -0500 (0:00:00.941)       0:40:28.255 ***
Wednesday 16 September 2026  12:48:17 -0500 (0:00:01.413)       0:40:29.668 ***
Wednesday 16 September 2026  12:48:18 -0500 (0:00:00.925)       0:40:30.594 ***
Wednesday 16 September 2026  12:48:19 -0500 (0:00:00.817)       0:40:31.411 ***
Wednesday 16 September 2026  12:48:20 -0500 (0:00:01.315)       0:40:32.726 ***
Wednesday 16 September 2026  12:48:21 -0500 (0:00:00.861)       0:40:33.588 ***
Wednesday 16 September 2026  12:48:22 -0500 (0:00:00.835)       0:40:34.423 ***
Wednesday 16 September 2026  12:48:22 -0500 (0:00:00.832)       0:40:35.256 ***
Wednesday 16 September 2026  12:48:24 -0500 (0:00:01.249)       0:40:36.506 ***
Wednesday 16 September 2026  12:48:24 -0500 (0:00:00.821)       0:40:37.327 ***
Wednesday 16 September 2026  12:48:26 -0500 (0:00:01.655)       0:40:38.983 ***
Wednesday 16 September 2026  12:48:27 -0500 (0:00:00.865)       0:40:39.848 ***
Wednesday 16 September 2026  12:48:28 -0500 (0:00:00.772)       0:40:40.621 ***
Wednesday 16 September 2026  12:48:32 -0500 (0:00:03.926)       0:40:44.547 ***
Wednesday 16 September 2026  12:48:32 -0500 (0:00:00.749)       0:40:45.296 ***
Wednesday 16 September 2026  12:48:39 -0500 (0:00:07.009)       0:40:52.306 ***
Wednesday 16 September 2026  12:48:40 -0500 (0:00:00.922)       0:40:53.229 ***
Wednesday 16 September 2026  12:48:41 -0500 (0:00:00.841)       0:40:54.070 ***
Wednesday 16 September 2026  12:48:42 -0500 (0:00:00.753)       0:40:54.824 ***
Wednesday 16 September 2026  12:48:43 -0500 (0:00:00.804)       0:40:55.628 ***
Wednesday 16 September 2026  12:48:44 -0500 (0:00:01.137)       0:40:56.766 ***
Wednesday 16 September 2026  12:48:45 -0500 (0:00:00.892)       0:40:57.658 ***
Wednesday 16 September 2026  12:48:46 -0500 (0:00:01.066)       0:40:58.725 ***
Wednesday 16 September 2026  12:48:47 -0500 (0:00:01.316)       0:41:00.041 ***
Wednesday 16 September 2026  12:48:48 -0500 (0:00:01.199)       0:41:01.241 ***
Wednesday 16 September 2026  12:48:49 -0500 (0:00:00.941)       0:41:02.182 ***
Wednesday 16 September 2026  12:48:51 -0500 (0:00:01.786)       0:41:03.968 ***
Wednesday 16 September 2026  12:48:52 -0500 (0:00:01.357)       0:41:05.326 ***
Wednesday 16 September 2026  12:48:53 -0500 (0:00:00.870)       0:41:06.196 ***
Wednesday 16 September 2026  12:48:54 -0500 (0:00:00.766)       0:41:06.963 ***
Wednesday 16 September 2026  12:48:55 -0500 (0:00:00.882)       0:41:07.845 ***
Wednesday 16 September 2026  12:48:56 -0500 (0:00:00.789)       0:41:08.635 ***
Wednesday 16 September 2026  12:48:57 -0500 (0:00:01.509)       0:41:10.144 ***
Wednesday 16 September 2026  12:48:58 -0500 (0:00:00.894)       0:41:11.038 ***
Wednesday 16 September 2026  12:48:59 -0500 (0:00:00.884)       0:41:11.923 ***
Wednesday 16 September 2026  12:49:00 -0500 (0:00:01.340)       0:41:13.264 ***
Wednesday 16 September 2026  12:49:02 -0500 (0:00:01.495)       0:41:14.760 ***
Wednesday 16 September 2026  12:49:06 -0500 (0:00:04.516)       0:41:19.276 ***
Wednesday 16 September 2026  12:49:07 -0500 (0:00:00.829)       0:41:20.105 ***
Wednesday 16 September 2026  12:49:08 -0500 (0:00:00.909)       0:41:21.014 ***
Wednesday 16 September 2026  12:49:09 -0500 (0:00:00.791)       0:41:21.806 ***
Wednesday 16 September 2026  12:49:10 -0500 (0:00:00.939)       0:41:22.746 ***
Wednesday 16 September 2026  12:49:11 -0500 (0:00:00.897)       0:41:23.643 ***
Wednesday 16 September 2026  12:49:12 -0500 (0:00:00.965)       0:41:24.609 ***
Wednesday 16 September 2026  12:49:13 -0500 (0:00:00.945)       0:41:25.554 ***
Wednesday 16 September 2026  12:49:13 -0500 (0:00:00.839)       0:41:26.394 ***
Wednesday 16 September 2026  12:49:15 -0500 (0:00:01.043)       0:41:27.437 ***
Wednesday 16 September 2026  12:49:16 -0500 (0:00:00.978)       0:41:28.416 ***
Wednesday 16 September 2026  12:49:17 -0500 (0:00:01.565)       0:41:29.981 ***
Wednesday 16 September 2026  12:49:18 -0500 (0:00:01.257)       0:41:31.239 ***
Wednesday 16 September 2026  12:49:21 -0500 (0:00:02.367)       0:41:33.607 ***
Wednesday 16 September 2026  12:49:23 -0500 (0:00:01.927)       0:41:35.535 ***

TASK [Container Manager] *******************************************************
included: container-engine/containerd for k8s-master-01, k8s-master-02, k8s-master-03, k8s-db-01, k8s-db-02, k8s-db-03, osh-ctrl-01, osh-ctrl-02, osh-ctrl-03, osh-net-01, osh-net-02, MonSrv, osh-comp-01, osh-comp-02, osh-comp-03, osh-comp-04
Wednesday 16 September 2026  12:49:27 -0500 (0:00:04.427)       0:41:39.962 ***

TASK [container-engine/containerd-common : Containerd-common | check if fedora coreos] ***
ok: [k8s-master-01]
ok: [k8s-master-02]
ok: [k8s-master-03]
ok: [k8s-db-01]
ok: [k8s-db-02]
ok: [k8s-db-03]
ok: [osh-ctrl-01]
ok: [osh-ctrl-02]
ok: [osh-ctrl-03]
ok: [osh-net-01]
ok: [osh-net-02]
ok: [MonSrv]
ok: [osh-comp-01]
ok: [osh-comp-02]
ok: [osh-comp-03]
ok: [osh-comp-04]
Wednesday 16 September 2026  12:49:59 -0500 (0:00:31.990)       0:42:11.953 ***

TASK [container-engine/containerd-common : Containerd-common | set is_ostree] ***
ok: [k8s-master-01]
ok: [k8s-master-02]
ok: [k8s-master-03]
ok: [k8s-db-01]
ok: [k8s-db-02]
ok: [k8s-db-03]
ok: [osh-ctrl-01]
ok: [osh-ctrl-02]
ok: [osh-ctrl-03]
ok: [osh-net-01]
ok: [osh-net-02]
ok: [MonSrv]
ok: [osh-comp-01]
ok: [osh-comp-02]
ok: [osh-comp-03]
ok: [osh-comp-04]
Wednesday 16 September 2026  12:50:08 -0500 (0:00:08.478)       0:42:20.432 ***
Wednesday 16 September 2026  12:50:17 -0500 (0:00:09.790)       0:42:30.222 ***

TASK [container-engine/runc : Runc | check if fedora coreos] *******************
ok: [k8s-master-02]
ok: [k8s-master-01]
ok: [k8s-db-01]
ok: [k8s-master-03]
ok: [k8s-db-02]
ok: [k8s-db-03]
ok: [osh-ctrl-01]
ok: [osh-ctrl-02]
ok: [osh-ctrl-03]
ok: [osh-net-01]
ok: [osh-net-02]
ok: [MonSrv]
ok: [osh-comp-01]
ok: [osh-comp-02]
ok: [osh-comp-03]
ok: [osh-comp-04]
Wednesday 16 September 2026  12:50:41 -0500 (0:00:23.622)       0:42:53.845 ***

TASK [container-engine/runc : Runc | set is_ostree] ****************************
ok: [k8s-master-01]
ok: [k8s-master-02]
ok: [k8s-master-03]
ok: [k8s-db-01]
ok: [k8s-db-02]
ok: [k8s-db-03]
ok: [osh-ctrl-01]
ok: [osh-ctrl-02]
ok: [osh-ctrl-03]
ok: [osh-net-01]
ok: [osh-net-02]
ok: [MonSrv]
ok: [osh-comp-01]
ok: [osh-comp-02]
ok: [osh-comp-03]
ok: [osh-comp-04]
Wednesday 16 September 2026  12:50:52 -0500 (0:00:10.845)       0:43:04.690 ***

TASK [container-engine/runc : Runc | Remove package] ***************************
ok: [k8s-master-01]
ok: [k8s-master-02]
ok: [k8s-db-01]
ok: [k8s-master-03]
ok: [k8s-db-02]
ok: [k8s-db-03]
ok: [osh-ctrl-01]
ok: [osh-ctrl-02]
ok: [osh-ctrl-03]
ok: [osh-net-01]
ok: [osh-net-02]
ok: [MonSrv]
ok: [osh-comp-01]
ok: [osh-comp-02]
ok: [osh-comp-03]
ok: [osh-comp-04]
Wednesday 16 September 2026  12:51:28 -0500 (0:00:35.844)       0:43:40.534 ***

TASK [container-engine/runc : Runc | Remove orphaned binary] *******************
ok: [k8s-master-02]
ok: [k8s-master-01]
ok: [k8s-db-01]
ok: [k8s-master-03]
ok: [k8s-db-02]
ok: [k8s-db-03]
ok: [osh-ctrl-01]
ok: [osh-ctrl-02]
ok: [osh-ctrl-03]
ok: [osh-net-01]
ok: [osh-net-02]
ok: [MonSrv]
ok: [osh-comp-01]
ok: [osh-comp-02]
ok: [osh-comp-03]
ok: [osh-comp-04]
Wednesday 16 September 2026  12:51:50 -0500 (0:00:22.813)       0:44:03.348 ***

TASK [container-engine/runc : Runc | Download runc binary] *********************
included: /opt/fabric-cache/repos/kubespray/roles/container-engine/runc/tasks/../../../download/tasks/download_file.yml for k8s-master-01, k8s-master-02, k8s-master-03, k8s-db-01, k8s-db-02, k8s-db-03, osh-ctrl-01, osh-ctrl-02, osh-ctrl-03, osh-net-01, osh-net-02, MonSrv, osh-comp-01, osh-comp-02, osh-comp-03,osh-comp-04
Wednesday 16 September 2026  12:51:52 -0500 (0:00:01.179)       0:44:04.527 ***

TASK [container-engine/runc : Prep_download | Set a few facts] *****************
ok: [k8s-master-01]
ok: [k8s-master-02]
ok: [k8s-master-03]
ok: [k8s-db-01]
ok: [k8s-db-02]
ok: [k8s-db-03]
ok: [osh-ctrl-01]
ok: [osh-ctrl-02]
ok: [osh-ctrl-03]
ok: [osh-net-01]
ok: [osh-net-02]
ok: [MonSrv]
ok: [osh-comp-01]
ok: [osh-comp-02]
ok: [osh-comp-03]
ok: [osh-comp-04]
Wednesday 16 September 2026  12:52:17 -0500 (0:00:25.741)       0:44:30.269 ***

TASK [container-engine/runc : Download_file | Show url of file to download] ****
ok: [k8s-master-01] => {
    "msg": "http://172.16.2.1:8080/runc.amd64"
}
Wednesday 16 September 2026  12:52:21 -0500 (0:00:04.106)       0:44:34.375 ***

TASK [container-engine/runc : Download_file | Set pathname of cached file] *****
ok: [k8s-master-02]
ok: [k8s-master-01]
ok: [k8s-master-03]
ok: [k8s-db-01]
ok: [k8s-db-02]
ok: [k8s-db-03]
ok: [osh-ctrl-01]
ok: [osh-ctrl-02]
ok: [osh-ctrl-03]
ok: [osh-net-01]
ok: [osh-net-02]
ok: [MonSrv]
ok: [osh-comp-01]
ok: [osh-comp-02]
ok: [osh-comp-03]
ok: [osh-comp-04]
Wednesday 16 September 2026  12:52:52 -0500 (0:00:30.194)       0:45:04.569 ***

TASK [container-engine/runc : Download_file | Create dest directory on node] ***
changed: [k8s-master-01]
changed: [k8s-master-02]
changed: [k8s-db-01]
changed: [k8s-master-03]
changed: [k8s-db-02]
changed: [k8s-db-03]
changed: [osh-ctrl-01]
changed: [osh-ctrl-02]
changed: [osh-ctrl-03]
changed: [osh-net-01]
changed: [osh-net-02]
changed: [MonSrv]
changed: [osh-comp-01]
changed: [osh-comp-02]
changed: [osh-comp-03]
changed: [osh-comp-04]
Wednesday 16 September 2026  12:53:54 -0500 (0:01:02.421)       0:46:06.991 ***

TASK [container-engine/runc : Download_file | Create local cache directory] ****
ok: [k8s-master-01 -> localhost]
Wednesday 16 September 2026  12:53:57 -0500 (0:00:03.045)       0:46:10.036 ***

TASK [container-engine/runc : Download_file | Create cache directory on download_delegate host] ***
changed: [k8s-master-01]
Wednesday 16 September 2026  12:54:02 -0500 (0:00:05.245)       0:46:15.282 ***

TASK [container-engine/runc : Download_file | Download item] *******************
changed: [k8s-master-01]
Wednesday 16 September 2026  12:54:18 -0500 (0:00:16.030)       0:46:31.313 ***

TASK [container-engine/runc : Download_file | Copy file back to ansible host file cache] ***
changed: [k8s-master-01]
Wednesday 16 September 2026  12:54:33 -0500 (0:00:14.646)       0:46:45.959 ***

TASK [container-engine/runc : Download_file | Copy file from cache to nodes, if it is available] ***
changed: [k8s-master-01]
changed: [k8s-master-02]
changed: [k8s-master-03]
changed: [k8s-db-01]
changed: [k8s-db-02]
changed: [k8s-db-03]
changed: [osh-ctrl-01]
changed: [osh-ctrl-02]
changed: [osh-ctrl-03]
changed: [osh-net-01]
changed: [osh-net-02]
changed: [MonSrv]
changed: [osh-comp-01]
changed: [osh-comp-02]
changed: [osh-comp-03]
changed: [osh-comp-04]
Wednesday 16 September 2026  12:56:00 -0500 (0:01:26.802)       0:48:12.762 ***

TASK [container-engine/runc : Download_file | Set mode and owner] **************
changed: [k8s-master-02]
changed: [k8s-master-01]
changed: [k8s-db-01]
changed: [k8s-master-03]
changed: [k8s-db-02]
changed: [k8s-db-03]
changed: [osh-ctrl-01]
changed: [osh-ctrl-02]
changed: [osh-ctrl-03]
changed: [osh-net-01]
changed: [osh-net-02]
changed: [MonSrv]
changed: [osh-comp-02]
changed: [osh-comp-01]
changed: [osh-comp-03]
changed: [osh-comp-04]
Wednesday 16 September 2026  12:57:06 -0500 (0:01:06.386)       0:49:19.149 ***

TASK [container-engine/runc : Download_file | Extract file archives] ***********
included: /opt/fabric-cache/repos/kubespray/roles/download/tasks/extract_file.yml for k8s-master-01, k8s-master-02, k8s-master-03, k8s-db-01, k8s-db-02, k8s-db-03, osh-ctrl-01, osh-ctrl-02, osh-ctrl-03, osh-net-01, osh-net-02, MonSrv, osh-comp-01, osh-comp-02, osh-comp-03, osh-comp-04
Wednesday 16 September 2026  12:57:07 -0500 (0:00:01.115)       0:49:20.264 ***
Wednesday 16 September 2026  12:57:30 -0500 (0:00:22.468)       0:49:42.733 ***

TASK [container-engine/runc : Copy runc binary from download dir] **************
changed: [k8s-master-02]
changed: [k8s-master-01]
changed: [k8s-master-03]
changed: [k8s-db-01]
changed: [k8s-db-03]
changed: [k8s-db-02]
changed: [osh-ctrl-01]
changed: [osh-ctrl-02]
changed: [osh-ctrl-03]
changed: [osh-net-01]
changed: [osh-net-02]
changed: [MonSrv]
changed: [osh-comp-02]
changed: [osh-comp-01]
changed: [osh-comp-03]
changed: [osh-comp-04]
Wednesday 16 September 2026  12:58:42 -0500 (0:01:12.492)       0:50:55.226 ***

TASK [container-engine/crictl : Crictl | Download crictl] **********************
included: /opt/fabric-cache/repos/kubespray/roles/container-engine/crictl/tasks/../../../download/tasks/download_file.yml for k8s-master-01, k8s-master-02,k8s-master-03, k8s-db-01, k8s-db-02, k8s-db-03, osh-ctrl-01, osh-ctrl-02, osh-ctrl-03, osh-net-01, osh-net-02, MonSrv, osh-comp-01, osh-comp-02, osh-comp-03, osh-comp-04
Wednesday 16 September 2026  12:58:44 -0500 (0:00:01.357)       0:50:56.584 ***

TASK [container-engine/crictl : Prep_download | Set a few facts] ***************
ok: [k8s-master-01]
ok: [k8s-master-02]
ok: [k8s-master-03]
ok: [k8s-db-01]
ok: [k8s-db-02]
ok: [k8s-db-03]
ok: [osh-ctrl-01]
ok: [osh-ctrl-02]
ok: [osh-ctrl-03]
ok: [osh-net-01]
ok: [osh-net-02]
ok: [MonSrv]
ok: [osh-comp-01]
ok: [osh-comp-02]
ok: [osh-comp-03]
ok: [osh-comp-04]
Wednesday 16 September 2026  12:59:07 -0500 (0:00:23.073)       0:51:19.658 ***

TASK [container-engine/crictl : Download_file | Show url of file to download] ***
ok: [k8s-master-01] => {
    "msg": "http://172.16.2.1:8080/crictl-v1.35.0-linux-amd64.tar.gz"
}
Wednesday 16 September 2026  12:59:11 -0500 (0:00:03.765)       0:51:23.423 ***

TASK [container-engine/crictl : Download_file | Set pathname of cached file] ***
ok: [k8s-master-01]
ok: [k8s-master-02]
ok: [k8s-master-03]
ok: [k8s-db-01]
ok: [k8s-db-02]
ok: [k8s-db-03]
ok: [osh-ctrl-01]
ok: [osh-ctrl-02]
ok: [osh-ctrl-03]
ok: [osh-net-01]
ok: [osh-net-02]
ok: [MonSrv]
ok: [osh-comp-01]
ok: [osh-comp-02]
ok: [osh-comp-03]
ok: [osh-comp-04]
Wednesday 16 September 2026  12:59:40 -0500 (0:00:29.734)       0:51:53.158 ***

TASK [container-engine/crictl : Download_file | Create dest directory on node] ***
ok: [k8s-master-02]
ok: [k8s-master-01]
ok: [k8s-db-01]
ok: [k8s-master-03]
ok: [k8s-db-02]
ok: [k8s-db-03]
ok: [osh-ctrl-01]
ok: [osh-ctrl-02]
ok: [osh-ctrl-03]
ok: [osh-net-01]
ok: [osh-net-02]
ok: [MonSrv]
ok: [osh-comp-02]
ok: [osh-comp-01]
ok: [osh-comp-03]
ok: [osh-comp-04]
Wednesday 16 September 2026  13:00:38 -0500 (0:00:58.177)       0:52:51.335 ***

TASK [container-engine/crictl : Download_file | Create local cache directory] ***
ok: [k8s-master-01 -> localhost]
Wednesday 16 September 2026  13:00:42 -0500 (0:00:03.088)       0:52:54.423 ***

TASK [container-engine/crictl : Download_file | Create cache directory on download_delegate host] ***
ok: [k8s-master-01]
Wednesday 16 September 2026  13:00:50 -0500 (0:00:08.134)       0:53:02.558 ***

TASK [container-engine/crictl : Download_file | Download item] *****************
changed: [k8s-master-01]
Wednesday 16 September 2026  13:01:04 -0500 (0:00:13.895)       0:53:16.454 ***

TASK [container-engine/crictl : Download_file | Copy file back to ansible host file cache] ***
changed: [k8s-master-01]
Wednesday 16 September 2026  13:01:18 -0500 (0:00:14.679)       0:53:31.133 ***

TASK [container-engine/crictl : Download_file | Copy file from cache to nodes, if it is available] ***
changed: [k8s-master-01]
changed: [k8s-master-02]
changed: [k8s-master-03]
changed: [k8s-db-01]
changed: [k8s-db-02]
changed: [k8s-db-03]
changed: [osh-ctrl-01]
changed: [osh-ctrl-02]
changed: [osh-ctrl-03]
changed: [osh-net-01]
changed: [osh-net-02]
changed: [MonSrv]
changed: [osh-comp-01]
changed: [osh-comp-02]
changed: [osh-comp-03]
changed: [osh-comp-04]
Wednesday 16 September 2026  13:04:13 -0500 (0:02:55.165)       0:56:26.298 ***

TASK [container-engine/crictl : Download_file | Set mode and owner] ************
changed: [k8s-master-01]
changed: [k8s-master-02]
changed: [k8s-db-01]
changed: [k8s-master-03]
changed: [k8s-db-02]
changed: [k8s-db-03]
changed: [osh-ctrl-01]
changed: [osh-ctrl-02]
changed: [osh-ctrl-03]
changed: [osh-net-01]
changed: [osh-net-02]
changed: [MonSrv]
changed: [osh-comp-01]
changed: [osh-comp-02]
changed: [osh-comp-03]
changed: [osh-comp-04]
Wednesday 16 September 2026  13:05:24 -0500 (0:01:10.129)       0:57:36.427 ***

TASK [container-engine/crictl : Download_file | Extract file archives] *********
included: /opt/fabric-cache/repos/kubespray/roles/download/tasks/extract_file.yml for k8s-master-01, k8s-master-02, k8s-master-03, k8s-db-01, k8s-db-02, k8s-db-03, osh-ctrl-01, osh-ctrl-02, osh-ctrl-03, osh-net-01, osh-net-02, MonSrv, osh-comp-01, osh-comp-02, osh-comp-03, osh-comp-04
Wednesday 16 September 2026  13:05:25 -0500 (0:00:01.274)       0:57:37.702 ***

TASK [container-engine/crictl : Extract_file | Unpacking archive] **************
changed: [k8s-master-02]
changed: [k8s-master-01]
changed: [k8s-master-03]
changed: [k8s-db-01]
changed: [k8s-db-02]
changed: [k8s-db-03]
changed: [osh-ctrl-02]
changed: [osh-ctrl-01]
changed: [osh-net-01]
changed: [osh-ctrl-03]
changed: [osh-net-02]
changed: [MonSrv]
changed: [osh-comp-01]
changed: [osh-comp-02]
changed: [osh-comp-03]
changed: [osh-comp-04]
Wednesday 16 September 2026  13:07:47 -0500 (0:02:22.127)       0:59:59.830 ***

TASK [container-engine/crictl : Install crictl config] *************************
changed: [k8s-master-01]
changed: [k8s-master-02]
changed: [k8s-master-03]
changed: [k8s-db-01]
changed: [k8s-db-02]
changed: [k8s-db-03]
changed: [osh-ctrl-01]
changed: [osh-ctrl-02]
changed: [osh-ctrl-03]
changed: [osh-net-01]
changed: [osh-net-02]
changed: [MonSrv]
changed: [osh-comp-02]
changed: [osh-comp-01]
changed: [osh-comp-03]
changed: [osh-comp-04]
Wednesday 16 September 2026  13:09:14 -0500 (0:01:27.241)       1:01:27.071 ***

TASK [container-engine/crictl : Copy crictl binary from download dir] **********
changed: [k8s-master-02]
changed: [k8s-master-01]
changed: [k8s-db-01]
changed: [k8s-master-03]
changed: [k8s-db-02]
changed: [k8s-db-03]
changed: [osh-ctrl-01]
changed: [osh-ctrl-02]
changed: [osh-ctrl-03]
changed: [osh-net-01]
changed: [osh-net-02]
changed: [MonSrv]
changed: [osh-comp-01]
changed: [osh-comp-02]
changed: [osh-comp-03]
changed: [osh-comp-04]
Wednesday 16 September 2026  13:10:10 -0500 (0:00:55.411)       1:02:22.483 ***

TASK [container-engine/nerdctl : Nerdctl | Download nerdctl] *******************
included: /opt/fabric-cache/repos/kubespray/roles/container-engine/nerdctl/tasks/../../../download/tasks/download_file.yml for k8s-master-01, k8s-master-02, k8s-master-03, k8s-db-01, k8s-db-02, k8s-db-03, osh-ctrl-01, osh-ctrl-02, osh-ctrl-03, osh-net-01, osh-net-02, MonSrv, osh-comp-01, osh-comp-02, osh-comp-03, osh-comp-04
Wednesday 16 September 2026  13:10:13 -0500 (0:00:03.828)       1:02:26.311 ***

TASK [container-engine/nerdctl : Prep_download | Set a few facts] **************
ok: [k8s-master-01]
ok: [k8s-master-02]
ok: [k8s-master-03]
ok: [k8s-db-01]
ok: [k8s-db-02]
ok: [k8s-db-03]
ok: [osh-ctrl-01]
ok: [osh-ctrl-02]
ok: [osh-ctrl-03]
ok: [osh-net-01]
ok: [osh-net-02]
ok: [MonSrv]
ok: [osh-comp-01]
ok: [osh-comp-02]
ok: [osh-comp-03]
ok: [osh-comp-04]
Wednesday 16 September 2026  13:10:29 -0500 (0:00:15.639)       1:02:41.951 ***

TASK [container-engine/nerdctl : Download_file | Show url of file to download] ***
ok: [k8s-master-01] => {
    "msg": "http://172.16.2.1:8080/nerdctl-2.2.2-linux-amd64.tar.gz"
}
Wednesday 16 September 2026  13:10:32 -0500 (0:00:02.943)       1:02:44.895 ***

TASK [container-engine/nerdctl : Download_file | Set pathname of cached file] ***
ok: [k8s-master-02]
ok: [k8s-master-01]
ok: [k8s-master-03]
ok: [k8s-db-01]
ok: [k8s-db-02]
ok: [k8s-db-03]
ok: [osh-ctrl-01]
ok: [osh-ctrl-02]
ok: [osh-ctrl-03]
ok: [osh-net-01]
ok: [osh-net-02]
ok: [MonSrv]
ok: [osh-comp-01]
ok: [osh-comp-02]
ok: [osh-comp-03]
ok: [osh-comp-04]
Wednesday 16 September 2026  13:10:55 -0500 (0:00:23.133)       1:03:08.028 ***

TASK [container-engine/nerdctl : Download_file | Create dest directory on node] ***
ok: [k8s-master-01]
ok: [k8s-master-02]
ok: [k8s-db-01]
ok: [k8s-master-03]
ok: [k8s-db-03]
ok: [k8s-db-02]
ok: [osh-ctrl-01]
ok: [osh-ctrl-02]
ok: [osh-ctrl-03]
ok: [osh-net-01]
ok: [osh-net-02]
ok: [MonSrv]
ok: [osh-comp-01]
ok: [osh-comp-02]
ok: [osh-comp-03]
ok: [osh-comp-04]
Wednesday 16 September 2026  13:11:43 -0500 (0:00:47.490)       1:03:55.519 ***

TASK [container-engine/nerdctl : Download_file | Create local cache directory] ***
ok: [k8s-master-01 -> localhost]
Wednesday 16 September 2026  13:11:45 -0500 (0:00:02.837)       1:03:58.357 ***

TASK [container-engine/nerdctl : Download_file | Create cache directory on download_delegate host] ***
ok: [k8s-master-01]
Wednesday 16 September 2026  13:11:50 -0500 (0:00:04.207)       1:04:02.564 ***

TASK [container-engine/nerdctl : Download_file | Download item] ****************
changed: [k8s-master-01]
Wednesday 16 September 2026  13:12:00 -0500 (0:00:10.481)       1:04:13.045 ***

TASK [container-engine/nerdctl : Download_file | Copy file back to ansible host file cache] ***
changed: [k8s-master-01]
Wednesday 16 September 2026  13:12:10 -0500 (0:00:09.584)       1:04:22.630 ***

TASK [container-engine/nerdctl : Download_file | Copy file from cache to nodes, if it is available] ***
changed: [k8s-master-01]
changed: [k8s-master-02]
changed: [k8s-master-03]
changed: [k8s-db-01]
changed: [k8s-db-02]
changed: [k8s-db-03]
changed: [osh-ctrl-01]
changed: [osh-ctrl-02]
changed: [osh-ctrl-03]
changed: [osh-net-01]
changed: [osh-net-02]
changed: [MonSrv]
changed: [osh-comp-01]
changed: [osh-comp-02]
changed: [osh-comp-03]
changed: [osh-comp-04]
Wednesday 16 September 2026  13:14:14 -0500 (0:02:04.120)       1:06:26.751 ***

TASK [container-engine/nerdctl : Download_file | Set mode and owner] ***********
changed: [k8s-master-01]
changed: [k8s-master-02]
changed: [k8s-db-01]
changed: [k8s-master-03]
changed: [k8s-db-02]
changed: [k8s-db-03]
changed: [osh-ctrl-01]
changed: [osh-ctrl-02]
changed: [osh-ctrl-03]
changed: [osh-net-01]
changed: [osh-net-02]
changed: [MonSrv]
changed: [osh-comp-01]
changed: [osh-comp-02]
changed: [osh-comp-03]
changed: [osh-comp-04]
Wednesday 16 September 2026  13:15:18 -0500 (0:01:04.006)       1:07:30.757 ***

TASK [container-engine/nerdctl : Download_file | Extract file archives] ********
included: /opt/fabric-cache/repos/kubespray/roles/download/tasks/extract_file.yml for k8s-master-01, k8s-master-02, k8s-master-03, k8s-db-01, k8s-db-02, k8s-db-03, osh-ctrl-01, osh-ctrl-02, osh-ctrl-03, osh-net-01, osh-net-02, MonSrv, osh-comp-01, osh-comp-02, osh-comp-03, osh-comp-04
Wednesday 16 September 2026  13:15:19 -0500 (0:00:01.208)       1:07:31.966 ***

TASK [container-engine/nerdctl : Extract_file | Unpacking archive] *************
changed: [k8s-master-02]
changed: [k8s-master-01]
changed: [k8s-master-03]
changed: [k8s-db-01]
changed: [k8s-db-02]
changed: [k8s-db-03]
changed: [osh-ctrl-02]
changed: [osh-ctrl-01]
changed: [osh-ctrl-03]
changed: [osh-net-01]
changed: [osh-net-02]
changed: [MonSrv]
changed: [osh-comp-01]
changed: [osh-comp-02]
changed: [osh-comp-03]
changed: [osh-comp-04]
Wednesday 16 September 2026  13:17:32 -0500 (0:02:12.656)       1:09:44.623 ***

TASK [container-engine/nerdctl : Nerdctl | Copy nerdctl binary from download dir] ***
changed: [k8s-master-01]
changed: [k8s-master-02]
changed: [k8s-db-01]
changed: [k8s-master-03]
changed: [k8s-db-02]
changed: [k8s-db-03]
changed: [osh-ctrl-01]
changed: [osh-ctrl-02]
changed: [osh-ctrl-03]
changed: [osh-net-01]
changed: [osh-net-02]
changed: [MonSrv]
changed: [osh-comp-01]
changed: [osh-comp-02]
changed: [osh-comp-03]
changed: [osh-comp-04]
Wednesday 16 September 2026  13:18:37 -0500 (0:01:05.567)       1:10:50.190 ***

TASK [container-engine/nerdctl : Nerdctl | Create configuration dir] ***********
changed: [k8s-master-02]
changed: [k8s-master-01]
changed: [k8s-db-01]
changed: [k8s-master-03]
changed: [k8s-db-02]
changed: [k8s-db-03]
changed: [osh-ctrl-01]
changed: [osh-ctrl-02]
changed: [osh-ctrl-03]
changed: [osh-net-01]
changed: [osh-net-02]
changed: [MonSrv]
changed: [osh-comp-01]
changed: [osh-comp-02]
changed: [osh-comp-03]
changed: [osh-comp-04]
Wednesday 16 September 2026  13:19:02 -0500 (0:00:24.836)       1:11:15.027 ***

TASK [container-engine/nerdctl : Nerdctl | Install nerdctl configuration] ******
changed: [k8s-master-01]
changed: [k8s-master-02]
changed: [k8s-master-03]
changed: [k8s-db-01]
changed: [k8s-db-02]
changed: [k8s-db-03]
changed: [osh-ctrl-01]
changed: [osh-ctrl-02]
changed: [osh-net-01]
changed: [osh-ctrl-03]
changed: [osh-net-02]
changed: [MonSrv]
changed: [osh-comp-01]
changed: [osh-comp-02]
changed: [osh-comp-03]
changed: [osh-comp-04]
Wednesday 16 September 2026  13:20:28 -0500 (0:01:26.278)       1:12:41.306 ***

TASK [container-engine/containerd : Containerd | Download containerd] **********
included: /opt/fabric-cache/repos/kubespray/roles/container-engine/containerd/tasks/../../../download/tasks/download_file.yml for k8s-master-01, k8s-master-02, k8s-master-03, k8s-db-01, k8s-db-02, k8s-db-03, osh-ctrl-01, osh-ctrl-02, osh-ctrl-03, osh-net-01, osh-net-02, MonSrv, osh-comp-01, osh-comp-02, osh-comp-03, osh-comp-04
Wednesday 16 September 2026  13:20:30 -0500 (0:00:01.265)       1:12:42.571 ***

TASK [container-engine/containerd : Prep_download | Set a few facts] ***********
ok: [k8s-master-01]
ok: [k8s-master-02]
ok: [k8s-master-03]
ok: [k8s-db-01]
ok: [k8s-db-02]
ok: [k8s-db-03]
ok: [osh-ctrl-01]
ok: [osh-ctrl-02]
ok: [osh-ctrl-03]
ok: [osh-net-01]
ok: [osh-net-02]
ok: [MonSrv]
ok: [osh-comp-01]
ok: [osh-comp-02]
ok: [osh-comp-03]
ok: [osh-comp-04]
Wednesday 16 September 2026  13:20:51 -0500 (0:00:21.134)       1:13:03.706 ***

TASK [container-engine/containerd : Download_file | Show url of file to download] ***
ok: [k8s-master-01] => {
    "msg": "http://172.16.2.1:8080/containerd-2.2.3-linux-amd64.tar.gz"
}
Wednesday 16 September 2026  13:20:54 -0500 (0:00:03.385)       1:13:07.091 ***

TASK [container-engine/containerd : Download_file | Set pathname of cached file] ***
ok: [k8s-master-01]
ok: [k8s-master-02]
ok: [k8s-master-03]
ok: [k8s-db-01]
ok: [k8s-db-02]
ok: [k8s-db-03]
ok: [osh-ctrl-02]
ok: [osh-ctrl-01]
ok: [osh-ctrl-03]
ok: [osh-net-01]
ok: [osh-net-02]
ok: [MonSrv]
ok: [osh-comp-01]
ok: [osh-comp-02]
ok: [osh-comp-03]
ok: [osh-comp-04]
Wednesday 16 September 2026  13:21:22 -0500 (0:00:27.885)       1:13:34.977 ***

TASK [container-engine/containerd : Download_file | Create dest directory on node] ***
ok: [k8s-master-02]
ok: [k8s-master-01]
ok: [k8s-db-01]
ok: [k8s-master-03]
ok: [k8s-db-02]
ok: [k8s-db-03]
ok: [osh-ctrl-01]
ok: [osh-ctrl-02]
ok: [osh-net-01]
ok: [osh-ctrl-03]
ok: [osh-net-02]
ok: [MonSrv]
ok: [osh-comp-02]
ok: [osh-comp-01]
ok: [osh-comp-04]
ok: [osh-comp-03]
Wednesday 16 September 2026  13:22:16 -0500 (0:00:54.030)       1:14:29.007 ***

TASK [container-engine/containerd : Download_file | Create local cache directory] ***
ok: [k8s-master-01 -> localhost]
Wednesday 16 September 2026  13:22:19 -0500 (0:00:03.069)       1:14:32.077 ***

TASK [container-engine/containerd : Download_file | Create cache directory on download_delegate host] ***
ok: [k8s-master-01]
Wednesday 16 September 2026  13:22:24 -0500 (0:00:04.800)       1:14:36.878 ***

TASK [container-engine/containerd : Download_file | Download item] *************
changed: [k8s-master-01]
Wednesday 16 September 2026  13:22:38 -0500 (0:00:13.544)       1:14:50.423 ***

TASK [container-engine/containerd : Download_file | Copy file back to ansible host file cache] ***
changed: [k8s-master-01]
Wednesday 16 September 2026  13:22:59 -0500 (0:00:21.843)       1:15:12.267 ***

TASK [container-engine/containerd : Download_file | Copy file from cache to nodes, if it is available] ***
changed: [k8s-master-01]
changed: [k8s-master-02]
changed: [k8s-master-03]
changed: [k8s-db-01]
changed: [k8s-db-02]
changed: [k8s-db-03]
changed: [osh-ctrl-01]
changed: [osh-ctrl-02]
changed: [osh-ctrl-03]
changed: [osh-net-01]
changed: [osh-net-02]
changed: [MonSrv]
changed: [osh-comp-01]
changed: [osh-comp-03]
changed: [osh-comp-02]
changed: [osh-comp-04]
Wednesday 16 September 2026  13:28:14 -0500 (0:05:15.072)       1:20:27.340 ***

TASK [container-engine/containerd : Download_file | Set mode and owner] ********
changed: [k8s-master-01]
changed: [k8s-master-02]
changed: [k8s-db-01]
changed: [k8s-master-03]
changed: [k8s-db-02]
changed: [k8s-db-03]
changed: [osh-ctrl-01]
changed: [osh-ctrl-02]
changed: [osh-ctrl-03]
changed: [osh-net-01]
changed: [osh-net-02]
changed: [MonSrv]
changed: [osh-comp-01]
changed: [osh-comp-02]
changed: [osh-comp-03]
changed: [osh-comp-04]
Wednesday 16 September 2026  13:29:18 -0500 (0:01:03.594)       1:21:30.934 ***

TASK [container-engine/containerd : Download_file | Extract file archives] *****
included: /opt/fabric-cache/repos/kubespray/roles/download/tasks/extract_file.yml for k8s-master-01, k8s-master-02, k8s-master-03, k8s-db-01, k8s-db-02, k8s-db-03, osh-ctrl-01, osh-ctrl-02, osh-ctrl-03, osh-net-01, osh-net-02, MonSrv, osh-comp-01, osh-comp-02, osh-comp-03, osh-comp-04
Wednesday 16 September 2026  13:29:20 -0500 (0:00:01.479)       1:21:32.414 ***
Wednesday 16 September 2026  13:29:41 -0500 (0:00:21.048)       1:21:53.462 ***

TASK [container-engine/containerd : Containerd | Unpack containerd archive] ****
changed: [k8s-master-02]
changed: [k8s-master-01]
changed: [k8s-master-03]
changed: [k8s-db-01]
changed: [k8s-db-02]
changed: [k8s-db-03]
changed: [osh-ctrl-01]
changed: [osh-ctrl-02]
changed: [osh-net-01]
changed: [osh-ctrl-03]
changed: [MonSrv]
changed: [osh-net-02]
changed: [osh-comp-01]
changed: [osh-comp-02]
changed: [osh-comp-03]
changed: [osh-comp-04]
Wednesday 16 September 2026  13:31:42 -0500 (0:02:01.651)       1:23:55.114 ***

TASK [container-engine/containerd : Containerd | Generate systemd service for containerd] ***
changed: [k8s-master-01]
changed: [k8s-master-02]
changed: [k8s-db-01]
changed: [k8s-master-03]
changed: [k8s-db-02]
changed: [k8s-db-03]
changed: [osh-ctrl-01]
changed: [osh-ctrl-02]
changed: [osh-ctrl-03]
changed: [osh-net-01]
changed: [osh-net-02]
changed: [MonSrv]
changed: [osh-comp-01]
changed: [osh-comp-02]
changed: [osh-comp-03]
changed: [osh-comp-04]
Wednesday 16 September 2026  13:33:20 -0500 (0:01:37.971)       1:25:33.086 ***

TASK [container-engine/containerd : Containerd | Ensure containerd directories exist] ***
changed: [k8s-master-01] => (item=/etc/systemd/system/containerd.service.d)
changed: [k8s-master-02] => (item=/etc/systemd/system/containerd.service.d)
changed: [k8s-master-02] => (item=/etc/containerd)
changed: [k8s-master-01] => (item=/etc/containerd)
changed: [k8s-master-03] => (item=/etc/systemd/system/containerd.service.d)
changed: [k8s-db-01] => (item=/etc/systemd/system/containerd.service.d)
changed: [k8s-master-03] => (item=/etc/containerd)
changed: [k8s-db-01] => (item=/etc/containerd)
changed: [k8s-db-02] => (item=/etc/systemd/system/containerd.service.d)
changed: [k8s-db-03] => (item=/etc/systemd/system/containerd.service.d)
changed: [k8s-db-03] => (item=/etc/containerd)
changed: [k8s-db-02] => (item=/etc/containerd)
changed: [osh-ctrl-01] => (item=/etc/systemd/system/containerd.service.d)
changed: [osh-ctrl-02] => (item=/etc/systemd/system/containerd.service.d)
changed: [osh-ctrl-01] => (item=/etc/containerd)
changed: [osh-ctrl-02] => (item=/etc/containerd)
changed: [osh-ctrl-03] => (item=/etc/systemd/system/containerd.service.d)
changed: [osh-net-01] => (item=/etc/systemd/system/containerd.service.d)
changed: [osh-ctrl-03] => (item=/etc/containerd)
changed: [osh-net-01] => (item=/etc/containerd)
changed: [MonSrv] => (item=/etc/systemd/system/containerd.service.d)
changed: [osh-net-02] => (item=/etc/systemd/system/containerd.service.d)
changed: [osh-net-02] => (item=/etc/containerd)
changed: [MonSrv] => (item=/etc/containerd)
changed: [osh-comp-01] => (item=/etc/systemd/system/containerd.service.d)
changed: [osh-comp-02] => (item=/etc/systemd/system/containerd.service.d)
changed: [osh-comp-02] => (item=/etc/containerd)
changed: [osh-comp-01] => (item=/etc/containerd)
changed: [osh-comp-03] => (item=/etc/systemd/system/containerd.service.d)
changed: [osh-comp-04] => (item=/etc/systemd/system/containerd.service.d)
changed: [osh-comp-03] => (item=/etc/containerd)
changed: [osh-comp-04] => (item=/etc/containerd)
Wednesday 16 September 2026  13:34:03 -0500 (0:00:43.201)       1:26:16.287 ***
Wednesday 16 September 2026  13:34:06 -0500 (0:00:02.449)       1:26:18.737 ***

TASK [container-engine/containerd : Containerd | Generate default base_runtime_spec] ***
ok: [k8s-master-01]
ok: [k8s-master-02]
ok: [k8s-db-01]
ok: [k8s-master-03]
ok: [k8s-db-02]
ok: [k8s-db-03]
ok: [osh-ctrl-01]
ok: [osh-ctrl-02]
ok: [osh-ctrl-03]
ok: [osh-net-01]
ok: [osh-net-02]
ok: [MonSrv]
ok: [osh-comp-01]
ok: [osh-comp-02]
ok: [osh-comp-03]
ok: [osh-comp-04]
Wednesday 16 September 2026  13:34:31 -0500 (0:00:25.625)       1:26:44.362 ***

TASK [container-engine/containerd : Containerd | Store generated default base_runtime_spec] ***
ok: [k8s-master-01]
ok: [k8s-master-02]
ok: [k8s-master-03]
ok: [k8s-db-01]
ok: [k8s-db-02]
ok: [k8s-db-03]
ok: [osh-ctrl-01]
ok: [osh-ctrl-02]
ok: [osh-ctrl-03]
ok: [osh-net-01]
ok: [osh-net-02]
ok: [MonSrv]
ok: [osh-comp-01]
ok: [osh-comp-02]
ok: [osh-comp-03]
ok: [osh-comp-04]
Wednesday 16 September 2026  13:34:39 -0500 (0:00:07.417)       1:26:51.779 ***

TASK [container-engine/containerd : Containerd | Write base_runtime_specs] *****
changed: [k8s-master-01] => (item={'key': 'cri-base.json', 'value': {'ociVersion': '1.3.0', 'process': {'user': {'uid': 0, 'gid': 0}, 'cwd': '/', 'capabilities': {'bounding': ['CAP_CHOWN', 'CAP_DAC_OVERRIDE', 'CAP_FSETID', 'CAP_FOWNER', 'CAP_MKNOD', 'CAP_NET_RAW', 'CAP_SETGID', 'CAP_SETUID', 'CAP_SETFCAP', 'CAP_SETPCAP', 'CAP_NET_BIND_SERVICE', 'CAP_SYS_CHROOT', 'CAP_KILL', 'CAP_AUDIT_WRITE'], 'effective': ['CAP_CHOWN', 'CAP_DAC_OVERRIDE', 'CAP_FSETID', 'CAP_FOWNER', 'CAP_MKNOD', 'CAP_NET_RAW', 'CAP_SETGID', 'CAP_SETUID', 'CAP_SETFCAP', 'CAP_SETPCAP', 'CAP_NET_BIND_SERVICE', 'CAP_SYS_CHROOT', 'CAP_KILL', 'CAP_AUDIT_WRITE'], 'permitted': ['CAP_CHOWN', 'CAP_DAC_OVERRIDE', 'CAP_FSETID', 'CAP_FOWNER', 'CAP_MKNOD', 'CAP_NET_RAW', 'CAP_SETGID', 'CAP_SETUID', 'CAP_SETFCAP', 'CAP_SETPCAP', 'CAP_NET_BIND_SERVICE', 'CAP_SYS_CHROOT', 'CAP_KILL', 'CAP_AUDIT_WRITE']}, 'rlimits': [{'type': 'RLIMIT_NOFILE', 'hard': 65535, 'soft': 65535}], 'noNewPrivileges': True}, 'root': {'path': 'rootfs'}, 'mounts': [{'destination': '/proc', 'type': 'proc', 'source': 'proc', 'options': ['nosuid', 'noexec', 'nodev']}, {'destination': '/dev', 'type': 'tmpfs', 'source': 'tmpfs', 'options': ['nosuid', 'strictatime', 'mode=755', 'size=65536k']}, {'destination': '/dev/pts', 'type': 'devpts', 'source': 'devpts', 'options': ['nosuid', 'noexec', 'newinstance', 'ptmxmode=0666', 'mode=0620', 'gid=5']}, {'destination': '/dev/shm', 'type': 'tmpfs', 'source': 'shm', 'options': ['nosuid', 'noexec', 'nodev', 'mode=1777', 'size=65536k']}, {'destination': '/dev/mqueue', 'type': 'mqueue', 'source': 'mqueue', 'options': ['nosuid', 'noexec', 'nodev']}, {'destination': '/sys', 'type': 'sysfs', 'source': 'sysfs', 'options': ['nosuid', 'noexec', 'nodev', 'ro']}, {'destination': '/run', 'type': 'tmpfs', 'source': 'tmpfs', 'options': ['nosuid', 'strictatime', 'mode=755', 'size=65536k']}], 'linux': {'resources': {'devices': [{'allow': False, 'access': 'rwm'}]}, 'cgroupsPath': '/default', 'namespaces': [{'type': 'pid'}, {'type': 'ipc'}, {'type': 'uts'}, {'type': 'mount'}, {'type': 'network'}], 'maskedPaths': ['/proc/acpi', '/proc/asound', '/proc/kcore', '/proc/keys', '/proc/latency_stats', '/proc/timer_list', '/proc/timer_stats', '/proc/sched_debug', '/sys/firmware', '/sys/devices/virtual/powercap', '/proc/scsi'], 'readonlyPaths': ['/proc/bus', '/proc/fs', '/proc/irq', '/proc/sys', '/proc/sysrq-trigger']}}})
changed: [k8s-master-02] => (item={'key': 'cri-base.json', 'value': {'ociVersion': '1.3.0', 'process': {'user': {'uid': 0, 'gid': 0}, 'cwd': '/', 'capabilities': {'bounding': ['CAP_CHOWN', 'CAP_DAC_OVERRIDE', 'CAP_FSETID', 'CAP_FOWNER', 'CAP_MKNOD', 'CAP_NET_RAW', 'CAP_SETGID', 'CAP_SETUID', 'CAP_SETFCAP', 'CAP_SETPCAP', 'CAP_NET_BIND_SERVICE', 'CAP_SYS_CHROOT', 'CAP_KILL', 'CAP_AUDIT_WRITE'], 'effective': ['CAP_CHOWN', 'CAP_DAC_OVERRIDE', 'CAP_FSETID', 'CAP_FOWNER', 'CAP_MKNOD', 'CAP_NET_RAW', 'CAP_SETGID', 'CAP_SETUID', 'CAP_SETFCAP', 'CAP_SETPCAP', 'CAP_NET_BIND_SERVICE', 'CAP_SYS_CHROOT', 'CAP_KILL', 'CAP_AUDIT_WRITE'], 'permitted': ['CAP_CHOWN', 'CAP_DAC_OVERRIDE', 'CAP_FSETID', 'CAP_FOWNER', 'CAP_MKNOD', 'CAP_NET_RAW', 'CAP_SETGID', 'CAP_SETUID', 'CAP_SETFCAP', 'CAP_SETPCAP', 'CAP_NET_BIND_SERVICE', 'CAP_SYS_CHROOT', 'CAP_KILL', 'CAP_AUDIT_WRITE']}, 'rlimits': [{'type': 'RLIMIT_NOFILE', 'hard': 65535, 'soft': 65535}], 'noNewPrivileges': True}, 'root': {'path': 'rootfs'}, 'mounts': [{'destination': '/proc', 'type': 'proc', 'source': 'proc', 'options': ['nosuid', 'noexec', 'nodev']}, {'destination': '/dev', 'type': 'tmpfs', 'source': 'tmpfs', 'options': ['nosuid', 'strictatime', 'mode=755', 'size=65536k']}, {'destination': '/dev/pts', 'type': 'devpts', 'source': 'devpts', 'options': ['nosuid', 'noexec', 'newinstance', 'ptmxmode=0666', 'mode=0620', 'gid=5']}, {'destination': '/dev/shm', 'type': 'tmpfs', 'source': 'shm', 'options': ['nosuid', 'noexec', 'nodev', 'mode=1777', 'size=65536k']}, {'destination': '/dev/mqueue', 'type': 'mqueue', 'source': 'mqueue', 'options': ['nosuid', 'noexec', 'nodev']}, {'destination': '/sys', 'type': 'sysfs', 'source': 'sysfs', 'options': ['nosuid', 'noexec', 'nodev', 'ro']}, {'destination': '/run', 'type': 'tmpfs', 'source': 'tmpfs', 'options': ['nosuid', 'strictatime', 'mode=755', 'size=65536k']}], 'linux': {'resources': {'devices': [{'allow': False, 'access': 'rwm'}]}, 'cgroupsPath': '/default', 'namespaces': [{'type': 'pid'}, {'type': 'ipc'}, {'type': 'uts'}, {'type': 'mount'}, {'type': 'network'}], 'maskedPaths': ['/proc/acpi', '/proc/asound', '/proc/kcore', '/proc/keys', '/proc/latency_stats', '/proc/timer_list', '/proc/timer_stats', '/proc/sched_debug', '/sys/firmware', '/sys/devices/virtual/powercap', '/proc/scsi'], 'readonlyPaths': ['/proc/bus', '/proc/fs', '/proc/irq', '/proc/sys', '/proc/sysrq-trigger']}}})
changed: [k8s-master-03] => (item={'key': 'cri-base.json', 'value': {'ociVersion': '1.3.0', 'process': {'user': {'uid': 0, 'gid': 0}, 'cwd': '/', 'capabilities': {'bounding': ['CAP_CHOWN', 'CAP_DAC_OVERRIDE', 'CAP_FSETID', 'CAP_FOWNER', 'CAP_MKNOD', 'CAP_NET_RAW', 'CAP_SETGID', 'CAP_SETUID', 'CAP_SETFCAP', 'CAP_SETPCAP', 'CAP_NET_BIND_SERVICE', 'CAP_SYS_CHROOT', 'CAP_KILL', 'CAP_AUDIT_WRITE'], 'effective': ['CAP_CHOWN', 'CAP_DAC_OVERRIDE', 'CAP_FSETID', 'CAP_FOWNER', 'CAP_MKNOD', 'CAP_NET_RAW', 'CAP_SETGID', 'CAP_SETUID', 'CAP_SETFCAP', 'CAP_SETPCAP', 'CAP_NET_BIND_SERVICE', 'CAP_SYS_CHROOT', 'CAP_KILL', 'CAP_AUDIT_WRITE'], 'permitted': ['CAP_CHOWN', 'CAP_DAC_OVERRIDE', 'CAP_FSETID', 'CAP_FOWNER', 'CAP_MKNOD', 'CAP_NET_RAW', 'CAP_SETGID', 'CAP_SETUID', 'CAP_SETFCAP', 'CAP_SETPCAP', 'CAP_NET_BIND_SERVICE', 'CAP_SYS_CHROOT', 'CAP_KILL', 'CAP_AUDIT_WRITE']}, 'rlimits': [{'type': 'RLIMIT_NOFILE', 'hard': 65535, 'soft': 65535}], 'noNewPrivileges': True}, 'root': {'path': 'rootfs'}, 'mounts': [{'destination': '/proc', 'type': 'proc', 'source': 'proc', 'options': ['nosuid', 'noexec', 'nodev']}, {'destination': '/dev', 'type': 'tmpfs', 'source': 'tmpfs', 'options': ['nosuid', 'strictatime', 'mode=755', 'size=65536k']}, {'destination': '/dev/pts', 'type': 'devpts', 'source': 'devpts', 'options': ['nosuid', 'noexec', 'newinstance', 'ptmxmode=0666', 'mode=0620', 'gid=5']}, {'destination': '/dev/shm', 'type': 'tmpfs', 'source': 'shm', 'options': ['nosuid', 'noexec', 'nodev', 'mode=1777', 'size=65536k']}, {'destination': '/dev/mqueue', 'type': 'mqueue', 'source': 'mqueue', 'options': ['nosuid', 'noexec', 'nodev']}, {'destination': '/sys', 'type': 'sysfs', 'source': 'sysfs', 'options': ['nosuid', 'noexec', 'nodev', 'ro']}, {'destination': '/run', 'type': 'tmpfs', 'source': 'tmpfs', 'options': ['nosuid', 'strictatime', 'mode=755', 'size=65536k']}], 'linux': {'resources': {'devices': [{'allow': False, 'access': 'rwm'}]}, 'cgroupsPath': '/default', 'namespaces': [{'type': 'pid'}, {'type': 'ipc'}, {'type': 'uts'}, {'type': 'mount'}, {'type': 'network'}], 'maskedPaths': ['/proc/acpi', '/proc/asound', '/proc/kcore', '/proc/keys', '/proc/latency_stats', '/proc/timer_list', '/proc/timer_stats', '/proc/sched_debug', '/sys/firmware', '/sys/devices/virtual/powercap', '/proc/scsi'], 'readonlyPaths': ['/proc/bus', '/proc/fs', '/proc/irq', '/proc/sys', '/proc/sysrq-trigger']}}})
changed: [k8s-db-01] => (item={'key': 'cri-base.json', 'value': {'ociVersion': '1.3.0', 'process': {'user': {'uid': 0, 'gid': 0}, 'cwd': '/', 'capabilities': {'bounding': ['CAP_CHOWN', 'CAP_DAC_OVERRIDE', 'CAP_FSETID', 'CAP_FOWNER', 'CAP_MKNOD', 'CAP_NET_RAW', 'CAP_SETGID', 'CAP_SETUID', 'CAP_SETFCAP', 'CAP_SETPCAP', 'CAP_NET_BIND_SERVICE', 'CAP_SYS_CHROOT', 'CAP_KILL', 'CAP_AUDIT_WRITE'], 'effective': ['CAP_CHOWN', 'CAP_DAC_OVERRIDE', 'CAP_FSETID', 'CAP_FOWNER','CAP_MKNOD', 'CAP_NET_RAW', 'CAP_SETGID', 'CAP_SETUID', 'CAP_SETFCAP', 'CAP_SETPCAP', 'CAP_NET_BIND_SERVICE', 'CAP_SYS_CHROOT', 'CAP_KILL', 'CAP_AUDIT_WRITE'], 'permitted': ['CAP_CHOWN', 'CAP_DAC_OVERRIDE', 'CAP_FSETID', 'CAP_FOWNER', 'CAP_MKNOD', 'CAP_NET_RAW', 'CAP_SETGID', 'CAP_SETUID', 'CAP_SETFCAP', 'CAP_SETPCAP', 'CAP_NET_BIND_SERVICE', 'CAP_SYS_CHROOT', 'CAP_KILL', 'CAP_AUDIT_WRITE']}, 'rlimits': [{'type': 'RLIMIT_NOFILE', 'hard': 65535, 'soft': 65535}], 'noNewPrivileges': True}, 'root': {'path': 'rootfs'}, 'mounts': [{'destination': '/proc', 'type': 'proc', 'source': 'proc', 'options': ['nosuid', 'noexec', 'nodev']}, {'destination': '/dev', 'type': 'tmpfs', 'source': 'tmpfs', 'options': ['nosuid', 'strictatime', 'mode=755', 'size=65536k']}, {'destination': '/dev/pts', 'type': 'devpts', 'source': 'devpts', 'options': ['nosuid', 'noexec', 'newinstance', 'ptmxmode=0666', 'mode=0620', 'gid=5']}, {'destination': '/dev/shm', 'type': 'tmpfs', 'source': 'shm', 'options': ['nosuid', 'noexec', 'nodev', 'mode=1777', 'size=65536k']}, {'destination': '/dev/mqueue', 'type': 'mqueue', 'source': 'mqueue', 'options': ['nosuid', 'noexec', 'nodev']}, {'destination': '/sys', 'type': 'sysfs', 'source': 'sysfs', 'options': ['nosuid', 'noexec', 'nodev', 'ro']}, {'destination': '/run', 'type': 'tmpfs', 'source': 'tmpfs', 'options': ['nosuid', 'strictatime', 'mode=755', 'size=65536k']}], 'linux': {'resources': {'devices': [{'allow': False, 'access': 'rwm'}]}, 'cgroupsPath': '/default', 'namespaces': [{'type': 'pid'}, {'type': 'ipc'}, {'type': 'uts'},{'type': 'mount'}, {'type': 'network'}], 'maskedPaths': ['/proc/acpi', '/proc/asound', '/proc/kcore', '/proc/keys', '/proc/latency_stats', '/proc/timer_list', '/proc/timer_stats', '/proc/sched_debug', '/sys/firmware', '/sys/devices/virtual/powercap', '/proc/scsi'], 'readonlyPaths': ['/proc/bus', '/proc/fs', '/proc/irq', '/proc/sys', '/proc/sysrq-trigger']}}})
changed: [k8s-db-02] => (item={'key': 'cri-base.json', 'value': {'ociVersion': '1.3.0', 'process': {'user': {'uid': 0, 'gid': 0}, 'cwd': '/', 'capabilities': {'bounding': ['CAP_CHOWN', 'CAP_DAC_OVERRIDE', 'CAP_FSETID', 'CAP_FOWNER', 'CAP_MKNOD', 'CAP_NET_RAW', 'CAP_SETGID', 'CAP_SETUID', 'CAP_SETFCAP', 'CAP_SETPCAP', 'CAP_NET_BIND_SERVICE', 'CAP_SYS_CHROOT', 'CAP_KILL', 'CAP_AUDIT_WRITE'], 'effective': ['CAP_CHOWN', 'CAP_DAC_OVERRIDE', 'CAP_FSETID', 'CAP_FOWNER','CAP_MKNOD', 'CAP_NET_RAW', 'CAP_SETGID', 'CAP_SETUID', 'CAP_SETFCAP', 'CAP_SETPCAP', 'CAP_NET_BIND_SERVICE', 'CAP_SYS_CHROOT', 'CAP_KILL', 'CAP_AUDIT_WRITE'], 'permitted': ['CAP_CHOWN', 'CAP_DAC_OVERRIDE', 'CAP_FSETID', 'CAP_FOWNER', 'CAP_MKNOD', 'CAP_NET_RAW', 'CAP_SETGID', 'CAP_SETUID', 'CAP_SETFCAP', 'CAP_SETPCAP', 'CAP_NET_BIND_SERVICE', 'CAP_SYS_CHROOT', 'CAP_KILL', 'CAP_AUDIT_WRITE']}, 'rlimits': [{'type': 'RLIMIT_NOFILE', 'hard': 65535, 'soft': 65535}], 'noNewPrivileges': True}, 'root': {'path': 'rootfs'}, 'mounts': [{'destination': '/proc', 'type': 'proc', 'source': 'proc', 'options': ['nosuid', 'noexec', 'nodev']}, {'destination': '/dev', 'type': 'tmpfs', 'source': 'tmpfs', 'options': ['nosuid', 'strictatime', 'mode=755', 'size=65536k']}, {'destination': '/dev/pts', 'type': 'devpts', 'source': 'devpts', 'options': ['nosuid', 'noexec', 'newinstance', 'ptmxmode=0666', 'mode=0620', 'gid=5']}, {'destination': '/dev/shm', 'type': 'tmpfs', 'source': 'shm', 'options': ['nosuid', 'noexec', 'nodev', 'mode=1777', 'size=65536k']}, {'destination': '/dev/mqueue', 'type': 'mqueue', 'source': 'mqueue', 'options': ['nosuid', 'noexec', 'nodev']}, {'destination': '/sys', 'type': 'sysfs', 'source': 'sysfs', 'options': ['nosuid', 'noexec', 'nodev', 'ro']}, {'destination': '/run', 'type': 'tmpfs', 'source': 'tmpfs', 'options': ['nosuid', 'strictatime', 'mode=755', 'size=65536k']}], 'linux': {'resources': {'devices': [{'allow': False, 'access': 'rwm'}]}, 'cgroupsPath': '/default', 'namespaces': [{'type': 'pid'}, {'type': 'ipc'}, {'type': 'uts'},{'type': 'mount'}, {'type': 'network'}], 'maskedPaths': ['/proc/acpi', '/proc/asound', '/proc/kcore', '/proc/keys', '/proc/latency_stats', '/proc/timer_list', '/proc/timer_stats', '/proc/sched_debug', '/sys/firmware', '/sys/devices/virtual/powercap', '/proc/scsi'], 'readonlyPaths': ['/proc/bus', '/proc/fs', '/proc/irq', '/proc/sys', '/proc/sysrq-trigger']}}})
changed: [k8s-db-03] => (item={'key': 'cri-base.json', 'value': {'ociVersion': '1.3.0', 'process': {'user': {'uid': 0, 'gid': 0}, 'cwd': '/', 'capabilities': {'bounding': ['CAP_CHOWN', 'CAP_DAC_OVERRIDE', 'CAP_FSETID', 'CAP_FOWNER', 'CAP_MKNOD', 'CAP_NET_RAW', 'CAP_SETGID', 'CAP_SETUID', 'CAP_SETFCAP', 'CAP_SETPCAP', 'CAP_NET_BIND_SERVICE', 'CAP_SYS_CHROOT', 'CAP_KILL', 'CAP_AUDIT_WRITE'], 'effective': ['CAP_CHOWN', 'CAP_DAC_OVERRIDE', 'CAP_FSETID', 'CAP_FOWNER','CAP_MKNOD', 'CAP_NET_RAW', 'CAP_SETGID', 'CAP_SETUID', 'CAP_SETFCAP', 'CAP_SETPCAP', 'CAP_NET_BIND_SERVICE', 'CAP_SYS_CHROOT', 'CAP_KILL', 'CAP_AUDIT_WRITE'], 'permitted': ['CAP_CHOWN', 'CAP_DAC_OVERRIDE', 'CAP_FSETID', 'CAP_FOWNER', 'CAP_MKNOD', 'CAP_NET_RAW', 'CAP_SETGID', 'CAP_SETUID', 'CAP_SETFCAP', 'CAP_SETPCAP', 'CAP_NET_BIND_SERVICE', 'CAP_SYS_CHROOT', 'CAP_KILL', 'CAP_AUDIT_WRITE']}, 'rlimits': [{'type': 'RLIMIT_NOFILE', 'hard': 65535, 'soft': 65535}], 'noNewPrivileges': True}, 'root': {'path': 'rootfs'}, 'mounts': [{'destination': '/proc', 'type': 'proc', 'source': 'proc', 'options': ['nosuid', 'noexec', 'nodev']}, {'destination': '/dev', 'type': 'tmpfs', 'source': 'tmpfs', 'options': ['nosuid', 'strictatime', 'mode=755', 'size=65536k']}, {'destination': '/dev/pts', 'type': 'devpts', 'source': 'devpts', 'options': ['nosuid', 'noexec', 'newinstance', 'ptmxmode=0666', 'mode=0620', 'gid=5']}, {'destination': '/dev/shm', 'type': 'tmpfs', 'source': 'shm', 'options': ['nosuid', 'noexec', 'nodev', 'mode=1777', 'size=65536k']}, {'destination': '/dev/mqueue', 'type': 'mqueue', 'source': 'mqueue', 'options': ['nosuid', 'noexec', 'nodev']}, {'destination': '/sys', 'type': 'sysfs', 'source': 'sysfs', 'options': ['nosuid', 'noexec', 'nodev', 'ro']}, {'destination': '/run', 'type': 'tmpfs', 'source': 'tmpfs', 'options': ['nosuid', 'strictatime', 'mode=755', 'size=65536k']}], 'linux': {'resources': {'devices': [{'allow': False, 'access': 'rwm'}]}, 'cgroupsPath': '/default', 'namespaces': [{'type': 'pid'}, {'type': 'ipc'}, {'type': 'uts'},{'type': 'mount'}, {'type': 'network'}], 'maskedPaths': ['/proc/acpi', '/proc/asound', '/proc/kcore', '/proc/keys', '/proc/latency_stats', '/proc/timer_list', '/proc/timer_stats', '/proc/sched_debug', '/sys/firmware', '/sys/devices/virtual/powercap', '/proc/scsi'], 'readonlyPaths': ['/proc/bus', '/proc/fs', '/proc/irq', '/proc/sys', '/proc/sysrq-trigger']}}})
changed: [osh-ctrl-01] => (item={'key': 'cri-base.json', 'value': {'ociVersion': '1.3.0', 'process': {'user': {'uid': 0, 'gid': 0}, 'cwd': '/', 'capabilities': {'bounding': ['CAP_CHOWN', 'CAP_DAC_OVERRIDE', 'CAP_FSETID', 'CAP_FOWNER', 'CAP_MKNOD', 'CAP_NET_RAW', 'CAP_SETGID', 'CAP_SETUID', 'CAP_SETFCAP', 'CAP_SETPCAP', 'CAP_NET_BIND_SERVICE', 'CAP_SYS_CHROOT', 'CAP_KILL', 'CAP_AUDIT_WRITE'], 'effective': ['CAP_CHOWN', 'CAP_DAC_OVERRIDE', 'CAP_FSETID', 'CAP_FOWNER', 'CAP_MKNOD', 'CAP_NET_RAW', 'CAP_SETGID', 'CAP_SETUID', 'CAP_SETFCAP', 'CAP_SETPCAP', 'CAP_NET_BIND_SERVICE', 'CAP_SYS_CHROOT', 'CAP_KILL', 'CAP_AUDIT_WRITE'], 'permitted': ['CAP_CHOWN', 'CAP_DAC_OVERRIDE', 'CAP_FSETID', 'CAP_FOWNER', 'CAP_MKNOD', 'CAP_NET_RAW', 'CAP_SETGID', 'CAP_SETUID', 'CAP_SETFCAP', 'CAP_SETPCAP', 'CAP_NET_BIND_SERVICE', 'CAP_SYS_CHROOT', 'CAP_KILL', 'CAP_AUDIT_WRITE']}, 'rlimits': [{'type': 'RLIMIT_NOFILE', 'hard': 65535, 'soft': 65535}],'noNewPrivileges': True}, 'root': {'path': 'rootfs'}, 'mounts': [{'destination': '/proc', 'type': 'proc', 'source': 'proc', 'options': ['nosuid', 'noexec','nodev']}, {'destination': '/dev', 'type': 'tmpfs', 'source': 'tmpfs', 'options': ['nosuid', 'strictatime', 'mode=755', 'size=65536k']}, {'destination': '/dev/pts', 'type': 'devpts', 'source': 'devpts', 'options': ['nosuid', 'noexec', 'newinstance', 'ptmxmode=0666', 'mode=0620', 'gid=5']}, {'destination': '/dev/shm', 'type': 'tmpfs', 'source': 'shm', 'options': ['nosuid', 'noexec', 'nodev', 'mode=1777', 'size=65536k']}, {'destination': '/dev/mqueue', 'type': 'mqueue', 'source': 'mqueue', 'options': ['nosuid', 'noexec', 'nodev']}, {'destination': '/sys', 'type': 'sysfs', 'source': 'sysfs', 'options': ['nosuid', 'noexec', 'nodev', 'ro']}, {'destination': '/run', 'type': 'tmpfs', 'source': 'tmpfs', 'options': ['nosuid', 'strictatime', 'mode=755', 'size=65536k']}], 'linux': {'resources': {'devices': [{'allow': False, 'access': 'rwm'}]}, 'cgroupsPath': '/default', 'namespaces': [{'type': 'pid'}, {'type': 'ipc'}, {'type': 'uts'}, {'type': 'mount'}, {'type': 'network'}], 'maskedPaths': ['/proc/acpi', '/proc/asound', '/proc/kcore', '/proc/keys', '/proc/latency_stats', '/proc/timer_list', '/proc/timer_stats', '/proc/sched_debug', '/sys/firmware', '/sys/devices/virtual/powercap', '/proc/scsi'], 'readonlyPaths': ['/proc/bus', '/proc/fs', '/proc/irq', '/proc/sys', '/proc/sysrq-trigger']}}})
changed: [osh-ctrl-02] => (item={'key': 'cri-base.json', 'value': {'ociVersion': '1.3.0', 'process': {'user': {'uid': 0, 'gid': 0}, 'cwd': '/', 'capabilities': {'bounding': ['CAP_CHOWN', 'CAP_DAC_OVERRIDE', 'CAP_FSETID', 'CAP_FOWNER', 'CAP_MKNOD', 'CAP_NET_RAW', 'CAP_SETGID', 'CAP_SETUID', 'CAP_SETFCAP', 'CAP_SETPCAP', 'CAP_NET_BIND_SERVICE', 'CAP_SYS_CHROOT', 'CAP_KILL', 'CAP_AUDIT_WRITE'], 'effective': ['CAP_CHOWN', 'CAP_DAC_OVERRIDE', 'CAP_FSETID', 'CAP_FOWNER', 'CAP_MKNOD', 'CAP_NET_RAW', 'CAP_SETGID', 'CAP_SETUID', 'CAP_SETFCAP', 'CAP_SETPCAP', 'CAP_NET_BIND_SERVICE', 'CAP_SYS_CHROOT', 'CAP_KILL', 'CAP_AUDIT_WRITE'], 'permitted': ['CAP_CHOWN', 'CAP_DAC_OVERRIDE', 'CAP_FSETID', 'CAP_FOWNER', 'CAP_MKNOD', 'CAP_NET_RAW', 'CAP_SETGID', 'CAP_SETUID', 'CAP_SETFCAP', 'CAP_SETPCAP', 'CAP_NET_BIND_SERVICE', 'CAP_SYS_CHROOT', 'CAP_KILL', 'CAP_AUDIT_WRITE']}, 'rlimits': [{'type': 'RLIMIT_NOFILE', 'hard': 65535, 'soft': 65535}],'noNewPrivileges': True}, 'root': {'path': 'rootfs'}, 'mounts': [{'destination': '/proc', 'type': 'proc', 'source': 'proc', 'options': ['nosuid', 'noexec','nodev']}, {'destination': '/dev', 'type': 'tmpfs', 'source': 'tmpfs', 'options': ['nosuid', 'strictatime', 'mode=755', 'size=65536k']}, {'destination': '/dev/pts', 'type': 'devpts', 'source': 'devpts', 'options': ['nosuid', 'noexec', 'newinstance', 'ptmxmode=0666', 'mode=0620', 'gid=5']}, {'destination': '/dev/shm', 'type': 'tmpfs', 'source': 'shm', 'options': ['nosuid', 'noexec', 'nodev', 'mode=1777', 'size=65536k']}, {'destination': '/dev/mqueue', 'type': 'mqueue', 'source': 'mqueue', 'options': ['nosuid', 'noexec', 'nodev']}, {'destination': '/sys', 'type': 'sysfs', 'source': 'sysfs', 'options': ['nosuid', 'noexec', 'nodev', 'ro']}, {'destination': '/run', 'type': 'tmpfs', 'source': 'tmpfs', 'options': ['nosuid', 'strictatime', 'mode=755', 'size=65536k']}], 'linux': {'resources': {'devices': [{'allow': False, 'access': 'rwm'}]}, 'cgroupsPath': '/default', 'namespaces': [{'type': 'pid'}, {'type': 'ipc'}, {'type': 'uts'}, {'type': 'mount'}, {'type': 'network'}], 'maskedPaths': ['/proc/acpi', '/proc/asound', '/proc/kcore', '/proc/keys', '/proc/latency_stats', '/proc/timer_list', '/proc/timer_stats', '/proc/sched_debug', '/sys/firmware', '/sys/devices/virtual/powercap', '/proc/scsi'], 'readonlyPaths': ['/proc/bus', '/proc/fs', '/proc/irq', '/proc/sys', '/proc/sysrq-trigger']}}})
changed: [osh-ctrl-03] => (item={'key': 'cri-base.json', 'value': {'ociVersion': '1.3.0', 'process': {'user': {'uid': 0, 'gid': 0}, 'cwd': '/', 'capabilities': {'bounding': ['CAP_CHOWN', 'CAP_DAC_OVERRIDE', 'CAP_FSETID', 'CAP_FOWNER', 'CAP_MKNOD', 'CAP_NET_RAW', 'CAP_SETGID', 'CAP_SETUID', 'CAP_SETFCAP', 'CAP_SETPCAP', 'CAP_NET_BIND_SERVICE', 'CAP_SYS_CHROOT', 'CAP_KILL', 'CAP_AUDIT_WRITE'], 'effective': ['CAP_CHOWN', 'CAP_DAC_OVERRIDE', 'CAP_FSETID', 'CAP_FOWNER', 'CAP_MKNOD', 'CAP_NET_RAW', 'CAP_SETGID', 'CAP_SETUID', 'CAP_SETFCAP', 'CAP_SETPCAP', 'CAP_NET_BIND_SERVICE', 'CAP_SYS_CHROOT', 'CAP_KILL', 'CAP_AUDIT_WRITE'], 'permitted': ['CAP_CHOWN', 'CAP_DAC_OVERRIDE', 'CAP_FSETID', 'CAP_FOWNER', 'CAP_MKNOD', 'CAP_NET_RAW', 'CAP_SETGID', 'CAP_SETUID', 'CAP_SETFCAP', 'CAP_SETPCAP', 'CAP_NET_BIND_SERVICE', 'CAP_SYS_CHROOT', 'CAP_KILL', 'CAP_AUDIT_WRITE']}, 'rlimits': [{'type': 'RLIMIT_NOFILE', 'hard': 65535, 'soft': 65535}],'noNewPrivileges': True}, 'root': {'path': 'rootfs'}, 'mounts': [{'destination': '/proc', 'type': 'proc', 'source': 'proc', 'options': ['nosuid', 'noexec','nodev']}, {'destination': '/dev', 'type': 'tmpfs', 'source': 'tmpfs', 'options': ['nosuid', 'strictatime', 'mode=755', 'size=65536k']}, {'destination': '/dev/pts', 'type': 'devpts', 'source': 'devpts', 'options': ['nosuid', 'noexec', 'newinstance', 'ptmxmode=0666', 'mode=0620', 'gid=5']}, {'destination': '/dev/shm', 'type': 'tmpfs', 'source': 'shm', 'options': ['nosuid', 'noexec', 'nodev', 'mode=1777', 'size=65536k']}, {'destination': '/dev/mqueue', 'type': 'mqueue', 'source': 'mqueue', 'options': ['nosuid', 'noexec', 'nodev']}, {'destination': '/sys', 'type': 'sysfs', 'source': 'sysfs', 'options': ['nosuid', 'noexec', 'nodev', 'ro']}, {'destination': '/run', 'type': 'tmpfs', 'source': 'tmpfs', 'options': ['nosuid', 'strictatime', 'mode=755', 'size=65536k']}], 'linux': {'resources': {'devices': [{'allow': False, 'access': 'rwm'}]}, 'cgroupsPath': '/default', 'namespaces': [{'type': 'pid'}, {'type': 'ipc'}, {'type': 'uts'}, {'type': 'mount'}, {'type': 'network'}], 'maskedPaths': ['/proc/acpi', '/proc/asound', '/proc/kcore', '/proc/keys', '/proc/latency_stats', '/proc/timer_list', '/proc/timer_stats', '/proc/sched_debug', '/sys/firmware', '/sys/devices/virtual/powercap', '/proc/scsi'], 'readonlyPaths': ['/proc/bus', '/proc/fs', '/proc/irq', '/proc/sys', '/proc/sysrq-trigger']}}})
changed: [osh-net-01] => (item={'key': 'cri-base.json', 'value': {'ociVersion': '1.3.0', 'process': {'user': {'uid': 0, 'gid': 0}, 'cwd': '/', 'capabilities': {'bounding': ['CAP_CHOWN', 'CAP_DAC_OVERRIDE', 'CAP_FSETID', 'CAP_FOWNER', 'CAP_MKNOD', 'CAP_NET_RAW', 'CAP_SETGID', 'CAP_SETUID', 'CAP_SETFCAP', 'CAP_SETPCAP', 'CAP_NET_BIND_SERVICE', 'CAP_SYS_CHROOT', 'CAP_KILL', 'CAP_AUDIT_WRITE'], 'effective': ['CAP_CHOWN', 'CAP_DAC_OVERRIDE', 'CAP_FSETID', 'CAP_FOWNER', 'CAP_MKNOD', 'CAP_NET_RAW', 'CAP_SETGID', 'CAP_SETUID', 'CAP_SETFCAP', 'CAP_SETPCAP', 'CAP_NET_BIND_SERVICE', 'CAP_SYS_CHROOT', 'CAP_KILL', 'CAP_AUDIT_WRITE'], 'permitted': ['CAP_CHOWN', 'CAP_DAC_OVERRIDE', 'CAP_FSETID', 'CAP_FOWNER', 'CAP_MKNOD', 'CAP_NET_RAW', 'CAP_SETGID', 'CAP_SETUID', 'CAP_SETFCAP', 'CAP_SETPCAP', 'CAP_NET_BIND_SERVICE', 'CAP_SYS_CHROOT', 'CAP_KILL', 'CAP_AUDIT_WRITE']}, 'rlimits': [{'type': 'RLIMIT_NOFILE', 'hard': 65535, 'soft': 65535}], 'noNewPrivileges': True}, 'root': {'path': 'rootfs'}, 'mounts': [{'destination': '/proc', 'type': 'proc', 'source': 'proc', 'options': ['nosuid', 'noexec', 'nodev']}, {'destination': '/dev', 'type': 'tmpfs', 'source': 'tmpfs', 'options': ['nosuid', 'strictatime', 'mode=755', 'size=65536k']}, {'destination': '/dev/pts', 'type': 'devpts', 'source': 'devpts', 'options': ['nosuid', 'noexec', 'newinstance', 'ptmxmode=0666', 'mode=0620', 'gid=5']}, {'destination': '/dev/shm', 'type': 'tmpfs', 'source': 'shm', 'options': ['nosuid', 'noexec', 'nodev', 'mode=1777', 'size=65536k']}, {'destination': '/dev/mqueue', 'type': 'mqueue', 'source': 'mqueue', 'options': ['nosuid', 'noexec', 'nodev']}, {'destination': '/sys', 'type': 'sysfs', 'source': 'sysfs', 'options': ['nosuid', 'noexec', 'nodev', 'ro']}, {'destination': '/run', 'type': 'tmpfs', 'source': 'tmpfs', 'options': ['nosuid', 'strictatime', 'mode=755', 'size=65536k']}], 'linux':{'resources': {'devices': [{'allow': False, 'access': 'rwm'}]}, 'cgroupsPath': '/default', 'namespaces': [{'type': 'pid'}, {'type': 'ipc'}, {'type': 'uts'}, {'type': 'mount'}, {'type': 'network'}], 'maskedPaths': ['/proc/acpi', '/proc/asound', '/proc/kcore', '/proc/keys', '/proc/latency_stats', '/proc/timer_list', '/proc/timer_stats', '/proc/sched_debug', '/sys/firmware', '/sys/devices/virtual/powercap', '/proc/scsi'], 'readonlyPaths': ['/proc/bus', '/proc/fs', '/proc/irq', '/proc/sys', '/proc/sysrq-trigger']}}})
changed: [osh-net-02] => (item={'key': 'cri-base.json', 'value': {'ociVersion': '1.3.0', 'process': {'user': {'uid': 0, 'gid': 0}, 'cwd': '/', 'capabilities': {'bounding': ['CAP_CHOWN', 'CAP_DAC_OVERRIDE', 'CAP_FSETID', 'CAP_FOWNER', 'CAP_MKNOD', 'CAP_NET_RAW', 'CAP_SETGID', 'CAP_SETUID', 'CAP_SETFCAP', 'CAP_SETPCAP', 'CAP_NET_BIND_SERVICE', 'CAP_SYS_CHROOT', 'CAP_KILL', 'CAP_AUDIT_WRITE'], 'effective': ['CAP_CHOWN', 'CAP_DAC_OVERRIDE', 'CAP_FSETID', 'CAP_FOWNER', 'CAP_MKNOD', 'CAP_NET_RAW', 'CAP_SETGID', 'CAP_SETUID', 'CAP_SETFCAP', 'CAP_SETPCAP', 'CAP_NET_BIND_SERVICE', 'CAP_SYS_CHROOT', 'CAP_KILL', 'CAP_AUDIT_WRITE'], 'permitted': ['CAP_CHOWN', 'CAP_DAC_OVERRIDE', 'CAP_FSETID', 'CAP_FOWNER', 'CAP_MKNOD', 'CAP_NET_RAW', 'CAP_SETGID', 'CAP_SETUID', 'CAP_SETFCAP', 'CAP_SETPCAP', 'CAP_NET_BIND_SERVICE', 'CAP_SYS_CHROOT', 'CAP_KILL', 'CAP_AUDIT_WRITE']}, 'rlimits': [{'type': 'RLIMIT_NOFILE', 'hard': 65535, 'soft': 65535}], 'noNewPrivileges': True}, 'root': {'path': 'rootfs'}, 'mounts': [{'destination': '/proc', 'type': 'proc', 'source': 'proc', 'options': ['nosuid', 'noexec', 'nodev']}, {'destination': '/dev', 'type': 'tmpfs', 'source': 'tmpfs', 'options': ['nosuid', 'strictatime', 'mode=755', 'size=65536k']}, {'destination': '/dev/pts', 'type': 'devpts', 'source': 'devpts', 'options': ['nosuid', 'noexec', 'newinstance', 'ptmxmode=0666', 'mode=0620', 'gid=5']}, {'destination': '/dev/shm', 'type': 'tmpfs', 'source': 'shm', 'options': ['nosuid', 'noexec', 'nodev', 'mode=1777', 'size=65536k']}, {'destination': '/dev/mqueue', 'type': 'mqueue', 'source': 'mqueue', 'options': ['nosuid', 'noexec', 'nodev']}, {'destination': '/sys', 'type': 'sysfs', 'source': 'sysfs', 'options': ['nosuid', 'noexec', 'nodev', 'ro']}, {'destination': '/run', 'type': 'tmpfs', 'source': 'tmpfs', 'options': ['nosuid', 'strictatime', 'mode=755', 'size=65536k']}], 'linux':{'resources': {'devices': [{'allow': False, 'access': 'rwm'}]}, 'cgroupsPath': '/default', 'namespaces': [{'type': 'pid'}, {'type': 'ipc'}, {'type': 'uts'}, {'type': 'mount'}, {'type': 'network'}], 'maskedPaths': ['/proc/acpi', '/proc/asound', '/proc/kcore', '/proc/keys', '/proc/latency_stats', '/proc/timer_list', '/proc/timer_stats', '/proc/sched_debug', '/sys/firmware', '/sys/devices/virtual/powercap', '/proc/scsi'], 'readonlyPaths': ['/proc/bus', '/proc/fs', '/proc/irq', '/proc/sys', '/proc/sysrq-trigger']}}})
changed: [MonSrv] => (item={'key': 'cri-base.json', 'value': {'ociVersion': '1.3.0', 'process': {'user': {'uid': 0, 'gid': 0}, 'cwd': '/', 'capabilities': {'bounding': ['CAP_CHOWN', 'CAP_DAC_OVERRIDE', 'CAP_FSETID', 'CAP_FOWNER', 'CAP_MKNOD', 'CAP_NET_RAW', 'CAP_SETGID', 'CAP_SETUID', 'CAP_SETFCAP', 'CAP_SETPCAP', 'CAP_NET_BIND_SERVICE', 'CAP_SYS_CHROOT', 'CAP_KILL', 'CAP_AUDIT_WRITE'], 'effective': ['CAP_CHOWN', 'CAP_DAC_OVERRIDE', 'CAP_FSETID', 'CAP_FOWNER', 'CAP_MKNOD', 'CAP_NET_RAW', 'CAP_SETGID', 'CAP_SETUID', 'CAP_SETFCAP', 'CAP_SETPCAP', 'CAP_NET_BIND_SERVICE', 'CAP_SYS_CHROOT', 'CAP_KILL', 'CAP_AUDIT_WRITE'], 'permitted': ['CAP_CHOWN', 'CAP_DAC_OVERRIDE', 'CAP_FSETID', 'CAP_FOWNER', 'CAP_MKNOD', 'CAP_NET_RAW', 'CAP_SETGID', 'CAP_SETUID', 'CAP_SETFCAP', 'CAP_SETPCAP', 'CAP_NET_BIND_SERVICE', 'CAP_SYS_CHROOT', 'CAP_KILL', 'CAP_AUDIT_WRITE']}, 'rlimits': [{'type': 'RLIMIT_NOFILE', 'hard': 65535, 'soft': 65535}], 'noNewPrivileges': True}, 'root': {'path': 'rootfs'}, 'mounts': [{'destination': '/proc', 'type': 'proc', 'source': 'proc', 'options': ['nosuid', 'noexec', 'nodev']}, {'destination': '/dev', 'type': 'tmpfs', 'source': 'tmpfs', 'options': ['nosuid', 'strictatime', 'mode=755', 'size=65536k']}, {'destination': '/dev/pts', 'type': 'devpts', 'source': 'devpts', 'options': ['nosuid', 'noexec', 'newinstance', 'ptmxmode=0666', 'mode=0620', 'gid=5']}, {'destination': '/dev/shm', 'type': 'tmpfs', 'source': 'shm', 'options': ['nosuid', 'noexec', 'nodev', 'mode=1777', 'size=65536k']}, {'destination': '/dev/mqueue', 'type': 'mqueue','source': 'mqueue', 'options': ['nosuid', 'noexec', 'nodev']}, {'destination': '/sys', 'type': 'sysfs', 'source': 'sysfs', 'options': ['nosuid', 'noexec', 'nodev', 'ro']}, {'destination': '/run', 'type': 'tmpfs', 'source': 'tmpfs', 'options': ['nosuid', 'strictatime', 'mode=755', 'size=65536k']}], 'linux': {'resources': {'devices': [{'allow': False, 'access': 'rwm'}]}, 'cgroupsPath': '/default', 'namespaces': [{'type': 'pid'}, {'type': 'ipc'}, {'type': 'uts'}, {'type': 'mount'}, {'type': 'network'}], 'maskedPaths': ['/proc/acpi', '/proc/asound', '/proc/kcore', '/proc/keys', '/proc/latency_stats', '/proc/timer_list','/proc/timer_stats', '/proc/sched_debug', '/sys/firmware', '/sys/devices/virtual/powercap', '/proc/scsi'], 'readonlyPaths': ['/proc/bus', '/proc/fs', '/proc/irq', '/proc/sys', '/proc/sysrq-trigger']}}})
changed: [osh-comp-01] => (item={'key': 'cri-base.json', 'value': {'ociVersion': '1.3.0', 'process': {'user': {'uid': 0, 'gid': 0}, 'cwd': '/', 'capabilities': {'bounding': ['CAP_CHOWN', 'CAP_DAC_OVERRIDE', 'CAP_FSETID', 'CAP_FOWNER', 'CAP_MKNOD', 'CAP_NET_RAW', 'CAP_SETGID', 'CAP_SETUID', 'CAP_SETFCAP', 'CAP_SETPCAP', 'CAP_NET_BIND_SERVICE', 'CAP_SYS_CHROOT', 'CAP_KILL', 'CAP_AUDIT_WRITE'], 'effective': ['CAP_CHOWN', 'CAP_DAC_OVERRIDE', 'CAP_FSETID', 'CAP_FOWNER', 'CAP_MKNOD', 'CAP_NET_RAW', 'CAP_SETGID', 'CAP_SETUID', 'CAP_SETFCAP', 'CAP_SETPCAP', 'CAP_NET_BIND_SERVICE', 'CAP_SYS_CHROOT', 'CAP_KILL', 'CAP_AUDIT_WRITE'], 'permitted': ['CAP_CHOWN', 'CAP_DAC_OVERRIDE', 'CAP_FSETID', 'CAP_FOWNER', 'CAP_MKNOD', 'CAP_NET_RAW', 'CAP_SETGID', 'CAP_SETUID', 'CAP_SETFCAP', 'CAP_SETPCAP', 'CAP_NET_BIND_SERVICE', 'CAP_SYS_CHROOT', 'CAP_KILL', 'CAP_AUDIT_WRITE']}, 'rlimits': [{'type': 'RLIMIT_NOFILE', 'hard': 65535, 'soft': 65535}],'noNewPrivileges': True}, 'root': {'path': 'rootfs'}, 'mounts': [{'destination': '/proc', 'type': 'proc', 'source': 'proc', 'options': ['nosuid', 'noexec','nodev']}, {'destination': '/dev', 'type': 'tmpfs', 'source': 'tmpfs', 'options': ['nosuid', 'strictatime', 'mode=755', 'size=65536k']}, {'destination': '/dev/pts', 'type': 'devpts', 'source': 'devpts', 'options': ['nosuid', 'noexec', 'newinstance', 'ptmxmode=0666', 'mode=0620', 'gid=5']}, {'destination': '/dev/shm', 'type': 'tmpfs', 'source': 'shm', 'options': ['nosuid', 'noexec', 'nodev', 'mode=1777', 'size=65536k']}, {'destination': '/dev/mqueue', 'type': 'mqueue', 'source': 'mqueue', 'options': ['nosuid', 'noexec', 'nodev']}, {'destination': '/sys', 'type': 'sysfs', 'source': 'sysfs', 'options': ['nosuid', 'noexec', 'nodev', 'ro']}, {'destination': '/run', 'type': 'tmpfs', 'source': 'tmpfs', 'options': ['nosuid', 'strictatime', 'mode=755', 'size=65536k']}], 'linux': {'resources': {'devices': [{'allow': False, 'access': 'rwm'}]}, 'cgroupsPath': '/default', 'namespaces': [{'type': 'pid'}, {'type': 'ipc'}, {'type': 'uts'}, {'type': 'mount'}, {'type': 'network'}], 'maskedPaths': ['/proc/acpi', '/proc/asound', '/proc/kcore', '/proc/keys', '/proc/latency_stats', '/proc/timer_list', '/proc/timer_stats', '/proc/sched_debug', '/sys/firmware', '/sys/devices/virtual/powercap', '/proc/scsi'], 'readonlyPaths': ['/proc/bus', '/proc/fs', '/proc/irq', '/proc/sys', '/proc/sysrq-trigger']}}})
changed: [osh-comp-02] => (item={'key': 'cri-base.json', 'value': {'ociVersion': '1.3.0', 'process': {'user': {'uid': 0, 'gid': 0}, 'cwd': '/', 'capabilities': {'bounding': ['CAP_CHOWN', 'CAP_DAC_OVERRIDE', 'CAP_FSETID', 'CAP_FOWNER', 'CAP_MKNOD', 'CAP_NET_RAW', 'CAP_SETGID', 'CAP_SETUID', 'CAP_SETFCAP', 'CAP_SETPCAP', 'CAP_NET_BIND_SERVICE', 'CAP_SYS_CHROOT', 'CAP_KILL', 'CAP_AUDIT_WRITE'], 'effective': ['CAP_CHOWN', 'CAP_DAC_OVERRIDE', 'CAP_FSETID', 'CAP_FOWNER', 'CAP_MKNOD', 'CAP_NET_RAW', 'CAP_SETGID', 'CAP_SETUID', 'CAP_SETFCAP', 'CAP_SETPCAP', 'CAP_NET_BIND_SERVICE', 'CAP_SYS_CHROOT', 'CAP_KILL', 'CAP_AUDIT_WRITE'], 'permitted': ['CAP_CHOWN', 'CAP_DAC_OVERRIDE', 'CAP_FSETID', 'CAP_FOWNER', 'CAP_MKNOD', 'CAP_NET_RAW', 'CAP_SETGID', 'CAP_SETUID', 'CAP_SETFCAP', 'CAP_SETPCAP', 'CAP_NET_BIND_SERVICE', 'CAP_SYS_CHROOT', 'CAP_KILL', 'CAP_AUDIT_WRITE']}, 'rlimits': [{'type': 'RLIMIT_NOFILE', 'hard': 65535, 'soft': 65535}],'noNewPrivileges': True}, 'root': {'path': 'rootfs'}, 'mounts': [{'destination': '/proc', 'type': 'proc', 'source': 'proc', 'options': ['nosuid', 'noexec','nodev']}, {'destination': '/dev', 'type': 'tmpfs', 'source': 'tmpfs', 'options': ['nosuid', 'strictatime', 'mode=755', 'size=65536k']}, {'destination': '/dev/pts', 'type': 'devpts', 'source': 'devpts', 'options': ['nosuid', 'noexec', 'newinstance', 'ptmxmode=0666', 'mode=0620', 'gid=5']}, {'destination': '/dev/shm', 'type': 'tmpfs', 'source': 'shm', 'options': ['nosuid', 'noexec', 'nodev', 'mode=1777', 'size=65536k']}, {'destination': '/dev/mqueue', 'type': 'mqueue', 'source': 'mqueue', 'options': ['nosuid', 'noexec', 'nodev']}, {'destination': '/sys', 'type': 'sysfs', 'source': 'sysfs', 'options': ['nosuid', 'noexec', 'nodev', 'ro']}, {'destination': '/run', 'type': 'tmpfs', 'source': 'tmpfs', 'options': ['nosuid', 'strictatime', 'mode=755', 'size=65536k']}], 'linux': {'resources': {'devices': [{'allow': False, 'access': 'rwm'}]}, 'cgroupsPath': '/default', 'namespaces': [{'type': 'pid'}, {'type': 'ipc'}, {'type': 'uts'}, {'type': 'mount'}, {'type': 'network'}], 'maskedPaths': ['/proc/acpi', '/proc/asound', '/proc/kcore', '/proc/keys', '/proc/latency_stats', '/proc/timer_list', '/proc/timer_stats', '/proc/sched_debug', '/sys/firmware', '/sys/devices/virtual/powercap', '/proc/scsi'], 'readonlyPaths': ['/proc/bus', '/proc/fs', '/proc/irq', '/proc/sys', '/proc/sysrq-trigger']}}})
changed: [osh-comp-03] => (item={'key': 'cri-base.json', 'value': {'ociVersion': '1.3.0', 'process': {'user': {'uid': 0, 'gid': 0}, 'cwd': '/', 'capabilities': {'bounding': ['CAP_CHOWN', 'CAP_DAC_OVERRIDE', 'CAP_FSETID', 'CAP_FOWNER', 'CAP_MKNOD', 'CAP_NET_RAW', 'CAP_SETGID', 'CAP_SETUID', 'CAP_SETFCAP', 'CAP_SETPCAP', 'CAP_NET_BIND_SERVICE', 'CAP_SYS_CHROOT', 'CAP_KILL', 'CAP_AUDIT_WRITE'], 'effective': ['CAP_CHOWN', 'CAP_DAC_OVERRIDE', 'CAP_FSETID', 'CAP_FOWNER', 'CAP_MKNOD', 'CAP_NET_RAW', 'CAP_SETGID', 'CAP_SETUID', 'CAP_SETFCAP', 'CAP_SETPCAP', 'CAP_NET_BIND_SERVICE', 'CAP_SYS_CHROOT', 'CAP_KILL', 'CAP_AUDIT_WRITE'], 'permitted': ['CAP_CHOWN', 'CAP_DAC_OVERRIDE', 'CAP_FSETID', 'CAP_FOWNER', 'CAP_MKNOD', 'CAP_NET_RAW', 'CAP_SETGID', 'CAP_SETUID', 'CAP_SETFCAP', 'CAP_SETPCAP', 'CAP_NET_BIND_SERVICE', 'CAP_SYS_CHROOT', 'CAP_KILL', 'CAP_AUDIT_WRITE']}, 'rlimits': [{'type': 'RLIMIT_NOFILE', 'hard': 65535, 'soft': 65535}],'noNewPrivileges': True}, 'root': {'path': 'rootfs'}, 'mounts': [{'destination': '/proc', 'type': 'proc', 'source': 'proc', 'options': ['nosuid', 'noexec','nodev']}, {'destination': '/dev', 'type': 'tmpfs', 'source': 'tmpfs', 'options': ['nosuid', 'strictatime', 'mode=755', 'size=65536k']}, {'destination': '/dev/pts', 'type': 'devpts', 'source': 'devpts', 'options': ['nosuid', 'noexec', 'newinstance', 'ptmxmode=0666', 'mode=0620', 'gid=5']}, {'destination': '/dev/shm', 'type': 'tmpfs', 'source': 'shm', 'options': ['nosuid', 'noexec', 'nodev', 'mode=1777', 'size=65536k']}, {'destination': '/dev/mqueue', 'type': 'mqueue', 'source': 'mqueue', 'options': ['nosuid', 'noexec', 'nodev']}, {'destination': '/sys', 'type': 'sysfs', 'source': 'sysfs', 'options': ['nosuid', 'noexec', 'nodev', 'ro']}, {'destination': '/run', 'type': 'tmpfs', 'source': 'tmpfs', 'options': ['nosuid', 'strictatime', 'mode=755', 'size=65536k']}], 'linux': {'resources': {'devices': [{'allow': False, 'access': 'rwm'}]}, 'cgroupsPath': '/default', 'namespaces': [{'type': 'pid'}, {'type': 'ipc'}, {'type': 'uts'}, {'type': 'mount'}, {'type': 'network'}], 'maskedPaths': ['/proc/acpi', '/proc/asound', '/proc/kcore', '/proc/keys', '/proc/latency_stats', '/proc/timer_list', '/proc/timer_stats', '/proc/sched_debug', '/sys/firmware', '/sys/devices/virtual/powercap', '/proc/scsi'], 'readonlyPaths': ['/proc/bus', '/proc/fs', '/proc/irq', '/proc/sys', '/proc/sysrq-trigger']}}})
changed: [osh-comp-04] => (item={'key': 'cri-base.json', 'value': {'ociVersion': '1.3.0', 'process': {'user': {'uid': 0, 'gid': 0}, 'cwd': '/', 'capabilities': {'bounding': ['CAP_CHOWN', 'CAP_DAC_OVERRIDE', 'CAP_FSETID', 'CAP_FOWNER', 'CAP_MKNOD', 'CAP_NET_RAW', 'CAP_SETGID', 'CAP_SETUID', 'CAP_SETFCAP', 'CAP_SETPCAP', 'CAP_NET_BIND_SERVICE', 'CAP_SYS_CHROOT', 'CAP_KILL', 'CAP_AUDIT_WRITE'], 'effective': ['CAP_CHOWN', 'CAP_DAC_OVERRIDE', 'CAP_FSETID', 'CAP_FOWNER', 'CAP_MKNOD', 'CAP_NET_RAW', 'CAP_SETGID', 'CAP_SETUID', 'CAP_SETFCAP', 'CAP_SETPCAP', 'CAP_NET_BIND_SERVICE', 'CAP_SYS_CHROOT', 'CAP_KILL', 'CAP_AUDIT_WRITE'], 'permitted': ['CAP_CHOWN', 'CAP_DAC_OVERRIDE', 'CAP_FSETID', 'CAP_FOWNER', 'CAP_MKNOD', 'CAP_NET_RAW', 'CAP_SETGID', 'CAP_SETUID', 'CAP_SETFCAP', 'CAP_SETPCAP', 'CAP_NET_BIND_SERVICE', 'CAP_SYS_CHROOT', 'CAP_KILL', 'CAP_AUDIT_WRITE']}, 'rlimits': [{'type': 'RLIMIT_NOFILE', 'hard': 65535, 'soft': 65535}],'noNewPrivileges': True}, 'root': {'path': 'rootfs'}, 'mounts': [{'destination': '/proc', 'type': 'proc', 'source': 'proc', 'options': ['nosuid', 'noexec','nodev']}, {'destination': '/dev', 'type': 'tmpfs', 'source': 'tmpfs', 'options': ['nosuid', 'strictatime', 'mode=755', 'size=65536k']}, {'destination': '/dev/pts', 'type': 'devpts', 'source': 'devpts', 'options': ['nosuid', 'noexec', 'newinstance', 'ptmxmode=0666', 'mode=0620', 'gid=5']}, {'destination': '/dev/shm', 'type': 'tmpfs', 'source': 'shm', 'options': ['nosuid', 'noexec', 'nodev', 'mode=1777', 'size=65536k']}, {'destination': '/dev/mqueue', 'type': 'mqueue', 'source': 'mqueue', 'options': ['nosuid', 'noexec', 'nodev']}, {'destination': '/sys', 'type': 'sysfs', 'source': 'sysfs', 'options': ['nosuid', 'noexec', 'nodev', 'ro']}, {'destination': '/run', 'type': 'tmpfs', 'source': 'tmpfs', 'options': ['nosuid', 'strictatime', 'mode=755', 'size=65536k']}], 'linux': {'resources': {'devices': [{'allow': False, 'access': 'rwm'}]}, 'cgroupsPath': '/default', 'namespaces': [{'type': 'pid'}, {'type': 'ipc'}, {'type': 'uts'}, {'type': 'mount'}, {'type': 'network'}], 'maskedPaths': ['/proc/acpi', '/proc/asound', '/proc/kcore', '/proc/keys', '/proc/latency_stats', '/proc/timer_list', '/proc/timer_stats', '/proc/sched_debug', '/sys/firmware', '/sys/devices/virtual/powercap', '/proc/scsi'], 'readonlyPaths': ['/proc/bus', '/proc/fs', '/proc/irq', '/proc/sys', '/proc/sysrq-trigger']}}})
Wednesday 16 September 2026  13:36:14 -0500 (0:01:34.655)       1:28:26.435 ***

TASK [container-engine/containerd : Containerd | Copy containerd config file] ***
changed: [k8s-master-01]
changed: [k8s-master-02]
changed: [k8s-master-03]
changed: [k8s-db-01]
changed: [k8s-db-02]
changed: [k8s-db-03]
changed: [osh-ctrl-01]
changed: [osh-ctrl-02]
changed: [osh-ctrl-03]
changed: [osh-net-01]
changed: [osh-net-02]
changed: [MonSrv]
changed: [osh-comp-01]
changed: [osh-comp-02]
changed: [osh-comp-03]
changed: [osh-comp-04]
Wednesday 16 September 2026  13:38:00 -0500 (0:01:46.096)       1:30:12.531 ***

TASK [container-engine/containerd : Containerd | Create registry directories] ***
changed: [k8s-master-02] => (item={'prefix': '172.16.2.1:5000', 'mirrors': [{'host': 'http://172.16.2.1:5000', 'capabilities': ['pull', 'resolve'], 'skip_verify': True}]})
changed: [k8s-master-01] => (item={'prefix': '172.16.2.1:5000', 'mirrors': [{'host': 'http://172.16.2.1:5000', 'capabilities': ['pull', 'resolve'], 'skip_verify': True}]})
changed: [k8s-master-02] => (item={'prefix': 'docker.io', 'mirrors': [{'host': 'http://172.16.2.1:5000', 'capabilities': ['pull', 'resolve'], 'skip_verify': True}]})
changed: [k8s-master-01] => (item={'prefix': 'docker.io', 'mirrors': [{'host': 'http://172.16.2.1:5000', 'capabilities': ['pull', 'resolve'], 'skip_verify': True}]})
changed: [k8s-master-02] => (item={'prefix': 'registry.k8s.io', 'mirrors': [{'host': 'http://172.16.2.1:5000', 'capabilities': ['pull', 'resolve'], 'skip_verify': True}]})
changed: [k8s-master-01] => (item={'prefix': 'registry.k8s.io', 'mirrors': [{'host': 'http://172.16.2.1:5000', 'capabilities': ['pull', 'resolve'], 'skip_verify': True}]})
changed: [k8s-master-02] => (item={'prefix': 'k8s.gcr.io', 'mirrors': [{'host': 'http://172.16.2.1:5000', 'capabilities': ['pull', 'resolve'], 'skip_verify': True}]})
changed: [k8s-master-01] => (item={'prefix': 'k8s.gcr.io', 'mirrors': [{'host': 'http://172.16.2.1:5000', 'capabilities': ['pull', 'resolve'], 'skip_verify': True}]})
changed: [k8s-master-02] => (item={'prefix': 'gcr.io', 'mirrors': [{'host': 'http://172.16.2.1:5000', 'capabilities': ['pull', 'resolve'], 'skip_verify': True}]})
changed: [k8s-master-01] => (item={'prefix': 'gcr.io', 'mirrors': [{'host': 'http://172.16.2.1:5000', 'capabilities': ['pull', 'resolve'], 'skip_verify': True}]})
changed: [k8s-master-02] => (item={'prefix': 'ghcr.io', 'mirrors': [{'host': 'http://172.16.2.1:5000', 'capabilities': ['pull', 'resolve'], 'skip_verify': True}]})
changed: [k8s-master-01] => (item={'prefix': 'ghcr.io', 'mirrors': [{'host': 'http://172.16.2.1:5000', 'capabilities': ['pull', 'resolve'], 'skip_verify': True}]})
changed: [k8s-master-02] => (item={'prefix': 'quay.io', 'mirrors': [{'host': 'http://172.16.2.1:5000', 'capabilities': ['pull', 'resolve'], 'skip_verify': True}]})
changed: [k8s-master-01] => (item={'prefix': 'quay.io', 'mirrors': [{'host': 'http://172.16.2.1:5000', 'capabilities': ['pull', 'resolve'], 'skip_verify': True}]})
changed: [k8s-db-01] => (item={'prefix': '172.16.2.1:5000', 'mirrors': [{'host': 'http://172.16.2.1:5000', 'capabilities': ['pull', 'resolve'], 'skip_verify': True}]})
changed: [k8s-master-03] => (item={'prefix': '172.16.2.1:5000', 'mirrors': [{'host': 'http://172.16.2.1:5000', 'capabilities': ['pull', 'resolve'], 'skip_verify': True}]})
changed: [k8s-db-01] => (item={'prefix': 'docker.io', 'mirrors': [{'host': 'http://172.16.2.1:5000', 'capabilities': ['pull', 'resolve'], 'skip_verify': True}]})
changed: [k8s-master-03] => (item={'prefix': 'docker.io', 'mirrors': [{'host': 'http://172.16.2.1:5000', 'capabilities': ['pull', 'resolve'], 'skip_verify': True}]})
changed: [k8s-db-01] => (item={'prefix': 'registry.k8s.io', 'mirrors': [{'host': 'http://172.16.2.1:5000', 'capabilities': ['pull', 'resolve'], 'skip_verify': True}]})
changed: [k8s-master-03] => (item={'prefix': 'registry.k8s.io', 'mirrors': [{'host': 'http://172.16.2.1:5000', 'capabilities': ['pull', 'resolve'], 'skip_verify': True}]})
changed: [k8s-db-01] => (item={'prefix': 'k8s.gcr.io', 'mirrors': [{'host': 'http://172.16.2.1:5000', 'capabilities': ['pull', 'resolve'], 'skip_verify': True}]})
changed: [k8s-master-03] => (item={'prefix': 'k8s.gcr.io', 'mirrors': [{'host': 'http://172.16.2.1:5000', 'capabilities': ['pull', 'resolve'], 'skip_verify': True}]})
changed: [k8s-db-01] => (item={'prefix': 'gcr.io', 'mirrors': [{'host': 'http://172.16.2.1:5000', 'capabilities': ['pull', 'resolve'], 'skip_verify': True}]})
changed: [k8s-master-03] => (item={'prefix': 'gcr.io', 'mirrors': [{'host': 'http://172.16.2.1:5000', 'capabilities': ['pull', 'resolve'], 'skip_verify': True}]})
changed: [k8s-db-01] => (item={'prefix': 'ghcr.io', 'mirrors': [{'host': 'http://172.16.2.1:5000', 'capabilities': ['pull', 'resolve'], 'skip_verify': True}]})
changed: [k8s-master-03] => (item={'prefix': 'ghcr.io', 'mirrors': [{'host': 'http://172.16.2.1:5000', 'capabilities': ['pull', 'resolve'], 'skip_verify': True}]})
changed: [k8s-db-01] => (item={'prefix': 'quay.io', 'mirrors': [{'host': 'http://172.16.2.1:5000', 'capabilities': ['pull', 'resolve'], 'skip_verify': True}]})
changed: [k8s-master-03] => (item={'prefix': 'quay.io', 'mirrors': [{'host': 'http://172.16.2.1:5000', 'capabilities': ['pull', 'resolve'], 'skip_verify': True}]})
changed: [k8s-db-02] => (item={'prefix': '172.16.2.1:5000', 'mirrors': [{'host': 'http://172.16.2.1:5000', 'capabilities': ['pull', 'resolve'], 'skip_verify': True}]})
changed: [k8s-db-03] => (item={'prefix': '172.16.2.1:5000', 'mirrors': [{'host': 'http://172.16.2.1:5000', 'capabilities': ['pull', 'resolve'], 'skip_verify': True}]})
changed: [k8s-db-02] => (item={'prefix': 'docker.io', 'mirrors': [{'host': 'http://172.16.2.1:5000', 'capabilities': ['pull', 'resolve'], 'skip_verify': True}]})
changed: [k8s-db-03] => (item={'prefix': 'docker.io', 'mirrors': [{'host': 'http://172.16.2.1:5000', 'capabilities': ['pull', 'resolve'], 'skip_verify': True}]})
changed: [k8s-db-03] => (item={'prefix': 'registry.k8s.io', 'mirrors': [{'host': 'http://172.16.2.1:5000', 'capabilities': ['pull', 'resolve'], 'skip_verify': True}]})
changed: [k8s-db-02] => (item={'prefix': 'registry.k8s.io', 'mirrors': [{'host': 'http://172.16.2.1:5000', 'capabilities': ['pull', 'resolve'], 'skip_verify': True}]})
changed: [k8s-db-03] => (item={'prefix': 'k8s.gcr.io', 'mirrors': [{'host': 'http://172.16.2.1:5000', 'capabilities': ['pull', 'resolve'], 'skip_verify': True}]})
changed: [k8s-db-02] => (item={'prefix': 'k8s.gcr.io', 'mirrors': [{'host': 'http://172.16.2.1:5000', 'capabilities': ['pull', 'resolve'], 'skip_verify': True}]})
changed: [k8s-db-03] => (item={'prefix': 'gcr.io', 'mirrors': [{'host': 'http://172.16.2.1:5000', 'capabilities': ['pull', 'resolve'], 'skip_verify': True}]})
changed: [k8s-db-02] => (item={'prefix': 'gcr.io', 'mirrors': [{'host': 'http://172.16.2.1:5000', 'capabilities': ['pull', 'resolve'], 'skip_verify': True}]})
changed: [k8s-db-03] => (item={'prefix': 'ghcr.io', 'mirrors': [{'host': 'http://172.16.2.1:5000', 'capabilities': ['pull', 'resolve'], 'skip_verify': True}]})
changed: [k8s-db-02] => (item={'prefix': 'ghcr.io', 'mirrors': [{'host': 'http://172.16.2.1:5000', 'capabilities': ['pull', 'resolve'], 'skip_verify': True}]})
changed: [k8s-db-03] => (item={'prefix': 'quay.io', 'mirrors': [{'host': 'http://172.16.2.1:5000', 'capabilities': ['pull', 'resolve'], 'skip_verify': True}]})
changed: [k8s-db-02] => (item={'prefix': 'quay.io', 'mirrors': [{'host': 'http://172.16.2.1:5000', 'capabilities': ['pull', 'resolve'], 'skip_verify': True}]})
changed: [osh-ctrl-02] => (item={'prefix': '172.16.2.1:5000', 'mirrors': [{'host': 'http://172.16.2.1:5000', 'capabilities': ['pull', 'resolve'], 'skip_verify': True}]})
changed: [osh-ctrl-01] => (item={'prefix': '172.16.2.1:5000', 'mirrors': [{'host': 'http://172.16.2.1:5000', 'capabilities': ['pull', 'resolve'], 'skip_verify': True}]})
changed: [osh-ctrl-02] => (item={'prefix': 'docker.io', 'mirrors': [{'host': 'http://172.16.2.1:5000', 'capabilities': ['pull', 'resolve'], 'skip_verify': True}]})
changed: [osh-ctrl-01] => (item={'prefix': 'docker.io', 'mirrors': [{'host': 'http://172.16.2.1:5000', 'capabilities': ['pull', 'resolve'], 'skip_verify': True}]})
changed: [osh-ctrl-02] => (item={'prefix': 'registry.k8s.io', 'mirrors': [{'host': 'http://172.16.2.1:5000', 'capabilities': ['pull', 'resolve'], 'skip_verify': True}]})
changed: [osh-ctrl-01] => (item={'prefix': 'registry.k8s.io', 'mirrors': [{'host': 'http://172.16.2.1:5000', 'capabilities': ['pull', 'resolve'], 'skip_verify': True}]})
changed: [osh-ctrl-02] => (item={'prefix': 'k8s.gcr.io', 'mirrors': [{'host': 'http://172.16.2.1:5000', 'capabilities': ['pull', 'resolve'], 'skip_verify':True}]})
changed: [osh-ctrl-01] => (item={'prefix': 'k8s.gcr.io', 'mirrors': [{'host': 'http://172.16.2.1:5000', 'capabilities': ['pull', 'resolve'], 'skip_verify':True}]})
changed: [osh-ctrl-02] => (item={'prefix': 'gcr.io', 'mirrors': [{'host': 'http://172.16.2.1:5000', 'capabilities': ['pull', 'resolve'], 'skip_verify': True}]})
changed: [osh-ctrl-01] => (item={'prefix': 'gcr.io', 'mirrors': [{'host': 'http://172.16.2.1:5000', 'capabilities': ['pull', 'resolve'], 'skip_verify': True}]})
changed: [osh-ctrl-02] => (item={'prefix': 'ghcr.io', 'mirrors': [{'host': 'http://172.16.2.1:5000', 'capabilities': ['pull', 'resolve'], 'skip_verify': True}]})
changed: [osh-ctrl-01] => (item={'prefix': 'ghcr.io', 'mirrors': [{'host': 'http://172.16.2.1:5000', 'capabilities': ['pull', 'resolve'], 'skip_verify': True}]})
changed: [osh-ctrl-02] => (item={'prefix': 'quay.io', 'mirrors': [{'host': 'http://172.16.2.1:5000', 'capabilities': ['pull', 'resolve'], 'skip_verify': True}]})
changed: [osh-ctrl-01] => (item={'prefix': 'quay.io', 'mirrors': [{'host': 'http://172.16.2.1:5000', 'capabilities': ['pull', 'resolve'], 'skip_verify': True}]})
changed: [osh-ctrl-03] => (item={'prefix': '172.16.2.1:5000', 'mirrors': [{'host': 'http://172.16.2.1:5000', 'capabilities': ['pull', 'resolve'], 'skip_verify': True}]})
changed: [osh-net-01] => (item={'prefix': '172.16.2.1:5000', 'mirrors': [{'host': 'http://172.16.2.1:5000', 'capabilities': ['pull', 'resolve'], 'skip_verify': True}]})
changed: [osh-ctrl-03] => (item={'prefix': 'docker.io', 'mirrors': [{'host': 'http://172.16.2.1:5000', 'capabilities': ['pull', 'resolve'], 'skip_verify': True}]})
changed: [osh-net-01] => (item={'prefix': 'docker.io', 'mirrors': [{'host': 'http://172.16.2.1:5000', 'capabilities': ['pull', 'resolve'], 'skip_verify': True}]})
changed: [osh-ctrl-03] => (item={'prefix': 'registry.k8s.io', 'mirrors': [{'host': 'http://172.16.2.1:5000', 'capabilities': ['pull', 'resolve'], 'skip_verify': True}]})
changed: [osh-net-01] => (item={'prefix': 'registry.k8s.io', 'mirrors': [{'host': 'http://172.16.2.1:5000', 'capabilities': ['pull', 'resolve'], 'skip_verify': True}]})
changed: [osh-ctrl-03] => (item={'prefix': 'k8s.gcr.io', 'mirrors': [{'host': 'http://172.16.2.1:5000', 'capabilities': ['pull', 'resolve'], 'skip_verify':True}]})
changed: [osh-net-01] => (item={'prefix': 'k8s.gcr.io', 'mirrors': [{'host': 'http://172.16.2.1:5000', 'capabilities': ['pull', 'resolve'], 'skip_verify': True}]})
changed: [osh-ctrl-03] => (item={'prefix': 'gcr.io', 'mirrors': [{'host': 'http://172.16.2.1:5000', 'capabilities': ['pull', 'resolve'], 'skip_verify': True}]})
changed: [osh-net-01] => (item={'prefix': 'gcr.io', 'mirrors': [{'host': 'http://172.16.2.1:5000', 'capabilities': ['pull', 'resolve'], 'skip_verify': True}]})
changed: [osh-ctrl-03] => (item={'prefix': 'ghcr.io', 'mirrors': [{'host': 'http://172.16.2.1:5000', 'capabilities': ['pull', 'resolve'], 'skip_verify': True}]})
changed: [osh-net-01] => (item={'prefix': 'ghcr.io', 'mirrors': [{'host': 'http://172.16.2.1:5000', 'capabilities': ['pull', 'resolve'], 'skip_verify': True}]})
changed: [osh-ctrl-03] => (item={'prefix': 'quay.io', 'mirrors': [{'host': 'http://172.16.2.1:5000', 'capabilities': ['pull', 'resolve'], 'skip_verify': True}]})
changed: [osh-net-01] => (item={'prefix': 'quay.io', 'mirrors': [{'host': 'http://172.16.2.1:5000', 'capabilities': ['pull', 'resolve'], 'skip_verify': True}]})
changed: [osh-net-02] => (item={'prefix': '172.16.2.1:5000', 'mirrors': [{'host': 'http://172.16.2.1:5000', 'capabilities': ['pull', 'resolve'], 'skip_verify': True}]})
changed: [MonSrv] => (item={'prefix': '172.16.2.1:5000', 'mirrors': [{'host': 'http://172.16.2.1:5000', 'capabilities': ['pull', 'resolve'], 'skip_verify':True}]})
changed: [osh-net-02] => (item={'prefix': 'docker.io', 'mirrors': [{'host': 'http://172.16.2.1:5000', 'capabilities': ['pull', 'resolve'], 'skip_verify': True}]})
changed: [MonSrv] => (item={'prefix': 'docker.io', 'mirrors': [{'host': 'http://172.16.2.1:5000', 'capabilities': ['pull', 'resolve'], 'skip_verify': True}]})
changed: [osh-net-02] => (item={'prefix': 'registry.k8s.io', 'mirrors': [{'host': 'http://172.16.2.1:5000', 'capabilities': ['pull', 'resolve'], 'skip_verify': True}]})
changed: [MonSrv] => (item={'prefix': 'registry.k8s.io', 'mirrors': [{'host': 'http://172.16.2.1:5000', 'capabilities': ['pull', 'resolve'], 'skip_verify':True}]})
changed: [osh-net-02] => (item={'prefix': 'k8s.gcr.io', 'mirrors': [{'host': 'http://172.16.2.1:5000', 'capabilities': ['pull', 'resolve'], 'skip_verify': True}]})
changed: [osh-net-02] => (item={'prefix': 'gcr.io', 'mirrors': [{'host': 'http://172.16.2.1:5000', 'capabilities': ['pull', 'resolve'], 'skip_verify': True}]})
changed: [MonSrv] => (item={'prefix': 'k8s.gcr.io', 'mirrors': [{'host': 'http://172.16.2.1:5000', 'capabilities': ['pull', 'resolve'], 'skip_verify': True}]})
changed: [osh-net-02] => (item={'prefix': 'ghcr.io', 'mirrors': [{'host': 'http://172.16.2.1:5000', 'capabilities': ['pull', 'resolve'], 'skip_verify': True}]})
changed: [MonSrv] => (item={'prefix': 'gcr.io', 'mirrors': [{'host': 'http://172.16.2.1:5000', 'capabilities': ['pull', 'resolve'], 'skip_verify': True}]})
changed: [osh-net-02] => (item={'prefix': 'quay.io', 'mirrors': [{'host': 'http://172.16.2.1:5000', 'capabilities': ['pull', 'resolve'], 'skip_verify': True}]})
changed: [MonSrv] => (item={'prefix': 'ghcr.io', 'mirrors': [{'host': 'http://172.16.2.1:5000', 'capabilities': ['pull', 'resolve'], 'skip_verify': True}]})
changed: [MonSrv] => (item={'prefix': 'quay.io', 'mirrors': [{'host': 'http://172.16.2.1:5000', 'capabilities': ['pull', 'resolve'], 'skip_verify': True}]})
changed: [osh-comp-01] => (item={'prefix': '172.16.2.1:5000', 'mirrors': [{'host': 'http://172.16.2.1:5000', 'capabilities': ['pull', 'resolve'], 'skip_verify': True}]})
changed: [osh-comp-01] => (item={'prefix': 'docker.io', 'mirrors': [{'host': 'http://172.16.2.1:5000', 'capabilities': ['pull', 'resolve'], 'skip_verify': True}]})
changed: [osh-comp-02] => (item={'prefix': '172.16.2.1:5000', 'mirrors': [{'host': 'http://172.16.2.1:5000', 'capabilities': ['pull', 'resolve'], 'skip_verify': True}]})
changed: [osh-comp-01] => (item={'prefix': 'registry.k8s.io', 'mirrors': [{'host': 'http://172.16.2.1:5000', 'capabilities': ['pull', 'resolve'], 'skip_verify': True}]})
changed: [osh-comp-02] => (item={'prefix': 'docker.io', 'mirrors': [{'host': 'http://172.16.2.1:5000', 'capabilities': ['pull', 'resolve'], 'skip_verify': True}]})
changed: [osh-comp-02] => (item={'prefix': 'registry.k8s.io', 'mirrors': [{'host': 'http://172.16.2.1:5000', 'capabilities': ['pull', 'resolve'], 'skip_verify': True}]})
changed: [osh-comp-01] => (item={'prefix': 'k8s.gcr.io', 'mirrors': [{'host': 'http://172.16.2.1:5000', 'capabilities': ['pull', 'resolve'], 'skip_verify':True}]})
changed: [osh-comp-02] => (item={'prefix': 'k8s.gcr.io', 'mirrors': [{'host': 'http://172.16.2.1:5000', 'capabilities': ['pull', 'resolve'], 'skip_verify':True}]})
changed: [osh-comp-01] => (item={'prefix': 'gcr.io', 'mirrors': [{'host': 'http://172.16.2.1:5000', 'capabilities': ['pull', 'resolve'], 'skip_verify': True}]})
changed: [osh-comp-02] => (item={'prefix': 'gcr.io', 'mirrors': [{'host': 'http://172.16.2.1:5000', 'capabilities': ['pull', 'resolve'], 'skip_verify': True}]})
changed: [osh-comp-01] => (item={'prefix': 'ghcr.io', 'mirrors': [{'host': 'http://172.16.2.1:5000', 'capabilities': ['pull', 'resolve'], 'skip_verify': True}]})
changed: [osh-comp-02] => (item={'prefix': 'ghcr.io', 'mirrors': [{'host': 'http://172.16.2.1:5000', 'capabilities': ['pull', 'resolve'], 'skip_verify': True}]})
changed: [osh-comp-01] => (item={'prefix': 'quay.io', 'mirrors': [{'host': 'http://172.16.2.1:5000', 'capabilities': ['pull', 'resolve'], 'skip_verify': True}]})
changed: [osh-comp-02] => (item={'prefix': 'quay.io', 'mirrors': [{'host': 'http://172.16.2.1:5000', 'capabilities': ['pull', 'resolve'], 'skip_verify': True}]})
changed: [osh-comp-03] => (item={'prefix': '172.16.2.1:5000', 'mirrors': [{'host': 'http://172.16.2.1:5000', 'capabilities': ['pull', 'resolve'], 'skip_verify': True}]})
changed: [osh-comp-04] => (item={'prefix': '172.16.2.1:5000', 'mirrors': [{'host': 'http://172.16.2.1:5000', 'capabilities': ['pull', 'resolve'], 'skip_verify': True}]})
changed: [osh-comp-03] => (item={'prefix': 'docker.io', 'mirrors': [{'host': 'http://172.16.2.1:5000', 'capabilities': ['pull', 'resolve'], 'skip_verify': True}]})
changed: [osh-comp-04] => (item={'prefix': 'docker.io', 'mirrors': [{'host': 'http://172.16.2.1:5000', 'capabilities': ['pull', 'resolve'], 'skip_verify': True}]})
changed: [osh-comp-03] => (item={'prefix': 'registry.k8s.io', 'mirrors': [{'host': 'http://172.16.2.1:5000', 'capabilities': ['pull', 'resolve'], 'skip_verify': True}]})
changed: [osh-comp-04] => (item={'prefix': 'registry.k8s.io', 'mirrors': [{'host': 'http://172.16.2.1:5000', 'capabilities': ['pull', 'resolve'], 'skip_verify': True}]})
changed: [osh-comp-03] => (item={'prefix': 'k8s.gcr.io', 'mirrors': [{'host': 'http://172.16.2.1:5000', 'capabilities': ['pull', 'resolve'], 'skip_verify':True}]})
changed: [osh-comp-04] => (item={'prefix': 'k8s.gcr.io', 'mirrors': [{'host': 'http://172.16.2.1:5000', 'capabilities': ['pull', 'resolve'], 'skip_verify':True}]})
changed: [osh-comp-03] => (item={'prefix': 'gcr.io', 'mirrors': [{'host': 'http://172.16.2.1:5000', 'capabilities': ['pull', 'resolve'], 'skip_verify': True}]})
changed: [osh-comp-04] => (item={'prefix': 'gcr.io', 'mirrors': [{'host': 'http://172.16.2.1:5000', 'capabilities': ['pull', 'resolve'], 'skip_verify': True}]})
changed: [osh-comp-03] => (item={'prefix': 'ghcr.io', 'mirrors': [{'host': 'http://172.16.2.1:5000', 'capabilities': ['pull', 'resolve'], 'skip_verify': True}]})
changed: [osh-comp-04] => (item={'prefix': 'ghcr.io', 'mirrors': [{'host': 'http://172.16.2.1:5000', 'capabilities': ['pull', 'resolve'], 'skip_verify': True}]})
changed: [osh-comp-03] => (item={'prefix': 'quay.io', 'mirrors': [{'host': 'http://172.16.2.1:5000', 'capabilities': ['pull', 'resolve'], 'skip_verify': True}]})
changed: [osh-comp-04] => (item={'prefix': 'quay.io', 'mirrors': [{'host': 'http://172.16.2.1:5000', 'capabilities': ['pull', 'resolve'], 'skip_verify': True}]})
Wednesday 16 September 2026  13:40:12 -0500 (0:02:12.582)       1:32:25.113 ***

TASK [container-engine/containerd : Containerd | Write hosts.toml file] ********
changed: [k8s-master-02] => (item={'prefix': '172.16.2.1:5000', 'mirrors': [{'host': 'http://172.16.2.1:5000', 'capabilities': ['pull', 'resolve'], 'skip_verify': True}]})
changed: [k8s-master-01] => (item={'prefix': '172.16.2.1:5000', 'mirrors': [{'host': 'http://172.16.2.1:5000', 'capabilities': ['pull', 'resolve'], 'skip_verify': True}]})
changed: [k8s-master-01] => (item={'prefix': 'docker.io', 'mirrors': [{'host': 'http://172.16.2.1:5000', 'capabilities': ['pull', 'resolve'], 'skip_verify': True}]})
changed: [k8s-master-02] => (item={'prefix': 'docker.io', 'mirrors': [{'host': 'http://172.16.2.1:5000', 'capabilities': ['pull', 'resolve'], 'skip_verify': True}]})
changed: [k8s-master-01] => (item={'prefix': 'registry.k8s.io', 'mirrors': [{'host': 'http://172.16.2.1:5000', 'capabilities': ['pull', 'resolve'], 'skip_verify': True}]})
changed: [k8s-master-02] => (item={'prefix': 'registry.k8s.io', 'mirrors': [{'host': 'http://172.16.2.1:5000', 'capabilities': ['pull', 'resolve'], 'skip_verify': True}]})
changed: [k8s-master-01] => (item={'prefix': 'k8s.gcr.io', 'mirrors': [{'host': 'http://172.16.2.1:5000', 'capabilities': ['pull', 'resolve'], 'skip_verify': True}]})
changed: [k8s-master-02] => (item={'prefix': 'k8s.gcr.io', 'mirrors': [{'host': 'http://172.16.2.1:5000', 'capabilities': ['pull', 'resolve'], 'skip_verify': True}]})
changed: [k8s-master-02] => (item={'prefix': 'gcr.io', 'mirrors': [{'host': 'http://172.16.2.1:5000', 'capabilities': ['pull', 'resolve'], 'skip_verify': True}]})
changed: [k8s-master-01] => (item={'prefix': 'gcr.io', 'mirrors': [{'host': 'http://172.16.2.1:5000', 'capabilities': ['pull', 'resolve'], 'skip_verify': True}]})
changed: [k8s-master-02] => (item={'prefix': 'ghcr.io', 'mirrors': [{'host': 'http://172.16.2.1:5000', 'capabilities': ['pull', 'resolve'], 'skip_verify': True}]})
changed: [k8s-master-01] => (item={'prefix': 'ghcr.io', 'mirrors': [{'host': 'http://172.16.2.1:5000', 'capabilities': ['pull', 'resolve'], 'skip_verify': True}]})
changed: [k8s-master-02] => (item={'prefix': 'quay.io', 'mirrors': [{'host': 'http://172.16.2.1:5000', 'capabilities': ['pull', 'resolve'], 'skip_verify': True}]})
changed: [k8s-master-01] => (item={'prefix': 'quay.io', 'mirrors': [{'host': 'http://172.16.2.1:5000', 'capabilities': ['pull', 'resolve'], 'skip_verify': True}]})
changed: [k8s-master-03] => (item={'prefix': '172.16.2.1:5000', 'mirrors': [{'host': 'http://172.16.2.1:5000', 'capabilities': ['pull', 'resolve'], 'skip_verify': True}]})
changed: [k8s-db-01] => (item={'prefix': '172.16.2.1:5000', 'mirrors': [{'host': 'http://172.16.2.1:5000', 'capabilities': ['pull', 'resolve'], 'skip_verify': True}]})
changed: [k8s-master-03] => (item={'prefix': 'docker.io', 'mirrors': [{'host': 'http://172.16.2.1:5000', 'capabilities': ['pull', 'resolve'], 'skip_verify': True}]})
changed: [k8s-db-01] => (item={'prefix': 'docker.io', 'mirrors': [{'host': 'http://172.16.2.1:5000', 'capabilities': ['pull', 'resolve'], 'skip_verify': True}]})
changed: [k8s-master-03] => (item={'prefix': 'registry.k8s.io', 'mirrors': [{'host': 'http://172.16.2.1:5000', 'capabilities': ['pull', 'resolve'], 'skip_verify': True}]})
changed: [k8s-db-01] => (item={'prefix': 'registry.k8s.io', 'mirrors': [{'host': 'http://172.16.2.1:5000', 'capabilities': ['pull', 'resolve'], 'skip_verify': True}]})
changed: [k8s-master-03] => (item={'prefix': 'k8s.gcr.io', 'mirrors': [{'host': 'http://172.16.2.1:5000', 'capabilities': ['pull', 'resolve'], 'skip_verify': True}]})
changed: [k8s-db-01] => (item={'prefix': 'k8s.gcr.io', 'mirrors': [{'host': 'http://172.16.2.1:5000', 'capabilities': ['pull', 'resolve'], 'skip_verify': True}]})
changed: [k8s-master-03] => (item={'prefix': 'gcr.io', 'mirrors': [{'host': 'http://172.16.2.1:5000', 'capabilities': ['pull', 'resolve'], 'skip_verify': True}]})
changed: [k8s-db-01] => (item={'prefix': 'gcr.io', 'mirrors': [{'host': 'http://172.16.2.1:5000', 'capabilities': ['pull', 'resolve'], 'skip_verify': True}]})
changed: [k8s-master-03] => (item={'prefix': 'ghcr.io', 'mirrors': [{'host': 'http://172.16.2.1:5000', 'capabilities': ['pull', 'resolve'], 'skip_verify': True}]})
changed: [k8s-db-01] => (item={'prefix': 'ghcr.io', 'mirrors': [{'host': 'http://172.16.2.1:5000', 'capabilities': ['pull', 'resolve'], 'skip_verify': True}]})
changed: [k8s-master-03] => (item={'prefix': 'quay.io', 'mirrors': [{'host': 'http://172.16.2.1:5000', 'capabilities': ['pull', 'resolve'], 'skip_verify': True}]})
changed: [k8s-db-01] => (item={'prefix': 'quay.io', 'mirrors': [{'host': 'http://172.16.2.1:5000', 'capabilities': ['pull', 'resolve'], 'skip_verify': True}]})
changed: [k8s-db-02] => (item={'prefix': '172.16.2.1:5000', 'mirrors': [{'host': 'http://172.16.2.1:5000', 'capabilities': ['pull', 'resolve'], 'skip_verify': True}]})
changed: [k8s-db-03] => (item={'prefix': '172.16.2.1:5000', 'mirrors': [{'host': 'http://172.16.2.1:5000', 'capabilities': ['pull', 'resolve'], 'skip_verify': True}]})
changed: [k8s-db-02] => (item={'prefix': 'docker.io', 'mirrors': [{'host': 'http://172.16.2.1:5000', 'capabilities': ['pull', 'resolve'], 'skip_verify': True}]})
changed: [k8s-db-03] => (item={'prefix': 'docker.io', 'mirrors': [{'host': 'http://172.16.2.1:5000', 'capabilities': ['pull', 'resolve'], 'skip_verify': True}]})
changed: [k8s-db-02] => (item={'prefix': 'registry.k8s.io', 'mirrors': [{'host': 'http://172.16.2.1:5000', 'capabilities': ['pull', 'resolve'], 'skip_verify': True}]})
changed: [k8s-db-03] => (item={'prefix': 'registry.k8s.io', 'mirrors': [{'host': 'http://172.16.2.1:5000', 'capabilities': ['pull', 'resolve'], 'skip_verify': True}]})
changed: [k8s-db-02] => (item={'prefix': 'k8s.gcr.io', 'mirrors': [{'host': 'http://172.16.2.1:5000', 'capabilities': ['pull', 'resolve'], 'skip_verify': True}]})
changed: [k8s-db-03] => (item={'prefix': 'k8s.gcr.io', 'mirrors': [{'host': 'http://172.16.2.1:5000', 'capabilities': ['pull', 'resolve'], 'skip_verify': True}]})
changed: [k8s-db-03] => (item={'prefix': 'gcr.io', 'mirrors': [{'host': 'http://172.16.2.1:5000', 'capabilities': ['pull', 'resolve'], 'skip_verify': True}]})
changed: [k8s-db-02] => (item={'prefix': 'gcr.io', 'mirrors': [{'host': 'http://172.16.2.1:5000', 'capabilities': ['pull', 'resolve'], 'skip_verify': True}]})
changed: [k8s-db-02] => (item={'prefix': 'ghcr.io', 'mirrors': [{'host': 'http://172.16.2.1:5000', 'capabilities': ['pull', 'resolve'], 'skip_verify': True}]})
changed: [k8s-db-03] => (item={'prefix': 'ghcr.io', 'mirrors': [{'host': 'http://172.16.2.1:5000', 'capabilities': ['pull', 'resolve'], 'skip_verify': True}]})
changed: [k8s-db-03] => (item={'prefix': 'quay.io', 'mirrors': [{'host': 'http://172.16.2.1:5000', 'capabilities': ['pull', 'resolve'], 'skip_verify': True}]})
changed: [k8s-db-02] => (item={'prefix': 'quay.io', 'mirrors': [{'host': 'http://172.16.2.1:5000', 'capabilities': ['pull', 'resolve'], 'skip_verify': True}]})
changed: [osh-ctrl-02] => (item={'prefix': '172.16.2.1:5000', 'mirrors': [{'host': 'http://172.16.2.1:5000', 'capabilities': ['pull', 'resolve'], 'skip_verify': True}]})
changed: [osh-ctrl-01] => (item={'prefix': '172.16.2.1:5000', 'mirrors': [{'host': 'http://172.16.2.1:5000', 'capabilities': ['pull', 'resolve'], 'skip_verify': True}]})
changed: [osh-ctrl-02] => (item={'prefix': 'docker.io', 'mirrors': [{'host': 'http://172.16.2.1:5000', 'capabilities': ['pull', 'resolve'], 'skip_verify': True}]})
changed: [osh-ctrl-01] => (item={'prefix': 'docker.io', 'mirrors': [{'host': 'http://172.16.2.1:5000', 'capabilities': ['pull', 'resolve'], 'skip_verify': True}]})
changed: [osh-ctrl-02] => (item={'prefix': 'registry.k8s.io', 'mirrors': [{'host': 'http://172.16.2.1:5000', 'capabilities': ['pull', 'resolve'], 'skip_verify': True}]})
changed: [osh-ctrl-01] => (item={'prefix': 'registry.k8s.io', 'mirrors': [{'host': 'http://172.16.2.1:5000', 'capabilities': ['pull', 'resolve'], 'skip_verify': True}]})
changed: [osh-ctrl-02] => (item={'prefix': 'k8s.gcr.io', 'mirrors': [{'host': 'http://172.16.2.1:5000', 'capabilities': ['pull', 'resolve'], 'skip_verify':True}]})
changed: [osh-ctrl-01] => (item={'prefix': 'k8s.gcr.io', 'mirrors': [{'host': 'http://172.16.2.1:5000', 'capabilities': ['pull', 'resolve'], 'skip_verify':True}]})
changed: [osh-ctrl-02] => (item={'prefix': 'gcr.io', 'mirrors': [{'host': 'http://172.16.2.1:5000', 'capabilities': ['pull', 'resolve'], 'skip_verify': True}]})
changed: [osh-ctrl-01] => (item={'prefix': 'gcr.io', 'mirrors': [{'host': 'http://172.16.2.1:5000', 'capabilities': ['pull', 'resolve'], 'skip_verify': True}]})
changed: [osh-ctrl-02] => (item={'prefix': 'ghcr.io', 'mirrors': [{'host': 'http://172.16.2.1:5000', 'capabilities': ['pull', 'resolve'], 'skip_verify': True}]})
changed: [osh-ctrl-01] => (item={'prefix': 'ghcr.io', 'mirrors': [{'host': 'http://172.16.2.1:5000', 'capabilities': ['pull', 'resolve'], 'skip_verify': True}]})
changed: [osh-ctrl-02] => (item={'prefix': 'quay.io', 'mirrors': [{'host': 'http://172.16.2.1:5000', 'capabilities': ['pull', 'resolve'], 'skip_verify': True}]})
changed: [osh-ctrl-01] => (item={'prefix': 'quay.io', 'mirrors': [{'host': 'http://172.16.2.1:5000', 'capabilities': ['pull', 'resolve'], 'skip_verify': True}]})
changed: [osh-ctrl-03] => (item={'prefix': '172.16.2.1:5000', 'mirrors': [{'host': 'http://172.16.2.1:5000', 'capabilities': ['pull', 'resolve'], 'skip_verify': True}]})
changed: [osh-net-01] => (item={'prefix': '172.16.2.1:5000', 'mirrors': [{'host': 'http://172.16.2.1:5000', 'capabilities': ['pull', 'resolve'], 'skip_verify': True}]})
changed: [osh-ctrl-03] => (item={'prefix': 'docker.io', 'mirrors': [{'host': 'http://172.16.2.1:5000', 'capabilities': ['pull', 'resolve'], 'skip_verify': True}]})
changed: [osh-net-01] => (item={'prefix': 'docker.io', 'mirrors': [{'host': 'http://172.16.2.1:5000', 'capabilities': ['pull', 'resolve'], 'skip_verify': True}]})
changed: [osh-ctrl-03] => (item={'prefix': 'registry.k8s.io', 'mirrors': [{'host': 'http://172.16.2.1:5000', 'capabilities': ['pull', 'resolve'], 'skip_verify': True}]})
changed: [osh-net-01] => (item={'prefix': 'registry.k8s.io', 'mirrors': [{'host': 'http://172.16.2.1:5000', 'capabilities': ['pull', 'resolve'], 'skip_verify': True}]})
changed: [osh-ctrl-03] => (item={'prefix': 'k8s.gcr.io', 'mirrors': [{'host': 'http://172.16.2.1:5000', 'capabilities': ['pull', 'resolve'], 'skip_verify':True}]})
changed: [osh-net-01] => (item={'prefix': 'k8s.gcr.io', 'mirrors': [{'host': 'http://172.16.2.1:5000', 'capabilities': ['pull', 'resolve'], 'skip_verify': True}]})
changed: [osh-ctrl-03] => (item={'prefix': 'gcr.io', 'mirrors': [{'host': 'http://172.16.2.1:5000', 'capabilities': ['pull', 'resolve'], 'skip_verify': True}]})
changed: [osh-net-01] => (item={'prefix': 'gcr.io', 'mirrors': [{'host': 'http://172.16.2.1:5000', 'capabilities': ['pull', 'resolve'], 'skip_verify': True}]})
changed: [osh-ctrl-03] => (item={'prefix': 'ghcr.io', 'mirrors': [{'host': 'http://172.16.2.1:5000', 'capabilities': ['pull', 'resolve'], 'skip_verify': True}]})
changed: [osh-net-01] => (item={'prefix': 'ghcr.io', 'mirrors': [{'host': 'http://172.16.2.1:5000', 'capabilities': ['pull', 'resolve'], 'skip_verify': True}]})
changed: [osh-ctrl-03] => (item={'prefix': 'quay.io', 'mirrors': [{'host': 'http://172.16.2.1:5000', 'capabilities': ['pull', 'resolve'], 'skip_verify': True}]})
changed: [osh-net-01] => (item={'prefix': 'quay.io', 'mirrors': [{'host': 'http://172.16.2.1:5000', 'capabilities': ['pull', 'resolve'], 'skip_verify': True}]})
changed: [osh-net-02] => (item={'prefix': '172.16.2.1:5000', 'mirrors': [{'host': 'http://172.16.2.1:5000', 'capabilities': ['pull', 'resolve'], 'skip_verify': True}]})
changed: [MonSrv] => (item={'prefix': '172.16.2.1:5000', 'mirrors': [{'host': 'http://172.16.2.1:5000', 'capabilities': ['pull', 'resolve'], 'skip_verify':True}]})
changed: [osh-net-02] => (item={'prefix': 'docker.io', 'mirrors': [{'host': 'http://172.16.2.1:5000', 'capabilities': ['pull', 'resolve'], 'skip_verify': True}]})
changed: [MonSrv] => (item={'prefix': 'docker.io', 'mirrors': [{'host': 'http://172.16.2.1:5000', 'capabilities': ['pull', 'resolve'], 'skip_verify': True}]})
changed: [osh-net-02] => (item={'prefix': 'registry.k8s.io', 'mirrors': [{'host': 'http://172.16.2.1:5000', 'capabilities': ['pull', 'resolve'], 'skip_verify': True}]})
changed: [MonSrv] => (item={'prefix': 'registry.k8s.io', 'mirrors': [{'host': 'http://172.16.2.1:5000', 'capabilities': ['pull', 'resolve'], 'skip_verify':True}]})
changed: [osh-net-02] => (item={'prefix': 'k8s.gcr.io', 'mirrors': [{'host': 'http://172.16.2.1:5000', 'capabilities': ['pull', 'resolve'], 'skip_verify': True}]})
changed: [MonSrv] => (item={'prefix': 'k8s.gcr.io', 'mirrors': [{'host': 'http://172.16.2.1:5000', 'capabilities': ['pull', 'resolve'], 'skip_verify': True}]})
changed: [osh-net-02] => (item={'prefix': 'gcr.io', 'mirrors': [{'host': 'http://172.16.2.1:5000', 'capabilities': ['pull', 'resolve'], 'skip_verify': True}]})
changed: [MonSrv] => (item={'prefix': 'gcr.io', 'mirrors': [{'host': 'http://172.16.2.1:5000', 'capabilities': ['pull', 'resolve'], 'skip_verify': True}]})
changed: [osh-net-02] => (item={'prefix': 'ghcr.io', 'mirrors': [{'host': 'http://172.16.2.1:5000', 'capabilities': ['pull', 'resolve'], 'skip_verify': True}]})
changed: [MonSrv] => (item={'prefix': 'ghcr.io', 'mirrors': [{'host': 'http://172.16.2.1:5000', 'capabilities': ['pull', 'resolve'], 'skip_verify': True}]})
changed: [osh-net-02] => (item={'prefix': 'quay.io', 'mirrors': [{'host': 'http://172.16.2.1:5000', 'capabilities': ['pull', 'resolve'], 'skip_verify': True}]})
changed: [MonSrv] => (item={'prefix': 'quay.io', 'mirrors': [{'host': 'http://172.16.2.1:5000', 'capabilities': ['pull', 'resolve'], 'skip_verify': True}]})
changed: [osh-comp-01] => (item={'prefix': '172.16.2.1:5000', 'mirrors': [{'host': 'http://172.16.2.1:5000', 'capabilities': ['pull', 'resolve'], 'skip_verify': True}]})
changed: [osh-comp-02] => (item={'prefix': '172.16.2.1:5000', 'mirrors': [{'host': 'http://172.16.2.1:5000', 'capabilities': ['pull', 'resolve'], 'skip_verify': True}]})
changed: [osh-comp-01] => (item={'prefix': 'docker.io', 'mirrors': [{'host': 'http://172.16.2.1:5000', 'capabilities': ['pull', 'resolve'], 'skip_verify': True}]})
changed: [osh-comp-02] => (item={'prefix': 'docker.io', 'mirrors': [{'host': 'http://172.16.2.1:5000', 'capabilities': ['pull', 'resolve'], 'skip_verify': True}]})
changed: [osh-comp-01] => (item={'prefix': 'registry.k8s.io', 'mirrors': [{'host': 'http://172.16.2.1:5000', 'capabilities': ['pull', 'resolve'], 'skip_verify': True}]})
changed: [osh-comp-02] => (item={'prefix': 'registry.k8s.io', 'mirrors': [{'host': 'http://172.16.2.1:5000', 'capabilities': ['pull', 'resolve'], 'skip_verify': True}]})
changed: [osh-comp-01] => (item={'prefix': 'k8s.gcr.io', 'mirrors': [{'host': 'http://172.16.2.1:5000', 'capabilities': ['pull', 'resolve'], 'skip_verify':True}]})
changed: [osh-comp-02] => (item={'prefix': 'k8s.gcr.io', 'mirrors': [{'host': 'http://172.16.2.1:5000', 'capabilities': ['pull', 'resolve'], 'skip_verify':True}]})
changed: [osh-comp-01] => (item={'prefix': 'gcr.io', 'mirrors': [{'host': 'http://172.16.2.1:5000', 'capabilities': ['pull', 'resolve'], 'skip_verify': True}]})
changed: [osh-comp-02] => (item={'prefix': 'gcr.io', 'mirrors': [{'host': 'http://172.16.2.1:5000', 'capabilities': ['pull', 'resolve'], 'skip_verify': True}]})
changed: [osh-comp-01] => (item={'prefix': 'ghcr.io', 'mirrors': [{'host': 'http://172.16.2.1:5000', 'capabilities': ['pull', 'resolve'], 'skip_verify': True}]})
changed: [osh-comp-02] => (item={'prefix': 'ghcr.io', 'mirrors': [{'host': 'http://172.16.2.1:5000', 'capabilities': ['pull', 'resolve'], 'skip_verify': True}]})
changed: [osh-comp-01] => (item={'prefix': 'quay.io', 'mirrors': [{'host': 'http://172.16.2.1:5000', 'capabilities': ['pull', 'resolve'], 'skip_verify': True}]})
changed: [osh-comp-02] => (item={'prefix': 'quay.io', 'mirrors': [{'host': 'http://172.16.2.1:5000', 'capabilities': ['pull', 'resolve'], 'skip_verify': True}]})
changed: [osh-comp-03] => (item={'prefix': '172.16.2.1:5000', 'mirrors': [{'host': 'http://172.16.2.1:5000', 'capabilities': ['pull', 'resolve'], 'skip_verify': True}]})
changed: [osh-comp-04] => (item={'prefix': '172.16.2.1:5000', 'mirrors': [{'host': 'http://172.16.2.1:5000', 'capabilities': ['pull', 'resolve'], 'skip_verify': True}]})
changed: [osh-comp-03] => (item={'prefix': 'docker.io', 'mirrors': [{'host': 'http://172.16.2.1:5000', 'capabilities': ['pull', 'resolve'], 'skip_verify': True}]})
changed: [osh-comp-04] => (item={'prefix': 'docker.io', 'mirrors': [{'host': 'http://172.16.2.1:5000', 'capabilities': ['pull', 'resolve'], 'skip_verify': True}]})
changed: [osh-comp-03] => (item={'prefix': 'registry.k8s.io', 'mirrors': [{'host': 'http://172.16.2.1:5000', 'capabilities': ['pull', 'resolve'], 'skip_verify': True}]})
changed: [osh-comp-04] => (item={'prefix': 'registry.k8s.io', 'mirrors': [{'host': 'http://172.16.2.1:5000', 'capabilities': ['pull', 'resolve'], 'skip_verify': True}]})
changed: [osh-comp-03] => (item={'prefix': 'k8s.gcr.io', 'mirrors': [{'host': 'http://172.16.2.1:5000', 'capabilities': ['pull', 'resolve'], 'skip_verify':True}]})
changed: [osh-comp-04] => (item={'prefix': 'k8s.gcr.io', 'mirrors': [{'host': 'http://172.16.2.1:5000', 'capabilities': ['pull', 'resolve'], 'skip_verify':True}]})
changed: [osh-comp-03] => (item={'prefix': 'gcr.io', 'mirrors': [{'host': 'http://172.16.2.1:5000', 'capabilities': ['pull', 'resolve'], 'skip_verify': True}]})
changed: [osh-comp-04] => (item={'prefix': 'gcr.io', 'mirrors': [{'host': 'http://172.16.2.1:5000', 'capabilities': ['pull', 'resolve'], 'skip_verify': True}]})
changed: [osh-comp-03] => (item={'prefix': 'ghcr.io', 'mirrors': [{'host': 'http://172.16.2.1:5000', 'capabilities': ['pull', 'resolve'], 'skip_verify': True}]})
changed: [osh-comp-04] => (item={'prefix': 'ghcr.io', 'mirrors': [{'host': 'http://172.16.2.1:5000', 'capabilities': ['pull', 'resolve'], 'skip_verify': True}]})
changed: [osh-comp-03] => (item={'prefix': 'quay.io', 'mirrors': [{'host': 'http://172.16.2.1:5000', 'capabilities': ['pull', 'resolve'], 'skip_verify': True}]})
changed: [osh-comp-04] => (item={'prefix': 'quay.io', 'mirrors': [{'host': 'http://172.16.2.1:5000', 'capabilities': ['pull', 'resolve'], 'skip_verify': True}]})
Wednesday 16 September 2026  13:50:10 -0500 (0:09:58.140)       1:42:23.254 ***
Wednesday 16 September 2026  13:50:10 -0500 (0:00:00.046)       1:42:23.300 ***
Wednesday 16 September 2026  13:50:10 -0500 (0:00:00.046)       1:42:23.347 ***
Wednesday 16 September 2026  13:50:10 -0500 (0:00:00.048)       1:42:23.396 ***
Wednesday 16 September 2026  13:50:11 -0500 (0:00:00.045)       1:42:23.442 ***
Wednesday 16 September 2026  13:50:11 -0500 (0:00:00.047)       1:42:23.489 ***
Wednesday 16 September 2026  13:50:11 -0500 (0:00:00.049)       1:42:23.538 ***
Wednesday 16 September 2026  13:50:11 -0500 (0:00:00.046)       1:42:23.585 ***
Wednesday 16 September 2026  13:50:11 -0500 (0:00:00.057)       1:42:23.642 ***
Wednesday 16 September 2026  13:50:11 -0500 (0:00:00.058)       1:42:23.701 ***
Wednesday 16 September 2026  13:50:11 -0500 (0:00:00.054)       1:42:23.756 ***
Wednesday 16 September 2026  13:50:11 -0500 (0:00:00.055)       1:42:23.811 ***
Wednesday 16 September 2026  13:50:11 -0500 (0:00:00.057)       1:42:23.869 ***
Wednesday 16 September 2026  13:50:11 -0500 (0:00:00.057)       1:42:23.926 ***
Wednesday 16 September 2026  13:50:11 -0500 (0:00:00.056)       1:42:23.982 ***
Wednesday 16 September 2026  13:50:11 -0500 (0:00:00.055)       1:42:24.037 ***
Wednesday 16 September 2026  13:50:11 -0500 (0:00:00.067)       1:42:24.105 ***

RUNNING HANDLER [container-engine/crictl : Get crictl completion] **************
ok: [k8s-master-01]
ok: [k8s-master-02]
ok: [k8s-db-01]
ok: [k8s-master-03]
ok: [k8s-db-02]
ok: [k8s-db-03]
ok: [osh-ctrl-01]
ok: [osh-ctrl-02]
ok: [osh-ctrl-03]
ok: [osh-net-01]
ok: [osh-net-02]
ok: [MonSrv]
ok: [osh-comp-01]
ok: [osh-comp-02]
ok: [osh-comp-03]
ok: [osh-comp-04]
Wednesday 16 September 2026  13:50:39 -0500 (0:00:27.592)       1:42:51.697 ***

RUNNING HANDLER [container-engine/crictl : Install crictl completion] **********
changed: [k8s-master-01]
changed: [k8s-master-02]
changed: [k8s-db-01]
changed: [k8s-master-03]
changed: [k8s-db-02]
changed: [k8s-db-03]
changed: [osh-ctrl-01]
changed: [osh-ctrl-02]
changed: [osh-ctrl-03]
changed: [osh-net-01]
changed: [osh-net-02]
changed: [MonSrv]
changed: [osh-comp-01]
changed: [osh-comp-02]
changed: [osh-comp-03]
changed: [osh-comp-04]
Wednesday 16 September 2026  13:52:05 -0500 (0:01:26.002)       1:44:17.699 ***

RUNNING HANDLER [container-engine/nerdctl : Get nerdctl completion] ************
ok: [k8s-master-01]
ok: [k8s-master-02]
ok: [k8s-db-01]
ok: [k8s-master-03]
ok: [k8s-db-02]
ok: [k8s-db-03]
ok: [osh-ctrl-02]
ok: [osh-ctrl-01]
ok: [osh-ctrl-03]
ok: [osh-net-01]
ok: [osh-net-02]
ok: [MonSrv]
ok: [osh-comp-01]
ok: [osh-comp-02]
ok: [osh-comp-03]
ok: [osh-comp-04]
Wednesday 16 September 2026  13:52:32 -0500 (0:00:27.676)       1:44:45.376 ***

RUNNING HANDLER [container-engine/nerdctl : Install nerdctl completion] ********
changed: [k8s-master-02]
changed: [k8s-master-01]
changed: [k8s-master-03]
changed: [k8s-db-01]
changed: [k8s-db-02]
changed: [k8s-db-03]
changed: [osh-ctrl-01]
changed: [osh-ctrl-02]
changed: [osh-ctrl-03]
changed: [osh-net-01]
changed: [osh-net-02]
changed: [MonSrv]
changed: [osh-comp-01]
changed: [osh-comp-02]
changed: [osh-comp-03]
changed: [osh-comp-04]
Wednesday 16 September 2026  13:54:02 -0500 (0:01:29.542)       1:46:14.919 ***

RUNNING HANDLER [container-engine/containerd : Containerd | restart containerd] ***
changed: [k8s-master-01]
changed: [k8s-master-02]
changed: [k8s-db-01]
changed: [k8s-master-03]
changed: [k8s-db-02]
changed: [k8s-db-03]
changed: [osh-ctrl-02]
changed: [osh-ctrl-01]
changed: [osh-ctrl-03]
changed: [osh-net-01]
changed: [osh-net-02]
changed: [MonSrv]
changed: [osh-comp-01]
changed: [osh-comp-02]
changed: [osh-comp-03]
changed: [osh-comp-04]
Wednesday 16 September 2026  13:54:45 -0500 (0:00:43.310)       1:46:58.229 ***

RUNNING HANDLER [container-engine/containerd : Containerd | wait for containerd] ***
changed: [k8s-master-01]
changed: [k8s-master-02]
changed: [k8s-db-01]
changed: [k8s-master-03]
changed: [k8s-db-02]
changed: [k8s-db-03]
changed: [osh-ctrl-01]
changed: [osh-ctrl-02]
changed: [osh-ctrl-03]
changed: [osh-net-01]
changed: [osh-net-02]
changed: [MonSrv]
changed: [osh-comp-01]
changed: [osh-comp-02]
changed: [osh-comp-03]
changed: [osh-comp-04]
Wednesday 16 September 2026  13:55:12 -0500 (0:00:26.517)       1:47:24.747 ***

TASK [container-engine/containerd : Containerd | Ensure containerd is started and enabled] ***
ok: [k8s-master-01]
ok: [k8s-master-02]
ok: [k8s-master-03]
ok: [k8s-db-01]
ok: [k8s-db-02]
ok: [k8s-db-03]
ok: [osh-ctrl-02]
ok: [osh-ctrl-01]
ok: [osh-ctrl-03]
ok: [osh-net-01]
ok: [osh-net-02]
ok: [MonSrv]
ok: [osh-comp-01]
ok: [osh-comp-02]
ok: [osh-comp-03]
ok: [osh-comp-04]
Wednesday 16 September 2026  13:55:54 -0500 (0:00:42.630)       1:48:07.377 ***

TASK [download : Prep_download | Set a few facts] ******************************
ok: [k8s-master-01]
ok: [k8s-master-02]
ok: [k8s-master-03]
ok: [k8s-db-01]
ok: [k8s-db-02]
ok: [k8s-db-03]
ok: [osh-ctrl-01]
ok: [osh-ctrl-02]
ok: [osh-ctrl-03]
ok: [osh-net-01]
ok: [osh-net-02]
ok: [MonSrv]
ok: [osh-comp-01]
ok: [osh-comp-02]
ok: [osh-comp-03]
ok: [osh-comp-04]
Wednesday 16 September 2026  13:56:00 -0500 (0:00:05.495)       1:48:12.873 ***
Wednesday 16 September 2026  13:56:01 -0500 (0:00:00.783)       1:48:13.657 ***
Wednesday 16 September 2026  13:56:01 -0500 (0:00:00.614)       1:48:14.271 ***
Wednesday 16 September 2026  13:56:05 -0500 (0:00:03.892)       1:48:18.164 ***
Wednesday 16 September 2026  13:56:09 -0500 (0:00:03.587)       1:48:21.752 ***

TASK [download : Prep_download | Register docker images info] ******************
ok: [k8s-master-02]
ok: [k8s-master-01]
ok: [k8s-master-03]
ok: [k8s-db-01]
ok: [k8s-db-02]
ok: [k8s-db-03]
ok: [osh-ctrl-01]
ok: [osh-ctrl-03]
ok: [osh-ctrl-02]
ok: [osh-net-01]
ok: [osh-net-02]
ok: [MonSrv]
ok: [osh-comp-01]
ok: [osh-comp-02]
ok: [osh-comp-03]
ok: [osh-comp-04]
Wednesday 16 September 2026  13:56:36 -0500 (0:00:27.175)       1:48:48.928 ***

TASK [download : Prep_download | Create staging directory on remote node] ******
changed: [k8s-master-02]
changed: [k8s-master-01]
changed: [k8s-db-01]
changed: [k8s-master-03]
changed: [k8s-db-02]
changed: [k8s-db-03]
changed: [osh-ctrl-02]
changed: [osh-ctrl-01]
changed: [osh-ctrl-03]
changed: [osh-net-01]
changed: [osh-net-02]
changed: [MonSrv]
changed: [osh-comp-01]
changed: [osh-comp-02]
changed: [osh-comp-03]
changed: [osh-comp-04]
Wednesday 16 September 2026  13:57:01 -0500 (0:00:25.435)       1:49:14.363 ***

TASK [download : Prep_download | Create local cache for files and images on control node] ***
changed: [k8s-master-01 -> localhost]
Wednesday 16 September 2026  13:57:02 -0500 (0:00:00.805)       1:49:15.168 ***

TASK [download : Download | Get kubeadm binary and list of required images] ****
included: /opt/fabric-cache/repos/kubespray/roles/download/tasks/prep_kubeadm_images.yml for k8s-master-01, k8s-master-02, k8s-master-03
Wednesday 16 September 2026  13:57:06 -0500 (0:00:03.704)       1:49:18.872 ***

TASK [download : Prep_kubeadm_images | Download kubeadm binary] ****************
included: /opt/fabric-cache/repos/kubespray/roles/download/tasks/download_file.yml for k8s-master-01, k8s-master-02, k8s-master-03
Wednesday 16 September 2026  13:57:10 -0500 (0:00:04.260)       1:49:23.133 ***

TASK [download : Prep_download | Set a few facts] ******************************
ok: [k8s-master-01]
ok: [k8s-master-02]
ok: [k8s-master-03]
Wednesday 16 September 2026  13:57:15 -0500 (0:00:04.329)       1:49:27.463 ***

TASK [download : Download_file | Show url of file to download] *****************
ok: [k8s-master-01] => {
    "msg": "http://172.16.2.1:8080/kubeadm-v1.35.4-amd64"
}
Wednesday 16 September 2026  13:57:17 -0500 (0:00:02.906)       1:49:30.370 ***

TASK [download : Download_file | Set pathname of cached file] ******************
ok: [k8s-master-01]
ok: [k8s-master-02]
ok: [k8s-master-03]
Wednesday 16 September 2026  13:57:26 -0500 (0:00:08.507)       1:49:38.877 ***

TASK [download : Download_file | Create dest directory on node] ****************
changed: [k8s-master-01]
changed: [k8s-master-02]
changed: [k8s-master-03]
Wednesday 16 September 2026  13:57:36 -0500 (0:00:10.420)       1:49:49.297 ***

TASK [download : Download_file | Create local cache directory] *****************
ok: [k8s-master-01 -> localhost]
Wednesday 16 September 2026  13:57:39 -0500 (0:00:02.323)       1:49:51.621 ***

TASK [download : Download_file | Create cache directory on download_delegate host] ***
ok: [k8s-master-01]
Wednesday 16 September 2026  13:57:43 -0500 (0:00:04.275)       1:49:55.897 ***

TASK [download : Download_file | Download item] ********************************
changed: [k8s-master-01]
Wednesday 16 September 2026  13:57:54 -0500 (0:00:11.426)       1:50:07.323 ***

TASK [download : Download_file | Copy file back to ansible host file cache] ****
changed: [k8s-master-01]
Wednesday 16 September 2026  13:58:10 -0500 (0:00:16.017)       1:50:23.340 ***

TASK [download : Download_file | Copy file from cache to nodes, if it is available] ***
changed: [k8s-master-02]
changed: [k8s-master-01]
changed: [k8s-master-03]
Wednesday 16 September 2026  13:58:50 -0500 (0:00:39.830)       1:51:03.171 ***

TASK [download : Download_file | Set mode and owner] ***************************
changed: [k8s-master-02]
changed: [k8s-master-01]
changed: [k8s-master-03]
Wednesday 16 September 2026  13:59:04 -0500 (0:00:14.160)       1:51:17.331 ***

TASK [download : Download_file | Extract file archives] ************************
included: /opt/fabric-cache/repos/kubespray/roles/download/tasks/extract_file.yml for k8s-master-01, k8s-master-02, k8s-master-03
Wednesday 16 September 2026  13:59:05 -0500 (0:00:00.161)       1:51:17.492 ***
Wednesday 16 September 2026  13:59:12 -0500 (0:00:06.912)       1:51:24.405 ***

TASK [download : Prep_kubeadm_images | Copy kubeadm binary from download dir to system path] ***
changed: [k8s-master-01]
changed: [k8s-master-02]
changed: [k8s-master-03]
Wednesday 16 September 2026  13:59:27 -0500 (0:00:15.600)       1:51:40.005 ***

TASK [download : Prep_kubeadm_images | Create kubeadm config] ******************
changed: [k8s-master-02]
changed: [k8s-master-01]
changed: [k8s-master-03]
Wednesday 16 September 2026  13:59:52 -0500 (0:00:25.383)       1:52:05.388 ***

TASK [download : Prep_kubeadm_images | Generate list of required images] *******
ok: [k8s-master-01]
Wednesday 16 September 2026  13:59:55 -0500 (0:00:02.305)       1:52:07.694 ***

TASK [download : Prep_kubeadm_images | Parse list of images] *******************
ok: [k8s-master-01] => (item=172.16.2.1:5000/kube-apiserver:v1.35.4)
ok: [k8s-master-01] => (item=172.16.2.1:5000/kube-controller-manager:v1.35.4)
ok: [k8s-master-01] => (item=172.16.2.1:5000/kube-scheduler:v1.35.4)
ok: [k8s-master-01] => (item=172.16.2.1:5000/kube-proxy:v1.35.4)
Wednesday 16 September 2026  13:59:56 -0500 (0:00:01.601)       1:52:09.295 ***

TASK [download : Prep_kubeadm_images | Convert list of images to dict for later use] ***
ok: [k8s-master-01]
Wednesday 16 September 2026  13:59:58 -0500 (0:00:01.569)       1:52:10.865 ***

TASK [download : Download | Download files / images] ***************************
included: /opt/fabric-cache/repos/kubespray/roles/download/tasks/download_file.yml for k8s-master-02, k8s-master-01, k8s-master-03, k8s-db-01, k8s-db-02, k8s-db-03, osh-ctrl-01, osh-ctrl-02, osh-ctrl-03, osh-net-01, osh-net-02, MonSrv, osh-comp-01, osh-comp-02, osh-comp-03, osh-comp-04 => (item={'key': 'cni', 'value': {'enabled': True, 'file': True, 'dest': '/opt/fabric-cache/cni-plugins-linux-amd64-1.9.1.tgz', 'checksum': 'sha256:b98f74a0f8522f0a83867178729c1aa70f2158f90c45a2ca8fa791db1c76b303', 'url': 'http://172.16.2.1:8080/cni-plugins-linux-amd64-v1.9.1.tgz', 'unarchive': False, 'owner': 'root', 'mode': '0755', 'groups': ['k8s_cluster']}})
included: /opt/fabric-cache/repos/kubespray/roles/download/tasks/download_file.yml for k8s-master-02, k8s-master-01, k8s-master-03, k8s-db-01, k8s-db-02, k8s-db-03, osh-ctrl-01, osh-ctrl-02, osh-ctrl-03, osh-net-01, osh-net-02, MonSrv, osh-comp-01, osh-comp-02, osh-comp-03, osh-comp-04 => (item={'key': 'kubeadm', 'value': {'enabled': True, 'file': True, 'dest': '/opt/fabric-cache/kubeadm-1.35.4-amd64', 'checksum': 'sha256:0c0497da793f8897c14e45340da919534b615294a1aab69dc1998896c0f11145', 'url': 'http://172.16.2.1:8080/kubeadm-v1.35.4-amd64', 'unarchive': False, 'owner': 'root', 'mode': '0755', 'groups': ['k8s_cluster']}})
included: /opt/fabric-cache/repos/kubespray/roles/download/tasks/download_file.yml for k8s-master-02, k8s-master-01, k8s-master-03, k8s-db-01, k8s-db-02, k8s-db-03, osh-ctrl-01, osh-ctrl-02, osh-ctrl-03, osh-net-01, osh-net-02, MonSrv, osh-comp-01, osh-comp-02, osh-comp-03, osh-comp-04 => (item={'key': 'kubelet', 'value': {'enabled': True, 'file': True, 'dest': '/opt/fabric-cache/kubelet-1.35.4-amd64', 'checksum': 'sha256:983a6ba5a49823dcdd745c674e5e2416377dd27d6ad1b42d2befa0fb961a19f6', 'url': 'http://172.16.2.1:8080/kubelet-v1.35.4-amd64', 'unarchive': False, 'owner': 'root', 'mode': '0755', 'groups': ['k8s_cluster']}})
included: /opt/fabric-cache/repos/kubespray/roles/download/tasks/download_file.yml for k8s-master-02, k8s-master-01, k8s-master-03 => (item={'key': 'kubectl', 'value': {'enabled': True, 'file': True, 'dest': '/opt/fabric-cache/kubectl-1.35.4-amd64', 'checksum': 'sha256:b529430df69a688fd61b64ad2299edb5fd71cb58be2a4779dba624c7d3510efd', 'url': 'http://172.16.2.1:8080/kubectl-v1.35.4-amd64', 'unarchive': False, 'owner': 'root', 'mode': '0755', 'groups': ['kube_control_plane']}})
included: /opt/fabric-cache/repos/kubespray/roles/download/tasks/download_file.yml for k8s-master-02, k8s-master-01, k8s-master-03, k8s-db-01, k8s-db-02, k8s-db-03, osh-ctrl-01, osh-ctrl-02, osh-ctrl-03, osh-net-01, osh-net-02, MonSrv, osh-comp-01, osh-comp-02, osh-comp-03, osh-comp-04 => (item={'key': 'crictl', 'value': {'file': True, 'enabled': True, 'dest': '/opt/fabric-cache/crictl-1.35.0-linux-amd64.tar.gz', 'checksum': 'sha256:2e141e5b22cb189c40365a11807d69b76b9b3caced89fac2f4ec879408ce2177', 'url': 'http://172.16.2.1:8080/crictl-v1.35.0-linux-amd64.tar.gz', 'unarchive': True, 'owner': 'root', 'mode': '0755', 'groups': ['k8s_cluster']}})
included: /opt/fabric-cache/repos/kubespray/roles/download/tasks/download_file.yml for k8s-master-02, k8s-master-01, k8s-master-03, k8s-db-01, k8s-db-02, k8s-db-03, osh-ctrl-01, osh-ctrl-02, osh-ctrl-03, osh-net-01, osh-net-02, MonSrv, osh-comp-01, osh-comp-02, osh-comp-03, osh-comp-04 => (item={'key': 'runc','value': {'file': True, 'enabled': True, 'dest': '/opt/fabric-cache/runc-1.4.2.amd64', 'checksum': 'sha256:ac8a90f9e225bb9322189937b230cdc5478d5753f0e31e1bda98a5cf06bd9539', 'url': 'http://172.16.2.1:8080/runc.amd64', 'unarchive': False, 'owner': 'root', 'mode': '0755', 'groups': ['k8s_cluster']}})
included: /opt/fabric-cache/repos/kubespray/roles/download/tasks/download_file.yml for k8s-master-02, k8s-master-01, k8s-master-03, k8s-db-01, k8s-db-02, k8s-db-03, osh-ctrl-01, osh-ctrl-02, osh-ctrl-03, osh-net-01, osh-net-02, MonSrv, osh-comp-01, osh-comp-02, osh-comp-03, osh-comp-04 => (item={'key': 'containerd', 'value': {'enabled': True, 'file': True, 'dest': '/opt/fabric-cache/containerd-2.2.3-linux-amd64.tar.gz', 'checksum': 'sha256:ca26ef5138f17b847bbeeec36d4bf5e002b54d25858197a870c125d57f44d32f', 'url': 'http://172.16.2.1:8080/containerd-2.2.3-linux-amd64.tar.gz', 'unarchive': False, 'owner': 'root', 'mode': '0755', 'groups': ['k8s_cluster']}})
included: /opt/fabric-cache/repos/kubespray/roles/download/tasks/download_file.yml for k8s-master-02, k8s-master-01, k8s-master-03, k8s-db-01, k8s-db-02, k8s-db-03, osh-ctrl-01, osh-ctrl-02, osh-ctrl-03, osh-net-01, osh-net-02, MonSrv, osh-comp-01, osh-comp-02, osh-comp-03, osh-comp-04 => (item={'key': 'nerdctl', 'value': {'file': True, 'enabled': True, 'dest': '/opt/fabric-cache/nerdctl-2.2.2-linux-amd64.tar.gz', 'checksum': 'sha256:6f637760fb2875e3454e97c3de7438fd17281b5996908cbd8ee1c872b0653cc8', 'url': 'http://172.16.2.1:8080/nerdctl-2.2.2-linux-amd64.tar.gz', 'unarchive': True, 'owner': 'root', 'mode': '0755', 'groups': ['k8s_cluster']}})
included: /opt/fabric-cache/repos/kubespray/roles/download/tasks/download_container.yml for k8s-master-02, k8s-master-01, k8s-master-03, k8s-db-01, k8s-db-02, k8s-db-03, osh-ctrl-01, osh-ctrl-02, osh-ctrl-03, osh-net-01, osh-net-02, MonSrv, osh-comp-01, osh-comp-02, osh-comp-03, osh-comp-04 => (item={'key': 'multus', 'value': {'enabled': True, 'container': True, 'repo': '172.16.2.1:5000/k8snetworkplumbingwg/multus-cni', 'tag': 'v4.1.0', 'checksum': '', 'groups': ['k8s_cluster']}})
included: /opt/fabric-cache/repos/kubespray/roles/download/tasks/download_file.yml for k8s-master-02, k8s-master-01, k8s-master-03, k8s-db-01, k8s-db-02, k8s-db-03, osh-ctrl-01, osh-ctrl-02, osh-ctrl-03, osh-net-01, osh-net-02, MonSrv, osh-comp-01, osh-comp-02, osh-comp-03, osh-comp-04 => (item={'key': 'calicoctl', 'value': {'enabled': True, 'file': True, 'dest': '/opt/fabric-cache/calicoctl-3.29.2-amd64', 'checksum': 'sha256:6076d6745c4d60c0c4322961cbb256a0ffa8476cf7f8dbe5de4ae82c55bca020', 'url': 'http://172.16.2.1:8080/calicoctl-3.29.2-linux-amd64', 'unarchive': False, 'owner': 'root', 'mode': '0755', 'groups': ['k8s_cluster']}})
included: /opt/fabric-cache/repos/kubespray/roles/download/tasks/download_container.yml for k8s-master-02, k8s-master-01, k8s-master-03, k8s-db-01, k8s-db-02, k8s-db-03, osh-ctrl-01, osh-ctrl-02, osh-ctrl-03, osh-net-01, osh-net-02, MonSrv, osh-comp-01, osh-comp-02, osh-comp-03, osh-comp-04 => (item={'key': 'calico_node', 'value': {'enabled': True, 'container': True, 'repo': '172.16.2.1:5000/calico/node', 'tag': 'v3.29.2', 'checksum': '', 'groups': ['k8s_cluster']}})
included: /opt/fabric-cache/repos/kubespray/roles/download/tasks/download_container.yml for k8s-master-02, k8s-master-01, k8s-master-03, k8s-db-01, k8s-db-02, k8s-db-03, osh-ctrl-01, osh-ctrl-02, osh-ctrl-03, osh-net-01, osh-net-02, MonSrv, osh-comp-01, osh-comp-02, osh-comp-03, osh-comp-04 => (item={'key': 'calico_cni', 'value': {'enabled': True, 'container': True, 'repo': '172.16.2.1:5000/calico/cni', 'tag': 'v3.29.2', 'checksum': '', 'groups': ['k8s_cluster']}})
included: /opt/fabric-cache/repos/kubespray/roles/download/tasks/download_container.yml for k8s-master-02, k8s-master-01, k8s-master-03, k8s-db-01, k8s-db-02, k8s-db-03, osh-ctrl-01, osh-ctrl-02, osh-ctrl-03, osh-net-01, osh-net-02, MonSrv, osh-comp-01, osh-comp-02, osh-comp-03, osh-comp-04 => (item={'key': 'calico_policy', 'value': {'enabled': True, 'container': True, 'repo': '172.16.2.1:5000/calico/kube-controllers', 'tag': 'v3.29.2', 'checksum': '', 'groups': ['k8s_cluster']}})
included: /opt/fabric-cache/repos/kubespray/roles/download/tasks/download_file.yml for k8s-master-02, k8s-master-01, k8s-master-03 => (item={'key': 'calico_crds', 'value': {'file': True, 'enabled': True, 'dest': '/opt/fabric-cache/calico-3.29.2-kdd-crds/crds.yaml', 'checksum': 'sha256:1620ee6f539de44bbb3ec4aa3c2687b5023d4ee30795b30663ab3423b0c5f5d5', 'url': 'http://172.16.2.1:8080/calico-crds-3.29.2.yaml', 'owner': 'root', 'mode': '0755', 'groups': ['kube_control_plane']}})
included: /opt/fabric-cache/repos/kubespray/roles/download/tasks/download_container.yml for k8s-master-02, k8s-master-01, k8s-master-03, k8s-db-01, k8s-db-02, k8s-db-03, osh-ctrl-01, osh-ctrl-02, osh-ctrl-03, osh-net-01, osh-net-02, MonSrv, osh-comp-01, osh-comp-02, osh-comp-03, osh-comp-04 => (item={'key': 'pod_infra', 'value': {'enabled': True, 'container': True, 'repo': '172.16.2.1:5000/pause', 'tag': '3.10.1', 'checksum': '', 'groups': ['k8s_cluster']}})
included: /opt/fabric-cache/repos/kubespray/roles/download/tasks/download_container.yml for k8s-master-02, k8s-master-01, k8s-master-03, k8s-db-01, k8s-db-02, k8s-db-03, osh-ctrl-01, osh-ctrl-02, osh-ctrl-03, osh-net-01, osh-net-02, MonSrv, osh-comp-01, osh-comp-02, osh-comp-03, osh-comp-04 => (item={'key': 'coredns', 'value': {'enabled': True, 'container': True, 'repo': '172.16.2.1:5000/coredns/coredns', 'tag': 'v1.12.0', 'checksum': '', 'groups': ['k8s_cluster']}})
included: /opt/fabric-cache/repos/kubespray/roles/download/tasks/download_container.yml for k8s-master-02, k8s-master-01, k8s-master-03, k8s-db-01, k8s-db-02, k8s-db-03, osh-ctrl-01, osh-ctrl-02, osh-ctrl-03, osh-net-01, osh-net-02, MonSrv, osh-comp-01, osh-comp-02, osh-comp-03, osh-comp-04 => (item={'key': 'nodelocaldns', 'value': {'enabled': True, 'container': True, 'repo': '172.16.2.1:5000/dns/k8s-dns-node-cache', 'tag': '1.25.0', 'checksum': '', 'groups': ['k8s_cluster']}})
included: /opt/fabric-cache/repos/kubespray/roles/download/tasks/download_container.yml for k8s-master-02, k8s-master-01, k8s-master-03 => (item={'key': 'dnsautoscaler', 'value': {'enabled': True, 'container': True, 'repo': '172.16.2.1:5000/cpa/cluster-proportional-autoscaler', 'tag': 'v1.8.8', 'checksum': '','groups': ['kube_control_plane']}})
included: /opt/fabric-cache/repos/kubespray/roles/download/tasks/download_container.yml for k8s-master-02, k8s-master-01, k8s-master-03 => (item={'key': 'metallb_speaker', 'value': {'enabled': True, 'container': True, 'repo': '172.16.2.1:5000/metallb/speaker', 'tag': 'v0.13.9', 'checksum': '', 'groups': ['kube_control_plane']}})
included: /opt/fabric-cache/repos/kubespray/roles/download/tasks/download_container.yml for k8s-master-02, k8s-master-01, k8s-master-03 => (item={'key': 'metallb_controller', 'value': {'enabled': True, 'container': True, 'repo': '172.16.2.1:5000/metallb/controller', 'tag': 'v0.13.9', 'checksum': '', 'groups': ['kube_control_plane']}})
included: /opt/fabric-cache/repos/kubespray/roles/download/tasks/download_container.yml for k8s-master-02, k8s-master-01, k8s-master-03, k8s-db-01, k8s-db-02, k8s-db-03, osh-ctrl-01, osh-ctrl-02, osh-ctrl-03, osh-net-01, osh-net-02, MonSrv, osh-comp-01, osh-comp-02, osh-comp-03, osh-comp-04 => (item={'key': 'kubeadm_kube-apiserver', 'value': {'enabled': True, 'container': True, 'repo': '172.16.2.1:5000/kube-apiserver', 'tag': 'v1.35.4', 'groups': ['k8s_cluster']}})
included: /opt/fabric-cache/repos/kubespray/roles/download/tasks/download_container.yml for k8s-master-02, k8s-master-01, k8s-master-03, k8s-db-01, k8s-db-02, k8s-db-03, osh-ctrl-01, osh-ctrl-02, osh-ctrl-03, osh-net-01, osh-net-02, MonSrv, osh-comp-01, osh-comp-02, osh-comp-03, osh-comp-04 => (item={'key': 'kubeadm_kube-controller-manager', 'value': {'enabled': True, 'container': True, 'repo': '172.16.2.1:5000/kube-controller-manager', 'tag': 'v1.35.4', 'groups': ['k8s_cluster']}})
included: /opt/fabric-cache/repos/kubespray/roles/download/tasks/download_container.yml for k8s-master-02, k8s-master-01, k8s-master-03, k8s-db-01, k8s-db-02, k8s-db-03, osh-ctrl-01, osh-ctrl-02, osh-ctrl-03, osh-net-01, osh-net-02, MonSrv, osh-comp-01, osh-comp-02, osh-comp-03, osh-comp-04 => (item={'key': 'kubeadm_kube-scheduler', 'value': {'enabled': True, 'container': True, 'repo': '172.16.2.1:5000/kube-scheduler', 'tag': 'v1.35.4', 'groups': ['k8s_cluster']}})
included: /opt/fabric-cache/repos/kubespray/roles/download/tasks/download_container.yml for k8s-master-02, k8s-master-01, k8s-master-03, k8s-db-01, k8s-db-02, k8s-db-03, osh-ctrl-01, osh-ctrl-02, osh-ctrl-03, osh-net-01, osh-net-02, MonSrv, osh-comp-01, osh-comp-02, osh-comp-03, osh-comp-04 => (item={'key': 'kubeadm_kube-proxy', 'value': {'enabled': True, 'container': True, 'repo': '172.16.2.1:5000/kube-proxy', 'tag': 'v1.35.4', 'groups': ['k8s_cluster']}})
included: /opt/fabric-cache/repos/kubespray/roles/download/tasks/download_file.yml for k8s-master-01, k8s-db-01, k8s-db-02, k8s-db-03 => (item={'key': 'etcd', 'value': {'container': False, 'file': True, 'enabled': True, 'dest': '/opt/fabric-cache/etcd-3.5.24-linux-amd64.tar.gz', 'repo': '172.16.2.1:5000/coreos/etcd', 'tag': 'v3.5.24', 'checksum': 'sha256:042497e2ddcee06f22e5d486d81f58affa26b53ee423e2a6aaca3d3ea98c8191', 'url': 'http://172.16.2.1:8080/etcd-v3.5.24-linux-amd64.tar.gz', 'unarchive': True, 'owner': 'root', 'mode': '0755', 'groups': ['etcd']}})
included: /opt/fabric-cache/repos/kubespray/roles/download/tasks/download_container.yml for k8s-master-01, k8s-db-01, k8s-db-02, k8s-db-03, osh-ctrl-01, osh-ctrl-02, osh-ctrl-03, osh-net-01, osh-net-02, MonSrv, osh-comp-01, osh-comp-02, osh-comp-03, osh-comp-04 => (item={'key': 'nginx', 'value': {'enabled': True, 'container': True, 'repo': '172.16.2.1:5000/library/nginx', 'tag': '1.28.2-alpine', 'checksum': '', 'groups': ['kube_node']}})
Wednesday 16 September 2026  14:02:44 -0500 (0:02:45.591)       1:54:56.456 ***

TASK [download : Prep_download | Set a few facts] ******************************
ok: [k8s-master-01]
ok: [k8s-master-02]
ok: [k8s-master-03]
ok: [k8s-db-01]
ok: [k8s-db-02]
ok: [k8s-db-03]
ok: [osh-ctrl-01]
ok: [osh-ctrl-02]
ok: [osh-ctrl-03]
ok: [osh-net-01]
ok: [osh-net-02]
ok: [MonSrv]
ok: [osh-comp-01]
ok: [osh-comp-02]
ok: [osh-comp-03]
ok: [osh-comp-04]
Wednesday 16 September 2026  14:02:48 -0500 (0:00:04.803)       1:55:01.260 ***

TASK [download : Download_file | Show url of file to download] *****************
ok: [k8s-master-01] => {
    "msg": "http://172.16.2.1:8080/cni-plugins-linux-amd64-v1.9.1.tgz"
}
Wednesday 16 September 2026  14:02:49 -0500 (0:00:00.822)       1:55:02.083 ***

TASK [download : Download_file | Set pathname of cached file] ******************
ok: [k8s-master-01]
ok: [k8s-master-02]
ok: [k8s-master-03]
ok: [k8s-db-01]
ok: [k8s-db-02]
ok: [k8s-db-03]
ok: [osh-ctrl-01]
ok: [osh-ctrl-02]
ok: [osh-ctrl-03]
ok: [osh-net-01]
ok: [osh-net-02]
ok: [MonSrv]
ok: [osh-comp-01]
ok: [osh-comp-02]
ok: [osh-comp-03]
ok: [osh-comp-04]
Wednesday 16 September 2026  14:02:53 -0500 (0:00:04.292)       1:55:06.375 ***

TASK [download : Download_file | Create dest directory on node] ****************
ok: [k8s-master-02]
ok: [k8s-master-01]
changed: [k8s-db-01]
ok: [k8s-master-03]
changed: [k8s-db-02]
changed: [k8s-db-03]
changed: [osh-ctrl-01]
changed: [osh-ctrl-02]
changed: [osh-ctrl-03]
changed: [osh-net-01]
changed: [osh-net-02]
changed: [MonSrv]
changed: [osh-comp-01]
changed: [osh-comp-02]
changed: [osh-comp-03]
changed: [osh-comp-04]
Wednesday 16 September 2026  14:03:19 -0500 (0:00:25.758)       1:55:32.133 ***

TASK [download : Download_file | Create local cache directory] *****************
ok: [k8s-master-01 -> localhost]
Wednesday 16 September 2026  14:03:20 -0500 (0:00:00.504)       1:55:32.638 ***

TASK [download : Download_file | Create cache directory on download_delegate host] ***
ok: [k8s-master-01]
Wednesday 16 September 2026  14:03:22 -0500 (0:00:01.848)       1:55:34.486 ***

TASK [download : Download_file | Download item] ********************************
changed: [k8s-master-01]
Wednesday 16 September 2026  14:03:25 -0500 (0:00:03.518)       1:55:38.005 ***

TASK [download : Download_file | Copy file back to ansible host file cache] ****
changed: [k8s-master-01]
Wednesday 16 September 2026  14:03:57 -0500 (0:00:32.280)       1:56:10.285 ***

TASK [download : Download_file | Copy file from cache to nodes, if it is available] ***
changed: [k8s-master-01]
changed: [k8s-master-02]
changed: [k8s-master-03]
changed: [k8s-db-01]
changed: [k8s-db-02]
changed: [k8s-db-03]
changed: [osh-ctrl-01]
changed: [osh-ctrl-02]
changed: [osh-ctrl-03]
changed: [osh-net-01]
changed: [osh-net-02]
changed: [MonSrv]
changed: [osh-comp-01]
changed: [osh-comp-02]
changed: [osh-comp-03]
changed: [osh-comp-04]
Wednesday 16 September 2026  14:11:57 -0500 (0:07:59.584)       2:04:09.870 ***

TASK [download : Download_file | Set mode and owner] ***************************
changed: [k8s-master-02]
changed: [k8s-master-01]
changed: [k8s-db-01]
changed: [k8s-master-03]
changed: [k8s-db-03]
changed: [k8s-db-02]
changed: [osh-ctrl-01]
changed: [osh-ctrl-02]
changed: [osh-ctrl-03]
changed: [osh-net-01]
changed: [osh-net-02]
changed: [MonSrv]
changed: [osh-comp-01]
changed: [osh-comp-02]
changed: [osh-comp-03]
changed: [osh-comp-04]
Wednesday 16 September 2026  14:12:23 -0500 (0:00:25.884)       2:04:35.754 ***

TASK [download : Download_file | Extract file archives] ************************
included: /opt/fabric-cache/repos/kubespray/roles/download/tasks/extract_file.yml for k8s-master-01, k8s-master-02, k8s-master-03, k8s-db-01, k8s-db-02, k8s-db-03, osh-ctrl-01, osh-ctrl-02, osh-ctrl-03, osh-net-01, osh-net-02, MonSrv, osh-comp-01, osh-comp-02, osh-comp-03, osh-comp-04
Wednesday 16 September 2026  14:12:24 -0500 (0:00:01.374)       2:04:37.128 ***
Wednesday 16 September 2026  14:12:26 -0500 (0:00:02.075)       2:04:39.204 ***

TASK [download : Prep_download | Set a few facts] ******************************
ok: [k8s-master-01]
ok: [k8s-master-02]
ok: [k8s-master-03]
ok: [k8s-db-01]
ok: [k8s-db-02]
ok: [k8s-db-03]
ok: [osh-ctrl-01]
ok: [osh-ctrl-02]
ok: [osh-ctrl-03]
ok: [osh-net-01]
ok: [osh-net-02]
ok: [MonSrv]
ok: [osh-comp-01]
ok: [osh-comp-02]
ok: [osh-comp-03]
ok: [osh-comp-04]
Wednesday 16 September 2026  14:12:31 -0500 (0:00:04.788)       2:04:43.992 ***

TASK [download : Download_file | Show url of file to download] *****************
ok: [k8s-master-01] => {
    "msg": "http://172.16.2.1:8080/kubeadm-v1.35.4-amd64"
}
Wednesday 16 September 2026  14:12:32 -0500 (0:00:00.817)       2:04:44.810 ***

TASK [download : Download_file | Set pathname of cached file] ******************
ok: [k8s-master-01]
ok: [k8s-master-02]
ok: [k8s-master-03]
ok: [k8s-db-01]
ok: [k8s-db-02]
ok: [k8s-db-03]
ok: [osh-ctrl-01]
ok: [osh-ctrl-02]
ok: [osh-ctrl-03]
ok: [osh-net-01]
ok: [osh-net-02]
ok: [MonSrv]
ok: [osh-comp-01]
ok: [osh-comp-02]
ok: [osh-comp-03]
ok: [osh-comp-04]
Wednesday 16 September 2026  14:12:37 -0500 (0:00:04.829)       2:04:49.639 ***

TASK [download : Download_file | Create dest directory on node] ****************
ok: [k8s-master-01]
ok: [k8s-master-02]
ok: [k8s-db-01]
ok: [k8s-master-03]
ok: [k8s-db-03]
ok: [k8s-db-02]
ok: [osh-ctrl-01]
ok: [osh-ctrl-02]
ok: [osh-ctrl-03]
ok: [osh-net-01]
ok: [osh-net-02]
ok: [MonSrv]
ok: [osh-comp-01]
ok: [osh-comp-02]
ok: [osh-comp-03]
ok: [osh-comp-04]
Wednesday 16 September 2026  14:13:00 -0500 (0:00:23.189)       2:05:12.829 ***

TASK [download : Download_file | Create local cache directory] *****************
ok: [k8s-master-01 -> localhost]
Wednesday 16 September 2026  14:13:01 -0500 (0:00:00.952)       2:05:13.781 ***

TASK [download : Download_file | Create cache directory on download_delegate host] ***
ok: [k8s-master-01]
Wednesday 16 September 2026  14:13:04 -0500 (0:00:02.840)       2:05:16.622 ***

TASK [download : Download_file | Download item] ********************************
ok: [k8s-master-01]
Wednesday 16 September 2026  14:13:07 -0500 (0:00:02.905)       2:05:19.528 ***

TASK [download : Download_file | Copy file back to ansible host file cache] ****
ok: [k8s-master-01]
Wednesday 16 September 2026  14:13:10 -0500 (0:00:03.076)       2:05:22.604 ***

TASK [download : Download_file | Copy file from cache to nodes, if it is available] ***
changed: [k8s-master-01]
changed: [k8s-master-02]
changed: [k8s-master-03]
changed: [k8s-db-01]
changed: [k8s-db-02]
changed: [k8s-db-03]
changed: [osh-ctrl-01]
changed: [osh-ctrl-02]
changed: [osh-ctrl-03]
changed: [osh-net-01]
changed: [osh-net-02]
changed: [MonSrv]
changed: [osh-comp-01]
changed: [osh-comp-02]
changed: [osh-comp-03]
changed: [osh-comp-04]
Wednesday 16 September 2026  14:15:11 -0500 (0:02:01.386)       2:07:23.991 ***

TASK [download : Download_file | Set mode and owner] ***************************
changed: [k8s-master-01]
changed: [k8s-master-02]
changed: [k8s-db-01]
changed: [k8s-master-03]
changed: [k8s-db-03]
changed: [k8s-db-02]
changed: [osh-ctrl-01]
changed: [osh-ctrl-02]
changed: [osh-ctrl-03]
changed: [osh-net-01]
changed: [osh-net-02]
changed: [MonSrv]
changed: [osh-comp-02]
changed: [osh-comp-01]
changed: [osh-comp-03]
changed: [osh-comp-04]
Wednesday 16 September 2026  14:15:40 -0500 (0:00:28.548)       2:07:52.540 ***

TASK [download : Download_file | Extract file archives] ************************
included: /opt/fabric-cache/repos/kubespray/roles/download/tasks/extract_file.yml for k8s-master-01, k8s-master-02, k8s-master-03, k8s-db-01, k8s-db-02, k8s-db-03, osh-ctrl-01, osh-ctrl-02, osh-ctrl-03, osh-net-01, osh-net-02, MonSrv, osh-comp-01, osh-comp-02, osh-comp-03, osh-comp-04
Wednesday 16 September 2026  14:15:41 -0500 (0:00:01.409)       2:07:53.949 ***
Wednesday 16 September 2026  14:15:43 -0500 (0:00:02.128)       2:07:56.078 ***

TASK [download : Prep_download | Set a few facts] ******************************
ok: [k8s-master-01]
ok: [k8s-master-02]
ok: [k8s-master-03]
ok: [k8s-db-01]
ok: [k8s-db-02]
ok: [k8s-db-03]
ok: [osh-ctrl-01]
ok: [osh-ctrl-02]
ok: [osh-ctrl-03]
ok: [osh-net-01]
ok: [osh-net-02]
ok: [MonSrv]
ok: [osh-comp-01]
ok: [osh-comp-02]
ok: [osh-comp-03]
ok: [osh-comp-04]
Wednesday 16 September 2026  14:15:51 -0500 (0:00:07.637)       2:08:03.715 ***

TASK [download : Download_file | Show url of file to download] *****************
ok: [k8s-master-01] => {
    "msg": "http://172.16.2.1:8080/kubelet-v1.35.4-amd64"
}
Wednesday 16 September 2026  14:15:52 -0500 (0:00:00.790)       2:08:04.506 ***

TASK [download : Download_file | Set pathname of cached file] ******************
ok: [k8s-master-01]
ok: [k8s-master-02]
ok: [k8s-master-03]
ok: [k8s-db-01]
ok: [k8s-db-02]
ok: [k8s-db-03]
ok: [osh-ctrl-01]
ok: [osh-ctrl-02]
ok: [osh-ctrl-03]
ok: [osh-net-01]
ok: [osh-net-02]
ok: [MonSrv]
ok: [osh-comp-01]
ok: [osh-comp-02]
ok: [osh-comp-03]
ok: [osh-comp-04]
Wednesday 16 September 2026  14:15:57 -0500 (0:00:05.001)       2:08:09.507 ***

TASK [download : Download_file | Create dest directory on node] ****************
ok: [k8s-master-01]
ok: [k8s-master-02]
ok: [k8s-db-01]
ok: [k8s-master-03]
ok: [k8s-db-03]
ok: [k8s-db-02]
ok: [osh-ctrl-02]
ok: [osh-ctrl-01]
ok: [osh-ctrl-03]
ok: [osh-net-01]
ok: [osh-net-02]
ok: [MonSrv]
ok: [osh-comp-01]
ok: [osh-comp-02]
ok: [osh-comp-03]
ok: [osh-comp-04]
Wednesday 16 September 2026  14:16:22 -0500 (0:00:25.400)       2:08:34.908 ***

TASK [download : Download_file | Create local cache directory] *****************
ok: [k8s-master-01 -> localhost]
Wednesday 16 September 2026  14:16:26 -0500 (0:00:03.907)       2:08:38.816 ***

TASK [download : Download_file | Create cache directory on download_delegate host] ***
ok: [k8s-master-01]
Wednesday 16 September 2026  14:16:29 -0500 (0:00:03.240)       2:08:42.056 ***

TASK [download : Download_file | Download item] ********************************
changed: [k8s-master-01]
Wednesday 16 September 2026  14:16:33 -0500 (0:00:03.870)       2:08:45.927 ***

TASK [download : Download_file | Copy file back to ansible host file cache] ****
changed: [k8s-master-01]
Wednesday 16 September 2026  14:16:45 -0500 (0:00:11.687)       2:08:57.614 ***

TASK [download : Download_file | Copy file from cache to nodes, if it is available] ***
changed: [k8s-master-01]
changed: [k8s-master-02]
changed: [k8s-master-03]
changed: [k8s-db-01]
changed: [k8s-db-02]
changed: [k8s-db-03]
changed: [osh-ctrl-01]
changed: [osh-ctrl-02]
changed: [osh-ctrl-03]
changed: [osh-net-01]
changed: [osh-net-02]
changed: [MonSrv]
changed: [osh-comp-01]
changed: [osh-comp-02]
changed: [osh-comp-03]
changed: [osh-comp-04]
Wednesday 16 September 2026  14:19:27 -0500 (0:02:42.544)       2:11:40.159 ***

TASK [download : Download_file | Set mode and owner] ***************************
changed: [k8s-master-02]
changed: [k8s-master-01]
changed: [k8s-master-03]
changed: [k8s-db-01]
changed: [k8s-db-02]
changed: [k8s-db-03]
changed: [osh-ctrl-02]
changed: [osh-ctrl-01]
changed: [osh-ctrl-03]
changed: [osh-net-01]
changed: [osh-net-02]
changed: [MonSrv]
changed: [osh-comp-01]
changed: [osh-comp-02]
changed: [osh-comp-03]
changed: [osh-comp-04]
Wednesday 16 September 2026  14:19:54 -0500 (0:00:26.308)       2:12:06.468 ***

TASK [download : Download_file | Extract file archives] ************************
included: /opt/fabric-cache/repos/kubespray/roles/download/tasks/extract_file.yml for k8s-master-01, k8s-master-02, k8s-master-03, k8s-db-01, k8s-db-02, k8s-db-03, osh-ctrl-01, osh-ctrl-02, osh-ctrl-03, osh-net-01, osh-net-02, MonSrv, osh-comp-01, osh-comp-02, osh-comp-03, osh-comp-04
Wednesday 16 September 2026  14:19:55 -0500 (0:00:01.174)       2:12:07.643 ***
Wednesday 16 September 2026  14:20:00 -0500 (0:00:04.871)       2:12:12.514 ***

TASK [download : Prep_download | Set a few facts] ******************************
ok: [k8s-master-01]
ok: [k8s-master-02]
ok: [k8s-master-03]
Wednesday 16 September 2026  14:20:01 -0500 (0:00:01.359)       2:12:13.873 ***

TASK [download : Download_file | Show url of file to download] *****************
ok: [k8s-master-01] => {
    "msg": "http://172.16.2.1:8080/kubectl-v1.35.4-amd64"
}
Wednesday 16 September 2026  14:20:02 -0500 (0:00:00.773)       2:12:14.647 ***

TASK [download : Download_file | Set pathname of cached file] ******************
ok: [k8s-master-01]
ok: [k8s-master-02]
ok: [k8s-master-03]
Wednesday 16 September 2026  14:20:03 -0500 (0:00:01.468)       2:12:16.116 ***

TASK [download : Download_file | Create dest directory on node] ****************
ok: [k8s-master-02]
ok: [k8s-master-01]
ok: [k8s-master-03]
Wednesday 16 September 2026  14:20:08 -0500 (0:00:04.774)       2:12:20.891 ***

TASK [download : Download_file | Create local cache directory] *****************
ok: [k8s-master-01 -> localhost]
Wednesday 16 September 2026  14:20:09 -0500 (0:00:00.857)       2:12:21.748 ***

TASK [download : Download_file | Create cache directory on download_delegate host] ***
ok: [k8s-master-01]
Wednesday 16 September 2026  14:20:11 -0500 (0:00:02.142)       2:12:23.891 ***

TASK [download : Download_file | Download item] ********************************
changed: [k8s-master-01]
Wednesday 16 September 2026  14:20:15 -0500 (0:00:04.001)       2:12:27.892 ***

TASK [download : Download_file | Copy file back to ansible host file cache] ****
changed: [k8s-master-01]
Wednesday 16 September 2026  14:20:24 -0500 (0:00:09.383)       2:12:37.276 ***

TASK [download : Download_file | Copy file from cache to nodes, if it is available] ***
changed: [k8s-master-02]
changed: [k8s-master-01]
changed: [k8s-master-03]
Wednesday 16 September 2026  14:20:54 -0500 (0:00:29.747)       2:13:07.024 ***

TASK [download : Download_file | Set mode and owner] ***************************
changed: [k8s-master-01]
changed: [k8s-master-02]
changed: [k8s-master-03]
Wednesday 16 September 2026  14:20:59 -0500 (0:00:04.996)       2:13:12.020 ***

TASK [download : Download_file | Extract file archives] ************************
included: /opt/fabric-cache/repos/kubespray/roles/download/tasks/extract_file.yml for k8s-master-01, k8s-master-02, k8s-master-03
Wednesday 16 September 2026  14:20:59 -0500 (0:00:00.237)       2:13:12.258 ***
Wednesday 16 September 2026  14:21:00 -0500 (0:00:00.624)       2:13:12.882 ***

TASK [download : Prep_download | Set a few facts] ******************************
ok: [k8s-master-01]
ok: [k8s-master-02]
ok: [k8s-master-03]
ok: [k8s-db-01]
ok: [k8s-db-02]
ok: [k8s-db-03]
ok: [osh-ctrl-01]
ok: [osh-ctrl-02]
ok: [osh-ctrl-03]
ok: [osh-net-01]
ok: [osh-net-02]
ok: [MonSrv]
ok: [osh-comp-01]
ok: [osh-comp-02]
ok: [osh-comp-03]
ok: [osh-comp-04]
Wednesday 16 September 2026  14:21:05 -0500 (0:00:05.215)       2:13:18.098 ***

TASK [download : Download_file | Show url of file to download] *****************
ok: [k8s-master-01] => {
    "msg": "http://172.16.2.1:8080/crictl-v1.35.0-linux-amd64.tar.gz"
}
Wednesday 16 September 2026  14:21:06 -0500 (0:00:00.819)       2:13:18.918 ***

TASK [download : Download_file | Set pathname of cached file] ******************
ok: [k8s-master-01]
ok: [k8s-master-02]
ok: [k8s-master-03]
ok: [k8s-db-01]
ok: [k8s-db-02]
ok: [k8s-db-03]
ok: [osh-ctrl-01]
ok: [osh-ctrl-02]
ok: [osh-ctrl-03]
ok: [osh-net-01]
ok: [osh-net-02]
ok: [MonSrv]
ok: [osh-comp-01]
ok: [osh-comp-02]
ok: [osh-comp-03]
ok: [osh-comp-04]
Wednesday 16 September 2026  14:21:15 -0500 (0:00:08.566)       2:13:27.484 ***

TASK [download : Download_file | Create dest directory on node] ****************
ok: [k8s-master-01]
ok: [k8s-master-02]
ok: [k8s-master-03]
ok: [k8s-db-01]
ok: [k8s-db-03]
ok: [k8s-db-02]
ok: [osh-ctrl-01]
ok: [osh-ctrl-02]
ok: [osh-ctrl-03]
ok: [osh-net-01]
ok: [osh-net-02]
ok: [MonSrv]
ok: [osh-comp-01]
ok: [osh-comp-02]
ok: [osh-comp-03]
ok: [osh-comp-04]
Wednesday 16 September 2026  14:21:37 -0500 (0:00:22.388)       2:13:49.873 ***

TASK [download : Download_file | Create local cache directory] *****************
ok: [k8s-master-01 -> localhost]
Wednesday 16 September 2026  14:21:38 -0500 (0:00:00.742)       2:13:50.616 ***

TASK [download : Download_file | Create cache directory on download_delegate host] ***
ok: [k8s-master-01]
Wednesday 16 September 2026  14:21:40 -0500 (0:00:02.129)       2:13:52.745 ***

TASK [download : Download_file | Download item] ********************************
ok: [k8s-master-01]
Wednesday 16 September 2026  14:21:45 -0500 (0:00:05.300)       2:13:58.046 ***

TASK [download : Download_file | Copy file back to ansible host file cache] ****
ok: [k8s-master-01]
Wednesday 16 September 2026  14:21:48 -0500 (0:00:02.684)       2:14:00.730 ***

TASK [download : Download_file | Copy file from cache to nodes, if it is available] ***
changed: [k8s-master-01]
changed: [k8s-master-02]
changed: [k8s-db-01]
changed: [k8s-master-03]
changed: [k8s-db-02]
changed: [k8s-db-03]
changed: [osh-ctrl-01]
changed: [osh-ctrl-02]
changed: [osh-ctrl-03]
changed: [osh-net-01]
changed: [osh-net-02]
changed: [MonSrv]
changed: [osh-comp-01]
changed: [osh-comp-02]
changed: [osh-comp-03]
changed: [osh-comp-04]
Wednesday 16 September 2026  14:22:13 -0500 (0:00:25.651)       2:14:26.382 ***

TASK [download : Download_file | Set mode and owner] ***************************
changed: [k8s-master-02]
changed: [k8s-master-01]
changed: [k8s-master-03]
changed: [k8s-db-01]
changed: [k8s-db-03]
changed: [k8s-db-02]
changed: [osh-ctrl-02]
changed: [osh-ctrl-01]
changed: [osh-ctrl-03]
changed: [osh-net-01]
changed: [osh-net-02]
changed: [MonSrv]
changed: [osh-comp-01]
changed: [osh-comp-02]
changed: [osh-comp-03]
changed: [osh-comp-04]
Wednesday 16 September 2026  14:22:41 -0500 (0:00:27.426)       2:14:53.809 ***

TASK [download : Download_file | Extract file archives] ************************
included: /opt/fabric-cache/repos/kubespray/roles/download/tasks/extract_file.yml for k8s-master-01, k8s-master-02, k8s-master-03, k8s-db-01, k8s-db-02, k8s-db-03, osh-ctrl-01, osh-ctrl-02, osh-ctrl-03, osh-net-01, osh-net-02, MonSrv, osh-comp-01, osh-comp-02, osh-comp-03, osh-comp-04
Wednesday 16 September 2026  14:22:42 -0500 (0:00:01.225)       2:14:55.034 ***

TASK [download : Extract_file | Unpacking archive] *****************************
ok: [k8s-master-01]
ok: [k8s-master-02]
ok: [k8s-db-01]
ok: [k8s-master-03]
ok: [k8s-db-02]
ok: [k8s-db-03]
ok: [osh-ctrl-01]
ok: [osh-ctrl-02]
ok: [osh-ctrl-03]
ok: [osh-net-01]
ok: [osh-net-02]
ok: [MonSrv]
ok: [osh-comp-01]
ok: [osh-comp-02]
ok: [osh-comp-03]
ok: [osh-comp-04]
Wednesday 16 September 2026  14:23:55 -0500 (0:01:12.472)       2:16:07.506 ***

TASK [download : Prep_download | Set a few facts] ******************************
ok: [k8s-master-01]
ok: [k8s-master-02]
ok: [k8s-master-03]
ok: [k8s-db-01]
ok: [k8s-db-02]
ok: [k8s-db-03]
ok: [osh-ctrl-01]
ok: [osh-ctrl-02]
ok: [osh-ctrl-03]
ok: [osh-net-01]
ok: [osh-net-02]
ok: [MonSrv]
ok: [osh-comp-01]
ok: [osh-comp-02]
ok: [osh-comp-03]
ok: [osh-comp-04]
Wednesday 16 September 2026  14:23:59 -0500 (0:00:04.718)       2:16:12.225 ***

TASK [download : Download_file | Show url of file to download] *****************
ok: [k8s-master-01] => {
    "msg": "http://172.16.2.1:8080/runc.amd64"
}
Wednesday 16 September 2026  14:24:00 -0500 (0:00:00.927)       2:16:13.152 ***

TASK [download : Download_file | Set pathname of cached file] ******************
ok: [k8s-master-01]
ok: [k8s-master-02]
ok: [k8s-master-03]
ok: [k8s-db-01]
ok: [k8s-db-02]
ok: [k8s-db-03]
ok: [osh-ctrl-01]
ok: [osh-ctrl-02]
ok: [osh-ctrl-03]
ok: [osh-net-01]
ok: [osh-net-02]
ok: [MonSrv]
ok: [osh-comp-01]
ok: [osh-comp-02]
ok: [osh-comp-03]
ok: [osh-comp-04]
Wednesday 16 September 2026  14:24:09 -0500 (0:00:08.483)       2:16:21.635 ***

TASK [download : Download_file | Create dest directory on node] ****************
ok: [k8s-master-01]
ok: [k8s-master-02]
ok: [k8s-db-01]
ok: [k8s-master-03]
ok: [k8s-db-03]
ok: [k8s-db-02]
ok: [osh-ctrl-01]
ok: [osh-ctrl-02]
ok: [osh-ctrl-03]
ok: [osh-net-01]
ok: [osh-net-02]
ok: [MonSrv]
ok: [osh-comp-02]
ok: [osh-comp-01]
ok: [osh-comp-03]
ok: [osh-comp-04]
Wednesday 16 September 2026  14:24:31 -0500 (0:00:22.032)       2:16:43.668 ***

TASK [download : Download_file | Create local cache directory] *****************
ok: [k8s-master-01 -> localhost]
Wednesday 16 September 2026  14:24:32 -0500 (0:00:00.837)       2:16:44.505 ***

TASK [download : Download_file | Create cache directory on download_delegate host] ***
ok: [k8s-master-01]
Wednesday 16 September 2026  14:24:34 -0500 (0:00:02.243)       2:16:46.748 ***

TASK [download : Download_file | Download item] ********************************
ok: [k8s-master-01]
Wednesday 16 September 2026  14:24:36 -0500 (0:00:02.277)       2:16:49.026 ***

TASK [download : Download_file | Copy file back to ansible host file cache] ****
ok: [k8s-master-01]
Wednesday 16 September 2026  14:24:41 -0500 (0:00:05.376)       2:16:54.403 ***

TASK [download : Download_file | Copy file from cache to nodes, if it is available] ***
changed: [k8s-master-01]
changed: [k8s-master-02]
changed: [k8s-master-03]
changed: [k8s-db-01]
changed: [k8s-db-03]
changed: [k8s-db-02]
changed: [osh-ctrl-01]
changed: [osh-ctrl-02]
changed: [osh-ctrl-03]
changed: [osh-net-01]
changed: [osh-net-02]
changed: [MonSrv]
changed: [osh-comp-01]
changed: [osh-comp-02]
changed: [osh-comp-03]
changed: [osh-comp-04]
Wednesday 16 September 2026  14:25:07 -0500 (0:00:25.648)       2:17:20.051 ***

TASK [download : Download_file | Set mode and owner] ***************************
changed: [k8s-master-02]
changed: [k8s-master-01]
changed: [k8s-master-03]
changed: [k8s-db-01]
changed: [k8s-db-03]
changed: [k8s-db-02]
changed: [osh-ctrl-01]
changed: [osh-ctrl-02]
changed: [osh-ctrl-03]
changed: [osh-net-01]
changed: [osh-net-02]
changed: [MonSrv]
changed: [osh-comp-01]
changed: [osh-comp-02]
changed: [osh-comp-03]
changed: [osh-comp-04]
Wednesday 16 September 2026  14:25:33 -0500 (0:00:25.961)       2:17:46.012 ***

TASK [download : Download_file | Extract file archives] ************************
included: /opt/fabric-cache/repos/kubespray/roles/download/tasks/extract_file.yml for k8s-master-01, k8s-master-02, k8s-master-03, k8s-db-01, k8s-db-02, k8s-db-03, osh-ctrl-01, osh-ctrl-02, osh-ctrl-03, osh-net-01, osh-net-02, MonSrv, osh-comp-01, osh-comp-02, osh-comp-03, osh-comp-04
Wednesday 16 September 2026  14:25:35 -0500 (0:00:01.407)       2:17:47.420 ***
Wednesday 16 September 2026  14:25:36 -0500 (0:00:01.935)       2:17:49.356 ***

TASK [download : Prep_download | Set a few facts] ******************************
ok: [k8s-master-01]
ok: [k8s-master-02]
ok: [k8s-master-03]
ok: [k8s-db-01]
ok: [k8s-db-02]
ok: [k8s-db-03]
ok: [osh-ctrl-01]
ok: [osh-ctrl-02]
ok: [osh-ctrl-03]
ok: [osh-net-01]
ok: [osh-net-02]
ok: [MonSrv]
ok: [osh-comp-01]
ok: [osh-comp-02]
ok: [osh-comp-03]
ok: [osh-comp-04]
Wednesday 16 September 2026  14:25:41 -0500 (0:00:04.626)       2:17:53.983 ***

TASK [download : Download_file | Show url of file to download] *****************
ok: [k8s-master-01] => {
    "msg": "http://172.16.2.1:8080/containerd-2.2.3-linux-amd64.tar.gz"
}
Wednesday 16 September 2026  14:25:42 -0500 (0:00:00.834)       2:17:54.818 ***

TASK [download : Download_file | Set pathname of cached file] ******************
ok: [k8s-master-01]
ok: [k8s-master-02]
ok: [k8s-master-03]
ok: [k8s-db-01]
ok: [k8s-db-02]
ok: [k8s-db-03]
ok: [osh-ctrl-01]
ok: [osh-ctrl-02]
ok: [osh-ctrl-03]
ok: [osh-net-01]
ok: [osh-net-02]
ok: [MonSrv]
ok: [osh-comp-01]
ok: [osh-comp-02]
ok: [osh-comp-03]
ok: [osh-comp-04]
Wednesday 16 September 2026  14:25:47 -0500 (0:00:04.971)       2:17:59.789 ***

TASK [download : Download_file | Create dest directory on node] ****************
ok: [k8s-master-01]
ok: [k8s-master-02]
ok: [k8s-master-03]
ok: [k8s-db-01]
ok: [k8s-db-03]
ok: [k8s-db-02]
ok: [osh-ctrl-01]
ok: [osh-ctrl-02]
ok: [osh-ctrl-03]
ok: [osh-net-01]
ok: [osh-net-02]
ok: [MonSrv]
ok: [osh-comp-01]
ok: [osh-comp-02]
ok: [osh-comp-03]
ok: [osh-comp-04]
Wednesday 16 September 2026  14:26:11 -0500 (0:00:24.486)       2:18:24.276 ***

TASK [download : Download_file | Create local cache directory] *****************
ok: [k8s-master-01 -> localhost]
Wednesday 16 September 2026  14:26:12 -0500 (0:00:00.893)       2:18:25.170 ***

TASK [download : Download_file | Create cache directory on download_delegate host] ***
ok: [k8s-master-01]
Wednesday 16 September 2026  14:26:15 -0500 (0:00:02.938)       2:18:28.108 ***

TASK [download : Download_file | Download item] ********************************
ok: [k8s-master-01]
Wednesday 16 September 2026  14:26:18 -0500 (0:00:02.725)       2:18:30.834 ***

TASK [download : Download_file | Copy file back to ansible host file cache] ****
ok: [k8s-master-01]
Wednesday 16 September 2026  14:26:20 -0500 (0:00:02.490)       2:18:33.324 ***

TASK [download : Download_file | Copy file from cache to nodes, if it is available] ***
changed: [k8s-master-01]
changed: [k8s-master-02]
changed: [k8s-db-01]
changed: [k8s-master-03]
changed: [k8s-db-03]
changed: [k8s-db-02]
changed: [osh-ctrl-01]
changed: [osh-ctrl-02]
changed: [osh-ctrl-03]
changed: [osh-net-01]
changed: [osh-net-02]
changed: [MonSrv]
changed: [osh-comp-02]
changed: [osh-comp-01]
changed: [osh-comp-03]
changed: [osh-comp-04]
Wednesday 16 September 2026  14:26:47 -0500 (0:00:26.402)       2:18:59.727 ***

TASK [download : Download_file | Set mode and owner] ***************************
changed: [k8s-master-02]
changed: [k8s-master-01]
changed: [k8s-db-01]
changed: [k8s-master-03]
changed: [k8s-db-03]
changed: [k8s-db-02]
changed: [osh-ctrl-02]
changed: [osh-ctrl-01]
changed: [osh-ctrl-03]
changed: [osh-net-01]
changed: [osh-net-02]
changed: [MonSrv]
changed: [osh-comp-01]
changed: [osh-comp-02]
changed: [osh-comp-03]
changed: [osh-comp-04]
Wednesday 16 September 2026  14:27:09 -0500 (0:00:22.511)       2:19:22.239 ***

TASK [download : Download_file | Extract file archives] ************************
included: /opt/fabric-cache/repos/kubespray/roles/download/tasks/extract_file.yml for k8s-master-01, k8s-master-02, k8s-master-03, k8s-db-01, k8s-db-02, k8s-db-03, osh-ctrl-01, osh-ctrl-02, osh-ctrl-03, osh-net-01, osh-net-02, MonSrv, osh-comp-01, osh-comp-02, osh-comp-03, osh-comp-04
Wednesday 16 September 2026  14:27:11 -0500 (0:00:01.442)       2:19:23.681 ***
Wednesday 16 September 2026  14:27:13 -0500 (0:00:02.121)       2:19:25.802 ***

TASK [download : Prep_download | Set a few facts] ******************************
ok: [k8s-master-01]
ok: [k8s-master-02]
ok: [k8s-master-03]
ok: [k8s-db-01]
ok: [k8s-db-02]
ok: [k8s-db-03]
ok: [osh-ctrl-01]
ok: [osh-ctrl-02]
ok: [osh-ctrl-03]
ok: [osh-net-01]
ok: [osh-net-02]
ok: [MonSrv]
ok: [osh-comp-01]
ok: [osh-comp-02]
ok: [osh-comp-03]
ok: [osh-comp-04]
Wednesday 16 September 2026  14:27:18 -0500 (0:00:04.885)       2:19:30.688 ***

TASK [download : Download_file | Show url of file to download] *****************
ok: [k8s-master-01] => {
    "msg": "http://172.16.2.1:8080/nerdctl-2.2.2-linux-amd64.tar.gz"
}
Wednesday 16 September 2026  14:27:19 -0500 (0:00:00.850)       2:19:31.539 ***

TASK [download : Download_file | Set pathname of cached file] ******************
ok: [k8s-master-01]
ok: [k8s-master-02]
ok: [k8s-master-03]
ok: [k8s-db-01]
ok: [k8s-db-02]
ok: [k8s-db-03]
ok: [osh-ctrl-01]
ok: [osh-ctrl-02]
ok: [osh-ctrl-03]
ok: [osh-net-01]
ok: [osh-net-02]
ok: [MonSrv]
ok: [osh-comp-01]
ok: [osh-comp-02]
ok: [osh-comp-03]
ok: [osh-comp-04]
Wednesday 16 September 2026  14:27:24 -0500 (0:00:05.135)       2:19:36.674 ***

TASK [download : Download_file | Create dest directory on node] ****************
ok: [k8s-master-01]
ok: [k8s-master-02]
ok: [k8s-db-01]
ok: [k8s-master-03]
ok: [k8s-db-03]
ok: [k8s-db-02]
ok: [osh-ctrl-02]
ok: [osh-ctrl-01]
ok: [osh-ctrl-03]
ok: [osh-net-01]
ok: [osh-net-02]
ok: [MonSrv]
ok: [osh-comp-01]
ok: [osh-comp-02]
ok: [osh-comp-03]
ok: [osh-comp-04]
Wednesday 16 September 2026  14:27:53 -0500 (0:00:29.512)       2:20:06.187 ***

TASK [download : Download_file | Create local cache directory] *****************
ok: [k8s-master-01 -> localhost]
Wednesday 16 September 2026  14:27:54 -0500 (0:00:01.144)       2:20:07.331 ***

TASK [download : Download_file | Create cache directory on download_delegate host] ***
ok: [k8s-master-01]
Wednesday 16 September 2026  14:27:57 -0500 (0:00:02.597)       2:20:09.929 ***

TASK [download : Download_file | Download item] ********************************
ok: [k8s-master-01]
Wednesday 16 September 2026  14:27:59 -0500 (0:00:02.452)       2:20:12.381 ***

TASK [download : Download_file | Copy file back to ansible host file cache] ****
ok: [k8s-master-01]
Wednesday 16 September 2026  14:28:02 -0500 (0:00:02.719)       2:20:15.101 ***

TASK [download : Download_file | Copy file from cache to nodes, if it is available] ***
changed: [k8s-master-01]
changed: [k8s-master-02]
changed: [k8s-db-01]
changed: [k8s-master-03]
changed: [k8s-db-03]
changed: [k8s-db-02]
changed: [osh-ctrl-02]
changed: [osh-ctrl-01]
changed: [osh-ctrl-03]
changed: [osh-net-01]
changed: [osh-net-02]
changed: [MonSrv]
changed: [osh-comp-02]
changed: [osh-comp-01]
changed: [osh-comp-04]
changed: [osh-comp-03]
Wednesday 16 September 2026  14:28:27 -0500 (0:00:24.831)       2:20:39.932 ***

TASK [download : Download_file | Set mode and owner] ***************************
changed: [k8s-master-01]
changed: [k8s-master-02]
changed: [k8s-master-03]
changed: [k8s-db-01]
changed: [k8s-db-02]
changed: [k8s-db-03]
changed: [osh-ctrl-01]
changed: [osh-ctrl-02]
changed: [osh-ctrl-03]
changed: [osh-net-01]
changed: [osh-net-02]
changed: [MonSrv]
changed: [osh-comp-01]
changed: [osh-comp-02]
changed: [osh-comp-03]
changed: [osh-comp-04]
Wednesday 16 September 2026  14:28:56 -0500 (0:00:28.960)       2:21:08.892 ***

TASK [download : Download_file | Extract file archives] ************************
included: /opt/fabric-cache/repos/kubespray/roles/download/tasks/extract_file.yml for k8s-master-01, k8s-master-02, k8s-master-03, k8s-db-01, k8s-db-02, k8s-db-03, osh-ctrl-01, osh-ctrl-02, osh-ctrl-03, osh-net-01, osh-net-02, MonSrv, osh-comp-01, osh-comp-02, osh-comp-03, osh-comp-04
Wednesday 16 September 2026  14:28:57 -0500 (0:00:01.400)       2:21:10.293 ***

TASK [download : Extract_file | Unpacking archive] *****************************
ok: [k8s-master-02]
ok: [k8s-master-01]
ok: [k8s-master-03]
ok: [k8s-db-01]
ok: [k8s-db-02]
ok: [k8s-db-03]
ok: [osh-ctrl-01]
ok: [osh-ctrl-02]
ok: [osh-ctrl-03]
ok: [osh-net-01]
ok: [osh-net-02]
ok: [MonSrv]
ok: [osh-comp-01]
ok: [osh-comp-02]
ok: [osh-comp-03]
ok: [osh-comp-04]
Wednesday 16 September 2026  14:30:12 -0500 (0:01:14.391)       2:22:24.685 ***

TASK [download : Set default values for flag variables] ************************
ok: [k8s-master-01]
ok: [k8s-master-02]
ok: [k8s-master-03]
ok: [k8s-db-01]
ok: [k8s-db-02]
ok: [k8s-db-03]
ok: [osh-ctrl-01]
ok: [osh-ctrl-02]
ok: [osh-ctrl-03]
ok: [osh-net-01]
ok: [osh-net-02]
ok: [MonSrv]
ok: [osh-comp-01]
ok: [osh-comp-02]
ok: [osh-comp-03]
ok: [osh-comp-04]
Wednesday 16 September 2026  14:30:17 -0500 (0:00:05.053)       2:22:29.738 ***

TASK [download : Set_container_facts | Display the name of the image being processed] ***
ok: [k8s-master-01] => {
    "msg": "172.16.2.1:5000/k8snetworkplumbingwg/multus-cni"
}
ok: [k8s-master-02] => {
    "msg": "172.16.2.1:5000/k8snetworkplumbingwg/multus-cni"
}
ok: [k8s-master-03] => {
    "msg": "172.16.2.1:5000/k8snetworkplumbingwg/multus-cni"
}
ok: [k8s-db-01] => {
    "msg": "172.16.2.1:5000/k8snetworkplumbingwg/multus-cni"
}
ok: [k8s-db-02] => {
    "msg": "172.16.2.1:5000/k8snetworkplumbingwg/multus-cni"
}
ok: [k8s-db-03] => {
    "msg": "172.16.2.1:5000/k8snetworkplumbingwg/multus-cni"
}
ok: [osh-ctrl-01] => {
    "msg": "172.16.2.1:5000/k8snetworkplumbingwg/multus-cni"
}
ok: [osh-ctrl-02] => {
    "msg": "172.16.2.1:5000/k8snetworkplumbingwg/multus-cni"
}
ok: [osh-ctrl-03] => {
    "msg": "172.16.2.1:5000/k8snetworkplumbingwg/multus-cni"
}
ok: [osh-net-01] => {
    "msg": "172.16.2.1:5000/k8snetworkplumbingwg/multus-cni"
}
ok: [osh-net-02] => {
    "msg": "172.16.2.1:5000/k8snetworkplumbingwg/multus-cni"
}
ok: [MonSrv] => {
    "msg": "172.16.2.1:5000/k8snetworkplumbingwg/multus-cni"
}
ok: [osh-comp-01] => {
    "msg": "172.16.2.1:5000/k8snetworkplumbingwg/multus-cni"
}
ok: [osh-comp-02] => {
    "msg": "172.16.2.1:5000/k8snetworkplumbingwg/multus-cni"
}
ok: [osh-comp-03] => {
    "msg": "172.16.2.1:5000/k8snetworkplumbingwg/multus-cni"
}
ok: [osh-comp-04] => {
    "msg": "172.16.2.1:5000/k8snetworkplumbingwg/multus-cni"
}
Wednesday 16 September 2026  14:30:21 -0500 (0:00:04.480)       2:22:34.218 ***

TASK [download : Set_container_facts | Set if containers should be pulled by digest] ***
ok: [k8s-master-01]
ok: [k8s-master-02]
ok: [k8s-master-03]
ok: [k8s-db-01]
ok: [k8s-db-02]
ok: [k8s-db-03]
ok: [osh-ctrl-01]
ok: [osh-ctrl-02]
ok: [osh-ctrl-03]
ok: [osh-net-01]
ok: [osh-net-02]
ok: [MonSrv]
ok: [osh-comp-01]
ok: [osh-comp-02]
ok: [osh-comp-03]
ok: [osh-comp-04]
Wednesday 16 September 2026  14:30:26 -0500 (0:00:04.520)       2:22:38.739 ***

TASK [download : Set_container_facts | Define by what name to pull the image] ***
ok: [k8s-master-01]
ok: [k8s-master-02]
ok: [k8s-master-03]
ok: [k8s-db-01]
ok: [k8s-db-02]
ok: [k8s-db-03]
ok: [osh-ctrl-01]
ok: [osh-ctrl-02]
ok: [osh-ctrl-03]
ok: [osh-net-01]
ok: [osh-net-02]
ok: [MonSrv]
ok: [osh-comp-01]
ok: [osh-comp-02]
ok: [osh-comp-03]
ok: [osh-comp-04]
Wednesday 16 September 2026  14:30:34 -0500 (0:00:08.473)       2:22:47.213 ***

TASK [download : Set_container_facts | Define file name of image] **************
ok: [k8s-master-01]
ok: [k8s-master-02]
ok: [k8s-master-03]
ok: [k8s-db-01]
ok: [k8s-db-02]
ok: [k8s-db-03]
ok: [osh-ctrl-01]
ok: [osh-ctrl-02]
ok: [osh-ctrl-03]
ok: [osh-net-01]
ok: [osh-net-02]
ok: [MonSrv]
ok: [osh-comp-01]
ok: [osh-comp-02]
ok: [osh-comp-03]
ok: [osh-comp-04]
Wednesday 16 September 2026  14:30:40 -0500 (0:00:06.010)       2:22:53.224 ***

TASK [download : Set_container_facts | Define path of image] *******************
ok: [k8s-master-01]
ok: [k8s-master-02]
ok: [k8s-master-03]
ok: [k8s-db-01]
ok: [k8s-db-02]
ok: [k8s-db-03]
ok: [osh-ctrl-01]
ok: [osh-ctrl-02]
ok: [osh-ctrl-03]
ok: [osh-net-01]
ok: [osh-net-02]
ok: [MonSrv]
ok: [osh-comp-01]
ok: [osh-comp-02]
ok: [osh-comp-03]
ok: [osh-comp-04]
Wednesday 16 September 2026  14:30:45 -0500 (0:00:05.164)       2:22:58.388 ***
Wednesday 16 September 2026  14:30:46 -0500 (0:00:00.795)       2:22:59.183 ***

TASK [download : Set image save/load command for containerd] *******************
ok: [k8s-master-01]
ok: [k8s-master-02]
ok: [k8s-master-03]
ok: [k8s-db-01]
ok: [k8s-db-02]
ok: [k8s-db-03]
ok: [osh-ctrl-01]
ok: [osh-ctrl-02]
ok: [osh-ctrl-03]
ok: [osh-net-01]
ok: [osh-net-02]
ok: [MonSrv]
ok: [osh-comp-01]
ok: [osh-comp-02]
ok: [osh-comp-03]
ok: [osh-comp-04]
Wednesday 16 September 2026  14:30:51 -0500 (0:00:05.196)       2:23:04.380 ***
Wednesday 16 September 2026  14:30:52 -0500 (0:00:00.757)       2:23:05.137 ***
Wednesday 16 September 2026  14:30:53 -0500 (0:00:00.880)       2:23:06.018 ***

TASK [download : Set image save/load command for containerd on localhost] ******
ok: [k8s-master-01]
ok: [k8s-master-02]
ok: [k8s-master-03]
ok: [k8s-db-01]
ok: [k8s-db-02]
ok: [k8s-db-03]
ok: [osh-ctrl-01]
ok: [osh-ctrl-02]
ok: [osh-ctrl-03]
ok: [osh-net-01]
ok: [osh-net-02]
ok: [MonSrv]
ok: [osh-comp-01]
ok: [osh-comp-02]
ok: [osh-comp-03]
ok: [osh-comp-04]
Wednesday 16 September 2026  14:30:58 -0500 (0:00:05.265)       2:23:11.283 ***
Wednesday 16 September 2026  14:30:59 -0500 (0:00:00.876)       2:23:12.160 ***

TASK [download : Download_container | Prepare container download] **************
included: /opt/fabric-cache/repos/kubespray/roles/download/tasks/check_pull_required.yml for k8s-master-01, k8s-master-02, k8s-master-03, k8s-db-01, k8s-db-02, k8s-db-03, osh-ctrl-01, osh-ctrl-02, osh-ctrl-03, osh-net-01, osh-net-02, MonSrv, osh-comp-01, osh-comp-02, osh-comp-03, osh-comp-04
Wednesday 16 September 2026  14:31:01 -0500 (0:00:01.779)       2:23:13.939 ***

TASK [download : Check_pull_required |  Generate a list of information about the images on a node] ***
ok: [k8s-master-01]
ok: [k8s-master-02]
ok: [k8s-master-03]
ok: [k8s-db-01]
ok: [k8s-db-02]
ok: [k8s-db-03]
ok: [osh-ctrl-02]
ok: [osh-ctrl-01]
ok: [osh-ctrl-03]
ok: [osh-net-01]
ok: [osh-net-02]
ok: [MonSrv]
ok: [osh-comp-01]
ok: [osh-comp-02]
ok: [osh-comp-04]
ok: [osh-comp-03]
Wednesday 16 September 2026  14:31:29 -0500 (0:00:27.945)       2:23:41.885 ***

TASK [download : Check_pull_required | Set pull_required if the desired image is not yet loaded] ***
ok: [k8s-master-01]
ok: [k8s-master-02]
ok: [k8s-master-03]
ok: [k8s-db-01]
ok: [k8s-db-02]
ok: [k8s-db-03]
ok: [osh-ctrl-01]
ok: [osh-ctrl-02]
ok: [osh-ctrl-03]
ok: [osh-net-01]
ok: [osh-net-02]
ok: [MonSrv]
ok: [osh-comp-01]
ok: [osh-comp-02]
ok: [osh-comp-03]
ok: [osh-comp-04]
Wednesday 16 September 2026  14:31:34 -0500 (0:00:04.727)       2:23:46.612 ***
Wednesday 16 September 2026  14:31:34 -0500 (0:00:00.740)       2:23:47.353 ***

TASK [download : debug] ********************************************************
ok: [k8s-master-01] => {
    "msg": "Pull 172.16.2.1:5000/k8snetworkplumbingwg/multus-cni:v4.1.0 required is: True"
}
ok: [k8s-master-02] => {
    "msg": "Pull 172.16.2.1:5000/k8snetworkplumbingwg/multus-cni:v4.1.0 required is: True"
}
ok: [k8s-master-03] => {
    "msg": "Pull 172.16.2.1:5000/k8snetworkplumbingwg/multus-cni:v4.1.0 required is: True"
}
ok: [k8s-db-01] => {
    "msg": "Pull 172.16.2.1:5000/k8snetworkplumbingwg/multus-cni:v4.1.0 required is: True"
}
ok: [k8s-db-02] => {
    "msg": "Pull 172.16.2.1:5000/k8snetworkplumbingwg/multus-cni:v4.1.0 required is: True"
}
ok: [k8s-db-03] => {
    "msg": "Pull 172.16.2.1:5000/k8snetworkplumbingwg/multus-cni:v4.1.0 required is: True"
}
ok: [osh-ctrl-01] => {
    "msg": "Pull 172.16.2.1:5000/k8snetworkplumbingwg/multus-cni:v4.1.0 required is: True"
}
ok: [osh-ctrl-02] => {
    "msg": "Pull 172.16.2.1:5000/k8snetworkplumbingwg/multus-cni:v4.1.0 required is: True"
}
ok: [osh-ctrl-03] => {
    "msg": "Pull 172.16.2.1:5000/k8snetworkplumbingwg/multus-cni:v4.1.0 required is: True"
}
ok: [osh-net-01] => {
    "msg": "Pull 172.16.2.1:5000/k8snetworkplumbingwg/multus-cni:v4.1.0 required is: True"
}
ok: [osh-net-02] => {
    "msg": "Pull 172.16.2.1:5000/k8snetworkplumbingwg/multus-cni:v4.1.0 required is: True"
}
ok: [MonSrv] => {
    "msg": "Pull 172.16.2.1:5000/k8snetworkplumbingwg/multus-cni:v4.1.0 required is: True"
}
ok: [osh-comp-01] => {
    "msg": "Pull 172.16.2.1:5000/k8snetworkplumbingwg/multus-cni:v4.1.0 required is: True"
}
ok: [osh-comp-02] => {
    "msg": "Pull 172.16.2.1:5000/k8snetworkplumbingwg/multus-cni:v4.1.0 required is: True"
}
ok: [osh-comp-03] => {
    "msg": "Pull 172.16.2.1:5000/k8snetworkplumbingwg/multus-cni:v4.1.0 required is: True"
}
ok: [osh-comp-04] => {
    "msg": "Pull 172.16.2.1:5000/k8snetworkplumbingwg/multus-cni:v4.1.0 required is: True"
}
Wednesday 16 September 2026  14:31:39 -0500 (0:00:04.643)       2:23:51.997 ***

TASK [download : Download_container | Determine if image is in cache] **********
ok: [k8s-master-01 -> localhost]
ok: [k8s-master-02 -> localhost]
ok: [k8s-master-03 -> localhost]
ok: [k8s-db-01 -> localhost]
ok: [k8s-db-02 -> localhost]
ok: [k8s-db-03 -> localhost]
ok: [osh-ctrl-01 -> localhost]
ok: [osh-ctrl-02 -> localhost]
ok: [osh-ctrl-03 -> localhost]
ok: [osh-net-01 -> localhost]
ok: [osh-net-02 -> localhost]
ok: [MonSrv -> localhost]
ok: [osh-comp-01 -> localhost]
ok: [osh-comp-02 -> localhost]
ok: [osh-comp-03 -> localhost]
ok: [osh-comp-04 -> localhost]
Wednesday 16 September 2026  14:31:50 -0500 (0:00:10.552)       2:24:02.549 ***

TASK [download : Download_container | Set fact indicating if image is in cache] ***
ok: [k8s-master-01]
ok: [k8s-master-02]
ok: [k8s-master-03]
ok: [k8s-db-01]
ok: [k8s-db-02]
ok: [k8s-db-03]
ok: [osh-ctrl-01]
ok: [osh-ctrl-02]
ok: [osh-ctrl-03]
ok: [osh-net-01]
ok: [osh-net-02]
ok: [MonSrv]
ok: [osh-comp-01]
ok: [osh-comp-02]
ok: [osh-comp-03]
ok: [osh-comp-04]
Wednesday 16 September 2026  14:31:54 -0500 (0:00:04.660)       2:24:07.210 ***
Wednesday 16 September 2026  14:31:55 -0500 (0:00:00.983)       2:24:08.194 ***

TASK [download : Download_container | Download image if required] **************
changed: [k8s-master-01]
Wednesday 16 September 2026  14:32:24 -0500 (0:00:28.625)       2:24:36.819 ***

TASK [download : Download_container | Save and compress image] *****************
changed: [k8s-master-01]
Wednesday 16 September 2026  14:32:38 -0500 (0:00:13.769)       2:24:50.589 ***

TASK [download : Download_container | Copy image to ansible host cache] ********
changed: [k8s-master-01]
Wednesday 16 September 2026  14:34:22 -0500 (0:01:44.343)       2:26:34.932 ***

TASK [download : Download_container | Upload image to node if it is cached] ****
changed: [k8s-master-01]
changed: [k8s-master-02]
changed: [k8s-master-03]
changed: [k8s-db-01]
changed: [k8s-db-02]
changed: [k8s-db-03]
changed: [osh-ctrl-01]
changed: [osh-ctrl-02]
changed: [osh-ctrl-03]
changed: [osh-net-01]
changed: [osh-net-02]
changed: [MonSrv]
changed: [osh-comp-01]
changed: [osh-comp-02]
changed: [osh-comp-03]
changed: [osh-comp-04]
Wednesday 16 September 2026  14:57:42 -0500 (0:23:19.488)       2:49:54.420 ***

TASK [download : Download_container | Load image into the local container registry] ***
changed: [k8s-master-01]
changed: [k8s-master-02]
changed: [k8s-master-03]
changed: [k8s-db-01]
changed: [k8s-db-02]
changed: [k8s-db-03]
changed: [osh-ctrl-01]
changed: [osh-ctrl-02]
changed: [osh-ctrl-03]
changed: [osh-net-01]
changed: [MonSrv]
changed: [osh-net-02]
changed: [osh-comp-01]
changed: [osh-comp-02]
changed: [osh-comp-04]
changed: [osh-comp-03]
Wednesday 16 September 2026  15:02:53 -0500 (0:05:11.962)       2:55:06.382 ***
Wednesday 16 September 2026  15:02:54 -0500 (0:00:00.799)       2:55:07.182 ***

TASK [download : Prep_download | Set a few facts] ******************************
ok: [k8s-master-01]
ok: [k8s-master-02]
ok: [k8s-master-03]
ok: [k8s-db-01]
ok: [k8s-db-02]
ok: [k8s-db-03]
ok: [osh-ctrl-01]
ok: [osh-ctrl-02]
ok: [osh-ctrl-03]
ok: [osh-net-01]
ok: [osh-net-02]
ok: [MonSrv]
ok: [osh-comp-01]
ok: [osh-comp-02]
ok: [osh-comp-03]
ok: [osh-comp-04]
Wednesday 16 September 2026  15:02:59 -0500 (0:00:04.789)       2:55:11.971 ***

TASK [download : Download_file | Show url of file to download] *****************
ok: [k8s-master-01] => {
    "msg": "http://172.16.2.1:8080/calicoctl-3.29.2-linux-amd64"
}
Wednesday 16 September 2026  15:03:00 -0500 (0:00:00.739)       2:55:12.710 ***

TASK [download : Download_file | Set pathname of cached file] ******************
ok: [k8s-master-01]
ok: [k8s-master-02]
ok: [k8s-master-03]
ok: [k8s-db-01]
ok: [k8s-db-02]
ok: [k8s-db-03]
ok: [osh-ctrl-01]
ok: [osh-ctrl-02]
ok: [osh-ctrl-03]
ok: [osh-net-01]
ok: [osh-net-02]
ok: [MonSrv]
ok: [osh-comp-01]
ok: [osh-comp-02]
ok: [osh-comp-03]
ok: [osh-comp-04]
Wednesday 16 September 2026  15:03:06 -0500 (0:00:05.726)       2:55:18.437 ***

TASK [download : Download_file | Create dest directory on node] ****************
changed: [k8s-master-02]
changed: [k8s-master-01]
changed: [k8s-db-01]
changed: [k8s-master-03]
changed: [k8s-db-03]
changed: [k8s-db-02]
changed: [osh-ctrl-01]
changed: [osh-ctrl-02]
changed: [osh-ctrl-03]
changed: [osh-net-01]
changed: [MonSrv]
changed: [osh-net-02]
changed: [osh-comp-02]
changed: [osh-comp-01]
changed: [osh-comp-03]
changed: [osh-comp-04]
Wednesday 16 September 2026  15:03:33 -0500 (0:00:27.534)       2:55:45.971 ***

TASK [download : Download_file | Create local cache directory] *****************
ok: [k8s-master-01 -> localhost]
Wednesday 16 September 2026  15:03:34 -0500 (0:00:00.857)       2:55:46.829 ***

TASK [download : Download_file | Create cache directory on download_delegate host] ***
ok: [k8s-master-01]
Wednesday 16 September 2026  15:03:36 -0500 (0:00:02.227)       2:55:49.056 ***

TASK [download : Download_file | Download item] ********************************
changed: [k8s-master-01]
Wednesday 16 September 2026  15:03:40 -0500 (0:00:03.974)       2:55:53.030 ***

TASK [download : Download_file | Copy file back to ansible host file cache] ****
changed: [k8s-master-01]
Wednesday 16 September 2026  15:03:59 -0500 (0:00:19.353)       2:56:12.383 ***

TASK [download : Download_file | Copy file from cache to nodes, if it is available] ***
changed: [k8s-master-01]
changed: [k8s-master-02]
changed: [k8s-master-03]
changed: [k8s-db-01]
changed: [k8s-db-02]
changed: [k8s-db-03]
changed: [osh-ctrl-01]
changed: [osh-ctrl-02]
changed: [osh-net-01]
changed: [osh-ctrl-03]
changed: [osh-net-02]
changed: [MonSrv]
changed: [osh-comp-02]
changed: [osh-comp-01]
changed: [osh-comp-03]
changed: [osh-comp-04]
Wednesday 16 September 2026  15:08:12 -0500 (0:04:12.218)       3:00:24.602 ***

TASK [download : Download_file | Set mode and owner] ***************************
changed: [k8s-master-01]
changed: [k8s-master-02]
changed: [k8s-db-01]
changed: [k8s-master-03]
changed: [k8s-db-03]
changed: [k8s-db-02]
changed: [osh-ctrl-01]
changed: [osh-ctrl-02]
changed: [osh-ctrl-03]
changed: [osh-net-01]
changed: [osh-net-02]
changed: [MonSrv]
changed: [osh-comp-01]
changed: [osh-comp-02]
changed: [osh-comp-03]
changed: [osh-comp-04]
Wednesday 16 September 2026  15:08:39 -0500 (0:00:27.652)       3:00:52.255 ***

TASK [download : Download_file | Extract file archives] ************************
included: /opt/fabric-cache/repos/kubespray/roles/download/tasks/extract_file.yml for k8s-master-01, k8s-master-02, k8s-master-03, k8s-db-01, k8s-db-02, k8s-db-03, osh-ctrl-01, osh-ctrl-02, osh-ctrl-03, osh-net-01, osh-net-02, MonSrv, osh-comp-01, osh-comp-02, osh-comp-03, osh-comp-04
Wednesday 16 September 2026  15:08:41 -0500 (0:00:01.226)       3:00:53.482 ***
Wednesday 16 September 2026  15:08:43 -0500 (0:00:02.042)       3:00:55.524 ***

TASK [download : Set default values for flag variables] ************************
ok: [k8s-master-01]
ok: [k8s-master-02]
ok: [k8s-master-03]
ok: [k8s-db-01]
ok: [k8s-db-02]
ok: [k8s-db-03]
ok: [osh-ctrl-01]
ok: [osh-ctrl-02]
ok: [osh-ctrl-03]
ok: [osh-net-01]
ok: [osh-net-02]
ok: [MonSrv]
ok: [osh-comp-01]
ok: [osh-comp-02]
ok: [osh-comp-03]
ok: [osh-comp-04]
Wednesday 16 September 2026  15:08:47 -0500 (0:00:04.811)       3:01:00.335 ***

TASK [download : Set_container_facts | Display the name of the image being processed] ***
ok: [k8s-master-01] => {
    "msg": "172.16.2.1:5000/calico/node"
}
ok: [k8s-master-02] => {
    "msg": "172.16.2.1:5000/calico/node"
}
ok: [k8s-master-03] => {
    "msg": "172.16.2.1:5000/calico/node"
}
ok: [k8s-db-01] => {
    "msg": "172.16.2.1:5000/calico/node"
}
ok: [k8s-db-02] => {
    "msg": "172.16.2.1:5000/calico/node"
}
ok: [k8s-db-03] => {
    "msg": "172.16.2.1:5000/calico/node"
}
ok: [osh-ctrl-01] => {
    "msg": "172.16.2.1:5000/calico/node"
}
ok: [osh-ctrl-02] => {
    "msg": "172.16.2.1:5000/calico/node"
}
ok: [osh-ctrl-03] => {
    "msg": "172.16.2.1:5000/calico/node"
}
ok: [osh-net-01] => {
    "msg": "172.16.2.1:5000/calico/node"
}
ok: [osh-net-02] => {
    "msg": "172.16.2.1:5000/calico/node"
}
ok: [MonSrv] => {
    "msg": "172.16.2.1:5000/calico/node"
}
ok: [osh-comp-01] => {
    "msg": "172.16.2.1:5000/calico/node"
}
ok: [osh-comp-02] => {
    "msg": "172.16.2.1:5000/calico/node"
}
ok: [osh-comp-03] => {
    "msg": "172.16.2.1:5000/calico/node"
}
ok: [osh-comp-04] => {
    "msg": "172.16.2.1:5000/calico/node"
}
Wednesday 16 September 2026  15:08:52 -0500 (0:00:04.890)       3:01:05.225 ***

TASK [download : Set_container_facts | Set if containers should be pulled by digest] ***
ok: [k8s-master-01]
ok: [k8s-master-02]
ok: [k8s-master-03]
ok: [k8s-db-01]
ok: [k8s-db-02]
ok: [k8s-db-03]
ok: [osh-ctrl-01]
ok: [osh-ctrl-02]
ok: [osh-ctrl-03]
ok: [osh-net-01]
ok: [osh-net-02]
ok: [MonSrv]
ok: [osh-comp-01]
ok: [osh-comp-02]
ok: [osh-comp-03]
ok: [osh-comp-04]
Wednesday 16 September 2026  15:08:58 -0500 (0:00:05.483)       3:01:10.709 ***

TASK [download : Set_container_facts | Define by what name to pull the image] ***
ok: [k8s-master-01]
ok: [k8s-master-02]
ok: [k8s-master-03]
ok: [k8s-db-01]
ok: [k8s-db-02]
ok: [k8s-db-03]
ok: [osh-ctrl-01]
ok: [osh-ctrl-02]
ok: [osh-ctrl-03]
ok: [osh-net-01]
ok: [osh-net-02]
ok: [MonSrv]
ok: [osh-comp-01]
ok: [osh-comp-02]
ok: [osh-comp-03]
ok: [osh-comp-04]
Wednesday 16 September 2026  15:09:04 -0500 (0:00:05.692)       3:01:16.402 ***

TASK [download : Set_container_facts | Define file name of image] **************
ok: [k8s-master-01]
ok: [k8s-master-02]
ok: [k8s-master-03]
ok: [k8s-db-01]
ok: [k8s-db-02]
ok: [k8s-db-03]
ok: [osh-ctrl-01]
ok: [osh-ctrl-02]
ok: [osh-ctrl-03]
ok: [osh-net-01]
ok: [osh-net-02]
ok: [MonSrv]
ok: [osh-comp-01]
ok: [osh-comp-02]
ok: [osh-comp-03]
ok: [osh-comp-04]
Wednesday 16 September 2026  15:09:08 -0500 (0:00:04.982)       3:01:21.384 ***

TASK [download : Set_container_facts | Define path of image] *******************
ok: [k8s-master-01]
ok: [k8s-master-02]
ok: [k8s-master-03]
ok: [k8s-db-01]
ok: [k8s-db-02]
ok: [k8s-db-03]
ok: [osh-ctrl-01]
ok: [osh-ctrl-02]
ok: [osh-ctrl-03]
ok: [osh-net-01]
ok: [osh-net-02]
ok: [MonSrv]
ok: [osh-comp-01]
ok: [osh-comp-02]
ok: [osh-comp-03]
ok: [osh-comp-04]
Wednesday 16 September 2026  15:09:16 -0500 (0:00:07.879)       3:01:29.263 ***
Wednesday 16 September 2026  15:09:17 -0500 (0:00:00.847)       3:01:30.111 ***

TASK [download : Set image save/load command for containerd] *******************
ok: [k8s-master-01]
ok: [k8s-master-02]
ok: [k8s-master-03]
ok: [k8s-db-01]
ok: [k8s-db-02]
ok: [k8s-db-03]
ok: [osh-ctrl-01]
ok: [osh-ctrl-02]
ok: [osh-ctrl-03]
ok: [osh-net-01]
ok: [osh-net-02]
ok: [MonSrv]
ok: [osh-comp-01]
ok: [osh-comp-02]
ok: [osh-comp-03]
ok: [osh-comp-04]
Wednesday 16 September 2026  15:09:22 -0500 (0:00:04.885)       3:01:34.997 ***
Wednesday 16 September 2026  15:09:23 -0500 (0:00:00.790)       3:01:35.787 ***
Wednesday 16 September 2026  15:09:24 -0500 (0:00:00.800)       3:01:36.587 ***

TASK [download : Set image save/load command for containerd on localhost] ******
ok: [k8s-master-01]
ok: [k8s-master-02]
ok: [k8s-master-03]
ok: [k8s-db-01]
ok: [k8s-db-02]
ok: [k8s-db-03]
ok: [osh-ctrl-01]
ok: [osh-ctrl-02]
ok: [osh-ctrl-03]
ok: [osh-net-01]
ok: [osh-net-02]
ok: [MonSrv]
ok: [osh-comp-01]
ok: [osh-comp-02]
ok: [osh-comp-03]
ok: [osh-comp-04]
Wednesday 16 September 2026  15:09:29 -0500 (0:00:04.884)       3:01:41.471 ***
Wednesday 16 September 2026  15:09:29 -0500 (0:00:00.818)       3:01:42.290 ***

TASK [download : Download_container | Prepare container download] **************
included: /opt/fabric-cache/repos/kubespray/roles/download/tasks/check_pull_required.yml for k8s-master-01, k8s-master-02, k8s-master-03, k8s-db-01, k8s-db-02, k8s-db-03, osh-ctrl-01, osh-ctrl-02, osh-ctrl-03, osh-net-01, osh-net-02, MonSrv, osh-comp-01, osh-comp-02, osh-comp-03, osh-comp-04
Wednesday 16 September 2026  15:09:31 -0500 (0:00:01.541)       3:01:43.831 ***

TASK [download : Check_pull_required |  Generate a list of information about the images on a node] ***
ok: [k8s-master-01]
ok: [k8s-master-02]
ok: [k8s-db-01]
ok: [k8s-master-03]
ok: [k8s-db-02]
ok: [k8s-db-03]
ok: [osh-ctrl-01]
ok: [osh-ctrl-02]
ok: [osh-ctrl-03]
ok: [osh-net-01]
ok: [osh-net-02]
ok: [MonSrv]
ok: [osh-comp-01]
ok: [osh-comp-02]
ok: [osh-comp-03]
ok: [osh-comp-04]
Wednesday 16 September 2026  15:09:57 -0500 (0:00:26.451)       3:02:10.283 ***

TASK [download : Check_pull_required | Set pull_required if the desired image is not yet loaded] ***
ok: [k8s-master-01]
ok: [k8s-master-02]
ok: [k8s-master-03]
ok: [k8s-db-01]
ok: [k8s-db-02]
ok: [k8s-db-03]
ok: [osh-ctrl-01]
ok: [osh-ctrl-02]
ok: [osh-ctrl-03]
ok: [osh-net-01]
ok: [osh-net-02]
ok: [MonSrv]
ok: [osh-comp-01]
ok: [osh-comp-02]
ok: [osh-comp-03]
ok: [osh-comp-04]
Wednesday 16 September 2026  15:10:02 -0500 (0:00:04.966)       3:02:15.250 ***
Wednesday 16 September 2026  15:10:03 -0500 (0:00:00.955)       3:02:16.205 ***

TASK [download : debug] ********************************************************
ok: [k8s-master-01] => {
    "msg": "Pull 172.16.2.1:5000/calico/node:v3.29.2 required is: True"
}
ok: [k8s-master-02] => {
    "msg": "Pull 172.16.2.1:5000/calico/node:v3.29.2 required is: True"
}
ok: [k8s-master-03] => {
    "msg": "Pull 172.16.2.1:5000/calico/node:v3.29.2 required is: True"
}
ok: [k8s-db-01] => {
    "msg": "Pull 172.16.2.1:5000/calico/node:v3.29.2 required is: True"
}
ok: [k8s-db-02] => {
    "msg": "Pull 172.16.2.1:5000/calico/node:v3.29.2 required is: True"
}
ok: [k8s-db-03] => {
    "msg": "Pull 172.16.2.1:5000/calico/node:v3.29.2 required is: True"
}
ok: [osh-ctrl-01] => {
    "msg": "Pull 172.16.2.1:5000/calico/node:v3.29.2 required is: True"
}
ok: [osh-ctrl-02] => {
    "msg": "Pull 172.16.2.1:5000/calico/node:v3.29.2 required is: True"
}
ok: [osh-ctrl-03] => {
    "msg": "Pull 172.16.2.1:5000/calico/node:v3.29.2 required is: True"
}
ok: [osh-net-01] => {
    "msg": "Pull 172.16.2.1:5000/calico/node:v3.29.2 required is: True"
}
ok: [osh-net-02] => {
    "msg": "Pull 172.16.2.1:5000/calico/node:v3.29.2 required is: True"
}
ok: [MonSrv] => {
    "msg": "Pull 172.16.2.1:5000/calico/node:v3.29.2 required is: True"
}
ok: [osh-comp-01] => {
    "msg": "Pull 172.16.2.1:5000/calico/node:v3.29.2 required is: True"
}
ok: [osh-comp-02] => {
    "msg": "Pull 172.16.2.1:5000/calico/node:v3.29.2 required is: True"
}
ok: [osh-comp-03] => {
    "msg": "Pull 172.16.2.1:5000/calico/node:v3.29.2 required is: True"
}
ok: [osh-comp-04] => {
    "msg": "Pull 172.16.2.1:5000/calico/node:v3.29.2 required is: True"
}
Wednesday 16 September 2026  15:10:09 -0500 (0:00:05.204)       3:02:21.410 ***

TASK [download : Download_container | Determine if image is in cache] **********
ok: [k8s-master-01 -> localhost]
ok: [k8s-master-02 -> localhost]
ok: [k8s-master-03 -> localhost]
ok: [k8s-db-01 -> localhost]
ok: [k8s-db-02 -> localhost]
ok: [k8s-db-03 -> localhost]
ok: [osh-ctrl-01 -> localhost]
ok: [osh-ctrl-02 -> localhost]
ok: [osh-ctrl-03 -> localhost]
ok: [osh-net-01 -> localhost]
ok: [osh-net-02 -> localhost]
ok: [MonSrv -> localhost]
ok: [osh-comp-01 -> localhost]
ok: [osh-comp-02 -> localhost]
ok: [osh-comp-03 -> localhost]
ok: [osh-comp-04 -> localhost]
Wednesday 16 September 2026  15:10:15 -0500 (0:00:06.968)       3:02:28.379 ***

TASK [download : Download_container | Set fact indicating if image is in cache] ***
ok: [k8s-master-01]
ok: [k8s-master-02]
ok: [k8s-master-03]
ok: [k8s-db-01]
ok: [k8s-db-02]
ok: [k8s-db-03]
ok: [osh-ctrl-01]
ok: [osh-ctrl-02]
ok: [osh-ctrl-03]
ok: [osh-net-01]
ok: [osh-net-02]
ok: [MonSrv]
ok: [osh-comp-01]
ok: [osh-comp-02]
ok: [osh-comp-03]
ok: [osh-comp-04]
Wednesday 16 September 2026  15:10:24 -0500 (0:00:08.063)       3:02:36.443 ***
Wednesday 16 September 2026  15:10:24 -0500 (0:00:00.735)       3:02:37.179 ***

TASK [download : Download_container | Download image if required] **************
changed: [k8s-master-01]
Wednesday 16 September 2026  15:10:46 -0500 (0:00:21.283)       3:02:58.463 ***

TASK [download : Download_container | Save and compress image] *****************
changed: [k8s-master-01]
Wednesday 16 September 2026  15:10:59 -0500 (0:00:13.465)       3:03:11.928 ***

TASK [download : Download_container | Copy image to ansible host cache] ********
changed: [k8s-master-01]
Wednesday 16 September 2026  15:12:10 -0500 (0:01:11.297)       3:04:23.225 ***

TASK [download : Download_container | Upload image to node if it is cached] ****
changed: [k8s-master-01]
changed: [k8s-master-02]
changed: [k8s-master-03]
changed: [k8s-db-01]
changed: [k8s-db-02]
changed: [k8s-db-03]
changed: [osh-ctrl-01]
changed: [osh-ctrl-02]
changed: [osh-ctrl-03]
changed: [osh-net-01]
changed: [osh-net-02]
changed: [MonSrv]
changed: [osh-comp-01]
changed: [osh-comp-02]
changed: [osh-comp-03]
changed: [osh-comp-04]
Wednesday 16 September 2026  15:28:51 -0500 (0:16:40.834)       3:21:04.059 ***

TASK [download : Download_container | Load image into the local container registry] ***
changed: [k8s-master-01]
changed: [k8s-master-02]
changed: [k8s-master-03]
changed: [k8s-db-01]
changed: [k8s-db-02]
changed: [k8s-db-03]
changed: [osh-ctrl-01]
changed: [osh-ctrl-02]
changed: [osh-ctrl-03]
changed: [osh-net-01]
changed: [osh-net-02]
changed: [MonSrv]
changed: [osh-comp-01]
changed: [osh-comp-02]
changed: [osh-comp-03]
changed: [osh-comp-04]
Wednesday 16 September 2026  15:33:22 -0500 (0:04:30.630)       3:25:34.690 ***
Wednesday 16 September 2026  15:33:23 -0500 (0:00:00.786)       3:25:35.476 ***

TASK [download : Set default values for flag variables] ************************
ok: [k8s-master-01]
ok: [k8s-master-02]
ok: [k8s-master-03]
ok: [k8s-db-01]
ok: [k8s-db-02]
ok: [k8s-db-03]
ok: [osh-ctrl-01]
ok: [osh-ctrl-02]
ok: [osh-ctrl-03]
ok: [osh-net-01]
ok: [osh-net-02]
ok: [MonSrv]
ok: [osh-comp-01]
ok: [osh-comp-02]
ok: [osh-comp-03]
ok: [osh-comp-04]
Wednesday 16 September 2026  15:33:28 -0500 (0:00:05.043)       3:25:40.520 ***

TASK [download : Set_container_facts | Display the name of the image being processed] ***
ok: [k8s-master-01] => {
    "msg": "172.16.2.1:5000/calico/cni"
}
ok: [k8s-master-02] => {
    "msg": "172.16.2.1:5000/calico/cni"
}
ok: [k8s-master-03] => {
    "msg": "172.16.2.1:5000/calico/cni"
}
ok: [k8s-db-01] => {
    "msg": "172.16.2.1:5000/calico/cni"
}
ok: [k8s-db-02] => {
    "msg": "172.16.2.1:5000/calico/cni"
}
ok: [k8s-db-03] => {
    "msg": "172.16.2.1:5000/calico/cni"
}
ok: [osh-ctrl-01] => {
    "msg": "172.16.2.1:5000/calico/cni"
}
ok: [osh-ctrl-02] => {
    "msg": "172.16.2.1:5000/calico/cni"
}
ok: [osh-ctrl-03] => {
    "msg": "172.16.2.1:5000/calico/cni"
}
ok: [osh-net-01] => {
    "msg": "172.16.2.1:5000/calico/cni"
}
ok: [osh-net-02] => {
    "msg": "172.16.2.1:5000/calico/cni"
}
ok: [MonSrv] => {
    "msg": "172.16.2.1:5000/calico/cni"
}
ok: [osh-comp-01] => {
    "msg": "172.16.2.1:5000/calico/cni"
}
ok: [osh-comp-02] => {
    "msg": "172.16.2.1:5000/calico/cni"
}
ok: [osh-comp-03] => {
    "msg": "172.16.2.1:5000/calico/cni"
}
ok: [osh-comp-04] => {
    "msg": "172.16.2.1:5000/calico/cni"
}
Wednesday 16 September 2026  15:33:33 -0500 (0:00:05.084)       3:25:45.605 ***

TASK [download : Set_container_facts | Set if containers should be pulled by digest] ***
ok: [k8s-master-01]
ok: [k8s-master-02]
ok: [k8s-master-03]
ok: [k8s-db-01]
ok: [k8s-db-02]
ok: [k8s-db-03]
ok: [osh-ctrl-01]
ok: [osh-ctrl-02]
ok: [osh-ctrl-03]
ok: [osh-net-01]
ok: [osh-net-02]
ok: [MonSrv]
ok: [osh-comp-01]
ok: [osh-comp-02]
ok: [osh-comp-03]
ok: [osh-comp-04]
Wednesday 16 September 2026  15:33:38 -0500 (0:00:04.998)       3:25:50.603 ***

TASK [download : Set_container_facts | Define by what name to pull the image] ***
ok: [k8s-master-01]
ok: [k8s-master-02]
ok: [k8s-master-03]
ok: [k8s-db-01]
ok: [k8s-db-02]
ok: [k8s-db-03]
ok: [osh-ctrl-01]
ok: [osh-ctrl-02]
ok: [osh-ctrl-03]
ok: [osh-net-01]
ok: [osh-net-02]
ok: [MonSrv]
ok: [osh-comp-01]
ok: [osh-comp-02]
ok: [osh-comp-03]
ok: [osh-comp-04]
Wednesday 16 September 2026  15:33:43 -0500 (0:00:04.890)       3:25:55.494 ***

TASK [download : Set_container_facts | Define file name of image] **************
ok: [k8s-master-01]
ok: [k8s-master-02]
ok: [k8s-master-03]
ok: [k8s-db-01]
ok: [k8s-db-02]
ok: [k8s-db-03]
ok: [osh-ctrl-01]
ok: [osh-ctrl-02]
ok: [osh-ctrl-03]
ok: [osh-net-01]
ok: [osh-net-02]
ok: [MonSrv]
ok: [osh-comp-01]
ok: [osh-comp-02]
ok: [osh-comp-03]
ok: [osh-comp-04]
Wednesday 16 September 2026  15:33:47 -0500 (0:00:04.825)       3:26:00.320 ***

TASK [download : Set_container_facts | Define path of image] *******************
ok: [k8s-master-01]
ok: [k8s-master-02]
ok: [k8s-master-03]
ok: [k8s-db-01]
ok: [k8s-db-02]
ok: [k8s-db-03]
ok: [osh-ctrl-01]
ok: [osh-ctrl-02]
ok: [osh-ctrl-03]
ok: [osh-net-01]
ok: [osh-net-02]
ok: [MonSrv]
ok: [osh-comp-01]
ok: [osh-comp-02]
ok: [osh-comp-03]
ok: [osh-comp-04]
Wednesday 16 September 2026  15:33:55 -0500 (0:00:07.700)       3:26:08.020 ***
Wednesday 16 September 2026  15:33:56 -0500 (0:00:00.854)       3:26:08.875 ***

TASK [download : Set image save/load command for containerd] *******************
ok: [k8s-master-01]
ok: [k8s-master-02]
ok: [k8s-master-03]
ok: [k8s-db-01]
ok: [k8s-db-02]
ok: [k8s-db-03]
ok: [osh-ctrl-01]
ok: [osh-ctrl-02]
ok: [osh-ctrl-03]
ok: [osh-net-01]
ok: [osh-net-02]
ok: [MonSrv]
ok: [osh-comp-01]
ok: [osh-comp-02]
ok: [osh-comp-03]
ok: [osh-comp-04]
Wednesday 16 September 2026  15:34:01 -0500 (0:00:04.904)       3:26:13.780 ***
Wednesday 16 September 2026  15:34:02 -0500 (0:00:01.147)       3:26:14.927 ***
Wednesday 16 September 2026  15:34:03 -0500 (0:00:01.435)       3:26:16.363 ***

TASK [download : Set image save/load command for containerd on localhost] ******
ok: [k8s-master-01]
ok: [k8s-master-02]
ok: [k8s-master-03]
ok: [k8s-db-01]
ok: [k8s-db-02]
ok: [k8s-db-03]
ok: [osh-ctrl-01]
ok: [osh-ctrl-02]
ok: [osh-ctrl-03]
ok: [osh-net-01]
ok: [osh-net-02]
ok: [MonSrv]
ok: [osh-comp-01]
ok: [osh-comp-02]
ok: [osh-comp-03]
ok: [osh-comp-04]
Wednesday 16 September 2026  15:34:09 -0500 (0:00:05.224)       3:26:21.587 ***
Wednesday 16 September 2026  15:34:10 -0500 (0:00:00.904)       3:26:22.492 ***

TASK [download : Download_container | Prepare container download] **************
included: /opt/fabric-cache/repos/kubespray/roles/download/tasks/check_pull_required.yml for k8s-master-01, k8s-master-02, k8s-master-03, k8s-db-01, k8s-db-02, k8s-db-03, osh-ctrl-01, osh-ctrl-02, osh-ctrl-03, osh-net-01, osh-net-02, MonSrv, osh-comp-01, osh-comp-02, osh-comp-03, osh-comp-04
Wednesday 16 September 2026  15:34:12 -0500 (0:00:01.936)       3:26:24.428 ***

TASK [download : Check_pull_required |  Generate a list of information about the images on a node] ***
ok: [k8s-master-01]
ok: [k8s-master-02]
ok: [k8s-db-01]
ok: [k8s-master-03]
ok: [k8s-db-03]
ok: [k8s-db-02]
ok: [osh-ctrl-01]
ok: [osh-ctrl-02]
ok: [osh-ctrl-03]
ok: [osh-net-01]
ok: [osh-net-02]
ok: [MonSrv]
ok: [osh-comp-01]
ok: [osh-comp-02]
ok: [osh-comp-03]
ok: [osh-comp-04]
Wednesday 16 September 2026  15:34:39 -0500 (0:00:27.055)       3:26:51.483 ***

TASK [download : Check_pull_required | Set pull_required if the desired image is not yet loaded] ***
ok: [k8s-master-01]
ok: [k8s-master-02]
ok: [k8s-master-03]
ok: [k8s-db-01]
ok: [k8s-db-02]
ok: [k8s-db-03]
ok: [osh-ctrl-01]
ok: [osh-ctrl-02]
ok: [osh-ctrl-03]
ok: [osh-net-01]
ok: [osh-net-02]
ok: [MonSrv]
ok: [osh-comp-01]
ok: [osh-comp-02]
ok: [osh-comp-03]
ok: [osh-comp-04]
Wednesday 16 September 2026  15:34:43 -0500 (0:00:04.899)       3:26:56.382 ***
Wednesday 16 September 2026  15:34:44 -0500 (0:00:00.784)       3:26:57.167 ***

TASK [download : debug] ********************************************************
ok: [k8s-master-01] => {
    "msg": "Pull 172.16.2.1:5000/calico/cni:v3.29.2 required is: True"
}
ok: [k8s-master-02] => {
    "msg": "Pull 172.16.2.1:5000/calico/cni:v3.29.2 required is: True"
}
ok: [k8s-master-03] => {
    "msg": "Pull 172.16.2.1:5000/calico/cni:v3.29.2 required is: True"
}
ok: [k8s-db-01] => {
    "msg": "Pull 172.16.2.1:5000/calico/cni:v3.29.2 required is: True"
}
ok: [k8s-db-02] => {
    "msg": "Pull 172.16.2.1:5000/calico/cni:v3.29.2 required is: True"
}
ok: [k8s-db-03] => {
    "msg": "Pull 172.16.2.1:5000/calico/cni:v3.29.2 required is: True"
}
ok: [osh-ctrl-01] => {
    "msg": "Pull 172.16.2.1:5000/calico/cni:v3.29.2 required is: True"
}
ok: [osh-ctrl-02] => {
    "msg": "Pull 172.16.2.1:5000/calico/cni:v3.29.2 required is: True"
}
ok: [osh-ctrl-03] => {
    "msg": "Pull 172.16.2.1:5000/calico/cni:v3.29.2 required is: True"
}
ok: [osh-net-01] => {
    "msg": "Pull 172.16.2.1:5000/calico/cni:v3.29.2 required is: True"
}
ok: [osh-net-02] => {
    "msg": "Pull 172.16.2.1:5000/calico/cni:v3.29.2 required is: True"
}
ok: [MonSrv] => {
    "msg": "Pull 172.16.2.1:5000/calico/cni:v3.29.2 required is: True"
}
ok: [osh-comp-01] => {
    "msg": "Pull 172.16.2.1:5000/calico/cni:v3.29.2 required is: True"
}
ok: [osh-comp-02] => {
    "msg": "Pull 172.16.2.1:5000/calico/cni:v3.29.2 required is: True"
}
ok: [osh-comp-03] => {
    "msg": "Pull 172.16.2.1:5000/calico/cni:v3.29.2 required is: True"
}
ok: [osh-comp-04] => {
    "msg": "Pull 172.16.2.1:5000/calico/cni:v3.29.2 required is: True"
}
Wednesday 16 September 2026  15:34:49 -0500 (0:00:04.537)       3:27:01.705 ***

TASK [download : Download_container | Determine if image is in cache] **********
ok: [k8s-master-01 -> localhost]
ok: [k8s-master-02 -> localhost]
ok: [k8s-master-03 -> localhost]
ok: [k8s-db-01 -> localhost]
ok: [k8s-db-02 -> localhost]
ok: [k8s-db-03 -> localhost]
ok: [osh-ctrl-01 -> localhost]
ok: [osh-ctrl-02 -> localhost]
ok: [osh-ctrl-03 -> localhost]
ok: [osh-net-01 -> localhost]
ok: [osh-net-02 -> localhost]
ok: [MonSrv -> localhost]
ok: [osh-comp-01 -> localhost]
ok: [osh-comp-02 -> localhost]
ok: [osh-comp-03 -> localhost]
ok: [osh-comp-04 -> localhost]
Wednesday 16 September 2026  15:34:55 -0500 (0:00:06.608)       3:27:08.313 ***

TASK [download : Download_container | Set fact indicating if image is in cache] ***
ok: [k8s-master-01]
ok: [k8s-master-02]
ok: [k8s-master-03]
ok: [k8s-db-01]
ok: [k8s-db-02]
ok: [k8s-db-03]
ok: [osh-ctrl-01]
ok: [osh-ctrl-02]
ok: [osh-ctrl-03]
ok: [osh-net-01]
ok: [osh-net-02]
ok: [MonSrv]
ok: [osh-comp-01]
ok: [osh-comp-02]
ok: [osh-comp-03]
ok: [osh-comp-04]
Wednesday 16 September 2026  15:35:00 -0500 (0:00:05.036)       3:27:13.350 ***
Wednesday 16 September 2026  15:35:01 -0500 (0:00:00.835)       3:27:14.186 ***

TASK [download : Download_container | Download image if required] **************
changed: [k8s-master-01]
Wednesday 16 September 2026  15:35:17 -0500 (0:00:15.968)       3:27:30.155 ***

TASK [download : Download_container | Save and compress image] *****************
changed: [k8s-master-01]
Wednesday 16 September 2026  15:35:26 -0500 (0:00:08.912)       3:27:39.067 ***

TASK [download : Download_container | Copy image to ansible host cache] ********
changed: [k8s-master-01]
Wednesday 16 September 2026  15:36:19 -0500 (0:00:53.168)       3:28:32.235 ***

TASK [download : Download_container | Upload image to node if it is cached] ****
changed: [k8s-master-01]
changed: [k8s-master-02]
changed: [k8s-master-03]
changed: [k8s-db-01]
changed: [k8s-db-02]
changed: [k8s-db-03]
changed: [osh-ctrl-01]
changed: [osh-ctrl-02]
changed: [osh-ctrl-03]
changed: [osh-net-01]
changed: [osh-net-02]
changed: [MonSrv]
changed: [osh-comp-01]
changed: [osh-comp-03]
changed: [osh-comp-02]
changed: [osh-comp-04]
Wednesday 16 September 2026  15:48:42 -0500 (0:12:22.387)       3:40:54.623 ***

TASK [download : Download_container | Load image into the local container registry] ***
changed: [k8s-master-01]
changed: [k8s-master-02]
changed: [k8s-master-03]
changed: [k8s-db-01]
changed: [k8s-db-02]
changed: [k8s-db-03]
changed: [osh-ctrl-01]
changed: [osh-ctrl-02]
changed: [osh-ctrl-03]
changed: [osh-net-01]
changed: [osh-net-02]
changed: [MonSrv]
changed: [osh-comp-01]
changed: [osh-comp-02]
changed: [osh-comp-03]
changed: [osh-comp-04]
Wednesday 16 September 2026  15:51:34 -0500 (0:02:52.695)       3:43:47.319 ***
Wednesday 16 September 2026  15:51:35 -0500 (0:00:00.533)       3:43:47.853 ***

TASK [download : Set default values for flag variables] ************************
ok: [k8s-master-01]
ok: [k8s-master-02]
ok: [k8s-master-03]
ok: [k8s-db-01]
ok: [k8s-db-02]
ok: [k8s-db-03]
ok: [osh-ctrl-01]
ok: [osh-ctrl-02]
ok: [osh-ctrl-03]
ok: [osh-net-01]
ok: [osh-net-02]
ok: [MonSrv]
ok: [osh-comp-01]
ok: [osh-comp-02]
ok: [osh-comp-03]
ok: [osh-comp-04]
Wednesday 16 September 2026  15:51:37 -0500 (0:00:02.352)       3:43:50.205 ***

TASK [download : Set_container_facts | Display the name of the image being processed] ***
ok: [k8s-master-01] => {
    "msg": "172.16.2.1:5000/calico/kube-controllers"
}
ok: [k8s-master-02] => {
    "msg": "172.16.2.1:5000/calico/kube-controllers"
}
ok: [k8s-master-03] => {
    "msg": "172.16.2.1:5000/calico/kube-controllers"
}
ok: [k8s-db-01] => {
    "msg": "172.16.2.1:5000/calico/kube-controllers"
}
ok: [k8s-db-02] => {
    "msg": "172.16.2.1:5000/calico/kube-controllers"
}
ok: [k8s-db-03] => {
    "msg": "172.16.2.1:5000/calico/kube-controllers"
}
ok: [osh-ctrl-01] => {
    "msg": "172.16.2.1:5000/calico/kube-controllers"
}
ok: [osh-ctrl-02] => {
    "msg": "172.16.2.1:5000/calico/kube-controllers"
}
ok: [osh-ctrl-03] => {
    "msg": "172.16.2.1:5000/calico/kube-controllers"
}
ok: [osh-net-01] => {
    "msg": "172.16.2.1:5000/calico/kube-controllers"
}
ok: [osh-net-02] => {
    "msg": "172.16.2.1:5000/calico/kube-controllers"
}
ok: [MonSrv] => {
    "msg": "172.16.2.1:5000/calico/kube-controllers"
}
ok: [osh-comp-01] => {
    "msg": "172.16.2.1:5000/calico/kube-controllers"
}
ok: [osh-comp-02] => {
    "msg": "172.16.2.1:5000/calico/kube-controllers"
}
ok: [osh-comp-03] => {
    "msg": "172.16.2.1:5000/calico/kube-controllers"
}
ok: [osh-comp-04] => {
    "msg": "172.16.2.1:5000/calico/kube-controllers"
}
Wednesday 16 September 2026  15:51:42 -0500 (0:00:04.461)       3:43:54.667 ***

TASK [download : Set_container_facts | Set if containers should be pulled by digest] ***
ok: [k8s-master-01]
ok: [k8s-master-02]
ok: [k8s-master-03]
ok: [k8s-db-01]
ok: [k8s-db-02]
ok: [k8s-db-03]
ok: [osh-ctrl-01]
ok: [osh-ctrl-02]
ok: [osh-ctrl-03]
ok: [osh-net-01]
ok: [osh-net-02]
ok: [MonSrv]
ok: [osh-comp-01]
ok: [osh-comp-02]
ok: [osh-comp-03]
ok: [osh-comp-04]
Wednesday 16 September 2026  15:51:47 -0500 (0:00:04.757)       3:43:59.424 ***

TASK [download : Set_container_facts | Define by what name to pull the image] ***
ok: [k8s-master-01]
ok: [k8s-master-02]
ok: [k8s-master-03]
ok: [k8s-db-01]
ok: [k8s-db-02]
ok: [k8s-db-03]
ok: [osh-ctrl-01]
ok: [osh-ctrl-02]
ok: [osh-ctrl-03]
ok: [osh-net-01]
ok: [osh-net-02]
ok: [MonSrv]
ok: [osh-comp-01]
ok: [osh-comp-02]
ok: [osh-comp-03]
ok: [osh-comp-04]
Wednesday 16 September 2026  15:51:53 -0500 (0:00:06.956)       3:44:06.381 ***

TASK [download : Set_container_facts | Define file name of image] **************
ok: [k8s-master-01]
ok: [k8s-master-02]
ok: [k8s-master-03]
ok: [k8s-db-01]
ok: [k8s-db-02]
ok: [k8s-db-03]
ok: [osh-ctrl-01]
ok: [osh-ctrl-02]
ok: [osh-ctrl-03]
ok: [osh-net-01]
ok: [osh-net-02]
ok: [MonSrv]
ok: [osh-comp-01]
ok: [osh-comp-02]
ok: [osh-comp-03]
ok: [osh-comp-04]
Wednesday 16 September 2026  15:51:58 -0500 (0:00:04.643)       3:44:11.024 ***

TASK [download : Set_container_facts | Define path of image] *******************
ok: [k8s-master-01]
ok: [k8s-master-02]
ok: [k8s-master-03]
ok: [k8s-db-01]
ok: [k8s-db-02]
ok: [k8s-db-03]
ok: [osh-ctrl-01]
ok: [osh-ctrl-02]
ok: [osh-ctrl-03]
ok: [osh-net-01]
ok: [osh-net-02]
ok: [MonSrv]
ok: [osh-comp-01]
ok: [osh-comp-02]
ok: [osh-comp-03]
ok: [osh-comp-04]
Wednesday 16 September 2026  15:52:02 -0500 (0:00:04.140)       3:44:15.164 ***
Wednesday 16 September 2026  15:52:03 -0500 (0:00:00.737)       3:44:15.902 ***

TASK [download : Set image save/load command for containerd] *******************
ok: [k8s-master-01]
ok: [k8s-master-02]
ok: [k8s-master-03]
ok: [k8s-db-01]
ok: [k8s-db-02]
ok: [k8s-db-03]
ok: [osh-ctrl-01]
ok: [osh-ctrl-02]
ok: [osh-ctrl-03]
ok: [osh-net-01]
ok: [osh-net-02]
ok: [MonSrv]
ok: [osh-comp-01]
ok: [osh-comp-02]
ok: [osh-comp-03]
ok: [osh-comp-04]
Wednesday 16 September 2026  15:52:08 -0500 (0:00:04.526)       3:44:20.429 ***
Wednesday 16 September 2026  15:52:08 -0500 (0:00:00.694)       3:44:21.123 ***
Wednesday 16 September 2026  15:52:09 -0500 (0:00:00.648)       3:44:21.772 ***

TASK [download : Set image save/load command for containerd on localhost] ******
ok: [k8s-master-01]
ok: [k8s-master-02]
ok: [k8s-master-03]
ok: [k8s-db-01]
ok: [k8s-db-02]
ok: [k8s-db-03]
ok: [osh-ctrl-01]
ok: [osh-ctrl-02]
ok: [osh-ctrl-03]
ok: [osh-net-01]
ok: [osh-net-02]
ok: [MonSrv]
ok: [osh-comp-01]
ok: [osh-comp-02]
ok: [osh-comp-03]
ok: [osh-comp-04]
Wednesday 16 September 2026  15:52:13 -0500 (0:00:04.486)       3:44:26.258 ***
Wednesday 16 September 2026  15:52:14 -0500 (0:00:00.786)       3:44:27.045 ***

TASK [download : Download_container | Prepare container download] **************
included: /opt/fabric-cache/repos/kubespray/roles/download/tasks/check_pull_required.yml for k8s-master-01, k8s-master-02, k8s-master-03, k8s-db-01, k8s-db-02, k8s-db-03, osh-ctrl-01, osh-ctrl-02, osh-ctrl-03, osh-net-01, osh-net-02, MonSrv, osh-comp-01, osh-comp-02, osh-comp-03, osh-comp-04
Wednesday 16 September 2026  15:52:16 -0500 (0:00:01.473)       3:44:28.519 ***

TASK [download : Check_pull_required |  Generate a list of information about the images on a node] ***
ok: [k8s-master-01]
ok: [k8s-master-02]
ok: [k8s-db-01]
ok: [k8s-master-03]
ok: [k8s-db-03]
ok: [k8s-db-02]
ok: [osh-ctrl-01]
ok: [osh-ctrl-02]
ok: [osh-ctrl-03]
ok: [osh-net-01]
ok: [osh-net-02]
ok: [MonSrv]
ok: [osh-comp-01]
ok: [osh-comp-02]
ok: [osh-comp-03]
ok: [osh-comp-04]
Wednesday 16 September 2026  15:52:41 -0500 (0:00:25.264)       3:44:53.784 ***

TASK [download : Check_pull_required | Set pull_required if the desired image is not yet loaded] ***
ok: [k8s-master-01]
ok: [k8s-master-02]
ok: [k8s-master-03]
ok: [k8s-db-01]
ok: [k8s-db-02]
ok: [k8s-db-03]
ok: [osh-ctrl-01]
ok: [osh-ctrl-02]
ok: [osh-ctrl-03]
ok: [osh-net-01]
ok: [osh-net-02]
ok: [MonSrv]
ok: [osh-comp-01]
ok: [osh-comp-02]
ok: [osh-comp-03]
ok: [osh-comp-04]
Wednesday 16 September 2026  15:52:45 -0500 (0:00:03.685)       3:44:57.469 ***
Wednesday 16 September 2026  15:52:45 -0500 (0:00:00.701)       3:44:58.171 ***

TASK [download : debug] ********************************************************
ok: [k8s-master-01] => {
    "msg": "Pull 172.16.2.1:5000/calico/kube-controllers:v3.29.2 required is: True"
}
ok: [k8s-master-02] => {
    "msg": "Pull 172.16.2.1:5000/calico/kube-controllers:v3.29.2 required is: True"
}
ok: [k8s-master-03] => {
    "msg": "Pull 172.16.2.1:5000/calico/kube-controllers:v3.29.2 required is: True"
}
ok: [k8s-db-01] => {
    "msg": "Pull 172.16.2.1:5000/calico/kube-controllers:v3.29.2 required is: True"
}
ok: [k8s-db-02] => {
    "msg": "Pull 172.16.2.1:5000/calico/kube-controllers:v3.29.2 required is: True"
}
ok: [k8s-db-03] => {
    "msg": "Pull 172.16.2.1:5000/calico/kube-controllers:v3.29.2 required is: True"
}
ok: [osh-ctrl-01] => {
    "msg": "Pull 172.16.2.1:5000/calico/kube-controllers:v3.29.2 required is: True"
}
ok: [osh-ctrl-02] => {
    "msg": "Pull 172.16.2.1:5000/calico/kube-controllers:v3.29.2 required is: True"
}
ok: [osh-ctrl-03] => {
    "msg": "Pull 172.16.2.1:5000/calico/kube-controllers:v3.29.2 required is: True"
}
ok: [osh-net-01] => {
    "msg": "Pull 172.16.2.1:5000/calico/kube-controllers:v3.29.2 required is: True"
}
ok: [osh-net-02] => {
    "msg": "Pull 172.16.2.1:5000/calico/kube-controllers:v3.29.2 required is: True"
}
ok: [MonSrv] => {
    "msg": "Pull 172.16.2.1:5000/calico/kube-controllers:v3.29.2 required is: True"
}
ok: [osh-comp-01] => {
    "msg": "Pull 172.16.2.1:5000/calico/kube-controllers:v3.29.2 required is: True"
}
ok: [osh-comp-02] => {
    "msg": "Pull 172.16.2.1:5000/calico/kube-controllers:v3.29.2 required is: True"
}
ok: [osh-comp-03] => {
    "msg": "Pull 172.16.2.1:5000/calico/kube-controllers:v3.29.2 required is: True"
}
ok: [osh-comp-04] => {
    "msg": "Pull 172.16.2.1:5000/calico/kube-controllers:v3.29.2 required is: True"
}
Wednesday 16 September 2026  15:52:50 -0500 (0:00:04.335)       3:45:02.506 ***

TASK [download : Download_container | Determine if image is in cache] **********
ok: [k8s-master-01 -> localhost]
ok: [k8s-master-02 -> localhost]
ok: [k8s-master-03 -> localhost]
ok: [k8s-db-01 -> localhost]
ok: [k8s-db-02 -> localhost]
ok: [k8s-db-03 -> localhost]
ok: [osh-ctrl-01 -> localhost]
ok: [osh-ctrl-02 -> localhost]
ok: [osh-ctrl-03 -> localhost]
ok: [osh-net-01 -> localhost]
ok: [osh-net-02 -> localhost]
ok: [MonSrv -> localhost]
ok: [osh-comp-01 -> localhost]
ok: [osh-comp-02 -> localhost]
ok: [osh-comp-03 -> localhost]
ok: [osh-comp-04 -> localhost]
Wednesday 16 September 2026  15:52:55 -0500 (0:00:05.552)       3:45:08.059 ***

TASK [download : Download_container | Set fact indicating if image is in cache] ***
ok: [k8s-master-01]
ok: [k8s-master-02]
ok: [k8s-master-03]
ok: [k8s-db-01]
ok: [k8s-db-02]
ok: [k8s-db-03]
ok: [osh-ctrl-01]
ok: [osh-ctrl-02]
ok: [osh-ctrl-03]
ok: [osh-net-01]
ok: [osh-net-02]
ok: [MonSrv]
ok: [osh-comp-01]
ok: [osh-comp-02]
ok: [osh-comp-03]
ok: [osh-comp-04]
Wednesday 16 September 2026  15:53:02 -0500 (0:00:07.061)       3:45:15.121 ***
Wednesday 16 September 2026  15:53:03 -0500 (0:00:00.818)       3:45:15.940 ***

TASK [download : Download_container | Download image if required] **************
changed: [k8s-master-01]
Wednesday 16 September 2026  15:53:09 -0500 (0:00:06.092)       3:45:22.032 ***

TASK [download : Download_container | Save and compress image] *****************
changed: [k8s-master-01]
Wednesday 16 September 2026  15:53:13 -0500 (0:00:03.864)       3:45:25.897 ***

TASK [download : Download_container | Copy image to ansible host cache] ********
changed: [k8s-master-01]
Wednesday 16 September 2026  15:53:33 -0500 (0:00:19.677)       3:45:45.575 ***

TASK [download : Download_container | Upload image to node if it is cached] ****
changed: [k8s-master-01]
changed: [k8s-master-02]
changed: [k8s-master-03]
changed: [k8s-db-01]
changed: [k8s-db-02]
changed: [k8s-db-03]
changed: [osh-ctrl-01]
changed: [osh-ctrl-02]
changed: [osh-ctrl-03]
changed: [osh-net-01]
changed: [osh-net-02]
changed: [MonSrv]
changed: [osh-comp-01]
changed: [osh-comp-02]
changed: [osh-comp-03]
changed: [osh-comp-04]
Wednesday 16 September 2026  15:58:29 -0500 (0:04:56.149)       3:50:41.724 ***

TASK [download : Download_container | Load image into the local container registry] ***
changed: [k8s-master-01]
changed: [k8s-master-02]
changed: [k8s-master-03]
changed: [k8s-db-01]
changed: [k8s-db-02]
changed: [k8s-db-03]
changed: [osh-ctrl-01]
changed: [osh-ctrl-02]
changed: [osh-ctrl-03]
changed: [osh-net-01]
changed: [osh-net-02]
changed: [MonSrv]
changed: [osh-comp-01]
changed: [osh-comp-02]
changed: [osh-comp-03]
changed: [osh-comp-04]
Wednesday 16 September 2026  15:59:53 -0500 (0:01:23.732)       3:52:05.457 ***
Wednesday 16 September 2026  15:59:53 -0500 (0:00:00.584)       3:52:06.042 ***

TASK [download : Prep_download | Set a few facts] ******************************
ok: [k8s-master-01]
ok: [k8s-master-02]
ok: [k8s-master-03]
Wednesday 16 September 2026  15:59:54 -0500 (0:00:00.749)       3:52:06.791 ***

TASK [download : Download_file | Show url of file to download] *****************
ok: [k8s-master-01] => {
    "msg": "http://172.16.2.1:8080/calico-crds-3.29.2.yaml"
}
Wednesday 16 September 2026  15:59:54 -0500 (0:00:00.513)       3:52:07.304 ***

TASK [download : Download_file | Set pathname of cached file] ******************
ok: [k8s-master-01]
ok: [k8s-master-02]
ok: [k8s-master-03]
Wednesday 16 September 2026  15:59:55 -0500 (0:00:00.874)       3:52:08.179 ***

TASK [download : Download_file | Create dest directory on node] ****************
changed: [k8s-master-01]
changed: [k8s-master-02]
changed: [k8s-master-03]
Wednesday 16 September 2026  16:00:01 -0500 (0:00:05.588)       3:52:13.767 ***

TASK [download : Download_file | Create local cache directory] *****************
ok: [k8s-master-01 -> localhost]
Wednesday 16 September 2026  16:00:02 -0500 (0:00:00.784)       3:52:14.552 ***

TASK [download : Download_file | Create cache directory on download_delegate host] ***
ok: [k8s-master-01]
Wednesday 16 September 2026  16:00:05 -0500 (0:00:03.688)       3:52:18.240 ***

TASK [download : Download_file | Download item] ********************************
changed: [k8s-master-01]
Wednesday 16 September 2026  16:00:10 -0500 (0:00:04.227)       3:52:22.468 ***

TASK [download : Download_file | Copy file back to ansible host file cache] ****
changed: [k8s-master-01]
Wednesday 16 September 2026  16:00:12 -0500 (0:00:02.311)       3:52:24.779 ***

TASK [download : Download_file | Copy file from cache to nodes, if it is available] ***
changed: [k8s-master-01]
changed: [k8s-master-02]
changed: [k8s-master-03]
Wednesday 16 September 2026  16:00:17 -0500 (0:00:05.144)       3:52:29.924 ***

TASK [download : Download_file | Set mode and owner] ***************************
changed: [k8s-master-01]
changed: [k8s-master-02]
changed: [k8s-master-03]
Wednesday 16 September 2026  16:00:22 -0500 (0:00:05.450)       3:52:35.375 ***

TASK [download : Download_file | Extract file archives] ************************
included: /opt/fabric-cache/repos/kubespray/roles/download/tasks/extract_file.yml for k8s-master-01, k8s-master-02, k8s-master-03
Wednesday 16 September 2026  16:00:23 -0500 (0:00:00.180)       3:52:35.555 ***
Wednesday 16 September 2026  16:00:23 -0500 (0:00:00.410)       3:52:35.966 ***

TASK [download : Set default values for flag variables] ************************
ok: [k8s-master-01]
ok: [k8s-master-02]
ok: [k8s-master-03]
ok: [k8s-db-01]
ok: [k8s-db-02]
ok: [k8s-db-03]
ok: [osh-ctrl-01]
ok: [osh-ctrl-02]
ok: [osh-ctrl-03]
ok: [osh-net-01]
ok: [osh-net-02]
ok: [MonSrv]
ok: [osh-comp-01]
ok: [osh-comp-02]
ok: [osh-comp-03]
ok: [osh-comp-04]
Wednesday 16 September 2026  16:00:28 -0500 (0:00:05.410)       3:52:41.377 ***

TASK [download : Set_container_facts | Display the name of the image being processed] ***
ok: [k8s-master-01] => {
    "msg": "172.16.2.1:5000/pause"
}
ok: [k8s-master-02] => {
    "msg": "172.16.2.1:5000/pause"
}
ok: [k8s-master-03] => {
    "msg": "172.16.2.1:5000/pause"
}
ok: [k8s-db-01] => {
    "msg": "172.16.2.1:5000/pause"
}
ok: [k8s-db-02] => {
    "msg": "172.16.2.1:5000/pause"
}
ok: [k8s-db-03] => {
    "msg": "172.16.2.1:5000/pause"
}
ok: [osh-ctrl-01] => {
    "msg": "172.16.2.1:5000/pause"
}
ok: [osh-ctrl-02] => {
    "msg": "172.16.2.1:5000/pause"
}
ok: [osh-ctrl-03] => {
    "msg": "172.16.2.1:5000/pause"
}
ok: [osh-net-01] => {
    "msg": "172.16.2.1:5000/pause"
}
ok: [osh-net-02] => {
    "msg": "172.16.2.1:5000/pause"
}
ok: [MonSrv] => {
    "msg": "172.16.2.1:5000/pause"
}
ok: [osh-comp-01] => {
    "msg": "172.16.2.1:5000/pause"
}
ok: [osh-comp-02] => {
    "msg": "172.16.2.1:5000/pause"
}
ok: [osh-comp-03] => {
    "msg": "172.16.2.1:5000/pause"
}
ok: [osh-comp-04] => {
    "msg": "172.16.2.1:5000/pause"
}
Wednesday 16 September 2026  16:00:35 -0500 (0:00:06.889)       3:52:48.266 ***

TASK [download : Set_container_facts | Set if containers should be pulled by digest] ***
ok: [k8s-master-01]
ok: [k8s-master-02]
ok: [k8s-master-03]
ok: [k8s-db-01]
ok: [k8s-db-02]
ok: [k8s-db-03]
ok: [osh-ctrl-01]
ok: [osh-ctrl-02]
ok: [osh-ctrl-03]
ok: [osh-net-01]
ok: [osh-net-02]
ok: [MonSrv]
ok: [osh-comp-01]
ok: [osh-comp-02]
ok: [osh-comp-03]
ok: [osh-comp-04]
Wednesday 16 September 2026  16:00:41 -0500 (0:00:05.679)       3:52:53.946 ***

TASK [download : Set_container_facts | Define by what name to pull the image] ***
ok: [k8s-master-01]
ok: [k8s-master-02]
ok: [k8s-master-03]
ok: [k8s-db-01]
ok: [k8s-db-02]
ok: [k8s-db-03]
ok: [osh-ctrl-01]
ok: [osh-ctrl-02]
ok: [osh-ctrl-03]
ok: [osh-net-01]
ok: [osh-net-02]
ok: [MonSrv]
ok: [osh-comp-01]
ok: [osh-comp-02]
ok: [osh-comp-03]
ok: [osh-comp-04]
Wednesday 16 September 2026  16:00:46 -0500 (0:00:04.656)       3:52:58.602 ***

TASK [download : Set_container_facts | Define file name of image] **************
ok: [k8s-master-01]
ok: [k8s-master-02]
ok: [k8s-master-03]
ok: [k8s-db-01]
ok: [k8s-db-02]
ok: [k8s-db-03]
ok: [osh-ctrl-01]
ok: [osh-ctrl-02]
ok: [osh-ctrl-03]
ok: [osh-net-01]
ok: [osh-net-02]
ok: [MonSrv]
ok: [osh-comp-01]
ok: [osh-comp-02]
ok: [osh-comp-03]
ok: [osh-comp-04]
Wednesday 16 September 2026  16:00:50 -0500 (0:00:04.278)       3:53:02.880 ***

TASK [download : Set_container_facts | Define path of image] *******************
ok: [k8s-master-01]
ok: [k8s-master-02]
ok: [k8s-master-03]
ok: [k8s-db-01]
ok: [k8s-db-02]
ok: [k8s-db-03]
ok: [osh-ctrl-01]
ok: [osh-ctrl-02]
ok: [osh-ctrl-03]
ok: [osh-net-01]
ok: [osh-net-02]
ok: [MonSrv]
ok: [osh-comp-01]
ok: [osh-comp-02]
ok: [osh-comp-03]
ok: [osh-comp-04]
Wednesday 16 September 2026  16:00:54 -0500 (0:00:04.161)       3:53:07.041 ***
Wednesday 16 September 2026  16:00:55 -0500 (0:00:00.785)       3:53:07.827 ***

TASK [download : Set image save/load command for containerd] *******************
ok: [k8s-master-01]
ok: [k8s-master-02]
ok: [k8s-master-03]
ok: [k8s-db-01]
ok: [k8s-db-02]
ok: [k8s-db-03]
ok: [osh-ctrl-01]
ok: [osh-ctrl-02]
ok: [osh-ctrl-03]
ok: [osh-net-01]
ok: [osh-net-02]
ok: [MonSrv]
ok: [osh-comp-01]
ok: [osh-comp-02]
ok: [osh-comp-03]
ok: [osh-comp-04]
Wednesday 16 September 2026  16:00:59 -0500 (0:00:04.508)       3:53:12.335 ***
Wednesday 16 September 2026  16:01:00 -0500 (0:00:00.719)       3:53:13.055 ***
Wednesday 16 September 2026  16:01:01 -0500 (0:00:00.751)       3:53:13.806 ***

TASK [download : Set image save/load command for containerd on localhost] ******
ok: [k8s-master-01]
ok: [k8s-master-02]
ok: [k8s-master-03]
ok: [k8s-db-01]
ok: [k8s-db-02]
ok: [k8s-db-03]
ok: [osh-ctrl-01]
ok: [osh-ctrl-02]
ok: [osh-ctrl-03]
ok: [osh-net-01]
ok: [osh-net-02]
ok: [MonSrv]
ok: [osh-comp-01]
ok: [osh-comp-02]
ok: [osh-comp-03]
ok: [osh-comp-04]
Wednesday 16 September 2026  16:01:06 -0500 (0:00:04.670)       3:53:18.476 ***
Wednesday 16 September 2026  16:01:06 -0500 (0:00:00.769)       3:53:19.246 ***

TASK [download : Download_container | Prepare container download] **************
included: /opt/fabric-cache/repos/kubespray/roles/download/tasks/check_pull_required.yml for k8s-master-01, k8s-master-02, k8s-master-03, k8s-db-01, k8s-db-02, k8s-db-03, osh-ctrl-01, osh-ctrl-02, osh-ctrl-03, osh-net-01, osh-net-02, MonSrv, osh-comp-01, osh-comp-02, osh-comp-03, osh-comp-04
Wednesday 16 September 2026  16:01:08 -0500 (0:00:01.493)       3:53:20.740 ***

TASK [download : Check_pull_required |  Generate a list of information about the images on a node] ***
ok: [k8s-master-01]
ok: [k8s-master-02]
ok: [k8s-master-03]
ok: [k8s-db-01]
ok: [k8s-db-03]
ok: [k8s-db-02]
ok: [osh-ctrl-01]
ok: [osh-ctrl-02]
ok: [osh-ctrl-03]
ok: [osh-net-01]
ok: [osh-net-02]
ok: [MonSrv]
ok: [osh-comp-01]
ok: [osh-comp-02]
ok: [osh-comp-03]
ok: [osh-comp-04]
Wednesday 16 September 2026  16:01:36 -0500 (0:00:27.695)       3:53:48.435 ***

TASK [download : Check_pull_required | Set pull_required if the desired image is not yet loaded] ***
ok: [k8s-master-01]
ok: [k8s-master-02]
ok: [k8s-master-03]
ok: [k8s-db-01]
ok: [k8s-db-02]
ok: [k8s-db-03]
ok: [osh-ctrl-01]
ok: [osh-ctrl-02]
ok: [osh-ctrl-03]
ok: [osh-net-01]
ok: [osh-net-02]
ok: [MonSrv]
ok: [osh-comp-01]
ok: [osh-comp-02]
ok: [osh-comp-03]
ok: [osh-comp-04]
Wednesday 16 September 2026  16:01:40 -0500 (0:00:04.534)       3:53:52.969 ***
Wednesday 16 September 2026  16:01:41 -0500 (0:00:00.749)       3:53:53.718 ***

TASK [download : debug] ********************************************************
ok: [k8s-master-01] => {
    "msg": "Pull 172.16.2.1:5000/pause:3.10.1 required is: True"
}
ok: [k8s-master-02] => {
    "msg": "Pull 172.16.2.1:5000/pause:3.10.1 required is: True"
}
ok: [k8s-master-03] => {
    "msg": "Pull 172.16.2.1:5000/pause:3.10.1 required is: True"
}
ok: [k8s-db-01] => {
    "msg": "Pull 172.16.2.1:5000/pause:3.10.1 required is: True"
}
ok: [k8s-db-02] => {
    "msg": "Pull 172.16.2.1:5000/pause:3.10.1 required is: True"
}
ok: [k8s-db-03] => {
    "msg": "Pull 172.16.2.1:5000/pause:3.10.1 required is: True"
}
ok: [osh-ctrl-01] => {
    "msg": "Pull 172.16.2.1:5000/pause:3.10.1 required is: True"
}
ok: [osh-ctrl-02] => {
    "msg": "Pull 172.16.2.1:5000/pause:3.10.1 required is: True"
}
ok: [osh-ctrl-03] => {
    "msg": "Pull 172.16.2.1:5000/pause:3.10.1 required is: True"
}
ok: [osh-net-01] => {
    "msg": "Pull 172.16.2.1:5000/pause:3.10.1 required is: True"
}
ok: [osh-net-02] => {
    "msg": "Pull 172.16.2.1:5000/pause:3.10.1 required is: True"
}
ok: [MonSrv] => {
    "msg": "Pull 172.16.2.1:5000/pause:3.10.1 required is: True"
}
ok: [osh-comp-01] => {
    "msg": "Pull 172.16.2.1:5000/pause:3.10.1 required is: True"
}
ok: [osh-comp-02] => {
    "msg": "Pull 172.16.2.1:5000/pause:3.10.1 required is: True"
}
ok: [osh-comp-03] => {
    "msg": "Pull 172.16.2.1:5000/pause:3.10.1 required is: True"
}
ok: [osh-comp-04] => {
    "msg": "Pull 172.16.2.1:5000/pause:3.10.1 required is: True"
}
Wednesday 16 September 2026  16:01:45 -0500 (0:00:04.575)       3:53:58.294 ***

TASK [download : Download_container | Determine if image is in cache] **********
ok: [k8s-master-01 -> localhost]
ok: [k8s-master-02 -> localhost]
ok: [k8s-master-03 -> localhost]
ok: [k8s-db-01 -> localhost]
ok: [k8s-db-02 -> localhost]
ok: [k8s-db-03 -> localhost]
ok: [osh-ctrl-01 -> localhost]
ok: [osh-ctrl-02 -> localhost]
ok: [osh-ctrl-03 -> localhost]
ok: [osh-net-01 -> localhost]
ok: [osh-net-02 -> localhost]
ok: [MonSrv -> localhost]
ok: [osh-comp-01 -> localhost]
ok: [osh-comp-02 -> localhost]
ok: [osh-comp-03 -> localhost]
ok: [osh-comp-04 -> localhost]
Wednesday 16 September 2026  16:01:52 -0500 (0:00:06.527)       3:54:04.821 ***

TASK [download : Download_container | Set fact indicating if image is in cache] ***
ok: [k8s-master-01]
ok: [k8s-master-02]
ok: [k8s-master-03]
ok: [k8s-db-01]
ok: [k8s-db-02]
ok: [k8s-db-03]
ok: [osh-ctrl-01]
ok: [osh-ctrl-02]
ok: [osh-ctrl-03]
ok: [osh-net-01]
ok: [osh-net-02]
ok: [MonSrv]
ok: [osh-comp-01]
ok: [osh-comp-02]
ok: [osh-comp-03]
ok: [osh-comp-04]
Wednesday 16 September 2026  16:01:57 -0500 (0:00:04.772)       3:54:09.594 ***
Wednesday 16 September 2026  16:01:57 -0500 (0:00:00.737)       3:54:10.331 ***

TASK [download : Download_container | Download image if required] **************
changed: [k8s-master-01]
Wednesday 16 September 2026  16:02:00 -0500 (0:00:02.707)       3:54:13.039 ***

TASK [download : Download_container | Save and compress image] *****************
changed: [k8s-master-01]
Wednesday 16 September 2026  16:02:02 -0500 (0:00:01.922)       3:54:14.962 ***

TASK [download : Download_container | Copy image to ansible host cache] ********
changed: [k8s-master-01]
Wednesday 16 September 2026  16:02:05 -0500 (0:00:02.641)       3:54:17.603 ***

TASK [download : Download_container | Upload image to node if it is cached] ****
changed: [k8s-master-01]
changed: [k8s-master-02]
changed: [k8s-db-01]
changed: [k8s-master-03]
changed: [k8s-db-03]
changed: [k8s-db-02]
changed: [osh-ctrl-01]
changed: [osh-ctrl-02]
changed: [osh-ctrl-03]
changed: [osh-net-01]
changed: [osh-net-02]
changed: [MonSrv]
changed: [osh-comp-01]
changed: [osh-comp-02]
changed: [osh-comp-03]
changed: [osh-comp-04]
Wednesday 16 September 2026  16:02:27 -0500 (0:00:22.296)       3:54:39.899 ***

TASK [download : Download_container | Load image into the local container registry] ***
changed: [k8s-master-01]
changed: [k8s-master-02]
changed: [k8s-master-03]
changed: [k8s-db-01]
changed: [k8s-db-03]
changed: [k8s-db-02]
changed: [osh-ctrl-01]
changed: [osh-ctrl-02]
changed: [osh-ctrl-03]
changed: [osh-net-01]
changed: [osh-net-02]
changed: [MonSrv]
changed: [osh-comp-01]
changed: [osh-comp-02]
changed: [osh-comp-03]
changed: [osh-comp-04]
Wednesday 16 September 2026  16:03:00 -0500 (0:00:33.463)       3:55:13.363 ***
Wednesday 16 September 2026  16:03:01 -0500 (0:00:00.649)       3:55:14.013 ***

TASK [download : Set default values for flag variables] ************************
ok: [k8s-master-01]
ok: [k8s-master-02]
ok: [k8s-master-03]
ok: [k8s-db-01]
ok: [k8s-db-02]
ok: [k8s-db-03]
ok: [osh-ctrl-01]
ok: [osh-ctrl-02]
ok: [osh-ctrl-03]
ok: [osh-net-01]
ok: [osh-net-02]
ok: [MonSrv]
ok: [osh-comp-01]
ok: [osh-comp-02]
ok: [osh-comp-03]
ok: [osh-comp-04]
Wednesday 16 September 2026  16:03:06 -0500 (0:00:04.841)       3:55:18.855 ***

TASK [download : Set_container_facts | Display the name of the image being processed] ***
ok: [k8s-master-01] => {
    "msg": "172.16.2.1:5000/coredns/coredns"
}
ok: [k8s-master-02] => {
    "msg": "172.16.2.1:5000/coredns/coredns"
}
ok: [k8s-master-03] => {
    "msg": "172.16.2.1:5000/coredns/coredns"
}
ok: [k8s-db-01] => {
    "msg": "172.16.2.1:5000/coredns/coredns"
}
ok: [k8s-db-02] => {
    "msg": "172.16.2.1:5000/coredns/coredns"
}
ok: [k8s-db-03] => {
    "msg": "172.16.2.1:5000/coredns/coredns"
}
ok: [osh-ctrl-01] => {
    "msg": "172.16.2.1:5000/coredns/coredns"
}
ok: [osh-ctrl-02] => {
    "msg": "172.16.2.1:5000/coredns/coredns"
}
ok: [osh-ctrl-03] => {
    "msg": "172.16.2.1:5000/coredns/coredns"
}
ok: [osh-net-01] => {
    "msg": "172.16.2.1:5000/coredns/coredns"
}
ok: [osh-net-02] => {
    "msg": "172.16.2.1:5000/coredns/coredns"
}
ok: [MonSrv] => {
    "msg": "172.16.2.1:5000/coredns/coredns"
}
ok: [osh-comp-01] => {
    "msg": "172.16.2.1:5000/coredns/coredns"
}
ok: [osh-comp-02] => {
    "msg": "172.16.2.1:5000/coredns/coredns"
}
ok: [osh-comp-03] => {
    "msg": "172.16.2.1:5000/coredns/coredns"
}
ok: [osh-comp-04] => {
    "msg": "172.16.2.1:5000/coredns/coredns"
}
Wednesday 16 September 2026  16:03:11 -0500 (0:00:04.743)       3:55:23.599 ***

TASK [download : Set_container_facts | Set if containers should be pulled by digest] ***
ok: [k8s-master-01]
ok: [k8s-master-02]
ok: [k8s-master-03]
ok: [k8s-db-01]
ok: [k8s-db-02]
ok: [k8s-db-03]
ok: [osh-ctrl-01]
ok: [osh-ctrl-02]
ok: [osh-ctrl-03]
ok: [osh-net-01]
ok: [osh-net-02]
ok: [MonSrv]
ok: [osh-comp-01]
ok: [osh-comp-02]
ok: [osh-comp-03]
ok: [osh-comp-04]
Wednesday 16 September 2026  16:03:15 -0500 (0:00:04.432)       3:55:28.032 ***

TASK [download : Set_container_facts | Define by what name to pull the image] ***
ok: [k8s-master-01]
ok: [k8s-master-02]
ok: [k8s-master-03]
ok: [k8s-db-01]
ok: [k8s-db-02]
ok: [k8s-db-03]
ok: [osh-ctrl-01]
ok: [osh-ctrl-02]
ok: [osh-ctrl-03]
ok: [osh-net-01]
ok: [osh-net-02]
ok: [MonSrv]
ok: [osh-comp-01]
ok: [osh-comp-02]
ok: [osh-comp-03]
ok: [osh-comp-04]
Wednesday 16 September 2026  16:03:19 -0500 (0:00:04.336)       3:55:32.368 ***

TASK [download : Set_container_facts | Define file name of image] **************
ok: [k8s-master-01]
ok: [k8s-master-02]
ok: [k8s-master-03]
ok: [k8s-db-01]
ok: [k8s-db-02]
ok: [k8s-db-03]
ok: [osh-ctrl-01]
ok: [osh-ctrl-02]
ok: [osh-ctrl-03]
ok: [osh-net-01]
ok: [osh-net-02]
ok: [MonSrv]
ok: [osh-comp-01]
ok: [osh-comp-02]
ok: [osh-comp-03]
ok: [osh-comp-04]
Wednesday 16 September 2026  16:03:24 -0500 (0:00:05.004)       3:55:37.373 ***

TASK [download : Set_container_facts | Define path of image] *******************
ok: [k8s-master-01]
ok: [k8s-master-02]
ok: [k8s-master-03]
ok: [k8s-db-01]
ok: [k8s-db-02]
ok: [k8s-db-03]
ok: [osh-ctrl-01]
ok: [osh-ctrl-02]
ok: [osh-ctrl-03]
ok: [osh-net-01]
ok: [osh-net-02]
ok: [MonSrv]
ok: [osh-comp-01]
ok: [osh-comp-02]
ok: [osh-comp-03]
ok: [osh-comp-04]
Wednesday 16 September 2026  16:03:29 -0500 (0:00:04.088)       3:55:41.461 ***
Wednesday 16 September 2026  16:03:29 -0500 (0:00:00.728)       3:55:42.190 ***

TASK [download : Set image save/load command for containerd] *******************
ok: [k8s-master-01]
ok: [k8s-master-02]
ok: [k8s-master-03]
ok: [k8s-db-01]
ok: [k8s-db-02]
ok: [k8s-db-03]
ok: [osh-ctrl-01]
ok: [osh-ctrl-02]
ok: [osh-ctrl-03]
ok: [osh-net-01]
ok: [osh-net-02]
ok: [MonSrv]
ok: [osh-comp-01]
ok: [osh-comp-02]
ok: [osh-comp-03]
ok: [osh-comp-04]
Wednesday 16 September 2026  16:03:34 -0500 (0:00:04.213)       3:55:46.404 ***
Wednesday 16 September 2026  16:03:34 -0500 (0:00:00.757)       3:55:47.161 ***
Wednesday 16 September 2026  16:03:35 -0500 (0:00:00.668)       3:55:47.830 ***

TASK [download : Set image save/load command for containerd on localhost] ******
ok: [k8s-master-01]
ok: [k8s-master-02]
ok: [k8s-master-03]
ok: [k8s-db-01]
ok: [k8s-db-02]
ok: [k8s-db-03]
ok: [osh-ctrl-01]
ok: [osh-ctrl-02]
ok: [osh-ctrl-03]
ok: [osh-net-01]
ok: [osh-net-02]
ok: [MonSrv]
ok: [osh-comp-01]
ok: [osh-comp-02]
ok: [osh-comp-03]
ok: [osh-comp-04]
Wednesday 16 September 2026  16:03:39 -0500 (0:00:04.500)       3:55:52.330 ***
Wednesday 16 September 2026  16:03:40 -0500 (0:00:00.828)       3:55:53.158 ***

TASK [download : Download_container | Prepare container download] **************
included: /opt/fabric-cache/repos/kubespray/roles/download/tasks/check_pull_required.yml for k8s-master-01, k8s-master-02, k8s-master-03, k8s-db-01, k8s-db-02, k8s-db-03, osh-ctrl-01, osh-ctrl-02, osh-ctrl-03, osh-net-01, osh-net-02, MonSrv, osh-comp-01, osh-comp-02, osh-comp-03, osh-comp-04
Wednesday 16 September 2026  16:03:42 -0500 (0:00:01.293)       3:55:54.451 ***

TASK [download : Check_pull_required |  Generate a list of information about the images on a node] ***
ok: [k8s-master-02]
ok: [k8s-master-01]
ok: [k8s-master-03]
ok: [k8s-db-01]
ok: [k8s-db-03]
ok: [k8s-db-02]
ok: [osh-ctrl-01]
ok: [osh-ctrl-02]
ok: [osh-ctrl-03]
ok: [osh-net-01]
ok: [osh-net-02]
ok: [MonSrv]
ok: [osh-comp-01]
ok: [osh-comp-02]
ok: [osh-comp-03]
ok: [osh-comp-04]
Wednesday 16 September 2026  16:04:08 -0500 (0:00:26.084)       3:56:20.536 ***

TASK [download : Check_pull_required | Set pull_required if the desired image is not yet loaded] ***
ok: [k8s-master-01]
ok: [k8s-master-02]
ok: [k8s-master-03]
ok: [k8s-db-01]
ok: [k8s-db-02]
ok: [k8s-db-03]
ok: [osh-ctrl-01]
ok: [osh-ctrl-02]
ok: [osh-ctrl-03]
ok: [osh-net-01]
ok: [osh-net-02]
ok: [MonSrv]
ok: [osh-comp-01]
ok: [osh-comp-02]
ok: [osh-comp-03]
ok: [osh-comp-04]
Wednesday 16 September 2026  16:04:12 -0500 (0:00:03.933)       3:56:24.470 ***
Wednesday 16 September 2026  16:04:12 -0500 (0:00:00.739)       3:56:25.210 ***

TASK [download : debug] ********************************************************
ok: [k8s-master-01] => {
    "msg": "Pull 172.16.2.1:5000/coredns/coredns:v1.12.0 required is: True"
}
ok: [k8s-master-02] => {
    "msg": "Pull 172.16.2.1:5000/coredns/coredns:v1.12.0 required is: True"
}
ok: [k8s-master-03] => {
    "msg": "Pull 172.16.2.1:5000/coredns/coredns:v1.12.0 required is: True"
}
ok: [k8s-db-01] => {
    "msg": "Pull 172.16.2.1:5000/coredns/coredns:v1.12.0 required is: True"
}
ok: [k8s-db-02] => {
    "msg": "Pull 172.16.2.1:5000/coredns/coredns:v1.12.0 required is: True"
}
ok: [k8s-db-03] => {
    "msg": "Pull 172.16.2.1:5000/coredns/coredns:v1.12.0 required is: True"
}
ok: [osh-ctrl-01] => {
    "msg": "Pull 172.16.2.1:5000/coredns/coredns:v1.12.0 required is: True"
}
ok: [osh-ctrl-02] => {
    "msg": "Pull 172.16.2.1:5000/coredns/coredns:v1.12.0 required is: True"
}
ok: [osh-ctrl-03] => {
    "msg": "Pull 172.16.2.1:5000/coredns/coredns:v1.12.0 required is: True"
}
ok: [osh-net-01] => {
    "msg": "Pull 172.16.2.1:5000/coredns/coredns:v1.12.0 required is: True"
}
ok: [osh-net-02] => {
    "msg": "Pull 172.16.2.1:5000/coredns/coredns:v1.12.0 required is: True"
}
ok: [MonSrv] => {
    "msg": "Pull 172.16.2.1:5000/coredns/coredns:v1.12.0 required is: True"
}
ok: [osh-comp-01] => {
    "msg": "Pull 172.16.2.1:5000/coredns/coredns:v1.12.0 required is: True"
}
ok: [osh-comp-02] => {
    "msg": "Pull 172.16.2.1:5000/coredns/coredns:v1.12.0 required is: True"
}
ok: [osh-comp-03] => {
    "msg": "Pull 172.16.2.1:5000/coredns/coredns:v1.12.0 required is: True"
}
ok: [osh-comp-04] => {
    "msg": "Pull 172.16.2.1:5000/coredns/coredns:v1.12.0 required is: True"
}
Wednesday 16 September 2026  16:04:17 -0500 (0:00:04.473)       3:56:29.683 ***

TASK [download : Download_container | Determine if image is in cache] **********
ok: [k8s-master-01 -> localhost]
ok: [k8s-master-02 -> localhost]
ok: [k8s-master-03 -> localhost]
ok: [k8s-db-01 -> localhost]
ok: [k8s-db-02 -> localhost]
ok: [k8s-db-03 -> localhost]
ok: [osh-ctrl-01 -> localhost]
ok: [osh-ctrl-02 -> localhost]
ok: [osh-ctrl-03 -> localhost]
ok: [osh-net-01 -> localhost]
ok: [osh-net-02 -> localhost]
ok: [MonSrv -> localhost]
ok: [osh-comp-01 -> localhost]
ok: [osh-comp-02 -> localhost]
ok: [osh-comp-03 -> localhost]
ok: [osh-comp-04 -> localhost]
Wednesday 16 September 2026  16:04:23 -0500 (0:00:05.928)       3:56:35.612 ***

TASK [download : Download_container | Set fact indicating if image is in cache] ***
ok: [k8s-master-01]
ok: [k8s-master-02]
ok: [k8s-master-03]
ok: [k8s-db-01]
ok: [k8s-db-02]
ok: [k8s-db-03]
ok: [osh-ctrl-01]
ok: [osh-ctrl-02]
ok: [osh-ctrl-03]
ok: [osh-net-01]
ok: [osh-net-02]
ok: [MonSrv]
ok: [osh-comp-01]
ok: [osh-comp-02]
ok: [osh-comp-03]
ok: [osh-comp-04]
Wednesday 16 September 2026  16:04:27 -0500 (0:00:04.486)       3:56:40.098 ***
Wednesday 16 September 2026  16:04:28 -0500 (0:00:00.887)       3:56:40.986 ***

TASK [download : Download_container | Download image if required] **************
changed: [k8s-master-01]
Wednesday 16 September 2026  16:04:34 -0500 (0:00:06.195)       3:56:47.182 ***

TASK [download : Download_container | Save and compress image] *****************
changed: [k8s-master-01]
Wednesday 16 September 2026  16:04:38 -0500 (0:00:03.337)       3:56:50.519 ***

TASK [download : Download_container | Copy image to ansible host cache] ********
changed: [k8s-master-01]
Wednesday 16 September 2026  16:04:50 -0500 (0:00:12.174)       3:57:02.694 ***

TASK [download : Download_container | Upload image to node if it is cached] ****
changed: [k8s-master-01]
changed: [k8s-master-02]
changed: [k8s-master-03]
changed: [k8s-db-01]
changed: [k8s-db-02]
changed: [k8s-db-03]
changed: [osh-ctrl-01]
changed: [osh-ctrl-02]
changed: [osh-ctrl-03]
changed: [osh-net-01]
changed: [osh-net-02]
changed: [MonSrv]
changed: [osh-comp-01]
changed: [osh-comp-02]
changed: [osh-comp-03]
changed: [osh-comp-04]
Wednesday 16 September 2026  16:07:22 -0500 (0:02:32.553)       3:59:35.247 ***

TASK [download : Download_container | Load image into the local container registry] ***
changed: [k8s-master-01]
changed: [k8s-master-02]
changed: [k8s-master-03]
changed: [k8s-db-01]
changed: [k8s-db-02]
changed: [k8s-db-03]
changed: [osh-ctrl-01]
changed: [osh-ctrl-02]
changed: [osh-ctrl-03]
changed: [osh-net-01]
changed: [osh-net-02]
changed: [MonSrv]
changed: [osh-comp-01]
changed: [osh-comp-02]
changed: [osh-comp-03]
changed: [osh-comp-04]
Wednesday 16 September 2026  16:08:35 -0500 (0:01:12.415)       4:00:47.663 ***
Wednesday 16 September 2026  16:08:35 -0500 (0:00:00.555)       4:00:48.218 ***

TASK [download : Set default values for flag variables] ************************
ok: [k8s-master-01]
ok: [k8s-master-02]
ok: [k8s-master-03]
ok: [k8s-db-01]
ok: [k8s-db-02]
ok: [k8s-db-03]
ok: [osh-ctrl-01]
ok: [osh-ctrl-02]
ok: [osh-ctrl-03]
ok: [osh-net-01]
ok: [osh-net-02]
ok: [MonSrv]
ok: [osh-comp-01]
ok: [osh-comp-02]
ok: [osh-comp-03]
ok: [osh-comp-04]
Wednesday 16 September 2026  16:08:39 -0500 (0:00:03.289)       4:00:51.507 ***

TASK [download : Set_container_facts | Display the name of the image being processed] ***
ok: [k8s-master-01] => {
    "msg": "172.16.2.1:5000/dns/k8s-dns-node-cache"
}
ok: [k8s-master-02] => {
    "msg": "172.16.2.1:5000/dns/k8s-dns-node-cache"
}
ok: [k8s-master-03] => {
    "msg": "172.16.2.1:5000/dns/k8s-dns-node-cache"
}
ok: [k8s-db-01] => {
    "msg": "172.16.2.1:5000/dns/k8s-dns-node-cache"
}
ok: [k8s-db-02] => {
    "msg": "172.16.2.1:5000/dns/k8s-dns-node-cache"
}
ok: [k8s-db-03] => {
    "msg": "172.16.2.1:5000/dns/k8s-dns-node-cache"
}
ok: [osh-ctrl-01] => {
    "msg": "172.16.2.1:5000/dns/k8s-dns-node-cache"
}
ok: [osh-ctrl-02] => {
    "msg": "172.16.2.1:5000/dns/k8s-dns-node-cache"
}
ok: [osh-ctrl-03] => {
    "msg": "172.16.2.1:5000/dns/k8s-dns-node-cache"
}
ok: [osh-net-01] => {
    "msg": "172.16.2.1:5000/dns/k8s-dns-node-cache"
}
ok: [osh-net-02] => {
    "msg": "172.16.2.1:5000/dns/k8s-dns-node-cache"
}
ok: [MonSrv] => {
    "msg": "172.16.2.1:5000/dns/k8s-dns-node-cache"
}
ok: [osh-comp-01] => {
    "msg": "172.16.2.1:5000/dns/k8s-dns-node-cache"
}
ok: [osh-comp-02] => {
    "msg": "172.16.2.1:5000/dns/k8s-dns-node-cache"
}
ok: [osh-comp-03] => {
    "msg": "172.16.2.1:5000/dns/k8s-dns-node-cache"
}
ok: [osh-comp-04] => {
    "msg": "172.16.2.1:5000/dns/k8s-dns-node-cache"
}
Wednesday 16 September 2026  16:08:43 -0500 (0:00:04.677)       4:00:56.185 ***

TASK [download : Set_container_facts | Set if containers should be pulled by digest] ***
ok: [k8s-master-01]
ok: [k8s-master-02]
ok: [k8s-master-03]
ok: [k8s-db-01]
ok: [k8s-db-02]
ok: [k8s-db-03]
ok: [osh-ctrl-01]
ok: [osh-ctrl-02]
ok: [osh-ctrl-03]
ok: [osh-net-01]
ok: [osh-net-02]
ok: [MonSrv]
ok: [osh-comp-01]
ok: [osh-comp-02]
ok: [osh-comp-03]
ok: [osh-comp-04]
Wednesday 16 September 2026  16:08:48 -0500 (0:00:04.410)       4:01:00.595 ***

TASK [download : Set_container_facts | Define by what name to pull the image] ***
ok: [k8s-master-01]
ok: [k8s-master-02]
ok: [k8s-master-03]
ok: [k8s-db-01]
ok: [k8s-db-02]
ok: [k8s-db-03]
ok: [osh-ctrl-01]
ok: [osh-ctrl-02]
ok: [osh-ctrl-03]
ok: [osh-net-01]
ok: [osh-net-02]
ok: [MonSrv]
ok: [osh-comp-01]
ok: [osh-comp-02]
ok: [osh-comp-03]
ok: [osh-comp-04]
Wednesday 16 September 2026  16:08:53 -0500 (0:00:05.236)       4:01:05.832 ***

TASK [download : Set_container_facts | Define file name of image] **************
ok: [k8s-master-01]
ok: [k8s-master-02]
ok: [k8s-master-03]
ok: [k8s-db-01]
ok: [k8s-db-02]
ok: [k8s-db-03]
ok: [osh-ctrl-01]
ok: [osh-ctrl-02]
ok: [osh-ctrl-03]
ok: [osh-net-01]
ok: [osh-net-02]
ok: [MonSrv]
ok: [osh-comp-01]
ok: [osh-comp-02]
ok: [osh-comp-03]
ok: [osh-comp-04]
Wednesday 16 September 2026  16:08:57 -0500 (0:00:04.368)       4:01:10.201 ***

TASK [download : Set_container_facts | Define path of image] *******************
ok: [k8s-master-01]
ok: [k8s-master-02]
ok: [k8s-master-03]
ok: [k8s-db-01]
ok: [k8s-db-02]
ok: [k8s-db-03]
ok: [osh-ctrl-01]
ok: [osh-ctrl-02]
ok: [osh-ctrl-03]
ok: [osh-net-01]
ok: [osh-net-02]
ok: [MonSrv]
ok: [osh-comp-01]
ok: [osh-comp-02]
ok: [osh-comp-03]
ok: [osh-comp-04]
Wednesday 16 September 2026  16:09:02 -0500 (0:00:05.201)       4:01:15.402 ***
Wednesday 16 September 2026  16:09:03 -0500 (0:00:00.867)       4:01:16.270 ***

TASK [download : Set image save/load command for containerd] *******************
ok: [k8s-master-01]
ok: [k8s-master-02]
ok: [k8s-master-03]
ok: [k8s-db-01]
ok: [k8s-db-02]
ok: [k8s-db-03]
ok: [osh-ctrl-01]
ok: [osh-ctrl-02]
ok: [osh-ctrl-03]
ok: [osh-net-01]
ok: [osh-net-02]
ok: [MonSrv]
ok: [osh-comp-01]
ok: [osh-comp-02]
ok: [osh-comp-03]
ok: [osh-comp-04]
Wednesday 16 September 2026  16:09:08 -0500 (0:00:04.537)       4:01:20.807 ***
Wednesday 16 September 2026  16:09:09 -0500 (0:00:00.753)       4:01:21.561 ***
Wednesday 16 September 2026  16:09:09 -0500 (0:00:00.790)       4:01:22.351 ***

TASK [download : Set image save/load command for containerd on localhost] ******
ok: [k8s-master-01]
ok: [k8s-master-02]
ok: [k8s-master-03]
ok: [k8s-db-01]
ok: [k8s-db-02]
ok: [k8s-db-03]
ok: [osh-ctrl-01]
ok: [osh-ctrl-02]
ok: [osh-ctrl-03]
ok: [osh-net-01]
ok: [osh-net-02]
ok: [MonSrv]
ok: [osh-comp-01]
ok: [osh-comp-02]
ok: [osh-comp-03]
ok: [osh-comp-04]
Wednesday 16 September 2026  16:09:14 -0500 (0:00:04.631)       4:01:26.983 ***
Wednesday 16 September 2026  16:09:15 -0500 (0:00:00.857)       4:01:27.840 ***

TASK [download : Download_container | Prepare container download] **************
included: /opt/fabric-cache/repos/kubespray/roles/download/tasks/check_pull_required.yml for k8s-master-01, k8s-master-02, k8s-master-03, k8s-db-01, k8s-db-02, k8s-db-03, osh-ctrl-01, osh-ctrl-02, osh-ctrl-03, osh-net-01, osh-net-02, MonSrv, osh-comp-01, osh-comp-02, osh-comp-03, osh-comp-04
Wednesday 16 September 2026  16:09:17 -0500 (0:00:01.920)       4:01:29.760 ***

TASK [download : Check_pull_required |  Generate a list of information about the images on a node] ***
ok: [k8s-master-01]
ok: [k8s-master-02]
ok: [k8s-master-03]
ok: [k8s-db-01]
ok: [k8s-db-03]
ok: [k8s-db-02]
ok: [osh-ctrl-01]
ok: [osh-ctrl-02]
ok: [osh-ctrl-03]
ok: [osh-net-01]
ok: [osh-net-02]
ok: [MonSrv]
ok: [osh-comp-01]
ok: [osh-comp-02]
ok: [osh-comp-03]
ok: [osh-comp-04]
Wednesday 16 September 2026  16:09:42 -0500 (0:00:25.327)       4:01:55.088 ***

TASK [download : Check_pull_required | Set pull_required if the desired image is not yet loaded] ***
ok: [k8s-master-01]
ok: [k8s-master-02]
ok: [k8s-master-03]
ok: [k8s-db-01]
ok: [k8s-db-02]
ok: [k8s-db-03]
ok: [osh-ctrl-01]
ok: [osh-ctrl-02]
ok: [osh-ctrl-03]
ok: [osh-net-01]
ok: [osh-net-02]
ok: [MonSrv]
ok: [osh-comp-01]
ok: [osh-comp-02]
ok: [osh-comp-03]
ok: [osh-comp-04]
Wednesday 16 September 2026  16:09:47 -0500 (0:00:05.030)       4:02:00.119 ***
Wednesday 16 September 2026  16:09:48 -0500 (0:00:00.768)       4:02:00.887 ***

TASK [download : debug] ********************************************************
ok: [k8s-master-01] => {
    "msg": "Pull 172.16.2.1:5000/dns/k8s-dns-node-cache:1.25.0 required is: True"
}
ok: [k8s-master-02] => {
    "msg": "Pull 172.16.2.1:5000/dns/k8s-dns-node-cache:1.25.0 required is: True"
}
ok: [k8s-master-03] => {
    "msg": "Pull 172.16.2.1:5000/dns/k8s-dns-node-cache:1.25.0 required is: True"
}
ok: [k8s-db-01] => {
    "msg": "Pull 172.16.2.1:5000/dns/k8s-dns-node-cache:1.25.0 required is: True"
}
ok: [k8s-db-02] => {
    "msg": "Pull 172.16.2.1:5000/dns/k8s-dns-node-cache:1.25.0 required is: True"
}
ok: [k8s-db-03] => {
    "msg": "Pull 172.16.2.1:5000/dns/k8s-dns-node-cache:1.25.0 required is: True"
}
ok: [osh-ctrl-01] => {
    "msg": "Pull 172.16.2.1:5000/dns/k8s-dns-node-cache:1.25.0 required is: True"
}
ok: [osh-ctrl-02] => {
    "msg": "Pull 172.16.2.1:5000/dns/k8s-dns-node-cache:1.25.0 required is: True"
}
ok: [osh-ctrl-03] => {
    "msg": "Pull 172.16.2.1:5000/dns/k8s-dns-node-cache:1.25.0 required is: True"
}
ok: [osh-net-01] => {
    "msg": "Pull 172.16.2.1:5000/dns/k8s-dns-node-cache:1.25.0 required is: True"
}
ok: [osh-net-02] => {
    "msg": "Pull 172.16.2.1:5000/dns/k8s-dns-node-cache:1.25.0 required is: True"
}
ok: [MonSrv] => {
    "msg": "Pull 172.16.2.1:5000/dns/k8s-dns-node-cache:1.25.0 required is: True"
}
ok: [osh-comp-01] => {
    "msg": "Pull 172.16.2.1:5000/dns/k8s-dns-node-cache:1.25.0 required is: True"
}
ok: [osh-comp-02] => {
    "msg": "Pull 172.16.2.1:5000/dns/k8s-dns-node-cache:1.25.0 required is: True"
}
ok: [osh-comp-03] => {
    "msg": "Pull 172.16.2.1:5000/dns/k8s-dns-node-cache:1.25.0 required is: True"
}
ok: [osh-comp-04] => {
    "msg": "Pull 172.16.2.1:5000/dns/k8s-dns-node-cache:1.25.0 required is: True"
}
Wednesday 16 September 2026  16:09:52 -0500 (0:00:04.320)       4:02:05.208 ***

TASK [download : Download_container | Determine if image is in cache] **********
ok: [k8s-master-01 -> localhost]
ok: [k8s-master-02 -> localhost]
ok: [k8s-master-03 -> localhost]
ok: [k8s-db-01 -> localhost]
ok: [k8s-db-02 -> localhost]
ok: [k8s-db-03 -> localhost]
ok: [osh-ctrl-01 -> localhost]
ok: [osh-ctrl-02 -> localhost]
ok: [osh-ctrl-03 -> localhost]
ok: [osh-net-01 -> localhost]
ok: [osh-net-02 -> localhost]
ok: [MonSrv -> localhost]
ok: [osh-comp-01 -> localhost]
ok: [osh-comp-02 -> localhost]
ok: [osh-comp-03 -> localhost]
ok: [osh-comp-04 -> localhost]
Wednesday 16 September 2026  16:09:58 -0500 (0:00:06.040)       4:02:11.249 ***

TASK [download : Download_container | Set fact indicating if image is in cache] ***
ok: [k8s-master-01]
ok: [k8s-master-02]
ok: [k8s-master-03]
ok: [k8s-db-01]
ok: [k8s-db-02]
ok: [k8s-db-03]
ok: [osh-ctrl-01]
ok: [osh-ctrl-02]
ok: [osh-ctrl-03]
ok: [osh-net-01]
ok: [osh-net-02]
ok: [MonSrv]
ok: [osh-comp-01]
ok: [osh-comp-02]
ok: [osh-comp-03]
ok: [osh-comp-04]
Wednesday 16 September 2026  16:10:03 -0500 (0:00:04.781)       4:02:16.030 ***
Wednesday 16 September 2026  16:10:04 -0500 (0:00:00.720)       4:02:16.750 ***

TASK [download : Download_container | Download image if required] **************
changed: [k8s-master-01]
Wednesday 16 September 2026  16:10:12 -0500 (0:00:07.890)       4:02:24.640 ***

TASK [download : Download_container | Save and compress image] *****************
changed: [k8s-master-01]
Wednesday 16 September 2026  16:10:16 -0500 (0:00:04.159)       4:02:28.800 ***

TASK [download : Download_container | Copy image to ansible host cache] ********
changed: [k8s-master-01]
Wednesday 16 September 2026  16:10:45 -0500 (0:00:29.225)       4:02:58.026 ***

TASK [download : Download_container | Upload image to node if it is cached] ****
changed: [k8s-master-01]
changed: [k8s-master-02]
changed: [k8s-master-03]
changed: [k8s-db-01]
changed: [k8s-db-02]
changed: [k8s-db-03]
changed: [osh-ctrl-01]
changed: [osh-ctrl-02]
changed: [osh-ctrl-03]
changed: [osh-net-02]
changed: [osh-net-01]
changed: [MonSrv]
changed: [osh-comp-01]
changed: [osh-comp-02]
changed: [osh-comp-03]
changed: [osh-comp-04]
Wednesday 16 September 2026  16:15:32 -0500 (0:04:46.921)       4:07:44.948 ***

TASK [download : Download_container | Load image into the local container registry] ***
changed: [k8s-master-01]
changed: [k8s-master-02]
changed: [k8s-master-03]
changed: [k8s-db-01]
changed: [k8s-db-02]
changed: [k8s-db-03]
changed: [osh-ctrl-01]
changed: [osh-ctrl-02]
changed: [osh-ctrl-03]
changed: [osh-net-01]
changed: [osh-net-02]
changed: [MonSrv]
changed: [osh-comp-01]
changed: [osh-comp-02]
changed: [osh-comp-03]
changed: [osh-comp-04]
Wednesday 16 September 2026  16:17:02 -0500 (0:01:29.586)       4:09:14.534 ***
Wednesday 16 September 2026  16:17:02 -0500 (0:00:00.792)       4:09:15.327 ***

TASK [download : Set default values for flag variables] ************************
ok: [k8s-master-01]
ok: [k8s-master-02]
ok: [k8s-master-03]
Wednesday 16 September 2026  16:17:04 -0500 (0:00:01.613)       4:09:16.940 ***

TASK [download : Set_container_facts | Display the name of the image being processed] ***
ok: [k8s-master-01] => {
    "msg": "172.16.2.1:5000/cpa/cluster-proportional-autoscaler"
}
ok: [k8s-master-02] => {
    "msg": "172.16.2.1:5000/cpa/cluster-proportional-autoscaler"
}
ok: [k8s-master-03] => {
    "msg": "172.16.2.1:5000/cpa/cluster-proportional-autoscaler"
}
Wednesday 16 September 2026  16:17:06 -0500 (0:00:01.524)       4:09:18.465 ***

TASK [download : Set_container_facts | Set if containers should be pulled by digest] ***
ok: [k8s-master-01]
ok: [k8s-master-02]
ok: [k8s-master-03]
Wednesday 16 September 2026  16:17:07 -0500 (0:00:01.426)       4:09:19.891 ***

TASK [download : Set_container_facts | Define by what name to pull the image] ***
ok: [k8s-master-01]
ok: [k8s-master-02]
ok: [k8s-master-03]
Wednesday 16 September 2026  16:17:09 -0500 (0:00:01.707)       4:09:21.599 ***

TASK [download : Set_container_facts | Define file name of image] **************
ok: [k8s-master-01]
ok: [k8s-master-02]
ok: [k8s-master-03]
Wednesday 16 September 2026  16:17:10 -0500 (0:00:01.428)       4:09:23.027 ***

TASK [download : Set_container_facts | Define path of image] *******************
ok: [k8s-master-01]
ok: [k8s-master-02]
ok: [k8s-master-03]
Wednesday 16 September 2026  16:17:12 -0500 (0:00:01.566)       4:09:24.594 ***
Wednesday 16 September 2026  16:17:12 -0500 (0:00:00.158)       4:09:24.752 ***

TASK [download : Set image save/load command for containerd] *******************
ok: [k8s-master-01]
ok: [k8s-master-02]
ok: [k8s-master-03]
Wednesday 16 September 2026  16:17:13 -0500 (0:00:01.478)       4:09:26.230 ***
Wednesday 16 September 2026  16:17:14 -0500 (0:00:00.175)       4:09:26.405 ***
Wednesday 16 September 2026  16:17:14 -0500 (0:00:00.184)       4:09:26.590 ***

TASK [download : Set image save/load command for containerd on localhost] ******
ok: [k8s-master-01]
ok: [k8s-master-02]
ok: [k8s-master-03]
Wednesday 16 September 2026  16:17:15 -0500 (0:00:01.384)       4:09:27.975 ***
Wednesday 16 September 2026  16:17:15 -0500 (0:00:00.194)       4:09:28.169 ***

TASK [download : Download_container | Prepare container download] **************
included: /opt/fabric-cache/repos/kubespray/roles/download/tasks/check_pull_required.yml for k8s-master-01, k8s-master-02, k8s-master-03
Wednesday 16 September 2026  16:17:16 -0500 (0:00:00.339)       4:09:28.509 ***

TASK [download : Check_pull_required |  Generate a list of information about the images on a node] ***
ok: [k8s-master-01]
ok: [k8s-master-02]
ok: [k8s-master-03]
Wednesday 16 September 2026  16:17:22 -0500 (0:00:06.671)       4:09:35.181 ***

TASK [download : Check_pull_required | Set pull_required if the desired image is not yet loaded] ***
ok: [k8s-master-01]
ok: [k8s-master-02]
ok: [k8s-master-03]
Wednesday 16 September 2026  16:17:24 -0500 (0:00:01.343)       4:09:36.524 ***
Wednesday 16 September 2026  16:17:24 -0500 (0:00:00.157)       4:09:36.681 ***

TASK [download : debug] ********************************************************
ok: [k8s-master-01] => {
    "msg": "Pull 172.16.2.1:5000/cpa/cluster-proportional-autoscaler:v1.8.8 required is: True"
}
ok: [k8s-master-02] => {
    "msg": "Pull 172.16.2.1:5000/cpa/cluster-proportional-autoscaler:v1.8.8 required is: True"
}
ok: [k8s-master-03] => {
    "msg": "Pull 172.16.2.1:5000/cpa/cluster-proportional-autoscaler:v1.8.8 required is: True"
}
Wednesday 16 September 2026  16:17:25 -0500 (0:00:01.282)       4:09:37.964 ***

TASK [download : Download_container | Determine if image is in cache] **********
ok: [k8s-master-01 -> localhost]
ok: [k8s-master-02 -> localhost]
ok: [k8s-master-03 -> localhost]
Wednesday 16 September 2026  16:17:27 -0500 (0:00:01.799)       4:09:39.763 ***

TASK [download : Download_container | Set fact indicating if image is in cache] ***
ok: [k8s-master-01]
ok: [k8s-master-02]
ok: [k8s-master-03]
Wednesday 16 September 2026  16:17:28 -0500 (0:00:01.381)       4:09:41.145 ***
Wednesday 16 September 2026  16:17:28 -0500 (0:00:00.172)       4:09:41.318 ***

TASK [download : Download_container | Download image if required] **************
changed: [k8s-master-01]
Wednesday 16 September 2026  16:17:40 -0500 (0:00:11.103)       4:09:52.422 ***

TASK [download : Download_container | Save and compress image] *****************
changed: [k8s-master-01]
Wednesday 16 September 2026  16:17:43 -0500 (0:00:03.118)       4:09:55.540 ***

TASK [download : Download_container | Copy image to ansible host cache] ********
changed: [k8s-master-01]
Wednesday 16 September 2026  16:17:52 -0500 (0:00:09.493)       4:10:05.033 ***

TASK [download : Download_container | Upload image to node if it is cached] ****
changed: [k8s-master-01]
changed: [k8s-master-02]
changed: [k8s-master-03]
Wednesday 16 September 2026  16:18:08 -0500 (0:00:15.946)       4:10:20.980 ***

TASK [download : Download_container | Load image into the local container registry] ***
changed: [k8s-master-01]
changed: [k8s-master-02]
changed: [k8s-master-03]
Wednesday 16 September 2026  16:18:18 -0500 (0:00:10.255)       4:10:31.236 ***
Wednesday 16 September 2026  16:18:18 -0500 (0:00:00.145)       4:10:31.381 ***

TASK [download : Set default values for flag variables] ************************
ok: [k8s-master-01]
ok: [k8s-master-02]
ok: [k8s-master-03]
Wednesday 16 September 2026  16:18:20 -0500 (0:00:01.415)       4:10:32.797 ***

TASK [download : Set_container_facts | Display the name of the image being processed] ***
ok: [k8s-master-01] => {
    "msg": "172.16.2.1:5000/metallb/speaker"
}
ok: [k8s-master-02] => {
    "msg": "172.16.2.1:5000/metallb/speaker"
}
ok: [k8s-master-03] => {
    "msg": "172.16.2.1:5000/metallb/speaker"
}
Wednesday 16 September 2026  16:18:21 -0500 (0:00:01.366)       4:10:34.164 ***

TASK [download : Set_container_facts | Set if containers should be pulled by digest] ***
ok: [k8s-master-01]
ok: [k8s-master-02]
ok: [k8s-master-03]
Wednesday 16 September 2026  16:18:23 -0500 (0:00:01.791)       4:10:35.956 ***

TASK [download : Set_container_facts | Define by what name to pull the image] ***
ok: [k8s-master-01]
ok: [k8s-master-02]
ok: [k8s-master-03]
Wednesday 16 September 2026  16:18:25 -0500 (0:00:01.471)       4:10:37.427 ***

TASK [download : Set_container_facts | Define file name of image] **************
ok: [k8s-master-01]
ok: [k8s-master-02]
ok: [k8s-master-03]
Wednesday 16 September 2026  16:18:26 -0500 (0:00:01.383)       4:10:38.811 ***

TASK [download : Set_container_facts | Define path of image] *******************
ok: [k8s-master-01]
ok: [k8s-master-02]
ok: [k8s-master-03]
Wednesday 16 September 2026  16:18:27 -0500 (0:00:01.435)       4:10:40.246 ***
Wednesday 16 September 2026  16:18:28 -0500 (0:00:00.174)       4:10:40.420 ***

TASK [download : Set image save/load command for containerd] *******************
ok: [k8s-master-01]
ok: [k8s-master-02]
ok: [k8s-master-03]
Wednesday 16 September 2026  16:18:29 -0500 (0:00:01.295)       4:10:41.716 ***
Wednesday 16 September 2026  16:18:29 -0500 (0:00:00.203)       4:10:41.919 ***
Wednesday 16 September 2026  16:18:29 -0500 (0:00:00.188)       4:10:42.108 ***

TASK [download : Set image save/load command for containerd on localhost] ******
ok: [k8s-master-01]
ok: [k8s-master-02]
ok: [k8s-master-03]
Wednesday 16 September 2026  16:18:31 -0500 (0:00:01.512)       4:10:43.621 ***
Wednesday 16 September 2026  16:18:31 -0500 (0:00:00.205)       4:10:43.826 ***

TASK [download : Download_container | Prepare container download] **************
included: /opt/fabric-cache/repos/kubespray/roles/download/tasks/check_pull_required.yml for k8s-master-01, k8s-master-02, k8s-master-03
Wednesday 16 September 2026  16:18:31 -0500 (0:00:00.369)       4:10:44.195 ***

TASK [download : Check_pull_required |  Generate a list of information about the images on a node] ***
ok: [k8s-master-01]
ok: [k8s-master-02]
ok: [k8s-master-03]
Wednesday 16 September 2026  16:18:38 -0500 (0:00:06.558)       4:10:50.754 ***

TASK [download : Check_pull_required | Set pull_required if the desired image is not yet loaded] ***
ok: [k8s-master-01]
ok: [k8s-master-02]
ok: [k8s-master-03]
Wednesday 16 September 2026  16:18:39 -0500 (0:00:01.328)       4:10:52.083 ***
Wednesday 16 September 2026  16:18:39 -0500 (0:00:00.175)       4:10:52.258 ***

TASK [download : debug] ********************************************************
ok: [k8s-master-01] => {
    "msg": "Pull 172.16.2.1:5000/metallb/speaker:v0.13.9 required is: True"
}
ok: [k8s-master-02] => {
    "msg": "Pull 172.16.2.1:5000/metallb/speaker:v0.13.9 required is: True"
}
ok: [k8s-master-03] => {
    "msg": "Pull 172.16.2.1:5000/metallb/speaker:v0.13.9 required is: True"
}
Wednesday 16 September 2026  16:18:41 -0500 (0:00:01.355)       4:10:53.614 ***

TASK [download : Download_container | Determine if image is in cache] **********
ok: [k8s-master-01 -> localhost]
ok: [k8s-master-02 -> localhost]
ok: [k8s-master-03 -> localhost]
Wednesday 16 September 2026  16:18:42 -0500 (0:00:01.715)       4:10:55.330 ***

TASK [download : Download_container | Set fact indicating if image is in cache] ***
ok: [k8s-master-01]
ok: [k8s-master-02]
ok: [k8s-master-03]
Wednesday 16 September 2026  16:18:44 -0500 (0:00:01.310)       4:10:56.641 ***
Wednesday 16 September 2026  16:18:44 -0500 (0:00:00.200)       4:10:56.842 ***

TASK [download : Download_container | Download image if required] **************
changed: [k8s-master-01]
Wednesday 16 September 2026  16:18:52 -0500 (0:00:07.634)       4:11:04.476 ***

TASK [download : Download_container | Save and compress image] *****************
changed: [k8s-master-01]
Wednesday 16 September 2026  16:18:57 -0500 (0:00:05.642)       4:11:10.118 ***

TASK [download : Download_container | Copy image to ansible host cache] ********
changed: [k8s-master-01]
Wednesday 16 September 2026  16:19:30 -0500 (0:00:32.896)       4:11:43.015 ***

TASK [download : Download_container | Upload image to node if it is cached] ****
changed: [k8s-master-01]
changed: [k8s-master-02]
changed: [k8s-master-03]
Wednesday 16 September 2026  16:20:21 -0500 (0:00:51.316)       4:12:34.332 ***

TASK [download : Download_container | Load image into the local container registry] ***
changed: [k8s-master-01]
changed: [k8s-master-02]
changed: [k8s-master-03]
Wednesday 16 September 2026  16:20:39 -0500 (0:00:17.638)       4:12:51.970 ***
Wednesday 16 September 2026  16:20:39 -0500 (0:00:00.146)       4:12:52.116 ***

TASK [download : Set default values for flag variables] ************************
ok: [k8s-master-01]
ok: [k8s-master-02]
ok: [k8s-master-03]
Wednesday 16 September 2026  16:20:41 -0500 (0:00:01.378)       4:12:53.495 ***

TASK [download : Set_container_facts | Display the name of the image being processed] ***
ok: [k8s-master-01] => {
    "msg": "172.16.2.1:5000/metallb/controller"
}
ok: [k8s-master-02] => {
    "msg": "172.16.2.1:5000/metallb/controller"
}
ok: [k8s-master-03] => {
    "msg": "172.16.2.1:5000/metallb/controller"
}
Wednesday 16 September 2026  16:20:42 -0500 (0:00:01.484)       4:12:54.980 ***

TASK [download : Set_container_facts | Set if containers should be pulled by digest] ***
ok: [k8s-master-01]
ok: [k8s-master-02]
ok: [k8s-master-03]
Wednesday 16 September 2026  16:20:43 -0500 (0:00:01.387)       4:12:56.367 ***

TASK [download : Set_container_facts | Define by what name to pull the image] ***
ok: [k8s-master-01]
ok: [k8s-master-02]
ok: [k8s-master-03]
Wednesday 16 September 2026  16:20:45 -0500 (0:00:01.529)       4:12:57.897 ***

TASK [download : Set_container_facts | Define file name of image] **************
ok: [k8s-master-01]
ok: [k8s-master-02]
ok: [k8s-master-03]
Wednesday 16 September 2026  16:20:46 -0500 (0:00:01.426)       4:12:59.324 ***

TASK [download : Set_container_facts | Define path of image] *******************
ok: [k8s-master-01]
ok: [k8s-master-02]
ok: [k8s-master-03]
Wednesday 16 September 2026  16:20:48 -0500 (0:00:01.405)       4:13:00.729 ***
Wednesday 16 September 2026  16:20:48 -0500 (0:00:00.182)       4:13:00.912 ***

TASK [download : Set image save/load command for containerd] *******************
ok: [k8s-master-01]
ok: [k8s-master-02]
ok: [k8s-master-03]
Wednesday 16 September 2026  16:20:49 -0500 (0:00:01.359)       4:13:02.272 ***
Wednesday 16 September 2026  16:20:50 -0500 (0:00:00.187)       4:13:02.459 ***
Wednesday 16 September 2026  16:20:50 -0500 (0:00:00.176)       4:13:02.635 ***

TASK [download : Set image save/load command for containerd on localhost] ******
ok: [k8s-master-01]
ok: [k8s-master-02]
ok: [k8s-master-03]
Wednesday 16 September 2026  16:20:51 -0500 (0:00:01.394)       4:13:04.030 ***
Wednesday 16 September 2026  16:20:51 -0500 (0:00:00.162)       4:13:04.193 ***

TASK [download : Download_container | Prepare container download] **************
included: /opt/fabric-cache/repos/kubespray/roles/download/tasks/check_pull_required.yml for k8s-master-01, k8s-master-02, k8s-master-03
Wednesday 16 September 2026  16:20:52 -0500 (0:00:00.305)       4:13:04.498 ***

TASK [download : Check_pull_required |  Generate a list of information about the images on a node] ***
ok: [k8s-master-01]
ok: [k8s-master-02]
ok: [k8s-master-03]
Wednesday 16 September 2026  16:20:58 -0500 (0:00:06.020)       4:13:10.519 ***

TASK [download : Check_pull_required | Set pull_required if the desired image is not yet loaded] ***
ok: [k8s-master-01]
ok: [k8s-master-02]
ok: [k8s-master-03]
Wednesday 16 September 2026  16:20:59 -0500 (0:00:01.377)       4:13:11.896 ***
Wednesday 16 September 2026  16:20:59 -0500 (0:00:00.194)       4:13:12.091 ***

TASK [download : debug] ********************************************************
ok: [k8s-master-01] => {
    "msg": "Pull 172.16.2.1:5000/metallb/controller:v0.13.9 required is: True"
}
ok: [k8s-master-02] => {
    "msg": "Pull 172.16.2.1:5000/metallb/controller:v0.13.9 required is: True"
}
ok: [k8s-master-03] => {
    "msg": "Pull 172.16.2.1:5000/metallb/controller:v0.13.9 required is: True"
}
Wednesday 16 September 2026  16:21:01 -0500 (0:00:01.510)       4:13:13.601 ***

TASK [download : Download_container | Determine if image is in cache] **********
ok: [k8s-master-01 -> localhost]
ok: [k8s-master-02 -> localhost]
ok: [k8s-master-03 -> localhost]
Wednesday 16 September 2026  16:21:03 -0500 (0:00:02.071)       4:13:15.672 ***

TASK [download : Download_container | Set fact indicating if image is in cache] ***
ok: [k8s-master-01]
ok: [k8s-master-02]
ok: [k8s-master-03]
Wednesday 16 September 2026  16:21:04 -0500 (0:00:01.419)       4:13:17.092 ***
Wednesday 16 September 2026  16:21:05 -0500 (0:00:00.423)       4:13:17.515 ***

TASK [download : Download_container | Download image if required] **************
changed: [k8s-master-01]
Wednesday 16 September 2026  16:21:11 -0500 (0:00:06.158)       4:13:23.673 ***

TASK [download : Download_container | Save and compress image] *****************
changed: [k8s-master-01]
Wednesday 16 September 2026  16:21:15 -0500 (0:00:04.709)       4:13:28.383 ***

TASK [download : Download_container | Copy image to ansible host cache] ********
changed: [k8s-master-01]
Wednesday 16 September 2026  16:21:33 -0500 (0:00:17.918)       4:13:46.302 ***

TASK [download : Download_container | Upload image to node if it is cached] ****
changed: [k8s-master-01]
changed: [k8s-master-02]
changed: [k8s-master-03]
Wednesday 16 September 2026  16:22:04 -0500 (0:00:30.170)       4:14:16.472 ***

TASK [download : Download_container | Load image into the local container registry] ***
changed: [k8s-master-01]
changed: [k8s-master-02]
changed: [k8s-master-03]
Wednesday 16 September 2026  16:22:15 -0500 (0:00:11.218)       4:14:27.691 ***
Wednesday 16 September 2026  16:22:15 -0500 (0:00:00.158)       4:14:27.850 ***

TASK [download : Set default values for flag variables] ************************
ok: [k8s-master-01]
ok: [k8s-master-02]
ok: [k8s-master-03]
ok: [k8s-db-01]
ok: [k8s-db-02]
ok: [k8s-db-03]
ok: [osh-ctrl-01]
ok: [osh-ctrl-02]
ok: [osh-ctrl-03]
ok: [osh-net-01]
ok: [osh-net-02]
ok: [MonSrv]
ok: [osh-comp-01]
ok: [osh-comp-02]
ok: [osh-comp-03]
ok: [osh-comp-04]
Wednesday 16 September 2026  16:22:20 -0500 (0:00:05.519)       4:14:33.369 ***

TASK [download : Set_container_facts | Display the name of the image being processed] ***
ok: [k8s-master-01] => {
    "msg": "172.16.2.1:5000/kube-apiserver"
}
ok: [k8s-master-02] => {
    "msg": "172.16.2.1:5000/kube-apiserver"
}
ok: [k8s-master-03] => {
    "msg": "172.16.2.1:5000/kube-apiserver"
}
ok: [k8s-db-01] => {
    "msg": "172.16.2.1:5000/kube-apiserver"
}
ok: [k8s-db-02] => {
    "msg": "172.16.2.1:5000/kube-apiserver"
}
ok: [k8s-db-03] => {
    "msg": "172.16.2.1:5000/kube-apiserver"
}
ok: [osh-ctrl-01] => {
    "msg": "172.16.2.1:5000/kube-apiserver"
}
ok: [osh-ctrl-02] => {
    "msg": "172.16.2.1:5000/kube-apiserver"
}
ok: [osh-ctrl-03] => {
    "msg": "172.16.2.1:5000/kube-apiserver"
}
ok: [osh-net-01] => {
    "msg": "172.16.2.1:5000/kube-apiserver"
}
ok: [osh-net-02] => {
    "msg": "172.16.2.1:5000/kube-apiserver"
}
ok: [MonSrv] => {
    "msg": "172.16.2.1:5000/kube-apiserver"
}
ok: [osh-comp-01] => {
    "msg": "172.16.2.1:5000/kube-apiserver"
}
ok: [osh-comp-02] => {
    "msg": "172.16.2.1:5000/kube-apiserver"
}
ok: [osh-comp-03] => {
    "msg": "172.16.2.1:5000/kube-apiserver"
}
ok: [osh-comp-04] => {
    "msg": "172.16.2.1:5000/kube-apiserver"
}
Wednesday 16 September 2026  16:22:26 -0500 (0:00:05.580)       4:14:38.950 ***

TASK [download : Set_container_facts | Set if containers should be pulled by digest] ***
ok: [k8s-master-01]
ok: [k8s-master-02]
ok: [k8s-master-03]
ok: [k8s-db-01]
ok: [k8s-db-02]
ok: [k8s-db-03]
ok: [osh-ctrl-01]
ok: [osh-ctrl-02]
ok: [osh-ctrl-03]
ok: [osh-net-01]
ok: [osh-net-02]
ok: [MonSrv]
ok: [osh-comp-01]
ok: [osh-comp-02]
ok: [osh-comp-03]
ok: [osh-comp-04]
Wednesday 16 September 2026  16:22:32 -0500 (0:00:05.535)       4:14:44.485 ***

TASK [download : Set_container_facts | Define by what name to pull the image] ***
ok: [k8s-master-01]
ok: [k8s-master-02]
ok: [k8s-master-03]
ok: [k8s-db-01]
ok: [k8s-db-02]
ok: [k8s-db-03]
ok: [osh-ctrl-01]
ok: [osh-ctrl-02]
ok: [osh-ctrl-03]
ok: [osh-net-01]
ok: [osh-net-02]
ok: [MonSrv]
ok: [osh-comp-01]
ok: [osh-comp-02]
ok: [osh-comp-03]
ok: [osh-comp-04]
Wednesday 16 September 2026  16:22:37 -0500 (0:00:04.944)       4:14:49.430 ***

TASK [download : Set_container_facts | Define file name of image] **************
ok: [k8s-master-01]
ok: [k8s-master-02]
ok: [k8s-master-03]
ok: [k8s-db-01]
ok: [k8s-db-02]
ok: [k8s-db-03]
ok: [osh-ctrl-01]
ok: [osh-ctrl-02]
ok: [osh-ctrl-03]
ok: [osh-net-01]
ok: [osh-net-02]
ok: [MonSrv]
ok: [osh-comp-01]
ok: [osh-comp-02]
ok: [osh-comp-03]
ok: [osh-comp-04]
Wednesday 16 September 2026  16:22:42 -0500 (0:00:05.032)       4:14:54.462 ***

TASK [download : Set_container_facts | Define path of image] *******************
ok: [k8s-master-01]
ok: [k8s-master-02]
ok: [k8s-master-03]
ok: [k8s-db-01]
ok: [k8s-db-02]
ok: [k8s-db-03]
ok: [osh-ctrl-01]
ok: [osh-ctrl-02]
ok: [osh-ctrl-03]
ok: [osh-net-01]
ok: [osh-net-02]
ok: [MonSrv]
ok: [osh-comp-01]
ok: [osh-comp-02]
ok: [osh-comp-03]
ok: [osh-comp-04]
Wednesday 16 September 2026  16:22:47 -0500 (0:00:05.250)       4:14:59.712 ***
Wednesday 16 September 2026  16:22:48 -0500 (0:00:01.005)       4:15:00.717 ***

TASK [download : Set image save/load command for containerd] *******************
ok: [k8s-master-01]
ok: [k8s-master-02]
ok: [k8s-master-03]
ok: [k8s-db-01]
ok: [k8s-db-02]
ok: [k8s-db-03]
ok: [osh-ctrl-01]
ok: [osh-ctrl-02]
ok: [osh-ctrl-03]
ok: [osh-net-01]
ok: [osh-net-02]
ok: [MonSrv]
ok: [osh-comp-01]
ok: [osh-comp-02]
ok: [osh-comp-03]
ok: [osh-comp-04]
Wednesday 16 September 2026  16:22:53 -0500 (0:00:05.091)       4:15:05.809 ***
Wednesday 16 September 2026  16:22:54 -0500 (0:00:00.941)       4:15:06.751 ***
Wednesday 16 September 2026  16:22:55 -0500 (0:00:00.873)       4:15:07.624 ***

TASK [download : Set image save/load command for containerd on localhost] ******
ok: [k8s-master-01]
ok: [k8s-master-02]
ok: [k8s-master-03]
ok: [k8s-db-01]
ok: [k8s-db-02]
ok: [k8s-db-03]
ok: [osh-ctrl-01]
ok: [osh-ctrl-02]
ok: [osh-ctrl-03]
ok: [osh-net-01]
ok: [osh-net-02]
ok: [MonSrv]
ok: [osh-comp-01]
ok: [osh-comp-02]
ok: [osh-comp-03]
ok: [osh-comp-04]
Wednesday 16 September 2026  16:23:01 -0500 (0:00:05.788)       4:15:13.412 ***
Wednesday 16 September 2026  16:23:01 -0500 (0:00:00.968)       4:15:14.381 ***

TASK [download : Download_container | Prepare container download] **************
included: /opt/fabric-cache/repos/kubespray/roles/download/tasks/check_pull_required.yml for k8s-master-01, k8s-master-02, k8s-master-03, k8s-db-01, k8s-db-02, k8s-db-03, osh-ctrl-01, osh-ctrl-02, osh-ctrl-03, osh-net-01, osh-net-02, MonSrv, osh-comp-01, osh-comp-02, osh-comp-03, osh-comp-04
Wednesday 16 September 2026  16:23:03 -0500 (0:00:01.611)       4:15:15.993 ***

TASK [download : Check_pull_required |  Generate a list of information about the images on a node] ***
ok: [k8s-master-01]
ok: [k8s-master-02]
ok: [k8s-master-03]
ok: [k8s-db-01]
ok: [k8s-db-02]
ok: [k8s-db-03]
ok: [osh-ctrl-01]
ok: [osh-ctrl-02]
ok: [osh-ctrl-03]
ok: [osh-net-01]
ok: [osh-net-02]
ok: [MonSrv]
ok: [osh-comp-01]
ok: [osh-comp-02]
ok: [osh-comp-03]
ok: [osh-comp-04]
Wednesday 16 September 2026  16:23:33 -0500 (0:00:29.739)       4:15:45.733 ***

TASK [download : Check_pull_required | Set pull_required if the desired image is not yet loaded] ***
ok: [k8s-master-01]
ok: [k8s-master-02]
ok: [k8s-master-03]
ok: [k8s-db-01]
ok: [k8s-db-02]
ok: [k8s-db-03]
ok: [osh-ctrl-01]
ok: [osh-ctrl-02]
ok: [osh-ctrl-03]
ok: [osh-net-01]
ok: [osh-net-02]
ok: [MonSrv]
ok: [osh-comp-01]
ok: [osh-comp-02]
ok: [osh-comp-03]
ok: [osh-comp-04]
Wednesday 16 September 2026  16:23:39 -0500 (0:00:06.258)       4:15:51.991 ***
Wednesday 16 September 2026  16:23:40 -0500 (0:00:00.962)       4:15:52.953 ***

TASK [download : debug] ********************************************************
ok: [k8s-master-01] => {
    "msg": "Pull 172.16.2.1:5000/kube-apiserver:v1.35.4 required is: True"
}
ok: [k8s-master-02] => {
    "msg": "Pull 172.16.2.1:5000/kube-apiserver:v1.35.4 required is: True"
}
ok: [k8s-master-03] => {
    "msg": "Pull 172.16.2.1:5000/kube-apiserver:v1.35.4 required is: True"
}
ok: [k8s-db-01] => {
    "msg": "Pull 172.16.2.1:5000/kube-apiserver:v1.35.4 required is: True"
}
ok: [k8s-db-02] => {
    "msg": "Pull 172.16.2.1:5000/kube-apiserver:v1.35.4 required is: True"
}
ok: [k8s-db-03] => {
    "msg": "Pull 172.16.2.1:5000/kube-apiserver:v1.35.4 required is: True"
}
ok: [osh-ctrl-01] => {
    "msg": "Pull 172.16.2.1:5000/kube-apiserver:v1.35.4 required is: True"
}
ok: [osh-ctrl-02] => {
    "msg": "Pull 172.16.2.1:5000/kube-apiserver:v1.35.4 required is: True"
}
ok: [osh-ctrl-03] => {
    "msg": "Pull 172.16.2.1:5000/kube-apiserver:v1.35.4 required is: True"
}
ok: [osh-net-01] => {
    "msg": "Pull 172.16.2.1:5000/kube-apiserver:v1.35.4 required is: True"
}
ok: [osh-net-02] => {
    "msg": "Pull 172.16.2.1:5000/kube-apiserver:v1.35.4 required is: True"
}
ok: [MonSrv] => {
    "msg": "Pull 172.16.2.1:5000/kube-apiserver:v1.35.4 required is: True"
}
ok: [osh-comp-01] => {
    "msg": "Pull 172.16.2.1:5000/kube-apiserver:v1.35.4 required is: True"
}
ok: [osh-comp-02] => {
    "msg": "Pull 172.16.2.1:5000/kube-apiserver:v1.35.4 required is: True"
}
ok: [osh-comp-03] => {
    "msg": "Pull 172.16.2.1:5000/kube-apiserver:v1.35.4 required is: True"
}
ok: [osh-comp-04] => {
    "msg": "Pull 172.16.2.1:5000/kube-apiserver:v1.35.4 required is: True"
}
Wednesday 16 September 2026  16:23:47 -0500 (0:00:07.017)       4:15:59.971 ***

TASK [download : Download_container | Determine if image is in cache] **********
ok: [k8s-master-01 -> localhost]
ok: [k8s-master-02 -> localhost]
ok: [k8s-master-03 -> localhost]
ok: [k8s-db-01 -> localhost]
ok: [k8s-db-02 -> localhost]
ok: [k8s-db-03 -> localhost]
ok: [osh-ctrl-01 -> localhost]
ok: [osh-ctrl-02 -> localhost]
ok: [osh-ctrl-03 -> localhost]
ok: [osh-net-01 -> localhost]
ok: [osh-net-02 -> localhost]
ok: [MonSrv -> localhost]
ok: [osh-comp-01 -> localhost]
ok: [osh-comp-02 -> localhost]
ok: [osh-comp-03 -> localhost]
ok: [osh-comp-04 -> localhost]
Wednesday 16 September 2026  16:23:55 -0500 (0:00:08.096)       4:16:08.067 ***

TASK [download : Download_container | Set fact indicating if image is in cache] ***
ok: [k8s-master-01]
ok: [k8s-master-02]
ok: [k8s-master-03]
ok: [k8s-db-01]
ok: [k8s-db-02]
ok: [k8s-db-03]
ok: [osh-ctrl-01]
ok: [osh-ctrl-02]
ok: [osh-ctrl-03]
ok: [osh-net-01]
ok: [osh-net-02]
ok: [MonSrv]
ok: [osh-comp-01]
ok: [osh-comp-02]
ok: [osh-comp-03]
ok: [osh-comp-04]
Wednesday 16 September 2026  16:24:01 -0500 (0:00:05.942)       4:16:14.010 ***
Wednesday 16 September 2026  16:24:02 -0500 (0:00:00.942)       4:16:14.953 ***

TASK [download : Download_container | Download image if required] **************
changed: [k8s-master-01]
Wednesday 16 September 2026  16:24:10 -0500 (0:00:08.094)       4:16:23.047 ***

TASK [download : Download_container | Save and compress image] *****************
changed: [k8s-master-01]
Wednesday 16 September 2026  16:24:15 -0500 (0:00:04.929)       4:16:27.976 ***

TASK [download : Download_container | Copy image to ansible host cache] ********
changed: [k8s-master-01]
Wednesday 16 September 2026  16:24:34 -0500 (0:00:19.010)       4:16:46.987 ***

TASK [download : Download_container | Upload image to node if it is cached] ****
changed: [k8s-master-01]
changed: [k8s-master-02]
changed: [k8s-master-03]
changed: [k8s-db-01]
changed: [k8s-db-02]
changed: [k8s-db-03]
changed: [osh-ctrl-01]
changed: [osh-ctrl-02]
changed: [osh-ctrl-03]
^C
nh1221@Lab-ControlNode:/mnt/c/Users/nh1221$
