nh1221@PowerEdge-R810:~$
nh1221@PowerEdge-R810:~$ ssh Leaf-L3
Warning: Permanently added 'leaf-l3' (RSA) to the list of known hosts.
Debian GNU/Linux 13 \n \l

admin@leaf-l3's password:
Linux Leaf-L3 6.12.41+deb13-sonic-amd64 #1 SMP PREEMPT_DYNAMIC Debian 6.12.41-1 (2026-07-08) x86_64
You are on
  ____   ___  _   _ _  ____
 / ___| / _ \| \ | (_)/ ___|
 \___ \| | | |  \| | | |
  ___) | |_| | |\  | | |___
 |____/ \___/|_| \_|_|\____|

-- Software for Open Networking in the Cloud --

Unauthorized access and/or use are prohibited.
All access and/or use are subject to monitoring.

Help:    https://sonic-net.github.io/SONiC/

admin@Leaf-L3:~$ docker ps -a
CONTAINER ID   IMAGE                                COMMAND                  CREATED          STATUS          PORTS     NAMES
985ec0864345   docker-snmp:latest                   "/usr/bin/docker-snm…"   9 minutes ago    Up 8 minutes              snmp
9291f5cdf96d   docker-sonic-mgmt-framework:latest   "/usr/local/bin/supe…"   9 minutes ago    Up 9 minutes              mgmt-framework
898179401baf   docker-lldp:latest                   "/usr/bin/docker-lld…"   9 minutes ago    Up 9 minutes              lldp
e9870d4eff9f   docker-router-advertiser:latest      "/usr/bin/docker-ini…"   10 minutes ago   Up 9 minutes              radv
8c6f98c59222   docker-sonic-gnmi:latest             "/usr/local/bin/supe…"   10 minutes ago   Up 9 minutes              gnmi
919c02cf27cd   docker-gbsyncd-vs:latest             "/usr/local/bin/supe…"   11 minutes ago   Up 10 minutes             gbsyncd
88c948c8974f   docker-syncd-vs:latest               "/usr/local/bin/supe…"   11 minutes ago   Up 10 minutes             syncd
e417c5ae81e4   docker-fpm-frr:latest                "/usr/bin/docker_ini…"   11 minutes ago   Up 10 minutes             bgp
dc3352867560   docker-teamd:latest                  "/usr/local/bin/supe…"   11 minutes ago   Up 10 minutes             teamd
fcb403df0163   docker-sysmgr:latest                 "/usr/local/bin/supe…"   11 minutes ago   Up 10 minutes             sysmgr
d0172b055324   docker-eventd:latest                 "/usr/local/bin/supe…"   11 minutes ago   Up 10 minutes             eventd
2591208bb7ad   docker-orchagent:latest              "/usr/bin/docker-ini…"   11 minutes ago   Up 11 minutes             swss
90ab0908af1d   docker-platform-monitor:latest       "/usr/bin/docker_ini…"   11 minutes ago   Up 11 minutes             pmon
e80c4d4e2e0e   docker-database:latest               "/usr/local/bin/dock…"   12 minutes ago   Up 11 minutes             database
admin@Leaf-L3:~$ show interfaces status
  Interface            Lanes    Speed    MTU    FEC           Alias    Vlan    Oper    Admin    Type    Asym PFC
-----------  ---------------  -------  -----  -----  --------------  ------  ------  -------  ------  ----------
  Ethernet0      25,26,27,28      40G   9100    N/A    fortyGigE0/0  routed      up       up     N/A         N/A
  Ethernet1              N/A      N/A   9100    N/A             N/A  routed     N/A       up     N/A         N/A
  Ethernet2              N/A      N/A   9100    N/A             N/A  routed     N/A       up     N/A         N/A
  Ethernet4      29,30,31,32      40G   9100    N/A    fortyGigE0/4  routed      up       up     N/A         N/A
  Ethernet8      33,34,35,36      40G   9100    N/A    fortyGigE0/8  routed      up       up     N/A         N/A
 Ethernet12      37,38,39,40      40G   9100    N/A   fortyGigE0/12  routed      up       up     N/A         N/A
 Ethernet16      45,46,47,48      40G   9100    N/A   fortyGigE0/16  routed      up       up     N/A         N/A
 Ethernet20      41,42,43,44      40G   9100    N/A   fortyGigE0/20  routed    down       up     N/A         N/A
 Ethernet24          1,2,3,4      40G   9100    N/A   fortyGigE0/24  routed    down       up     N/A         N/A
 Ethernet28          5,6,7,8      40G   9100    N/A   fortyGigE0/28  routed    down       up     N/A         N/A
 Ethernet32      13,14,15,16      40G   9100    N/A   fortyGigE0/32  routed    down       up     N/A         N/A
 Ethernet36       9,10,11,12      40G   9100    N/A   fortyGigE0/36  routed    down       up     N/A         N/A
 Ethernet40      17,18,19,20      40G   9100    N/A   fortyGigE0/40  routed    down       up     N/A         N/A
 Ethernet44      21,22,23,24      40G   9100    N/A   fortyGigE0/44  routed    down       up     N/A         N/A
 Ethernet48      53,54,55,56      40G   9100    N/A   fortyGigE0/48  routed    down       up     N/A         N/A
 Ethernet52      49,50,51,52      40G   9100    N/A   fortyGigE0/52  routed    down       up     N/A         N/A
 Ethernet56      57,58,59,60      40G   9100    N/A   fortyGigE0/56  routed    down       up     N/A         N/A
 Ethernet60      61,62,63,64      40G   9100    N/A   fortyGigE0/60  routed    down       up     N/A         N/A
 Ethernet64      69,70,71,72      40G   9100    N/A   fortyGigE0/64  routed    down       up     N/A         N/A
 Ethernet68      65,66,67,68      40G   9100    N/A   fortyGigE0/68  routed    down       up     N/A         N/A
 Ethernet72      73,74,75,76      40G   9100    N/A   fortyGigE0/72  routed    down       up     N/A         N/A
 Ethernet76      77,78,79,80      40G   9100    N/A   fortyGigE0/76  routed    down       up     N/A         N/A
 Ethernet80  109,110,111,112      40G   9100    N/A   fortyGigE0/80  routed    down       up     N/A         N/A
 Ethernet84  105,106,107,108      40G   9100    N/A   fortyGigE0/84  routed    down       up     N/A         N/A
 Ethernet88  113,114,115,116      40G   9100    N/A   fortyGigE0/88  routed    down       up     N/A         N/A
 Ethernet92  117,118,119,120      40G   9100    N/A   fortyGigE0/92  routed    down       up     N/A         N/A
 Ethernet96  125,126,127,128      40G   9100    N/A   fortyGigE0/96  routed    down       up     N/A         N/A
Ethernet100  121,122,123,124      40G   9100    N/A  fortyGigE0/100  routed    down       up     N/A         N/A
Ethernet104      81,82,83,84      40G   9100    N/A  fortyGigE0/104  routed    down       up     N/A         N/A
Ethernet108      85,86,87,88      40G   9100    N/A  fortyGigE0/108  routed    down       up     N/A         N/A
Ethernet112      93,94,95,96      40G   9100    N/A  fortyGigE0/112  routed    down       up     N/A         N/A
Ethernet116      89,90,91,92      40G   9100    N/A  fortyGigE0/116  routed    down       up     N/A         N/A
Ethernet120  101,102,103,104      40G   9100    N/A  fortyGigE0/120  routed    down       up     N/A         N/A
Ethernet124     97,98,99,100      40G   9100    N/A  fortyGigE0/124  routed    down       up     N/A         N/A
admin@Leaf-L3:~$ cat /tmp/port_data.json
{
    "access_ports": {
        "Ethernet0": {
            "index": "1",
            "lanes": "125",
            "peer": "Host34-1",
            "role": "server_access",
            "speed": "10000"
        },
        "Ethernet1": {
            "index": "1",
            "lanes": "126",
            "peer": "Host34-2",
            "role": "server_access",
            "speed": "10000"
        },
        "Ethernet2": {
            "index": "1",
            "lanes": "127",
            "peer": "MonitorSrv",
            "role": "monitor_access",
            "speed": "10000"
        }
    },
    "metadata": {
        "bgp_asn": "65013",
        "hostname": "Leaf-L3",
        "hwsku": "Arista-7050-QX32",
        "router_id": "10.0.1.3",
        "type": "LeafRouter"
    },
    "switch_ports": {
        "Ethernet120": {
            "index": "31",
            "lanes": "5,6,7,8",
            "neighbor": "Spine-S2",
            "neighbor_asn": 65000,
            "rem_port": "Ethernet8",
            "role": "fabric",
            "speed": "40000"
        },
        "Ethernet124": {
            "index": "32",
            "lanes": "1,2,3,4",
            "neighbor": "Spine-S1",
            "neighbor_asn": 65000,
            "rem_port": "Ethernet8",
            "role": "fabric",
            "speed": "40000"
        }
    }
}admin@Leaf-L3:~$ cat /etc/sonic/config_db.json
{
    "AUTO_TECHSUPPORT": {
        "GLOBAL": {
            "available_mem_threshold": "10.0",
            "max_core_limit": "5.0",
            "max_techsupport_limit": "10.0",
            "min_available_mem": "200",
            "rate_limit_interval": "180",
            "since": "2 days ago",
            "state": "enabled"
        }
    },
    "AUTO_TECHSUPPORT_FEATURE": {
        "bgp": {
            "available_mem_threshold": "10.0",
            "rate_limit_interval": "600",
            "state": "enabled"
        },
        "database": {
            "available_mem_threshold": "10.0",
            "rate_limit_interval": "600",
            "state": "enabled"
        },
        "dhcp_relay": {
            "available_mem_threshold": "10.0",
            "rate_limit_interval": "600",
            "state": "enabled"
        },
        "eventd": {
            "available_mem_threshold": "10.0",
            "rate_limit_interval": "600",
            "state": "enabled"
        },
        "gbsyncd": {
            "available_mem_threshold": "10.0",
            "rate_limit_interval": "600",
            "state": "enabled"
        },
        "gnmi": {
            "available_mem_threshold": "10.0",
            "rate_limit_interval": "600",
            "state": "enabled"
        },
        "lldp": {
            "available_mem_threshold": "10.0",
            "rate_limit_interval": "600",
            "state": "enabled"
        },
        "macsec": {
            "available_mem_threshold": "10.0",
            "rate_limit_interval": "600",
            "state": "enabled"
        },
        "mgmt-framework": {
            "available_mem_threshold": "10.0",
            "rate_limit_interval": "600",
            "state": "enabled"
        },
        "mux": {
            "available_mem_threshold": "10.0",
            "rate_limit_interval": "600",
            "state": "enabled"
        },
        "nat": {
            "available_mem_threshold": "10.0",
            "rate_limit_interval": "600",
            "state": "enabled"
        },
        "otel": {
            "available_mem_threshold": "10.0",
            "rate_limit_interval": "600",
            "state": "enabled"
        },
        "pmon": {
            "available_mem_threshold": "10.0",
            "rate_limit_interval": "600",
            "state": "enabled"
        },
        "radv": {
            "available_mem_threshold": "10.0",
            "rate_limit_interval": "600",
            "state": "enabled"
        },
        "sflow": {
            "available_mem_threshold": "10.0",
            "rate_limit_interval": "600",
            "state": "enabled"
        },
        "snmp": {
            "available_mem_threshold": "10.0",
            "rate_limit_interval": "600",
            "state": "enabled"
        },
        "swss": {
            "available_mem_threshold": "10.0",
            "rate_limit_interval": "600",
            "state": "enabled"
        },
        "syncd": {
            "available_mem_threshold": "10.0",
            "rate_limit_interval": "600",
            "state": "enabled"
        },
        "teamd": {
            "available_mem_threshold": "10.0",
            "rate_limit_interval": "600",
            "state": "enabled"
        }
    },
    "BANNER_MESSAGE": {
        "global": {
            "login": "Debian GNU/Linux 11",
            "logout": "",
            "motd": "You are on\n  ____   ___  _   _ _  ____\n / ___| / _ \\| \\ | (_)/ ___|\n \\___ \\| | | |  \\| | | |\n  ___) | |_| | |\\  | | |___\n |____/ \\___/|_| \\_|_|\\____|\n\n-- Software for Open Networking in the Cloud --\n\nUnauthorized access and/or use are prohibited.\nAll access and/or use are subject to monitoring.\n\nHelp:    https://sonic-net.github.io/SONiC/\n\n",
            "state": "disabled"
        }
    },
    "BGP_DEVICE_GLOBAL": {
        "STATE": {
            "idf_isolation_state": "unisolated",
            "tsa_enabled": "false",
            "wcmp_enabled": "false"
        }
    },
    "BGP_NEIGHBOR": {
        "10.0.0.1": {
            "asn": "65200",
            "holdtime": "180",
            "keepalive": "60",
            "local_addr": "10.0.0.0",
            "name": "ARISTA01T2",
            "nhopself": "0",
            "rrclient": "0"
        },
        "10.0.0.3": {
            "asn": "65200",
            "holdtime": "180",
            "keepalive": "60",
            "local_addr": "10.0.0.2",
            "name": "ARISTA02T2",
            "nhopself": "0",
            "rrclient": "0"
        },
        "10.0.0.5": {
            "asn": "65200",
            "holdtime": "180",
            "keepalive": "60",
            "local_addr": "10.0.0.4",
            "name": "ARISTA03T2",
            "nhopself": "0",
            "rrclient": "0"
        },
        "10.0.0.7": {
            "asn": "65200",
            "holdtime": "180",
            "keepalive": "60",
            "local_addr": "10.0.0.6",
            "name": "ARISTA04T2",
            "nhopself": "0",
            "rrclient": "0"
        },
        "10.0.0.9": {
            "asn": "65200",
            "holdtime": "180",
            "keepalive": "60",
            "local_addr": "10.0.0.8",
            "name": "ARISTA05T2",
            "nhopself": "0",
            "rrclient": "0"
        },
        "10.0.0.11": {
            "asn": "65200",
            "holdtime": "180",
            "keepalive": "60",
            "local_addr": "10.0.0.10",
            "name": "ARISTA06T2",
            "nhopself": "0",
            "rrclient": "0"
        },
        "10.0.0.13": {
            "asn": "65200",
            "holdtime": "180",
            "keepalive": "60",
            "local_addr": "10.0.0.12",
            "name": "ARISTA07T2",
            "nhopself": "0",
            "rrclient": "0"
        },
        "10.0.0.15": {
            "asn": "65200",
            "holdtime": "180",
            "keepalive": "60",
            "local_addr": "10.0.0.14",
            "name": "ARISTA08T2",
            "nhopself": "0",
            "rrclient": "0"
        },
        "10.0.0.17": {
            "asn": "65200",
            "holdtime": "180",
            "keepalive": "60",
            "local_addr": "10.0.0.16",
            "name": "ARISTA09T2",
            "nhopself": "0",
            "rrclient": "0"
        },
        "10.0.0.19": {
            "asn": "65200",
            "holdtime": "180",
            "keepalive": "60",
            "local_addr": "10.0.0.18",
            "name": "ARISTA10T2",
            "nhopself": "0",
            "rrclient": "0"
        },
        "10.0.0.21": {
            "asn": "65200",
            "holdtime": "180",
            "keepalive": "60",
            "local_addr": "10.0.0.20",
            "name": "ARISTA11T2",
            "nhopself": "0",
            "rrclient": "0"
        },
        "10.0.0.23": {
            "asn": "65200",
            "holdtime": "180",
            "keepalive": "60",
            "local_addr": "10.0.0.22",
            "name": "ARISTA12T2",
            "nhopself": "0",
            "rrclient": "0"
        },
        "10.0.0.25": {
            "asn": "65200",
            "holdtime": "180",
            "keepalive": "60",
            "local_addr": "10.0.0.24",
            "name": "ARISTA13T2",
            "nhopself": "0",
            "rrclient": "0"
        },
        "10.0.0.27": {
            "asn": "65200",
            "holdtime": "180",
            "keepalive": "60",
            "local_addr": "10.0.0.26",
            "name": "ARISTA14T2",
            "nhopself": "0",
            "rrclient": "0"
        },
        "10.0.0.29": {
            "asn": "65200",
            "holdtime": "180",
            "keepalive": "60",
            "local_addr": "10.0.0.28",
            "name": "ARISTA15T2",
            "nhopself": "0",
            "rrclient": "0"
        },
        "10.0.0.31": {
            "asn": "65200",
            "holdtime": "180",
            "keepalive": "60",
            "local_addr": "10.0.0.30",
            "name": "ARISTA16T2",
            "nhopself": "0",
            "rrclient": "0"
        },
        "10.0.0.33": {
            "asn": "64001",
            "holdtime": "180",
            "keepalive": "60",
            "local_addr": "10.0.0.32",
            "name": "ARISTA01T0",
            "nhopself": "0",
            "rrclient": "0"
        },
        "10.0.0.35": {
            "asn": "64002",
            "holdtime": "180",
            "keepalive": "60",
            "local_addr": "10.0.0.34",
            "name": "ARISTA02T0",
            "nhopself": "0",
            "rrclient": "0"
        },
        "10.0.0.37": {
            "asn": "64003",
            "holdtime": "180",
            "keepalive": "60",
            "local_addr": "10.0.0.36",
            "name": "ARISTA03T0",
            "nhopself": "0",
            "rrclient": "0"
        },
        "10.0.0.39": {
            "asn": "64004",
            "holdtime": "180",
            "keepalive": "60",
            "local_addr": "10.0.0.38",
            "name": "ARISTA04T0",
            "nhopself": "0",
            "rrclient": "0"
        },
        "10.0.0.41": {
            "asn": "64005",
            "holdtime": "180",
            "keepalive": "60",
            "local_addr": "10.0.0.40",
            "name": "ARISTA05T0",
            "nhopself": "0",
            "rrclient": "0"
        },
        "10.0.0.43": {
            "asn": "64006",
            "holdtime": "180",
            "keepalive": "60",
            "local_addr": "10.0.0.42",
            "name": "ARISTA06T0",
            "nhopself": "0",
            "rrclient": "0"
        },
        "10.0.0.45": {
            "asn": "64007",
            "holdtime": "180",
            "keepalive": "60",
            "local_addr": "10.0.0.44",
            "name": "ARISTA07T0",
            "nhopself": "0",
            "rrclient": "0"
        },
        "10.0.0.47": {
            "asn": "64008",
            "holdtime": "180",
            "keepalive": "60",
            "local_addr": "10.0.0.46",
            "name": "ARISTA08T0",
            "nhopself": "0",
            "rrclient": "0"
        },
        "10.0.0.49": {
            "asn": "64009",
            "holdtime": "180",
            "keepalive": "60",
            "local_addr": "10.0.0.48",
            "name": "ARISTA09T0",
            "nhopself": "0",
            "rrclient": "0"
        },
        "10.0.0.51": {
            "asn": "64010",
            "holdtime": "180",
            "keepalive": "60",
            "local_addr": "10.0.0.50",
            "name": "ARISTA10T0",
            "nhopself": "0",
            "rrclient": "0"
        },
        "10.0.0.53": {
            "asn": "64011",
            "holdtime": "180",
            "keepalive": "60",
            "local_addr": "10.0.0.52",
            "name": "ARISTA11T0",
            "nhopself": "0",
            "rrclient": "0"
        },
        "10.0.0.55": {
            "asn": "64012",
            "holdtime": "180",
            "keepalive": "60",
            "local_addr": "10.0.0.54",
            "name": "ARISTA12T0",
            "nhopself": "0",
            "rrclient": "0"
        },
        "10.0.0.57": {
            "asn": "64013",
            "holdtime": "180",
            "keepalive": "60",
            "local_addr": "10.0.0.56",
            "name": "ARISTA13T0",
            "nhopself": "0",
            "rrclient": "0"
        },
        "10.0.0.59": {
            "asn": "64014",
            "holdtime": "180",
            "keepalive": "60",
            "local_addr": "10.0.0.58",
            "name": "ARISTA14T0",
            "nhopself": "0",
            "rrclient": "0"
        },
        "10.0.0.61": {
            "asn": "64015",
            "holdtime": "180",
            "keepalive": "60",
            "local_addr": "10.0.0.60",
            "name": "ARISTA15T0",
            "nhopself": "0",
            "rrclient": "0"
        },
        "10.0.0.63": {
            "asn": "64016",
            "holdtime": "180",
            "keepalive": "60",
            "local_addr": "10.0.0.62",
            "name": "ARISTA16T0",
            "nhopself": "0",
            "rrclient": "0"
        }
    },
    "CRM": {
        "Config": {
            "acl_counter_high_threshold": "85",
            "acl_counter_low_threshold": "70",
            "acl_counter_threshold_type": "percentage",
            "acl_entry_high_threshold": "85",
            "acl_entry_low_threshold": "70",
            "acl_entry_threshold_type": "percentage",
            "acl_group_high_threshold": "85",
            "acl_group_low_threshold": "70",
            "acl_group_threshold_type": "percentage",
            "acl_table_high_threshold": "85",
            "acl_table_low_threshold": "70",
            "acl_table_threshold_type": "percentage",
            "dnat_entry_high_threshold": "85",
            "dnat_entry_low_threshold": "70",
            "dnat_entry_threshold_type": "percentage",
            "fdb_entry_high_threshold": "85",
            "fdb_entry_low_threshold": "70",
            "fdb_entry_threshold_type": "percentage",
            "ipmc_entry_high_threshold": "85",
            "ipmc_entry_low_threshold": "70",
            "ipmc_entry_threshold_type": "percentage",
            "ipv4_neighbor_high_threshold": "85",
            "ipv4_neighbor_low_threshold": "70",
            "ipv4_neighbor_threshold_type": "percentage",
            "ipv4_nexthop_high_threshold": "85",
            "ipv4_nexthop_low_threshold": "70",
            "ipv4_nexthop_threshold_type": "percentage",
            "ipv4_route_high_threshold": "85",
            "ipv4_route_low_threshold": "70",
            "ipv4_route_threshold_type": "percentage",
            "ipv6_neighbor_high_threshold": "85",
            "ipv6_neighbor_low_threshold": "70",
            "ipv6_neighbor_threshold_type": "percentage",
            "ipv6_nexthop_high_threshold": "85",
            "ipv6_nexthop_low_threshold": "70",
            "ipv6_nexthop_threshold_type": "percentage",
            "ipv6_route_high_threshold": "85",
            "ipv6_route_low_threshold": "70",
            "ipv6_route_threshold_type": "percentage",
            "mpls_inseg_high_threshold": "85",
            "mpls_inseg_low_threshold": "70",
            "mpls_inseg_threshold_type": "percentage",
            "mpls_nexthop_high_threshold": "85",
            "mpls_nexthop_low_threshold": "70",
            "mpls_nexthop_threshold_type": "percentage",
            "nexthop_group_high_threshold": "85",
            "nexthop_group_low_threshold": "70",
            "nexthop_group_member_high_threshold": "85",
            "nexthop_group_member_low_threshold": "70",
            "nexthop_group_member_threshold_type": "percentage",
            "nexthop_group_threshold_type": "percentage",
            "polling_interval": "300",
            "snat_entry_high_threshold": "85",
            "snat_entry_low_threshold": "70",
            "snat_entry_threshold_type": "percentage"
        }
    },
    "DEVICE_METADATA": {
        "localhost": {
            "bgp_asn": "65100",
            "buffer_model": "traditional",
            "default_bgp_status": "up",
            "default_pfcwd_status": "disable",
            "hostname": "sonic",
            "hwsku": "Force10-S6000",
            "mac": "22:8f:26:7f:ef:ec",
            "platform": "x86_64-kvm_x86_64-r0",
            "timezone": "UTC",
            "type": "LeafRouter"
        }
    },
    "FEATURE": {
        "bgp": {
            "auto_restart": "enabled",
            "check_up_status": "false",
            "delayed": "False",
            "has_global_scope": "False",
            "has_per_asic_scope": "True",
            "high_mem_alert": "disabled",
            "state": "enabled",
            "support_syslog_rate_limit": "true"
        },
        "database": {
            "auto_restart": "always_enabled",
            "delayed": "False",
            "has_global_scope": "True",
            "has_per_asic_scope": "True",
            "high_mem_alert": "disabled",
            "state": "always_enabled",
            "support_syslog_rate_limit": "true"
        },
        "dhcp_relay": {
            "auto_restart": "enabled",
            "check_up_status": "False",
            "delayed": "False",
            "has_global_scope": "True",
            "has_per_asic_scope": "False",
            "high_mem_alert": "disabled",
            "set_owner": "local",
            "state": "disabled",
            "support_syslog_rate_limit": "True"
        },
        "eventd": {
            "auto_restart": "enabled",
            "delayed": "False",
            "has_global_scope": "True",
            "has_per_asic_scope": "False",
            "high_mem_alert": "disabled",
            "state": "enabled",
            "support_syslog_rate_limit": "true"
        },
        "gbsyncd": {
            "auto_restart": "enabled",
            "delayed": "False",
            "has_global_scope": "False",
            "has_per_asic_scope": "True",
            "high_mem_alert": "disabled",
            "state": "enabled",
            "support_syslog_rate_limit": "true"
        },
        "gnmi": {
            "auto_restart": "enabled",
            "delayed": "True",
            "has_global_scope": "True",
            "has_per_asic_scope": "False",
            "high_mem_alert": "disabled",
            "state": "enabled",
            "support_syslog_rate_limit": "true"
        },
        "lldp": {
            "auto_restart": "enabled",
            "delayed": "True",
            "has_global_scope": "True",
            "has_per_asic_scope": "True",
            "high_mem_alert": "disabled",
            "state": "enabled",
            "support_syslog_rate_limit": "true"
        },
        "macsec": {
            "auto_restart": "enabled",
            "check_up_status": "False",
            "delayed": "False",
            "has_global_scope": "False",
            "has_per_asic_scope": "True",
            "high_mem_alert": "disabled",
            "set_owner": "local",
            "state": "disabled",
            "support_syslog_rate_limit": "True"
        },
        "mgmt-framework": {
            "auto_restart": "enabled",
            "delayed": "True",
            "has_global_scope": "True",
            "has_per_asic_scope": "False",
            "high_mem_alert": "disabled",
            "state": "enabled",
            "support_syslog_rate_limit": "true"
        },
        "mux": {
            "auto_restart": "enabled",
            "delayed": "False",
            "has_global_scope": "True",
            "has_per_asic_scope": "False",
            "high_mem_alert": "disabled",
            "state": "always_disabled",
            "support_syslog_rate_limit": "true"
        },
        "nat": {
            "auto_restart": "enabled",
            "delayed": "False",
            "has_global_scope": "True",
            "has_per_asic_scope": "False",
            "high_mem_alert": "disabled",
            "state": "disabled",
            "support_syslog_rate_limit": "true"
        },
        "otel": {
            "auto_restart": "enabled",
            "delayed": "False",
            "has_global_scope": "True",
            "has_per_asic_scope": "False",
            "high_mem_alert": "disabled",
            "state": "disabled",
            "support_syslog_rate_limit": "true"
        },
        "pmon": {
            "auto_restart": "enabled",
            "check_up_status": "false",
            "delayed": "True",
            "has_global_scope": "True",
            "has_per_asic_scope": "False",
            "high_mem_alert": "disabled",
            "state": "enabled",
            "support_syslog_rate_limit": "true"
        },
        "radv": {
            "auto_restart": "enabled",
            "delayed": "False",
            "has_global_scope": "True",
            "has_per_asic_scope": "False",
            "high_mem_alert": "disabled",
            "state": "enabled",
            "support_syslog_rate_limit": "true"
        },
        "sflow": {
            "auto_restart": "enabled",
            "delayed": "True",
            "has_global_scope": "True",
            "has_per_asic_scope": "False",
            "high_mem_alert": "disabled",
            "state": "disabled",
            "support_syslog_rate_limit": "true"
        },
        "snmp": {
            "auto_restart": "enabled",
            "delayed": "True",
            "has_global_scope": "True",
            "has_per_asic_scope": "False",
            "high_mem_alert": "disabled",
            "state": "enabled",
            "support_syslog_rate_limit": "true"
        },
        "swss": {
            "auto_restart": "enabled",
            "check_up_status": "false",
            "delayed": "False",
            "has_global_scope": "False",
            "has_per_asic_scope": "True",
            "high_mem_alert": "disabled",
            "state": "enabled",
            "support_syslog_rate_limit": "true"
        },
        "syncd": {
            "auto_restart": "enabled",
            "delayed": "False",
            "has_global_scope": "False",
            "has_per_asic_scope": "True",
            "high_mem_alert": "disabled",
            "state": "enabled",
            "support_syslog_rate_limit": "true"
        },
        "teamd": {
            "auto_restart": "enabled",
            "delayed": "False",
            "has_global_scope": "False",
            "has_per_asic_scope": "True",
            "high_mem_alert": "disabled",
            "state": "enabled",
            "support_syslog_rate_limit": "true"
        }
    },
    "FLEX_COUNTER_TABLE": {
        "ACL": {
            "FLEX_COUNTER_STATUS": "disable",
            "POLL_INTERVAL": "10000"
        },
        "BUFFER_POOL_WATERMARK": {
            "FLEX_COUNTER_STATUS": "enable"
        },
        "PFCWD": {
            "FLEX_COUNTER_STATUS": "enable"
        },
        "PG_DROP": {
            "FLEX_COUNTER_STATUS": "enable"
        },
        "PG_WATERMARK": {
            "FLEX_COUNTER_STATUS": "enable"
        },
        "PORT": {
            "FLEX_COUNTER_STATUS": "enable"
        },
        "PORT_BUFFER_DROP": {
            "FLEX_COUNTER_STATUS": "enable"
        },
        "PORT_PHY_ATTR": {
            "FLEX_COUNTER_STATUS": "enable"
        },
        "QUEUE": {
            "FLEX_COUNTER_STATUS": "enable"
        },
        "QUEUE_WATERMARK": {
            "FLEX_COUNTER_STATUS": "enable"
        },
        "RIF": {
            "FLEX_COUNTER_STATUS": "enable"
        }
    },
    "INTERFACE": {
        "Ethernet0": {},
        "Ethernet0|10.0.0.0/31": {},
        "Ethernet4": {},
        "Ethernet4|10.0.0.2/31": {},
        "Ethernet8": {},
        "Ethernet8|10.0.0.4/31": {},
        "Ethernet12": {},
        "Ethernet12|10.0.0.6/31": {},
        "Ethernet16": {},
        "Ethernet16|10.0.0.8/31": {},
        "Ethernet20": {},
        "Ethernet20|10.0.0.10/31": {},
        "Ethernet24": {},
        "Ethernet24|10.0.0.12/31": {},
        "Ethernet28": {},
        "Ethernet28|10.0.0.14/31": {},
        "Ethernet32": {},
        "Ethernet32|10.0.0.16/31": {},
        "Ethernet36": {},
        "Ethernet36|10.0.0.18/31": {},
        "Ethernet40": {},
        "Ethernet40|10.0.0.20/31": {},
        "Ethernet44": {},
        "Ethernet44|10.0.0.22/31": {},
        "Ethernet48": {},
        "Ethernet48|10.0.0.24/31": {},
        "Ethernet52": {},
        "Ethernet52|10.0.0.26/31": {},
        "Ethernet56": {},
        "Ethernet56|10.0.0.28/31": {},
        "Ethernet60": {},
        "Ethernet60|10.0.0.30/31": {},
        "Ethernet64": {},
        "Ethernet64|10.0.0.32/31": {},
        "Ethernet68": {},
        "Ethernet68|10.0.0.34/31": {},
        "Ethernet72": {},
        "Ethernet72|10.0.0.36/31": {},
        "Ethernet76": {},
        "Ethernet76|10.0.0.38/31": {},
        "Ethernet80": {},
        "Ethernet80|10.0.0.40/31": {},
        "Ethernet84": {},
        "Ethernet84|10.0.0.42/31": {},
        "Ethernet88": {},
        "Ethernet88|10.0.0.44/31": {},
        "Ethernet92": {},
        "Ethernet92|10.0.0.46/31": {},
        "Ethernet96": {},
        "Ethernet96|10.0.0.48/31": {},
        "Ethernet100": {},
        "Ethernet100|10.0.0.50/31": {},
        "Ethernet104": {},
        "Ethernet104|10.0.0.52/31": {},
        "Ethernet108": {},
        "Ethernet108|10.0.0.54/31": {},
        "Ethernet112": {},
        "Ethernet112|10.0.0.56/31": {},
        "Ethernet116": {},
        "Ethernet116|10.0.0.58/31": {},
        "Ethernet120": {},
        "Ethernet120|10.0.0.60/31": {},
        "Ethernet124": {},
        "Ethernet124|10.0.0.62/31": {}
    },
    "KDUMP": {
        "config": {
            "enabled": "false",
            "memory": "0M-2G:256M,2G-4G:320M,4G-8G:384M,8G-:448M",
            "num_dumps": "3",
            "remote": "false",
            "ssh_path": "/a/b/c",
            "ssh_string": "user@localhost"
        }
    },
    "LOGGER": {
        "SAI_API_ACL": {
            "LOGLEVEL": "SAI_LOG_LEVEL_NOTICE",
            "LOGOUTPUT": "SYSLOG"
        },
        "SAI_API_ARS": {
            "LOGLEVEL": "SAI_LOG_LEVEL_NOTICE",
            "LOGOUTPUT": "SYSLOG"
        },
        "SAI_API_ARS_PROFILE": {
            "LOGLEVEL": "SAI_LOG_LEVEL_NOTICE",
            "LOGOUTPUT": "SYSLOG"
        },
        "SAI_API_BFD": {
            "LOGLEVEL": "SAI_LOG_LEVEL_NOTICE",
            "LOGOUTPUT": "SYSLOG"
        },
        "SAI_API_BMTOR": {
            "LOGLEVEL": "SAI_LOG_LEVEL_NOTICE",
            "LOGOUTPUT": "SYSLOG"
        },
        "SAI_API_BRIDGE": {
            "LOGLEVEL": "SAI_LOG_LEVEL_NOTICE",
            "LOGOUTPUT": "SYSLOG"
        },
        "SAI_API_BUFFER": {
            "LOGLEVEL": "SAI_LOG_LEVEL_NOTICE",
            "LOGOUTPUT": "SYSLOG"
        },
        "SAI_API_COUNTER": {
            "LOGLEVEL": "SAI_LOG_LEVEL_NOTICE",
            "LOGOUTPUT": "SYSLOG"
        },
        "SAI_API_DASH_ACL": {
            "LOGLEVEL": "SAI_LOG_LEVEL_NOTICE",
            "LOGOUTPUT": "SYSLOG"
        },
        "SAI_API_DASH_APPLIANCE": {
            "LOGLEVEL": "SAI_LOG_LEVEL_NOTICE",
            "LOGOUTPUT": "SYSLOG"
        },
        "SAI_API_DASH_DIRECTION_LOOKUP": {
            "LOGLEVEL": "SAI_LOG_LEVEL_NOTICE",
            "LOGOUTPUT": "SYSLOG"
        },
        "SAI_API_DASH_ENI": {
            "LOGLEVEL": "SAI_LOG_LEVEL_NOTICE",
            "LOGOUTPUT": "SYSLOG"
        },
        "SAI_API_DASH_FLOW": {
            "LOGLEVEL": "SAI_LOG_LEVEL_NOTICE",
            "LOGOUTPUT": "SYSLOG"
        },
        "SAI_API_DASH_HA": {
            "LOGLEVEL": "SAI_LOG_LEVEL_NOTICE",
            "LOGOUTPUT": "SYSLOG"
        },
        "SAI_API_DASH_INBOUND_ROUTING": {
            "LOGLEVEL": "SAI_LOG_LEVEL_NOTICE",
            "LOGOUTPUT": "SYSLOG"
        },
        "SAI_API_DASH_METER": {
            "LOGLEVEL": "SAI_LOG_LEVEL_NOTICE",
            "LOGOUTPUT": "SYSLOG"
        },
        "SAI_API_DASH_OUTBOUND_CA_TO_PA": {
            "LOGLEVEL": "SAI_LOG_LEVEL_NOTICE",
            "LOGOUTPUT": "SYSLOG"
        },
        "SAI_API_DASH_OUTBOUND_PORT_MAP": {
            "LOGLEVEL": "SAI_LOG_LEVEL_NOTICE",
            "LOGOUTPUT": "SYSLOG"
        },
        "SAI_API_DASH_OUTBOUND_ROUTING": {
            "LOGLEVEL": "SAI_LOG_LEVEL_NOTICE",
            "LOGOUTPUT": "SYSLOG"
        },
        "SAI_API_DASH_PA_VALIDATION": {
            "LOGLEVEL": "SAI_LOG_LEVEL_NOTICE",
            "LOGOUTPUT": "SYSLOG"
        },
        "SAI_API_DASH_TRUSTED_VNI": {
            "LOGLEVEL": "SAI_LOG_LEVEL_NOTICE",
            "LOGOUTPUT": "SYSLOG"
        },
        "SAI_API_DASH_TUNNEL": {
            "LOGLEVEL": "SAI_LOG_LEVEL_NOTICE",
            "LOGOUTPUT": "SYSLOG"
        },
        "SAI_API_DASH_VIP": {
            "LOGLEVEL": "SAI_LOG_LEVEL_NOTICE",
            "LOGOUTPUT": "SYSLOG"
        },
        "SAI_API_DASH_VNET": {
            "LOGLEVEL": "SAI_LOG_LEVEL_NOTICE",
            "LOGOUTPUT": "SYSLOG"
        },
        "SAI_API_DEBUG_COUNTER": {
            "LOGLEVEL": "SAI_LOG_LEVEL_NOTICE",
            "LOGOUTPUT": "SYSLOG"
        },
        "SAI_API_DTEL": {
            "LOGLEVEL": "SAI_LOG_LEVEL_NOTICE",
            "LOGOUTPUT": "SYSLOG"
        },
        "SAI_API_FDB": {
            "LOGLEVEL": "SAI_LOG_LEVEL_NOTICE",
            "LOGOUTPUT": "SYSLOG"
        },
        "SAI_API_GENERIC_PROGRAMMABLE": {
            "LOGLEVEL": "SAI_LOG_LEVEL_NOTICE",
            "LOGOUTPUT": "SYSLOG"
        },
        "SAI_API_HASH": {
            "LOGLEVEL": "SAI_LOG_LEVEL_NOTICE",
            "LOGOUTPUT": "SYSLOG"
        },
        "SAI_API_HOSTIF": {
            "LOGLEVEL": "SAI_LOG_LEVEL_NOTICE",
            "LOGOUTPUT": "SYSLOG"
        },
        "SAI_API_ICMP_ECHO": {
            "LOGLEVEL": "SAI_LOG_LEVEL_NOTICE",
            "LOGOUTPUT": "SYSLOG"
        },
        "SAI_API_IPMC": {
            "LOGLEVEL": "SAI_LOG_LEVEL_NOTICE",
            "LOGOUTPUT": "SYSLOG"
        },
        "SAI_API_IPMC_GROUP": {
            "LOGLEVEL": "SAI_LOG_LEVEL_NOTICE",
            "LOGOUTPUT": "SYSLOG"
        },
        "SAI_API_IPSEC": {
            "LOGLEVEL": "SAI_LOG_LEVEL_NOTICE",
            "LOGOUTPUT": "SYSLOG"
        },
        "SAI_API_ISOLATION_GROUP": {
            "LOGLEVEL": "SAI_LOG_LEVEL_NOTICE",
            "LOGOUTPUT": "SYSLOG"
        },
        "SAI_API_L2MC": {
            "LOGLEVEL": "SAI_LOG_LEVEL_NOTICE",
            "LOGOUTPUT": "SYSLOG"
        },
        "SAI_API_L2MC_GROUP": {
            "LOGLEVEL": "SAI_LOG_LEVEL_NOTICE",
            "LOGOUTPUT": "SYSLOG"
        },
        "SAI_API_LAG": {
            "LOGLEVEL": "SAI_LOG_LEVEL_NOTICE",
            "LOGOUTPUT": "SYSLOG"
        },
        "SAI_API_MACSEC": {
            "LOGLEVEL": "SAI_LOG_LEVEL_NOTICE",
            "LOGOUTPUT": "SYSLOG"
        },
        "SAI_API_MCAST_FDB": {
            "LOGLEVEL": "SAI_LOG_LEVEL_NOTICE",
            "LOGOUTPUT": "SYSLOG"
        },
        "SAI_API_MIRROR": {
            "LOGLEVEL": "SAI_LOG_LEVEL_NOTICE",
            "LOGOUTPUT": "SYSLOG"
        },
        "SAI_API_MPLS": {
            "LOGLEVEL": "SAI_LOG_LEVEL_NOTICE",
            "LOGOUTPUT": "SYSLOG"
        },
        "SAI_API_MY_MAC": {
            "LOGLEVEL": "SAI_LOG_LEVEL_NOTICE",
            "LOGOUTPUT": "SYSLOG"
        },
        "SAI_API_NAT": {
            "LOGLEVEL": "SAI_LOG_LEVEL_NOTICE",
            "LOGOUTPUT": "SYSLOG"
        },
        "SAI_API_NEIGHBOR": {
            "LOGLEVEL": "SAI_LOG_LEVEL_NOTICE",
            "LOGOUTPUT": "SYSLOG"
        },
        "SAI_API_NEXT_HOP": {
            "LOGLEVEL": "SAI_LOG_LEVEL_NOTICE",
            "LOGOUTPUT": "SYSLOG"
        },
        "SAI_API_NEXT_HOP_GROUP": {
            "LOGLEVEL": "SAI_LOG_LEVEL_NOTICE",
            "LOGOUTPUT": "SYSLOG"
        },
        "SAI_API_POE": {
            "LOGLEVEL": "SAI_LOG_LEVEL_NOTICE",
            "LOGOUTPUT": "SYSLOG"
        },
        "SAI_API_POLICER": {
            "LOGLEVEL": "SAI_LOG_LEVEL_NOTICE",
            "LOGOUTPUT": "SYSLOG"
        },
        "SAI_API_PORT": {
            "LOGLEVEL": "SAI_LOG_LEVEL_NOTICE",
            "LOGOUTPUT": "SYSLOG"
        },
        "SAI_API_PREFIX_COMPRESSION": {
            "LOGLEVEL": "SAI_LOG_LEVEL_NOTICE",
            "LOGOUTPUT": "SYSLOG"
        },
        "SAI_API_QOS_MAP": {
            "LOGLEVEL": "SAI_LOG_LEVEL_NOTICE",
            "LOGOUTPUT": "SYSLOG"
        },
        "SAI_API_QUEUE": {
            "LOGLEVEL": "SAI_LOG_LEVEL_NOTICE",
            "LOGOUTPUT": "SYSLOG"
        },
        "SAI_API_ROUTE": {
            "LOGLEVEL": "SAI_LOG_LEVEL_NOTICE",
            "LOGOUTPUT": "SYSLOG"
        },
        "SAI_API_ROUTER_INTERFACE": {
            "LOGLEVEL": "SAI_LOG_LEVEL_NOTICE",
            "LOGOUTPUT": "SYSLOG"
        },
        "SAI_API_RPF_GROUP": {
            "LOGLEVEL": "SAI_LOG_LEVEL_NOTICE",
            "LOGOUTPUT": "SYSLOG"
        },
        "SAI_API_SAMPLEPACKET": {
            "LOGLEVEL": "SAI_LOG_LEVEL_NOTICE",
            "LOGOUTPUT": "SYSLOG"
        },
        "SAI_API_SCHEDULER": {
            "LOGLEVEL": "SAI_LOG_LEVEL_NOTICE",
            "LOGOUTPUT": "SYSLOG"
        },
        "SAI_API_SCHEDULER_GROUP": {
            "LOGLEVEL": "SAI_LOG_LEVEL_NOTICE",
            "LOGOUTPUT": "SYSLOG"
        },
        "SAI_API_SRV6": {
            "LOGLEVEL": "SAI_LOG_LEVEL_NOTICE",
            "LOGOUTPUT": "SYSLOG"
        },
        "SAI_API_STP": {
            "LOGLEVEL": "SAI_LOG_LEVEL_NOTICE",
            "LOGOUTPUT": "SYSLOG"
        },
        "SAI_API_SWITCH": {
            "LOGLEVEL": "SAI_LOG_LEVEL_NOTICE",
            "LOGOUTPUT": "SYSLOG"
        },
        "SAI_API_SYNCE": {
            "LOGLEVEL": "SAI_LOG_LEVEL_NOTICE",
            "LOGOUTPUT": "SYSLOG"
        },
        "SAI_API_SYSTEM_PORT": {
            "LOGLEVEL": "SAI_LOG_LEVEL_NOTICE",
            "LOGOUTPUT": "SYSLOG"
        },
        "SAI_API_TAM": {
            "LOGLEVEL": "SAI_LOG_LEVEL_NOTICE",
            "LOGOUTPUT": "SYSLOG"
        },
        "SAI_API_TUNNEL": {
            "LOGLEVEL": "SAI_LOG_LEVEL_NOTICE",
            "LOGOUTPUT": "SYSLOG"
        },
        "SAI_API_TWAMP": {
            "LOGLEVEL": "SAI_LOG_LEVEL_NOTICE",
            "LOGOUTPUT": "SYSLOG"
        },
        "SAI_API_UDF": {
            "LOGLEVEL": "SAI_LOG_LEVEL_NOTICE",
            "LOGOUTPUT": "SYSLOG"
        },
        "SAI_API_VIRTUAL_ROUTER": {
            "LOGLEVEL": "SAI_LOG_LEVEL_NOTICE",
            "LOGOUTPUT": "SYSLOG"
        },
        "SAI_API_VLAN": {
            "LOGLEVEL": "SAI_LOG_LEVEL_NOTICE",
            "LOGOUTPUT": "SYSLOG"
        },
        "SAI_API_WRED": {
            "LOGLEVEL": "SAI_LOG_LEVEL_NOTICE",
            "LOGOUTPUT": "SYSLOG"
        },
        "buffermgrd": {
            "LOGLEVEL": "NOTICE",
            "LOGOUTPUT": "SYSLOG"
        },
        "coppmgrd": {
            "LOGLEVEL": "NOTICE",
            "LOGOUTPUT": "SYSLOG"
        },
        "fabricmgrd": {
            "LOGLEVEL": "NOTICE",
            "LOGOUTPUT": "SYSLOG"
        },
        "fdbsyncd": {
            "LOGLEVEL": "NOTICE",
            "LOGOUTPUT": "SYSLOG"
        },
        "fpmsyncd": {
            "LOGLEVEL": "NOTICE",
            "LOGOUTPUT": "SYSLOG"
        },
        "gearsyncd": {
            "LOGLEVEL": "NOTICE",
            "LOGOUTPUT": "SYSLOG"
        },
        "intfmgrd": {
            "LOGLEVEL": "NOTICE",
            "LOGOUTPUT": "SYSLOG"
        },
        "nbrmgrd": {
            "LOGLEVEL": "NOTICE",
            "LOGOUTPUT": "SYSLOG"
        },
        "neighsyncd": {
            "LOGLEVEL": "NOTICE",
            "LOGOUTPUT": "SYSLOG"
        },
        "orchagent": {
            "LOGLEVEL": "NOTICE",
            "LOGOUTPUT": "SYSLOG"
        },
        "portmgrd": {
            "LOGLEVEL": "NOTICE",
            "LOGOUTPUT": "SYSLOG"
        },
        "portsyncd": {
            "LOGLEVEL": "NOTICE",
            "LOGOUTPUT": "SYSLOG"
        },
        "rebootbackend": {
            "LOGLEVEL": "NOTICE",
            "LOGOUTPUT": "SYSLOG"
        },
        "syncd": {
            "LOGLEVEL": "NOTICE",
            "LOGOUTPUT": "SYSLOG"
        },
        "teammgrd": {
            "LOGLEVEL": "NOTICE",
            "LOGOUTPUT": "SYSLOG"
        },
        "teamsyncd": {
            "LOGLEVEL": "NOTICE",
            "LOGOUTPUT": "SYSLOG"
        },
        "telemetry": {
            "LOGLEVEL": "NOTICE",
            "LOGOUTPUT": "SYSLOG"
        },
        "tlm_teamd": {
            "LOGLEVEL": "NOTICE",
            "LOGOUTPUT": "SYSLOG"
        },
        "tunnelmgrd": {
            "LOGLEVEL": "NOTICE",
            "LOGOUTPUT": "SYSLOG"
        },
        "vlanmgrd": {
            "LOGLEVEL": "NOTICE",
            "LOGOUTPUT": "SYSLOG"
        },
        "vrfmgrd": {
            "LOGLEVEL": "NOTICE",
            "LOGOUTPUT": "SYSLOG"
        },
        "vxlanmgrd": {
            "LOGLEVEL": "NOTICE",
            "LOGOUTPUT": "SYSLOG"
        }
    },
    "LOOPBACK_INTERFACE": {
        "Loopback0": {},
        "Loopback0|10.0.1.3/32": {},
        "Loopback0|10.1.0.1/32": {}
    },
    "NTP": {
        "global": {
            "admin_state": "enabled",
            "authentication": "disabled",
            "dhcp": "enabled",
            "server_role": "disabled",
            "src_intf": "eth0",
            "vrf": "default"
        }
    },
    "PASSW_HARDENING": {
        "POLICIES": {
            "digits_class": "true",
            "expiration": "180",
            "expiration_warning": "15",
            "history_cnt": "10",
            "len_min": "8",
            "lower_class": "true",
            "reject_user_passw_match": "true",
            "special_class": "true",
            "state": "disabled",
            "upper_class": "true"
        }
    },
    "PORT": {
        "Ethernet0": {
            "admin_status": "up",
            "alias": "fortyGigE0/0",
            "dhcp_rate_limit": "300",
            "index": "0",
            "lanes": "25,26,27,28",
            "mtu": "9100",
            "speed": "40000"
        },
        "Ethernet1": {
            "admin_status": "up"
        },
        "Ethernet2": {
            "admin_status": "up"
        },
        "Ethernet4": {
            "admin_status": "up",
            "alias": "fortyGigE0/4",
            "dhcp_rate_limit": "300",
            "index": "1",
            "lanes": "29,30,31,32",
            "mtu": "9100",
            "speed": "40000"
        },
        "Ethernet8": {
            "admin_status": "up",
            "alias": "fortyGigE0/8",
            "dhcp_rate_limit": "300",
            "index": "2",
            "lanes": "33,34,35,36",
            "mtu": "9100",
            "speed": "40000"
        },
        "Ethernet12": {
            "admin_status": "up",
            "alias": "fortyGigE0/12",
            "dhcp_rate_limit": "300",
            "index": "3",
            "lanes": "37,38,39,40",
            "mtu": "9100",
            "speed": "40000"
        },
        "Ethernet16": {
            "admin_status": "up",
            "alias": "fortyGigE0/16",
            "dhcp_rate_limit": "300",
            "index": "4",
            "lanes": "45,46,47,48",
            "mtu": "9100",
            "speed": "40000"
        },
        "Ethernet20": {
            "admin_status": "up",
            "alias": "fortyGigE0/20",
            "dhcp_rate_limit": "300",
            "index": "5",
            "lanes": "41,42,43,44",
            "mtu": "9100",
            "speed": "40000"
        },
        "Ethernet24": {
            "admin_status": "up",
            "alias": "fortyGigE0/24",
            "dhcp_rate_limit": "300",
            "index": "6",
            "lanes": "1,2,3,4",
            "mtu": "9100",
            "speed": "40000"
        },
        "Ethernet28": {
            "admin_status": "up",
            "alias": "fortyGigE0/28",
            "dhcp_rate_limit": "300",
            "index": "7",
            "lanes": "5,6,7,8",
            "mtu": "9100",
            "speed": "40000"
        },
        "Ethernet32": {
            "admin_status": "up",
            "alias": "fortyGigE0/32",
            "dhcp_rate_limit": "300",
            "index": "8",
            "lanes": "13,14,15,16",
            "mtu": "9100",
            "speed": "40000"
        },
        "Ethernet36": {
            "admin_status": "up",
            "alias": "fortyGigE0/36",
            "dhcp_rate_limit": "300",
            "index": "9",
            "lanes": "9,10,11,12",
            "mtu": "9100",
            "speed": "40000"
        },
        "Ethernet40": {
            "admin_status": "up",
            "alias": "fortyGigE0/40",
            "dhcp_rate_limit": "300",
            "index": "10",
            "lanes": "17,18,19,20",
            "mtu": "9100",
            "speed": "40000"
        },
        "Ethernet44": {
            "admin_status": "up",
            "alias": "fortyGigE0/44",
            "dhcp_rate_limit": "300",
            "index": "11",
            "lanes": "21,22,23,24",
            "mtu": "9100",
            "speed": "40000"
        },
        "Ethernet48": {
            "admin_status": "up",
            "alias": "fortyGigE0/48",
            "dhcp_rate_limit": "300",
            "index": "12",
            "lanes": "53,54,55,56",
            "mtu": "9100",
            "speed": "40000"
        },
        "Ethernet52": {
            "admin_status": "up",
            "alias": "fortyGigE0/52",
            "dhcp_rate_limit": "300",
            "index": "13",
            "lanes": "49,50,51,52",
            "mtu": "9100",
            "speed": "40000"
        },
        "Ethernet56": {
            "admin_status": "up",
            "alias": "fortyGigE0/56",
            "dhcp_rate_limit": "300",
            "index": "14",
            "lanes": "57,58,59,60",
            "mtu": "9100",
            "speed": "40000"
        },
        "Ethernet60": {
            "admin_status": "up",
            "alias": "fortyGigE0/60",
            "dhcp_rate_limit": "300",
            "index": "15",
            "lanes": "61,62,63,64",
            "mtu": "9100",
            "speed": "40000"
        },
        "Ethernet64": {
            "admin_status": "up",
            "alias": "fortyGigE0/64",
            "dhcp_rate_limit": "300",
            "index": "16",
            "lanes": "69,70,71,72",
            "mtu": "9100",
            "speed": "40000"
        },
        "Ethernet68": {
            "admin_status": "up",
            "alias": "fortyGigE0/68",
            "dhcp_rate_limit": "300",
            "index": "17",
            "lanes": "65,66,67,68",
            "mtu": "9100",
            "speed": "40000"
        },
        "Ethernet72": {
            "admin_status": "up",
            "alias": "fortyGigE0/72",
            "dhcp_rate_limit": "300",
            "index": "18",
            "lanes": "73,74,75,76",
            "mtu": "9100",
            "speed": "40000"
        },
        "Ethernet76": {
            "admin_status": "up",
            "alias": "fortyGigE0/76",
            "dhcp_rate_limit": "300",
            "index": "19",
            "lanes": "77,78,79,80",
            "mtu": "9100",
            "speed": "40000"
        },
        "Ethernet80": {
            "admin_status": "up",
            "alias": "fortyGigE0/80",
            "dhcp_rate_limit": "300",
            "index": "20",
            "lanes": "109,110,111,112",
            "mtu": "9100",
            "speed": "40000"
        },
        "Ethernet84": {
            "admin_status": "up",
            "alias": "fortyGigE0/84",
            "dhcp_rate_limit": "300",
            "index": "21",
            "lanes": "105,106,107,108",
            "mtu": "9100",
            "speed": "40000"
        },
        "Ethernet88": {
            "admin_status": "up",
            "alias": "fortyGigE0/88",
            "dhcp_rate_limit": "300",
            "index": "22",
            "lanes": "113,114,115,116",
            "mtu": "9100",
            "speed": "40000"
        },
        "Ethernet92": {
            "admin_status": "up",
            "alias": "fortyGigE0/92",
            "dhcp_rate_limit": "300",
            "index": "23",
            "lanes": "117,118,119,120",
            "mtu": "9100",
            "speed": "40000"
        },
        "Ethernet96": {
            "admin_status": "up",
            "alias": "fortyGigE0/96",
            "dhcp_rate_limit": "300",
            "index": "24",
            "lanes": "125,126,127,128",
            "mtu": "9100",
            "speed": "40000"
        },
        "Ethernet100": {
            "admin_status": "up",
            "alias": "fortyGigE0/100",
            "dhcp_rate_limit": "300",
            "index": "25",
            "lanes": "121,122,123,124",
            "mtu": "9100",
            "speed": "40000"
        },
        "Ethernet104": {
            "admin_status": "up",
            "alias": "fortyGigE0/104",
            "dhcp_rate_limit": "300",
            "index": "26",
            "lanes": "81,82,83,84",
            "mtu": "9100",
            "speed": "40000"
        },
        "Ethernet108": {
            "admin_status": "up",
            "alias": "fortyGigE0/108",
            "dhcp_rate_limit": "300",
            "index": "27",
            "lanes": "85,86,87,88",
            "mtu": "9100",
            "speed": "40000"
        },
        "Ethernet112": {
            "admin_status": "up",
            "alias": "fortyGigE0/112",
            "dhcp_rate_limit": "300",
            "index": "28",
            "lanes": "93,94,95,96",
            "mtu": "9100",
            "speed": "40000"
        },
        "Ethernet116": {
            "admin_status": "up",
            "alias": "fortyGigE0/116",
            "dhcp_rate_limit": "300",
            "index": "29",
            "lanes": "89,90,91,92",
            "mtu": "9100",
            "speed": "40000"
        },
        "Ethernet120": {
            "admin_status": "up",
            "alias": "fortyGigE0/120",
            "dhcp_rate_limit": "300",
            "index": "30",
            "lanes": "101,102,103,104",
            "mtu": "9100",
            "speed": "40000"
        },
        "Ethernet124": {
            "admin_status": "up",
            "alias": "fortyGigE0/124",
            "dhcp_rate_limit": "300",
            "index": "31",
            "lanes": "97,98,99,100",
            "mtu": "9100",
            "speed": "40000"
        }
    },
    "SNMP": {
        "LOCATION": {
            "Location": "public"
        }
    },
    "SYSLOG_CONFIG": {
        "GLOBAL": {
            "rate_limit_burst": "0",
            "rate_limit_interval": "0"
        }
    },
    "SYSLOG_CONFIG_FEATURE": {
        "bgp": {
            "rate_limit_burst": "20000",
            "rate_limit_interval": "300"
        },
        "database": {
            "rate_limit_burst": "20000",
            "rate_limit_interval": "300"
        },
        "dhcp_relay": {
            "rate_limit_burst": "20000",
            "rate_limit_interval": "300"
        },
        "eventd": {
            "rate_limit_burst": "20000",
            "rate_limit_interval": "300"
        },
        "gbsyncd": {
            "rate_limit_burst": "20000",
            "rate_limit_interval": "300"
        },
        "gnmi": {
            "rate_limit_burst": "20000",
            "rate_limit_interval": "300"
        },
        "lldp": {
            "rate_limit_burst": "20000",
            "rate_limit_interval": "300"
        },
        "macsec": {
            "rate_limit_burst": "20000",
            "rate_limit_interval": "300"
        },
        "mgmt-framework": {
            "rate_limit_burst": "20000",
            "rate_limit_interval": "300"
        },
        "mux": {
            "rate_limit_burst": "20000",
            "rate_limit_interval": "300"
        },
        "nat": {
            "rate_limit_burst": "20000",
            "rate_limit_interval": "300"
        },
        "otel": {
            "rate_limit_burst": "20000",
            "rate_limit_interval": "300"
        },
        "pmon": {
            "rate_limit_burst": "20000",
            "rate_limit_interval": "300"
        },
        "radv": {
            "rate_limit_burst": "20000",
            "rate_limit_interval": "300"
        },
        "sflow": {
            "rate_limit_burst": "20000",
            "rate_limit_interval": "300"
        },
        "snmp": {
            "rate_limit_burst": "20000",
            "rate_limit_interval": "300"
        },
        "swss": {
            "rate_limit_burst": "20000",
            "rate_limit_interval": "300"
        },
        "syncd": {
            "rate_limit_burst": "20000",
            "rate_limit_interval": "300"
        },
        "teamd": {
            "rate_limit_burst": "20000",
            "rate_limit_interval": "300"
        }
    },
    "SYSTEM_DEFAULTS": {
        "mux_tunnel_egress_acl": {
            "status": "disabled"
        }
    },
    "VERSIONS": {
        "DATABASE": {
            "VERSION": "version_202605_01"
        }
    }
}admin@Leaf-L3:~$ ls -al /var/run/redis/sonic-db/
total 4
drwxr-xr-x 2 uuidd uuidd   60 Aug  2 01:33 .
drwxr-xr-x 3 uuidd uuidd  140 Aug  2 01:33 ..
-rw-r--r-- 1 uuidd uuidd 2398 Aug  2 01:33 database_config.json
admin@Leaf-L3:~$ cat /var/run/redis/sonic-db/database_config.json
{
    "INSTANCES": {
        "redis": {
            "hostname": "127.0.0.1",
            "port": 6379,
            "unix_socket_path": "/var/run/redis/redis.sock",
            "persistence_for_warm_boot": "yes"
        },
        "redis_bmp": {
            "hostname": "127.0.0.1",
            "port": 6400,
            "unix_socket_path": "/var/run/redis/redis_bmp.sock",
            "persistence_for_warm_boot": "yes"
        }
    },
    "DATABASES": {
        "APPL_DB": {
            "id": 0,
            "separator": ":",
            "instance": "redis"
        },
        "ASIC_DB": {
            "id": 1,
            "separator": ":",
            "instance": "redis"
        },
        "COUNTERS_DB": {
            "id": 2,
            "separator": ":",
            "instance": "redis"
        },
        "LOGLEVEL_DB": {
            "id": 3,
            "separator": ":",
            "instance": "redis"
        },
        "CONFIG_DB": {
            "id": 4,
            "separator": "|",
            "instance": "redis"
        },
        "PFC_WD_DB": {
            "id": 5,
            "separator": ":",
            "instance": "redis"
        },
        "FLEX_COUNTER_DB": {
            "id": 5,
            "separator": ":",
            "instance": "redis"
        },
        "STATE_DB": {
            "id": 6,
            "separator": "|",
            "instance": "redis"
        },
        "SNMP_OVERLAY_DB": {
            "id": 7,
            "separator": "|",
            "instance": "redis"
        },
        "RESTAPI_DB": {
            "id": 8,
            "separator": "|",
            "instance": "redis"
        },
        "GB_ASIC_DB": {
            "id": 9,
            "separator": ":",
            "instance": "redis"
        },
        "GB_COUNTERS_DB": {
            "id": 10,
            "separator": ":",
            "instance": "redis"
        },
        "GB_FLEX_COUNTER_DB": {
            "id": 11,
            "separator": ":",
            "instance": "redis"
        },
        "APPL_STATE_DB": {
            "id": 14,
            "separator": ":",
            "instance": "redis"
        },
        "BMP_STATE_DB": {
            "id": 20,
            "separator": "|",
            "instance": "redis_bmp"
        },
        "EVENT_DB": {
            "id": 19,
            "separator": "|",
            "instance": "redis"
        }
    },
    "VERSION": "1.0"
}admin@Leaf-L3:~$ test -s /var/run/redis/sonic-db/database_config.json
admin@Leaf-L3:~$ sudo sonic-cfggen -H -k Arista-7050-QX32 -p /usr/share/sonic/device/x86_64-arista_7050_qx32/Arista-7050-QX32/port_config.ini --preset t1 |
sudo tee /etc/sonic/config_db.json > /dev/null && sudo config reload -y -f
Acquired lock on /etc/sonic/reload.lock
Disabling container and routeCheck monitoring ...
Running command: sudo systemctl stop aaastatsd.timer
Running command: sudo systemctl stop featured.timer
Running command: sudo systemctl stop hostcfgd.timer
Running command: sudo systemctl stop tacacs-config.timer
Stopping SONiC target ...
Running command: /usr/local/bin/sonic-cfggen -j /etc/sonic/init_cfg.json -j /etc/sonic/config_db.json --write-to-db
Running command: /usr/local/bin/db_migrator.py -o migrate
Running command: /usr/local/bin/sonic-cfggen -d -y /etc/sonic/sonic_version.yml -t /usr/share/sonic/templates/sonic-environment.j2,/etc/sonic/sonic-environment
Restarting SONiC target ...
Enabling container and routeCheck monitoring ...
Reloading Monit configuration ...
Reinitializing monit daemon
Released lock on /etc/sonic/reload.lock
admin@Leaf-L3:~$ docker ps -a
CONTAINER ID   IMAGE                                COMMAND                  CREATED          STATUS                      PORTS     NAMES
f19367ad601b   docker-gbsyncd-vs:latest             "/usr/local/bin/supe…"   4 seconds ago    Created                               gbsyncd
35c598754eae   docker-fpm-frr:latest                "/usr/bin/docker_ini…"   10 seconds ago   Up 3 seconds                          bgp
84f8cbe638ba   docker-router-advertiser:latest      "/usr/bin/docker-ini…"   13 seconds ago   Up 4 seconds                          radv
d5b1142bdc9a   docker-syncd-vs:latest               "/usr/local/bin/supe…"   23 seconds ago   Up 20 seconds                         syncd
3b8555a07279   docker-teamd:latest                  "/usr/local/bin/supe…"   24 seconds ago   Up 19 seconds                         teamd
c3cec66e5739   docker-sysmgr:latest                 "/usr/local/bin/supe…"   25 seconds ago   Up 21 seconds                         sysmgr
28b67bcec8a4   docker-orchagent:latest              "/usr/bin/docker-ini…"   33 seconds ago   Up 31 seconds                         swss
985ec0864345   docker-snmp:latest                   "/usr/bin/docker-snm…"   15 minutes ago   Exited (0) 49 seconds ago             snmp
9291f5cdf96d   docker-sonic-mgmt-framework:latest   "/usr/local/bin/supe…"   15 minutes ago   Exited (0) 57 seconds ago             mgmt-framework
898179401baf   docker-lldp:latest                   "/usr/bin/docker-lld…"   15 minutes ago   Exited (0) 55 seconds ago             lldp
8c6f98c59222   docker-sonic-gnmi:latest             "/usr/local/bin/supe…"   17 minutes ago   Exited (0) 56 seconds ago             gnmi
d0172b055324   docker-eventd:latest                 "/usr/local/bin/supe…"   18 minutes ago   Exited (0) 56 seconds ago             eventd
90ab0908af1d   docker-platform-monitor:latest       "/usr/bin/docker_ini…"   18 minutes ago   Exited (0) 57 seconds ago             pmon
e80c4d4e2e0e   docker-database:latest               "/usr/local/bin/dock…"   18 minutes ago   Up 18 minutes                         database
admin@Leaf-L3:~$ docker ps -a
CONTAINER ID   IMAGE                                COMMAND                  CREATED          STATUS                          PORTS     NAMES
a06baab3cf31   docker-eventd:latest                 "/usr/local/bin/supe…"   19 seconds ago   Up 14 seconds                             eventd
f19367ad601b   docker-gbsyncd-vs:latest             "/usr/local/bin/supe…"   24 seconds ago   Up 19 seconds                             gbsyncd
35c598754eae   docker-fpm-frr:latest                "/usr/bin/docker_ini…"   30 seconds ago   Up 23 seconds                             bgp
84f8cbe638ba   docker-router-advertiser:latest      "/usr/bin/docker-ini…"   33 seconds ago   Up 25 seconds                             radv
d5b1142bdc9a   docker-syncd-vs:latest               "/usr/local/bin/supe…"   43 seconds ago   Up 40 seconds                             syncd
3b8555a07279   docker-teamd:latest                  "/usr/local/bin/supe…"   44 seconds ago   Up 40 seconds                             teamd
c3cec66e5739   docker-sysmgr:latest                 "/usr/local/bin/supe…"   45 seconds ago   Up 41 seconds                             sysmgr
28b67bcec8a4   docker-orchagent:latest              "/usr/bin/docker-ini…"   53 seconds ago   Up 51 seconds                             swss
985ec0864345   docker-snmp:latest                   "/usr/bin/docker-snm…"   16 minutes ago   Exited (0) About a minute ago             snmp
9291f5cdf96d   docker-sonic-mgmt-framework:latest   "/usr/local/bin/supe…"   16 minutes ago   Exited (0) About a minute ago             mgmt-framework
898179401baf   docker-lldp:latest                   "/usr/bin/docker-lld…"   16 minutes ago   Exited (0) About a minute ago             lldp
8c6f98c59222   docker-sonic-gnmi:latest             "/usr/local/bin/supe…"   17 minutes ago   Exited (0) About a minute ago             gnmi
90ab0908af1d   docker-platform-monitor:latest       "/usr/bin/docker_ini…"   18 minutes ago   Exited (0) About a minute ago             pmon
e80c4d4e2e0e   docker-database:latest               "/usr/local/bin/dock…"   19 minutes ago   Up 18 minutes                             database
admin@Leaf-L3:~$ show interfaces status
  Interface            Lanes    Speed    MTU    FEC         Alias    Vlan    Oper    Admin    Type    Asym PFC
-----------  ---------------  -------  -----  -----  ------------  ------  ------  -------  ------  ----------
  Ethernet0  125,126,127,128      40G   9100    N/A   Ethernet1/1  routed      up       up     N/A         N/A
  Ethernet4  121,122,123,124      40G   9100    N/A   Ethernet2/1  routed      up       up     N/A         N/A
  Ethernet8      13,14,15,16      40G   9100    N/A   Ethernet3/1  routed      up       up     N/A         N/A
 Ethernet12       9,10,11,12      40G   9100    N/A   Ethernet4/1  routed      up       up     N/A         N/A
 Ethernet16      17,18,19,20      40G   9100    N/A   Ethernet5/1  routed      up       up     N/A         N/A
 Ethernet20      21,22,23,24      40G   9100    N/A   Ethernet6/1  routed    down       up     N/A         N/A
 Ethernet24      25,26,27,28      40G   9100    N/A   Ethernet7/1  routed    down       up     N/A         N/A
 Ethernet28      29,30,31,32      40G   9100    N/A   Ethernet8/1  routed    down       up     N/A         N/A
 Ethernet32      37,38,39,40      40G   9100    N/A   Ethernet9/1  routed    down       up     N/A         N/A
 Ethernet36      33,34,35,36      40G   9100    N/A  Ethernet10/1  routed    down       up     N/A         N/A
 Ethernet40      45,46,47,48      40G   9100    N/A  Ethernet11/1  routed    down       up     N/A         N/A
 Ethernet44      41,42,43,44      40G   9100    N/A  Ethernet12/1  routed    down       up     N/A         N/A
 Ethernet48      53,54,55,56      40G   9100    N/A  Ethernet13/1  routed    down       up     N/A         N/A
 Ethernet52      49,50,51,52      40G   9100    N/A  Ethernet14/1  routed    down       up     N/A         N/A
 Ethernet56      69,70,71,72      40G   9100    N/A  Ethernet15/1  routed    down       up     N/A         N/A
 Ethernet60      65,66,67,68      40G   9100    N/A  Ethernet16/1  routed    down       up     N/A         N/A
 Ethernet64      77,78,79,80      40G   9100    N/A  Ethernet17/1  routed    down       up     N/A         N/A
 Ethernet68      73,74,75,76      40G   9100    N/A  Ethernet18/1  routed    down       up     N/A         N/A
 Ethernet72      93,94,95,96      40G   9100    N/A  Ethernet19/1  routed    down       up     N/A         N/A
 Ethernet76      89,90,91,92      40G   9100    N/A  Ethernet20/1  routed    down       up     N/A         N/A
 Ethernet80  101,102,103,104      40G   9100    N/A  Ethernet21/1  routed    down       up     N/A         N/A
 Ethernet84     97,98,99,100      40G   9100    N/A  Ethernet22/1  routed    down       up     N/A         N/A
 Ethernet88  109,110,111,112      40G   9100    N/A  Ethernet23/1  routed    down       up     N/A         N/A
 Ethernet92  105,106,107,108      40G   9100    N/A  Ethernet24/1  routed    down       up     N/A         N/A
 Ethernet96      61,62,63,64      40G   9100    N/A    Ethernet25  routed    down       up     N/A         N/A
Ethernet100      57,58,59,60      40G   9100    N/A    Ethernet26  routed    down       up     N/A         N/A
Ethernet104      81,82,83,84      40G   9100    N/A    Ethernet27  routed    down       up     N/A         N/A
Ethernet108      85,86,87,88      40G   9100    N/A    Ethernet28  routed    down       up     N/A         N/A
Ethernet112  117,118,119,120      40G   9100    N/A    Ethernet29  routed    down       up     N/A         N/A
Ethernet116  113,114,115,116      40G   9100    N/A    Ethernet30  routed    down       up     N/A         N/A
Ethernet120          5,6,7,8      40G   9100    N/A    Ethernet31  routed    down       up     N/A         N/A
Ethernet124          1,2,3,4      40G   9100    N/A    Ethernet32  routed    down       up     N/A         N/A
admin@Leaf-L3:~$ cat /etc/sonic/config_db.json
{
    "DEVICE_METADATA": {
        "localhost": {
            "hwsku": "Arista-7050-QX32",
            "platform": "x86_64-kvm_x86_64-r0",
            "mac": "22:ef:75:77:d8:fc",
            "hostname": "sonic",
            "type": "LeafRouter",
            "bgp_asn": "65100"
        }
    },
    "PORT": {
        "Ethernet0": {
            "lanes": "125,126,127,128",
            "alias": "Ethernet1/1",
            "index": "1",
            "speed": "40000",
            "admin_status": "up",
            "mtu": "9100"
        },
        "Ethernet4": {
            "lanes": "121,122,123,124",
            "alias": "Ethernet2/1",
            "index": "2",
            "speed": "40000",
            "admin_status": "up",
            "mtu": "9100"
        },
        "Ethernet8": {
            "lanes": "13,14,15,16",
            "alias": "Ethernet3/1",
            "index": "3",
            "speed": "40000",
            "admin_status": "up",
            "mtu": "9100"
        },
        "Ethernet12": {
            "lanes": "9,10,11,12",
            "alias": "Ethernet4/1",
            "index": "4",
            "speed": "40000",
            "admin_status": "up",
            "mtu": "9100"
        },
        "Ethernet16": {
            "lanes": "17,18,19,20",
            "alias": "Ethernet5/1",
            "index": "5",
            "speed": "40000",
            "admin_status": "up",
            "mtu": "9100"
        },
        "Ethernet20": {
            "lanes": "21,22,23,24",
            "alias": "Ethernet6/1",
            "index": "6",
            "speed": "40000",
            "admin_status": "up",
            "mtu": "9100"
        },
        "Ethernet24": {
            "lanes": "25,26,27,28",
            "alias": "Ethernet7/1",
            "index": "7",
            "speed": "40000",
            "admin_status": "up",
            "mtu": "9100"
        },
        "Ethernet28": {
            "lanes": "29,30,31,32",
            "alias": "Ethernet8/1",
            "index": "8",
            "speed": "40000",
            "admin_status": "up",
            "mtu": "9100"
        },
        "Ethernet32": {
            "lanes": "37,38,39,40",
            "alias": "Ethernet9/1",
            "index": "9",
            "speed": "40000",
            "admin_status": "up",
            "mtu": "9100"
        },
        "Ethernet36": {
            "lanes": "33,34,35,36",
            "alias": "Ethernet10/1",
            "index": "10",
            "speed": "40000",
            "admin_status": "up",
            "mtu": "9100"
        },
        "Ethernet40": {
            "lanes": "45,46,47,48",
            "alias": "Ethernet11/1",
            "index": "11",
            "speed": "40000",
            "admin_status": "up",
            "mtu": "9100"
        },
        "Ethernet44": {
            "lanes": "41,42,43,44",
            "alias": "Ethernet12/1",
            "index": "12",
            "speed": "40000",
            "admin_status": "up",
            "mtu": "9100"
        },
        "Ethernet48": {
            "lanes": "53,54,55,56",
            "alias": "Ethernet13/1",
            "index": "13",
            "speed": "40000",
            "admin_status": "up",
            "mtu": "9100"
        },
        "Ethernet52": {
            "lanes": "49,50,51,52",
            "alias": "Ethernet14/1",
            "index": "14",
            "speed": "40000",
            "admin_status": "up",
            "mtu": "9100"
        },
        "Ethernet56": {
            "lanes": "69,70,71,72",
            "alias": "Ethernet15/1",
            "index": "15",
            "speed": "40000",
            "admin_status": "up",
            "mtu": "9100"
        },
        "Ethernet60": {
            "lanes": "65,66,67,68",
            "alias": "Ethernet16/1",
            "index": "16",
            "speed": "40000",
            "admin_status": "up",
            "mtu": "9100"
        },
        "Ethernet64": {
            "lanes": "77,78,79,80",
            "alias": "Ethernet17/1",
            "index": "17",
            "speed": "40000",
            "admin_status": "up",
            "mtu": "9100"
        },
        "Ethernet68": {
            "lanes": "73,74,75,76",
            "alias": "Ethernet18/1",
            "index": "18",
            "speed": "40000",
            "admin_status": "up",
            "mtu": "9100"
        },
        "Ethernet72": {
            "lanes": "93,94,95,96",
            "alias": "Ethernet19/1",
            "index": "19",
            "speed": "40000",
            "admin_status": "up",
            "mtu": "9100"
        },
        "Ethernet76": {
            "lanes": "89,90,91,92",
            "alias": "Ethernet20/1",
            "index": "20",
            "speed": "40000",
            "admin_status": "up",
            "mtu": "9100"
        },
        "Ethernet80": {
            "lanes": "101,102,103,104",
            "alias": "Ethernet21/1",
            "index": "21",
            "speed": "40000",
            "admin_status": "up",
            "mtu": "9100"
        },
        "Ethernet84": {
            "lanes": "97,98,99,100",
            "alias": "Ethernet22/1",
            "index": "22",
            "speed": "40000",
            "admin_status": "up",
            "mtu": "9100"
        },
        "Ethernet88": {
            "lanes": "109,110,111,112",
            "alias": "Ethernet23/1",
            "index": "23",
            "speed": "40000",
            "admin_status": "up",
            "mtu": "9100"
        },
        "Ethernet92": {
            "lanes": "105,106,107,108",
            "alias": "Ethernet24/1",
            "index": "24",
            "speed": "40000",
            "admin_status": "up",
            "mtu": "9100"
        },
        "Ethernet96": {
            "lanes": "61,62,63,64",
            "alias": "Ethernet25",
            "index": "25",
            "speed": "40000",
            "admin_status": "up",
            "mtu": "9100"
        },
        "Ethernet100": {
            "lanes": "57,58,59,60",
            "alias": "Ethernet26",
            "index": "26",
            "speed": "40000",
            "admin_status": "up",
            "mtu": "9100"
        },
        "Ethernet104": {
            "lanes": "81,82,83,84",
            "alias": "Ethernet27",
            "index": "27",
            "speed": "40000",
            "admin_status": "up",
            "mtu": "9100"
        },
        "Ethernet108": {
            "lanes": "85,86,87,88",
            "alias": "Ethernet28",
            "index": "28",
            "speed": "40000",
            "admin_status": "up",
            "mtu": "9100"
        },
        "Ethernet112": {
            "lanes": "117,118,119,120",
            "alias": "Ethernet29",
            "index": "29",
            "speed": "40000",
            "admin_status": "up",
            "mtu": "9100"
        },
        "Ethernet116": {
            "lanes": "113,114,115,116",
            "alias": "Ethernet30",
            "index": "30",
            "speed": "40000",
            "admin_status": "up",
            "mtu": "9100"
        },
        "Ethernet120": {
            "lanes": "5,6,7,8",
            "alias": "Ethernet31",
            "index": "31",
            "speed": "40000",
            "admin_status": "up",
            "mtu": "9100"
        },
        "Ethernet124": {
            "lanes": "1,2,3,4",
            "alias": "Ethernet32",
            "index": "32",
            "speed": "40000",
            "admin_status": "up",
            "mtu": "9100"
        }
    },
    "FLEX_COUNTER_TABLE": {
        "ACL": {
            "FLEX_COUNTER_STATUS": "disable",
            "POLL_INTERVAL": "10000"
        }
    },
    "LOOPBACK_INTERFACE": {
        "Loopback0": {},
        "Loopback0|10.1.0.1/32": {}
    },
    "BGP_NEIGHBOR": {
        "10.0.0.1": {
            "rrclient": 0,
            "name": "ARISTA01T2",
            "local_addr": "10.0.0.0",
            "nhopself": 0,
            "holdtime": "180",
            "asn": "65200",
            "keepalive": "60"
        },
        "10.0.0.3": {
            "rrclient": 0,
            "name": "ARISTA02T2",
            "local_addr": "10.0.0.2",
            "nhopself": 0,
            "holdtime": "180",
            "asn": "65200",
            "keepalive": "60"
        },
        "10.0.0.5": {
            "rrclient": 0,
            "name": "ARISTA03T2",
            "local_addr": "10.0.0.4",
            "nhopself": 0,
            "holdtime": "180",
            "asn": "65200",
            "keepalive": "60"
        },
        "10.0.0.7": {
            "rrclient": 0,
            "name": "ARISTA04T2",
            "local_addr": "10.0.0.6",
            "nhopself": 0,
            "holdtime": "180",
            "asn": "65200",
            "keepalive": "60"
        },
        "10.0.0.9": {
            "rrclient": 0,
            "name": "ARISTA05T2",
            "local_addr": "10.0.0.8",
            "nhopself": 0,
            "holdtime": "180",
            "asn": "65200",
            "keepalive": "60"
        },
        "10.0.0.11": {
            "rrclient": 0,
            "name": "ARISTA06T2",
            "local_addr": "10.0.0.10",
            "nhopself": 0,
            "holdtime": "180",
            "asn": "65200",
            "keepalive": "60"
        },
        "10.0.0.13": {
            "rrclient": 0,
            "name": "ARISTA07T2",
            "local_addr": "10.0.0.12",
            "nhopself": 0,
            "holdtime": "180",
            "asn": "65200",
            "keepalive": "60"
        },
        "10.0.0.15": {
            "rrclient": 0,
            "name": "ARISTA08T2",
            "local_addr": "10.0.0.14",
            "nhopself": 0,
            "holdtime": "180",
            "asn": "65200",
            "keepalive": "60"
        },
        "10.0.0.17": {
            "rrclient": 0,
            "name": "ARISTA09T2",
            "local_addr": "10.0.0.16",
            "nhopself": 0,
            "holdtime": "180",
            "asn": "65200",
            "keepalive": "60"
        },
        "10.0.0.19": {
            "rrclient": 0,
            "name": "ARISTA10T2",
            "local_addr": "10.0.0.18",
            "nhopself": 0,
            "holdtime": "180",
            "asn": "65200",
            "keepalive": "60"
        },
        "10.0.0.21": {
            "rrclient": 0,
            "name": "ARISTA11T2",
            "local_addr": "10.0.0.20",
            "nhopself": 0,
            "holdtime": "180",
            "asn": "65200",
            "keepalive": "60"
        },
        "10.0.0.23": {
            "rrclient": 0,
            "name": "ARISTA12T2",
            "local_addr": "10.0.0.22",
            "nhopself": 0,
            "holdtime": "180",
            "asn": "65200",
            "keepalive": "60"
        },
        "10.0.0.25": {
            "rrclient": 0,
            "name": "ARISTA13T2",
            "local_addr": "10.0.0.24",
            "nhopself": 0,
            "holdtime": "180",
            "asn": "65200",
            "keepalive": "60"
        },
        "10.0.0.27": {
            "rrclient": 0,
            "name": "ARISTA14T2",
            "local_addr": "10.0.0.26",
            "nhopself": 0,
            "holdtime": "180",
            "asn": "65200",
            "keepalive": "60"
        },
        "10.0.0.29": {
            "rrclient": 0,
            "name": "ARISTA15T2",
            "local_addr": "10.0.0.28",
            "nhopself": 0,
            "holdtime": "180",
            "asn": "65200",
            "keepalive": "60"
        },
        "10.0.0.31": {
            "rrclient": 0,
            "name": "ARISTA16T2",
            "local_addr": "10.0.0.30",
            "nhopself": 0,
            "holdtime": "180",
            "asn": "65200",
            "keepalive": "60"
        },
        "10.0.0.33": {
            "rrclient": 0,
            "name": "ARISTA01T0",
            "local_addr": "10.0.0.32",
            "nhopself": 0,
            "holdtime": "180",
            "asn": "64001",
            "keepalive": "60"
        },
        "10.0.0.35": {
            "rrclient": 0,
            "name": "ARISTA02T0",
            "local_addr": "10.0.0.34",
            "nhopself": 0,
            "holdtime": "180",
            "asn": "64002",
            "keepalive": "60"
        },
        "10.0.0.37": {
            "rrclient": 0,
            "name": "ARISTA03T0",
            "local_addr": "10.0.0.36",
            "nhopself": 0,
            "holdtime": "180",
            "asn": "64003",
            "keepalive": "60"
        },
        "10.0.0.39": {
            "rrclient": 0,
            "name": "ARISTA04T0",
            "local_addr": "10.0.0.38",
            "nhopself": 0,
            "holdtime": "180",
            "asn": "64004",
            "keepalive": "60"
        },
        "10.0.0.41": {
            "rrclient": 0,
            "name": "ARISTA05T0",
            "local_addr": "10.0.0.40",
            "nhopself": 0,
            "holdtime": "180",
            "asn": "64005",
            "keepalive": "60"
        },
        "10.0.0.43": {
            "rrclient": 0,
            "name": "ARISTA06T0",
            "local_addr": "10.0.0.42",
            "nhopself": 0,
            "holdtime": "180",
            "asn": "64006",
            "keepalive": "60"
        },
        "10.0.0.45": {
            "rrclient": 0,
            "name": "ARISTA07T0",
            "local_addr": "10.0.0.44",
            "nhopself": 0,
            "holdtime": "180",
            "asn": "64007",
            "keepalive": "60"
        },
        "10.0.0.47": {
            "rrclient": 0,
            "name": "ARISTA08T0",
            "local_addr": "10.0.0.46",
            "nhopself": 0,
            "holdtime": "180",
            "asn": "64008",
            "keepalive": "60"
        },
        "10.0.0.49": {
            "rrclient": 0,
            "name": "ARISTA09T0",
            "local_addr": "10.0.0.48",
            "nhopself": 0,
            "holdtime": "180",
            "asn": "64009",
            "keepalive": "60"
        },
        "10.0.0.51": {
            "rrclient": 0,
            "name": "ARISTA10T0",
            "local_addr": "10.0.0.50",
            "nhopself": 0,
            "holdtime": "180",
            "asn": "64010",
            "keepalive": "60"
        },
        "10.0.0.53": {
            "rrclient": 0,
            "name": "ARISTA11T0",
            "local_addr": "10.0.0.52",
            "nhopself": 0,
            "holdtime": "180",
            "asn": "64011",
            "keepalive": "60"
        },
        "10.0.0.55": {
            "rrclient": 0,
            "name": "ARISTA12T0",
            "local_addr": "10.0.0.54",
            "nhopself": 0,
            "holdtime": "180",
            "asn": "64012",
            "keepalive": "60"
        },
        "10.0.0.57": {
            "rrclient": 0,
            "name": "ARISTA13T0",
            "local_addr": "10.0.0.56",
            "nhopself": 0,
            "holdtime": "180",
            "asn": "64013",
            "keepalive": "60"
        },
        "10.0.0.59": {
            "rrclient": 0,
            "name": "ARISTA14T0",
            "local_addr": "10.0.0.58",
            "nhopself": 0,
            "holdtime": "180",
            "asn": "64014",
            "keepalive": "60"
        },
        "10.0.0.61": {
            "rrclient": 0,
            "name": "ARISTA15T0",
            "local_addr": "10.0.0.60",
            "nhopself": 0,
            "holdtime": "180",
            "asn": "64015",
            "keepalive": "60"
        },
        "10.0.0.63": {
            "rrclient": 0,
            "name": "ARISTA16T0",
            "local_addr": "10.0.0.62",
            "nhopself": 0,
            "holdtime": "180",
            "asn": "64016",
            "keepalive": "60"
        }
    },
    "DEVICE_NEIGHBOR": {},
    "INTERFACE": {
        "Ethernet0": {},
        "Ethernet0|10.0.0.0/31": {},
        "Ethernet4": {},
        "Ethernet4|10.0.0.2/31": {},
        "Ethernet8": {},
        "Ethernet8|10.0.0.4/31": {},
        "Ethernet12": {},
        "Ethernet12|10.0.0.6/31": {},
        "Ethernet16": {},
        "Ethernet16|10.0.0.8/31": {},
        "Ethernet20": {},
        "Ethernet20|10.0.0.10/31": {},
        "Ethernet24": {},
        "Ethernet24|10.0.0.12/31": {},
        "Ethernet28": {},
        "Ethernet28|10.0.0.14/31": {},
        "Ethernet32": {},
        "Ethernet32|10.0.0.16/31": {},
        "Ethernet36": {},
        "Ethernet36|10.0.0.18/31": {},
        "Ethernet40": {},
        "Ethernet40|10.0.0.20/31": {},
        "Ethernet44": {},
        "Ethernet44|10.0.0.22/31": {},
        "Ethernet48": {},
        "Ethernet48|10.0.0.24/31": {},
        "Ethernet52": {},
        "Ethernet52|10.0.0.26/31": {},
        "Ethernet56": {},
        "Ethernet56|10.0.0.28/31": {},
        "Ethernet60": {},
        "Ethernet60|10.0.0.30/31": {},
        "Ethernet64": {},
        "Ethernet64|10.0.0.32/31": {},
        "Ethernet68": {},
        "Ethernet68|10.0.0.34/31": {},
        "Ethernet72": {},
        "Ethernet72|10.0.0.36/31": {},
        "Ethernet76": {},
        "Ethernet76|10.0.0.38/31": {},
        "Ethernet80": {},
        "Ethernet80|10.0.0.40/31": {},
        "Ethernet84": {},
        "Ethernet84|10.0.0.42/31": {},
        "Ethernet88": {},
        "Ethernet88|10.0.0.44/31": {},
        "Ethernet92": {},
        "Ethernet92|10.0.0.46/31": {},
        "Ethernet96": {},
        "Ethernet96|10.0.0.48/31": {},
        "Ethernet100": {},
        "Ethernet100|10.0.0.50/31": {},
        "Ethernet104": {},
        "Ethernet104|10.0.0.52/31": {},
        "Ethernet108": {},
        "Ethernet108|10.0.0.54/31": {},
        "Ethernet112": {},
        "Ethernet112|10.0.0.56/31": {},
        "Ethernet116": {},
        "Ethernet116|10.0.0.58/31": {},
        "Ethernet120": {},
        "Ethernet120|10.0.0.60/31": {},
        "Ethernet124": {},
        "Ethernet124|10.0.0.62/31": {}
    }
}
admin@Leaf-L3:~$ cat /etc/sonic/init_cfg.json
{
    "DEVICE_METADATA": {
        "localhost": {
            "buffer_model": "traditional",
            "default_bgp_status": "up",
            "default_pfcwd_status": "disable",
            "timezone": "UTC"
        }
    },
    "CRM": {
        "Config": {
            "polling_interval": "300",
            "ipv4_route_threshold_type": "percentage",
            "ipv4_route_low_threshold": "70",
            "ipv4_route_high_threshold": "85",
            "ipv6_route_threshold_type": "percentage",
            "ipv6_route_low_threshold": "70",
            "ipv6_route_high_threshold": "85",
            "ipv4_nexthop_threshold_type": "percentage",
            "ipv4_nexthop_low_threshold": "70",
            "ipv4_nexthop_high_threshold": "85",
            "ipv6_nexthop_threshold_type": "percentage",
            "ipv6_nexthop_low_threshold": "70",
            "ipv6_nexthop_high_threshold": "85",
            "ipv4_neighbor_threshold_type": "percentage",
            "ipv4_neighbor_low_threshold": "70",
            "ipv4_neighbor_high_threshold": "85",
            "ipv6_neighbor_threshold_type": "percentage",
            "ipv6_neighbor_low_threshold": "70",
            "ipv6_neighbor_high_threshold": "85",
            "nexthop_group_member_threshold_type": "percentage",
            "nexthop_group_member_low_threshold": "70",
            "nexthop_group_member_high_threshold": "85",
            "nexthop_group_threshold_type": "percentage",
            "nexthop_group_low_threshold": "70",
            "nexthop_group_high_threshold": "85",
            "acl_table_threshold_type": "percentage",
            "acl_table_low_threshold": "70",
            "acl_table_high_threshold": "85",
            "acl_group_threshold_type": "percentage",
            "acl_group_low_threshold": "70",
            "acl_group_high_threshold": "85",
            "acl_entry_threshold_type": "percentage",
            "acl_entry_low_threshold": "70",
            "acl_entry_high_threshold": "85",
            "acl_counter_threshold_type": "percentage",
            "acl_counter_low_threshold": "70",
            "acl_counter_high_threshold": "85",
            "fdb_entry_threshold_type": "percentage",
            "fdb_entry_low_threshold": "70",
            "fdb_entry_high_threshold": "85",
            "snat_entry_threshold_type": "percentage",
            "snat_entry_low_threshold": "70",
            "snat_entry_high_threshold": "85",
            "dnat_entry_threshold_type": "percentage",
            "dnat_entry_low_threshold": "70",
            "dnat_entry_high_threshold": "85",
            "ipmc_entry_threshold_type": "percentage",
            "ipmc_entry_low_threshold": "70",
            "ipmc_entry_high_threshold": "85",
            "mpls_inseg_threshold_type": "percentage",
            "mpls_inseg_low_threshold": "70",
            "mpls_inseg_high_threshold": "85",
            "mpls_nexthop_threshold_type": "percentage",
            "mpls_nexthop_low_threshold": "70",
            "mpls_nexthop_high_threshold": "85"
        }
    },
    "FLEX_COUNTER_TABLE": {
        "ACL": {
            "FLEX_COUNTER_STATUS": "enable",
            "POLL_INTERVAL": "10000"
        },
        "PORT": {
            "FLEX_COUNTER_STATUS": "enable"
        },
        "PORT_PHY_ATTR": {
            "FLEX_COUNTER_STATUS": "enable"
        },
        "RIF": {
            "FLEX_COUNTER_STATUS": "enable"
        },
        "QUEUE": {
            "FLEX_COUNTER_STATUS": "enable"
        },
        "PFCWD": {
            "FLEX_COUNTER_STATUS": "enable"
        },
        "PG_WATERMARK": {
            "FLEX_COUNTER_STATUS": "enable"
        },
        "PG_DROP": {
            "FLEX_COUNTER_STATUS": "enable"
        },
        "QUEUE_WATERMARK": {
            "FLEX_COUNTER_STATUS": "enable"
        },
        "BUFFER_POOL_WATERMARK": {
            "FLEX_COUNTER_STATUS": "enable"
        },
        "PORT_BUFFER_DROP": {
            "FLEX_COUNTER_STATUS": "enable"
        }
    },
    "BGP_DEVICE_GLOBAL": {
        "STATE": {
            "tsa_enabled": "false",
            "wcmp_enabled": "false",
            "idf_isolation_state": "unisolated"
        }
    },
    "FEATURE": {
        "bgp": {
            "state": "{% if not DEVICE_RUNTIME_METADATA['ETHERNET_PORTS_PRESENT'] or ('CHASSIS_METADATA' in DEVICE_RUNTIME_METADATA and DEVICE_RUNTIME_METADATA['CHASSIS_METADATA']['module_type'] in ['supervisor']) %}disabled{% else %}enabled{% endif %}",
            "delayed": "False",
            "has_global_scope": false,
            "has_per_asic_scope": "True",
            "auto_restart": "enabled",
            "support_syslog_rate_limit": "true",
            "check_up_status": "false",
            "high_mem_alert": "disabled"
        },
        "database": {
            "state": "always_enabled",
            "delayed": "False",
            "has_global_scope": true,
            "has_per_asic_scope": "True",
            "auto_restart": "always_enabled",
            "support_syslog_rate_limit": "true",
            "high_mem_alert": "disabled"
        },
        "pmon": {
            "state": "enabled",
            "delayed": "{% if 'type' in DEVICE_METADATA['localhost'] and DEVICE_METADATA['localhost']['type'] == 'SpineRouter' %}False{% else %}True{% endif %}",
            "has_global_scope": true,
            "has_per_asic_scope": "False",
            "auto_restart": "enabled",
            "support_syslog_rate_limit": "true",
            "check_up_status": "false",
            "high_mem_alert": "disabled"
        },
        "swss": {
            "state": "enabled",
            "delayed": "False",
            "has_global_scope": false,
            "has_per_asic_scope": "True",
            "auto_restart": "enabled",
            "support_syslog_rate_limit": "true",
            "check_up_status": "false",
            "high_mem_alert": "disabled"
        },
        "syncd": {
            "state": "enabled",
            "delayed": "False",
            "has_global_scope": false,
            "has_per_asic_scope": "True",
            "auto_restart": "enabled",
            "support_syslog_rate_limit": "true",
            "high_mem_alert": "disabled"
        },
        "radv": {
            "state": "enabled",
            "delayed": "False",
            "has_global_scope": true,
            "has_per_asic_scope": "False",
            "auto_restart": "enabled",
            "support_syslog_rate_limit": "true",
            "high_mem_alert": "disabled"
        },
        "lldp": {
            "state": "enabled",
            "delayed": "True",
            "has_global_scope": "{% if ('CHASSIS_METADATA' in DEVICE_RUNTIME_METADATA and DEVICE_RUNTIME_METADATA['CHASSIS_METADATA']['module_type'] in ['linecard']) %}False{% else %}True{% endif %}",
            "has_per_asic_scope": "{% if not DEVICE_RUNTIME_METADATA['ETHERNET_PORTS_PRESENT'] or ('CHASSIS_METADATA' in DEVICE_RUNTIME_METADATA and DEVICE_RUNTIME_METADATA['CHASSIS_METADATA']['module_type'] in ['supervisor']) %}False{% else %}True{% endif %}",
            "auto_restart": "enabled",
            "support_syslog_rate_limit": "true",
            "high_mem_alert": "disabled"
        },
        "snmp": {
            "state": "enabled",
            "delayed": "True",
            "has_global_scope": true,
            "has_per_asic_scope": "False",
            "auto_restart": "enabled",
            "support_syslog_rate_limit": "true",
            "high_mem_alert": "disabled"
        },
        "teamd": {
            "state": "{% if not DEVICE_RUNTIME_METADATA['ETHERNET_PORTS_PRESENT'] %}disabled{% else %}enabled{% endif %}",
            "delayed": "False",
            "has_global_scope": false,
            "has_per_asic_scope": "True",
            "auto_restart": "enabled",
            "support_syslog_rate_limit": "true",
            "high_mem_alert": "disabled"
        },
        "dhcp_relay": {
            "state": "{% if not (DEVICE_METADATA is defined and DEVICE_METADATA['localhost'] is defined and DEVICE_METADATA['localhost']['type'] is defined and DEVICE_METADATA['localhost']['type'] is not in ['ToRRouter', 'EPMS', 'MgmtTsToR', 'MgmtToRRouter', 'BmcMgmtToRRouter']) %}enabled{% else %}disabled{% endif %}",
            "auto_restart": "enabled",
            "high_mem_alert": "disabled",
            "set_owner": "local",
            "delayed": "False",
            "has_global_scope": "True",
            "has_per_asic_scope": "False",
            "support_syslog_rate_limit": "True",
            "check_up_status": "False"
        },
        "gbsyncd": {
            "state": "enabled",
            "delayed": "False",
            "has_global_scope": false,
            "has_per_asic_scope": "True",
            "auto_restart": "enabled",
            "support_syslog_rate_limit": "true",
            "high_mem_alert": "disabled"
        },
        "mgmt-framework": {
            "state": "enabled",
            "delayed": "True",
            "has_global_scope": true,
            "has_per_asic_scope": "False",
            "auto_restart": "enabled",
            "support_syslog_rate_limit": "true",
            "high_mem_alert": "disabled"
        },
        "mux": {
            "state": "{% if 'subtype' in DEVICE_METADATA['localhost'] and DEVICE_METADATA['localhost']['subtype'] == 'DualToR' %}enabled{% else %}always_disabled{% endif %}",
            "delayed": "False",
            "has_global_scope": true,
            "has_per_asic_scope": "False",
            "auto_restart": "enabled",
            "support_syslog_rate_limit": "true",
            "high_mem_alert": "disabled"
        },
        "nat": {
            "state": "disabled",
            "delayed": "False",
            "has_global_scope": true,
            "has_per_asic_scope": "False",
            "auto_restart": "enabled",
            "support_syslog_rate_limit": "true",
            "high_mem_alert": "disabled"
        },
        "sflow": {
            "state": "disabled",
            "delayed": "True",
            "has_global_scope": true,
            "has_per_asic_scope": "False",
            "auto_restart": "enabled",
            "support_syslog_rate_limit": "true",
            "high_mem_alert": "disabled"
        },
        "macsec": {
            "state": "{% if 'type' in DEVICE_METADATA['localhost'] and DEVICE_METADATA['localhost']['type'] in ['SpineRouter', 'UpperSpineRouter', 'LowerRegionalHub'] and DEVICE_RUNTIME_METADATA['MACSEC_SUPPORTED'] %}enabled{% else %}disabled{% endif %}",
            "auto_restart": "enabled",
            "high_mem_alert": "disabled",
            "set_owner": "local",
            "delayed": "False",
            "has_global_scope": "False",
            "has_per_asic_scope": "True",
            "support_syslog_rate_limit": "True",
            "check_up_status": "False"
        },
        "gnmi": {
            "state": "enabled",
            "delayed": "True",
            "has_global_scope": true,
            "has_per_asic_scope": "False",
            "auto_restart": "enabled",
            "support_syslog_rate_limit": "true",
            "high_mem_alert": "disabled"
        },
        "otel": {
            "state": "disabled",
            "delayed": "False",
            "has_global_scope": true,
            "has_per_asic_scope": "False",
            "auto_restart": "enabled",
            "support_syslog_rate_limit": "true",
            "high_mem_alert": "disabled"
        },
        "eventd": {
            "state": "enabled",
            "delayed": "False",
            "has_global_scope": true,
            "has_per_asic_scope": "False",
            "auto_restart": "enabled",
            "support_syslog_rate_limit": "true",
            "high_mem_alert": "disabled"
        }
    },
    "AUTO_TECHSUPPORT": {
        "GLOBAL": {
            "state": "enabled",
            "rate_limit_interval": "180",
            "max_techsupport_limit": "10.0",
            "max_core_limit": "5.0",
            "available_mem_threshold": "10.0",
            "min_available_mem": "200",
            "since": "2 days ago"
        }
    },
    "AUTO_TECHSUPPORT_FEATURE": {
        "bgp": {
            "state": "enabled",
            "rate_limit_interval": "600",
            "available_mem_threshold": "10.0"
        },
        "database": {
            "state": "enabled",
            "rate_limit_interval": "600",
            "available_mem_threshold": "10.0"
        },
        "pmon": {
            "state": "enabled",
            "rate_limit_interval": "600",
            "available_mem_threshold": "10.0"
        },
        "swss": {
            "state": "enabled",
            "rate_limit_interval": "600",
            "available_mem_threshold": "10.0"
        },
        "syncd": {
            "state": "enabled",
            "rate_limit_interval": "600",
            "available_mem_threshold": "10.0"
        },
        "radv": {
            "state": "enabled",
            "rate_limit_interval": "600",
            "available_mem_threshold": "10.0"
        },
        "lldp": {
            "state": "enabled",
            "rate_limit_interval": "600",
            "available_mem_threshold": "10.0"
        },
        "snmp": {
            "state": "enabled",
            "rate_limit_interval": "600",
            "available_mem_threshold": "10.0"
        },
        "teamd": {
            "state": "enabled",
            "rate_limit_interval": "600",
            "available_mem_threshold": "10.0"
        },
        "dhcp_relay": {
            "state": "enabled",
            "rate_limit_interval": "600",
            "available_mem_threshold": "10.0"
        },
        "gbsyncd": {
            "state": "enabled",
            "rate_limit_interval": "600",
            "available_mem_threshold": "10.0"
        },
        "mgmt-framework": {
            "state": "enabled",
            "rate_limit_interval": "600",
            "available_mem_threshold": "10.0"
        },
        "mux": {
            "state": "enabled",
            "rate_limit_interval": "600",
            "available_mem_threshold": "10.0"
        },
        "nat": {
            "state": "enabled",
            "rate_limit_interval": "600",
            "available_mem_threshold": "10.0"
        },
        "sflow": {
            "state": "enabled",
            "rate_limit_interval": "600",
            "available_mem_threshold": "10.0"
        },
        "macsec": {
            "state": "enabled",
            "rate_limit_interval": "600",
            "available_mem_threshold": "10.0"
        },
        "gnmi": {
            "state": "enabled",
            "rate_limit_interval": "600",
            "available_mem_threshold": "10.0"
        },
        "otel": {
            "state": "enabled",
            "rate_limit_interval": "600",
            "available_mem_threshold": "10.0"
        },
        "eventd": {
            "state": "enabled",
            "rate_limit_interval": "600",
            "available_mem_threshold": "10.0"
        }
    },
    "SYSLOG_CONFIG": {
        "GLOBAL": {
            "rate_limit_interval": "0",
            "rate_limit_burst": "0"
        }
    },
    "SYSLOG_CONFIG_FEATURE": {
        "bgp": {
            "rate_limit_interval": "300",
            "rate_limit_burst": "20000"
        },
        "database": {
            "rate_limit_interval": "300",
            "rate_limit_burst": "20000"
        },
        "pmon": {
            "rate_limit_interval": "300",
            "rate_limit_burst": "20000"
        },
        "swss": {
            "rate_limit_interval": "300",
            "rate_limit_burst": "20000"
        },
        "syncd": {
            "rate_limit_interval": "300",
            "rate_limit_burst": "20000"
        },
        "radv": {
            "rate_limit_interval": "300",
            "rate_limit_burst": "20000"
        },
        "lldp": {
            "rate_limit_interval": "300",
            "rate_limit_burst": "20000"
        },
        "snmp": {
            "rate_limit_interval": "300",
            "rate_limit_burst": "20000"
        },
        "teamd": {
            "rate_limit_interval": "300",
            "rate_limit_burst": "20000"
        },
        "dhcp_relay": {
            "rate_limit_interval": "300",
            "rate_limit_burst": "20000"
        },
        "gbsyncd": {
            "rate_limit_interval": "300",
            "rate_limit_burst": "20000"
        },
        "mgmt-framework": {
            "rate_limit_interval": "300",
            "rate_limit_burst": "20000"
        },
        "mux": {
            "rate_limit_interval": "300",
            "rate_limit_burst": "20000"
        },
        "nat": {
            "rate_limit_interval": "300",
            "rate_limit_burst": "20000"
        },
        "sflow": {
            "rate_limit_interval": "300",
            "rate_limit_burst": "20000"
        },
        "macsec": {
            "rate_limit_interval": "300",
            "rate_limit_burst": "20000"
        },
        "gnmi": {
            "rate_limit_interval": "300",
            "rate_limit_burst": "20000"
        },
        "otel": {
            "rate_limit_interval": "300",
            "rate_limit_burst": "20000"
        },
        "eventd": {
            "rate_limit_interval": "300",
            "rate_limit_burst": "20000"
        }
    },
    "PASSW_HARDENING": {
        "POLICIES": {
            "state": "disabled",
            "expiration": "180",
            "expiration_warning": "15",
            "history_cnt": "10",
            "len_min": "8",
            "reject_user_passw_match": "true",
            "lower_class": "true",
            "upper_class": "true",
            "digits_class": "true",
            "special_class": "true"
        }
    },
    "BANNER_MESSAGE": {
        "global": {
            "state": "disabled",
            "login": "Debian GNU/Linux 11",
            "motd": "You are on\n  ____   ___  _   _ _  ____\n / ___| / _ \\| \\ | (_)/ ___|\n \\___ \\| | | |  \\| | | |\n  ___) | |_| | |\\  | | |___\n |____/ \\___/|_| \\_|_|\\____|\n\n-- Software for Open Networking in the Cloud --\n\nUnauthorized access and/or use are prohibited.\nAll access and/or use are subject to monitoring.\n\nHelp:    https://sonic-net.github.io/SONiC/\n\n",
            "logout": ""
        }
    },
    "SYSTEM_DEFAULTS": {
        "mux_tunnel_egress_acl": {
            "status": "disabled"
        }
    },
    "KDUMP": {
        "config": {
            "enabled": "false",
            "memory": "0M-2G:256M,2G-4G:320M,4G-8G:384M,8G-:448M",
            "num_dumps": "3"
        }
    },
    "NTP": {
        "global": {
            "authentication": "disabled",
            "dhcp": "enabled",
            "server_role": "disabled",
            "src_intf": "eth0",
            "admin_state": "enabled",
            "vrf": "default"
        }
    }
}admin@Leaf-L3:~$
