FAILED - RETRYING: [MonSrv]: Test actual peer reachability across the cluster subnet (3 retries left).
FAILED - RETRYING: [osh-comp-04]: Test actual peer reachability across the cluster subnet (2 retries left).
ok: [osh-comp-01] => (item=k8s-db-03)
ok: [osh-net-02] => (item=osh-comp-03)
ok: [osh-comp-03] => (item=k8s-db-02)
ok: [osh-net-02] => (item=osh-comp-04)
FAILED - RETRYING: [MonSrv]: Test actual peer reachability across the cluster subnet (2 retries left).
FAILED - RETRYING: [osh-comp-01]: Test actual peer reachability across the cluster subnet (6 retries left).
ok: [osh-comp-03] => (item=k8s-db-03)
FAILED - RETRYING: [osh-comp-04]: Test actual peer reachability across the cluster subnet (1 retries left).
FAILED - RETRYING: [osh-comp-03]: Test actual peer reachability across the cluster subnet (6 retries left).
FAILED - RETRYING: [MonSrv]: Test actual peer reachability across the cluster subnet (1 retries left).
FAILED - RETRYING: [osh-comp-01]: Test actual peer reachability across the cluster subnet (5 retries left).
ok: [osh-comp-04] => (item=k8s-master-03)
FAILED - RETRYING: [osh-comp-03]: Test actual peer reachability across the cluster subnet (5 retries left).
ok: [osh-comp-04] => (item=k8s-db-01)
ok: [osh-comp-04] => (item=k8s-db-02)
ok: [MonSrv] => (item=osh-comp-01)
FAILED - RETRYING: [osh-comp-04]: Test actual peer reachability across the cluster subnet (6 retries left).
FAILED - RETRYING: [osh-comp-01]: Test actual peer reachability across the cluster subnet (4 retries left).
FAILED - RETRYING: [MonSrv]: Test actual peer reachability across the cluster subnet (6 retries left).
FAILED - RETRYING: [osh-comp-03]: Test actual peer reachability across the cluster subnet (4 retries left).
FAILED - RETRYING: [osh-comp-04]: Test actual peer reachability across the cluster subnet (5 retries left).
FAILED - RETRYING: [osh-comp-01]: Test actual peer reachability across the cluster subnet (3 retries left).
FAILED - RETRYING: [MonSrv]: Test actual peer reachability across the cluster subnet (5 retries left).
FAILED - RETRYING: [osh-comp-03]: Test actual peer reachability across the cluster subnet (3 retries left).
FAILED - RETRYING: [osh-comp-04]: Test actual peer reachability across the cluster subnet (4 retries left).
FAILED - RETRYING: [osh-comp-01]: Test actual peer reachability across the cluster subnet (2 retries left).
FAILED - RETRYING: [MonSrv]: Test actual peer reachability across the cluster subnet (4 retries left).
FAILED - RETRYING: [osh-comp-03]: Test actual peer reachability across the cluster subnet (2 retries left).
FAILED - RETRYING: [osh-comp-01]: Test actual peer reachability across the cluster subnet (1 retries left).
FAILED - RETRYING: [osh-comp-04]: Test actual peer reachability across the cluster subnet (3 retries left).
FAILED - RETRYING: [MonSrv]: Test actual peer reachability across the cluster subnet (3 retries left).
FAILED - RETRYING: [osh-comp-03]: Test actual peer reachability across the cluster subnet (1 retries left).
ok: [osh-comp-01] => (item=osh-ctrl-01)
FAILED - RETRYING: [osh-comp-04]: Test actual peer reachability across the cluster subnet (2 retries left).
FAILED - RETRYING: [MonSrv]: Test actual peer reachability across the cluster subnet (2 retries left).
FAILED - RETRYING: [osh-comp-01]: Test actual peer reachability across the cluster subnet (6 retries left).
ok: [osh-comp-03] => (item=osh-ctrl-01)
ok: [osh-comp-03] => (item=osh-ctrl-02)
ok: [osh-comp-03] => (item=osh-ctrl-03)
FAILED - RETRYING: [osh-comp-04]: Test actual peer reachability across the cluster subnet (1 retries left).
FAILED - RETRYING: [osh-comp-03]: Test actual peer reachability across the cluster subnet (6 retries left).
FAILED - RETRYING: [MonSrv]: Test actual peer reachability across the cluster subnet (1 retries left).
FAILED - RETRYING: [osh-comp-01]: Test actual peer reachability across the cluster subnet (5 retries left).
ok: [osh-comp-04] => (item=k8s-db-03)
FAILED - RETRYING: [osh-comp-03]: Test actual peer reachability across the cluster subnet (5 retries left).
ok: [MonSrv] => (item=osh-comp-02)
ok: [osh-comp-04] => (item=osh-ctrl-01)
FAILED - RETRYING: [osh-comp-01]: Test actual peer reachability across the cluster subnet (4 retries left).
ok: [MonSrv] => (item=osh-comp-03)
ok: [MonSrv] => (item=osh-comp-04)
FAILED - RETRYING: [osh-comp-04]: Test actual peer reachability across the cluster subnet (6 retries left).
FAILED - RETRYING: [osh-comp-03]: Test actual peer reachability across the cluster subnet (4 retries left).
FAILED - RETRYING: [osh-comp-01]: Test actual peer reachability across the cluster subnet (3 retries left).
FAILED - RETRYING: [osh-comp-04]: Test actual peer reachability across the cluster subnet (5 retries left).
FAILED - RETRYING: [osh-comp-03]: Test actual peer reachability across the cluster subnet (3 retries left).
FAILED - RETRYING: [osh-comp-01]: Test actual peer reachability across the cluster subnet (2 retries left).
FAILED - RETRYING: [osh-comp-04]: Test actual peer reachability across the cluster subnet (4 retries left).
FAILED - RETRYING: [osh-comp-03]: Test actual peer reachability across the cluster subnet (2 retries left).
FAILED - RETRYING: [osh-comp-01]: Test actual peer reachability across the cluster subnet (1 retries left).
FAILED - RETRYING: [osh-comp-04]: Test actual peer reachability across the cluster subnet (3 retries left).
ok: [osh-comp-01] => (item=osh-ctrl-02)
FAILED - RETRYING: [osh-comp-03]: Test actual peer reachability across the cluster subnet (1 retries left).
FAILED - RETRYING: [osh-comp-01]: Test actual peer reachability across the cluster subnet (6 retries left).
FAILED - RETRYING: [osh-comp-04]: Test actual peer reachability across the cluster subnet (2 retries left).
ok: [osh-comp-03] => (item=osh-net-01)
ok: [osh-comp-03] => (item=osh-net-02)
FAILED - RETRYING: [osh-comp-01]: Test actual peer reachability across the cluster subnet (5 retries left).
ok: [osh-comp-03] => (item=MonSrv)
FAILED - RETRYING: [osh-comp-04]: Test actual peer reachability across the cluster subnet (1 retries left).
FAILED - RETRYING: [osh-comp-03]: Test actual peer reachability across the cluster subnet (6 retries left).
FAILED - RETRYING: [osh-comp-01]: Test actual peer reachability across the cluster subnet (4 retries left).
ok: [osh-comp-04] => (item=osh-ctrl-02)
ok: [osh-comp-04] => (item=osh-ctrl-03)
FAILED - RETRYING: [osh-comp-03]: Test actual peer reachability across the cluster subnet (5 retries left).
ok: [osh-comp-04] => (item=osh-net-01)
FAILED - RETRYING: [osh-comp-04]: Test actual peer reachability across the cluster subnet (6 retries left).
FAILED - RETRYING: [osh-comp-01]: Test actual peer reachability across the cluster subnet (3 retries left).
FAILED - RETRYING: [osh-comp-03]: Test actual peer reachability across the cluster subnet (4 retries left).
FAILED - RETRYING: [osh-comp-04]: Test actual peer reachability across the cluster subnet (5 retries left).
FAILED - RETRYING: [osh-comp-01]: Test actual peer reachability across the cluster subnet (2 retries left).
FAILED - RETRYING: [osh-comp-03]: Test actual peer reachability across the cluster subnet (3 retries left).
FAILED - RETRYING: [osh-comp-04]: Test actual peer reachability across the cluster subnet (4 retries left).
FAILED - RETRYING: [osh-comp-01]: Test actual peer reachability across the cluster subnet (1 retries left).
FAILED - RETRYING: [osh-comp-03]: Test actual peer reachability across the cluster subnet (2 retries left).
FAILED - RETRYING: [osh-comp-04]: Test actual peer reachability across the cluster subnet (3 retries left).
ok: [osh-comp-01] => (item=osh-ctrl-03)
FAILED - RETRYING: [osh-comp-01]: Test actual peer reachability across the cluster subnet (6 retries left).
FAILED - RETRYING: [osh-comp-03]: Test actual peer reachability across the cluster subnet (1 retries left).
FAILED - RETRYING: [osh-comp-04]: Test actual peer reachability across the cluster subnet (2 retries left).
FAILED - RETRYING: [osh-comp-01]: Test actual peer reachability across the cluster subnet (5 retries left).
ok: [osh-comp-03] => (item=osh-comp-01)
FAILED - RETRYING: [osh-comp-03]: Test actual peer reachability across the cluster subnet (6 retries left).
FAILED - RETRYING: [osh-comp-04]: Test actual peer reachability across the cluster subnet (1 retries left).
FAILED - RETRYING: [osh-comp-01]: Test actual peer reachability across the cluster subnet (4 retries left).
ok: [osh-comp-04] => (item=osh-net-02)
FAILED - RETRYING: [osh-comp-03]: Test actual peer reachability across the cluster subnet (5 retries left).
FAILED - RETRYING: [osh-comp-01]: Test actual peer reachability across the cluster subnet (3 retries left).
FAILED - RETRYING: [osh-comp-04]: Test actual peer reachability across the cluster subnet (6 retries left).
FAILED - RETRYING: [osh-comp-03]: Test actual peer reachability across the cluster subnet (4 retries left).
FAILED - RETRYING: [osh-comp-01]: Test actual peer reachability across the cluster subnet (2 retries left).
FAILED - RETRYING: [osh-comp-04]: Test actual peer reachability across the cluster subnet (5 retries left).
FAILED - RETRYING: [osh-comp-03]: Test actual peer reachability across the cluster subnet (3 retries left).
FAILED - RETRYING: [osh-comp-01]: Test actual peer reachability across the cluster subnet (1 retries left).
FAILED - RETRYING: [osh-comp-04]: Test actual peer reachability across the cluster subnet (4 retries left).
FAILED - RETRYING: [osh-comp-03]: Test actual peer reachability across the cluster subnet (2 retries left).
ok: [osh-comp-01] => (item=osh-net-01)
FAILED - RETRYING: [osh-comp-04]: Test actual peer reachability across the cluster subnet (3 retries left).
FAILED - RETRYING: [osh-comp-01]: Test actual peer reachability across the cluster subnet (6 retries left).
FAILED - RETRYING: [osh-comp-03]: Test actual peer reachability across the cluster subnet (1 retries left).
FAILED - RETRYING: [osh-comp-04]: Test actual peer reachability across the cluster subnet (2 retries left).
FAILED - RETRYING: [osh-comp-01]: Test actual peer reachability across the cluster subnet (5 retries left).
ok: [osh-comp-03] => (item=osh-comp-02)
ok: [osh-comp-03] => (item=osh-comp-04)
FAILED - RETRYING: [osh-comp-04]: Test actual peer reachability across the cluster subnet (1 retries left).
FAILED - RETRYING: [osh-comp-01]: Test actual peer reachability across the cluster subnet (4 retries left).
ok: [osh-comp-04] => (item=MonSrv)
FAILED - RETRYING: [osh-comp-01]: Test actual peer reachability across the cluster subnet (3 retries left).
FAILED - RETRYING: [osh-comp-04]: Test actual peer reachability across the cluster subnet (6 retries left).
FAILED - RETRYING: [osh-comp-01]: Test actual peer reachability across the cluster subnet (2 retries left).
FAILED - RETRYING: [osh-comp-04]: Test actual peer reachability across the cluster subnet (5 retries left).
FAILED - RETRYING: [osh-comp-01]: Test actual peer reachability across the cluster subnet (1 retries left).
FAILED - RETRYING: [osh-comp-04]: Test actual peer reachability across the cluster subnet (4 retries left).
ok: [osh-comp-01] => (item=osh-net-02)
FAILED - RETRYING: [osh-comp-04]: Test actual peer reachability across the cluster subnet (3 retries left).
FAILED - RETRYING: [osh-comp-01]: Test actual peer reachability across the cluster subnet (6 retries left).
FAILED - RETRYING: [osh-comp-04]: Test actual peer reachability across the cluster subnet (2 retries left).
FAILED - RETRYING: [osh-comp-01]: Test actual peer reachability across the cluster subnet (5 retries left).
FAILED - RETRYING: [osh-comp-04]: Test actual peer reachability across the cluster subnet (1 retries left).
FAILED - RETRYING: [osh-comp-01]: Test actual peer reachability across the cluster subnet (4 retries left).
ok: [osh-comp-04] => (item=osh-comp-01)
FAILED - RETRYING: [osh-comp-01]: Test actual peer reachability across the cluster subnet (3 retries left).
FAILED - RETRYING: [osh-comp-04]: Test actual peer reachability across the cluster subnet (6 retries left).
FAILED - RETRYING: [osh-comp-01]: Test actual peer reachability across the cluster subnet (2 retries left).
FAILED - RETRYING: [osh-comp-04]: Test actual peer reachability across the cluster subnet (5 retries left).
FAILED - RETRYING: [osh-comp-01]: Test actual peer reachability across the cluster subnet (1 retries left).
FAILED - RETRYING: [osh-comp-04]: Test actual peer reachability across the cluster subnet (4 retries left).
ok: [osh-comp-01] => (item=MonSrv)
FAILED - RETRYING: [osh-comp-04]: Test actual peer reachability across the cluster subnet (3 retries left).
FAILED - RETRYING: [osh-comp-01]: Test actual peer reachability across the cluster subnet (6 retries left).
FAILED - RETRYING: [osh-comp-04]: Test actual peer reachability across the cluster subnet (2 retries left).
FAILED - RETRYING: [osh-comp-01]: Test actual peer reachability across the cluster subnet (5 retries left).
FAILED - RETRYING: [osh-comp-04]: Test actual peer reachability across the cluster subnet (1 retries left).
FAILED - RETRYING: [osh-comp-01]: Test actual peer reachability across the cluster subnet (4 retries left).
ok: [osh-comp-04] => (item=osh-comp-02)
FAILED - RETRYING: [osh-comp-01]: Test actual peer reachability across the cluster subnet (3 retries left).
FAILED - RETRYING: [osh-comp-04]: Test actual peer reachability across the cluster subnet (6 retries left).
FAILED - RETRYING: [osh-comp-01]: Test actual peer reachability across the cluster subnet (2 retries left).
FAILED - RETRYING: [osh-comp-04]: Test actual peer reachability across the cluster subnet (5 retries left).
FAILED - RETRYING: [osh-comp-01]: Test actual peer reachability across the cluster subnet (1 retries left).
FAILED - RETRYING: [osh-comp-04]: Test actual peer reachability across the cluster subnet (4 retries left).
ok: [osh-comp-01] => (item=osh-comp-02)
FAILED - RETRYING: [osh-comp-01]: Test actual peer reachability across the cluster subnet (6 retries left).
FAILED - RETRYING: [osh-comp-04]: Test actual peer reachability across the cluster subnet (3 retries left).
FAILED - RETRYING: [osh-comp-01]: Test actual peer reachability across the cluster subnet (5 retries left).
FAILED - RETRYING: [osh-comp-04]: Test actual peer reachability across the cluster subnet (2 retries left).
FAILED - RETRYING: [osh-comp-01]: Test actual peer reachability across the cluster subnet (4 retries left).
FAILED - RETRYING: [osh-comp-04]: Test actual peer reachability across the cluster subnet (1 retries left).
FAILED - RETRYING: [osh-comp-01]: Test actual peer reachability across the cluster subnet (3 retries left).
ok: [osh-comp-04] => (item=osh-comp-03)
FAILED - RETRYING: [osh-comp-01]: Test actual peer reachability across the cluster subnet (2 retries left).
FAILED - RETRYING: [osh-comp-01]: Test actual peer reachability across the cluster subnet (1 retries left).
ok: [osh-comp-01] => (item=osh-comp-03)
FAILED - RETRYING: [osh-comp-01]: Test actual peer reachability across the cluster subnet (6 retries left).
FAILED - RETRYING: [osh-comp-01]: Test actual peer reachability across the cluster subnet (5 retries left).
FAILED - RETRYING: [osh-comp-01]: Test actual peer reachability across the cluster subnet (4 retries left).
FAILED - RETRYING: [osh-comp-01]: Test actual peer reachability across the cluster subnet (3 retries left).
FAILED - RETRYING: [osh-comp-01]: Test actual peer reachability across the cluster subnet (2 retries left).
FAILED - RETRYING: [osh-comp-01]: Test actual peer reachability across the cluster subnet (1 retries left).
ok: [osh-comp-01] => (item=osh-comp-04)

TASK [Assert cluster subnet connectivity is live] **************************************************************************************************************************************************************
failed: [k8s-master-03] (item=k8s-master-01) => {
    "ansible_loop_var": "item",
    "assertion": "item.rc == 0",
    "changed": false,
    "evaluated_to": false,
    "item": {
        "ansible_loop_var": "item",
        "attempts": 6,
        "changed": false,
        "cmd": [
            "ping",
            "-c",
            "2",
            "-W",
            "3",
            "10.0.10.1"
        ],
        "delta": "0:00:04.041754",
        "end": "2026-09-12 06:21:38.035003",
        "failed": true,
        "failed_when_result": false,
        "invocation": {
            "module_args": {
                "_raw_params": "ping -c 2 -W 3 10.0.10.1",
                "_uses_shell": false,
                "argv": null,
                "chdir": null,
                "creates": null,
                "executable": null,
                "expand_argument_vars": true,
                "removes": null,
                "stdin": null,
                "stdin_add_newline": true,
                "strip_empty_ends": true
            }
        },
        "item": "k8s-master-01",
        "msg": "non-zero return code",
        "rc": 1,
        "start": "2026-09-12 06:21:33.993249",
        "stderr": "",
        "stderr_lines": [],
        "stdout": "PING 10.0.10.1 (10.0.10.1) 56(84) bytes of data.\n\n--- 10.0.10.1 ping statistics ---\n2 packets transmitted, 0 received, 100% packet loss, time 1033ms",
        "stdout_lines": [
            "PING 10.0.10.1 (10.0.10.1) 56(84) bytes of data.",
            "",
            "--- 10.0.10.1 ping statistics ---",
            "2 packets transmitted, 0 received, 100% packet loss, time 1033ms"
        ]
    },
    "msg": "k8s-master-03 cannot reach cluster peer k8s-master-01 at 10.0.10.1.\nThe BGP-advertised K8s network is not usable yet for etcd or control-plane traffic.\nVerify netplan, FRR adjacency, prefix-lists, and the exact peer-to-peer BGP session.\n"
}
failed: [k8s-db-02] (item=k8s-master-01) => {
    "ansible_loop_var": "item",
    "assertion": "item.rc == 0",
    "changed": false,
    "evaluated_to": false,
    "item": {
        "ansible_loop_var": "item",
        "attempts": 6,
        "changed": false,
        "cmd": [
            "ping",
            "-c",
            "2",
            "-W",
            "3",
            "10.0.10.1"
        ],
        "delta": "0:00:04.027216",
        "end": "2026-09-12 06:21:37.225747",
        "failed": true,
        "failed_when_result": false,
        "invocation": {
            "module_args": {
                "_raw_params": "ping -c 2 -W 3 10.0.10.1",
                "_uses_shell": false,
                "argv": null,
                "chdir": null,
                "creates": null,
                "executable": null,
                "expand_argument_vars": true,
                "removes": null,
                "stdin": null,
                "stdin_add_newline": true,
                "strip_empty_ends": true
            }
        },
        "item": "k8s-master-01",
        "msg": "non-zero return code",
        "rc": 1,
        "start": "2026-09-12 06:21:33.198531",
        "stderr": "",
        "stderr_lines": [],
        "stdout": "PING 10.0.10.1 (10.0.10.1) 56(84) bytes of data.\n\n--- 10.0.10.1 ping statistics ---\n2 packets transmitted, 0 received, 100% packet loss, time 1016ms",
        "stdout_lines": [
            "PING 10.0.10.1 (10.0.10.1) 56(84) bytes of data.",
            "",
            "--- 10.0.10.1 ping statistics ---",
            "2 packets transmitted, 0 received, 100% packet loss, time 1016ms"
        ]
    },
    "msg": "k8s-db-02 cannot reach cluster peer k8s-master-01 at 10.0.10.1.\nThe BGP-advertised K8s network is not usable yet for etcd or control-plane traffic.\nVerify netplan, FRR adjacency, prefix-lists, and the exact peer-to-peer BGP session.\n"
}
failed: [k8s-master-03] (item=k8s-master-02) => {
    "ansible_loop_var": "item",
    "assertion": "item.rc == 0",
    "changed": false,
    "evaluated_to": false,
    "item": {
        "ansible_loop_var": "item",
        "attempts": 6,
        "changed": false,
        "cmd": [
            "ping",
            "-c",
            "2",
            "-W",
            "3",
            "10.0.20.1"
        ],
        "delta": "0:00:04.024578",
        "end": "2026-09-12 06:23:23.762662",
        "failed": true,
        "failed_when_result": false,
        "invocation": {
            "module_args": {
                "_raw_params": "ping -c 2 -W 3 10.0.20.1",
                "_uses_shell": false,
                "argv": null,
                "chdir": null,
                "creates": null,
                "executable": null,
                "expand_argument_vars": true,
                "removes": null,
                "stdin": null,
                "stdin_add_newline": true,
                "strip_empty_ends": true
            }
        },
        "item": "k8s-master-02",
        "msg": "non-zero return code",
        "rc": 1,
        "start": "2026-09-12 06:23:19.738084",
        "stderr": "",
        "stderr_lines": [],
        "stdout": "PING 10.0.20.1 (10.0.20.1) 56(84) bytes of data.\n\n--- 10.0.20.1 ping statistics ---\n2 packets transmitted, 0 received, 100% packet loss, time 1016ms",
        "stdout_lines": [
            "PING 10.0.20.1 (10.0.20.1) 56(84) bytes of data.",
            "",
            "--- 10.0.20.1 ping statistics ---",
            "2 packets transmitted, 0 received, 100% packet loss, time 1016ms"
        ]
    },
    "msg": "k8s-master-03 cannot reach cluster peer k8s-master-02 at 10.0.20.1.\nThe BGP-advertised K8s network is not usable yet for etcd or control-plane traffic.\nVerify netplan, FRR adjacency, prefix-lists, and the exact peer-to-peer BGP session.\n"
}
ok: [k8s-db-02] => (item=k8s-master-02) => {
    "ansible_loop_var": "item",
    "changed": false,
    "item": {
        "ansible_loop_var": "item",
        "attempts": 1,
        "changed": false,
        "cmd": [
            "ping",
            "-c",
            "2",
            "-W",
            "3",
            "10.0.20.1"
        ],
        "delta": "0:00:01.014395",
        "end": "2026-09-12 06:21:41.068265",
        "failed": false,
        "failed_when_result": false,
        "invocation": {
            "module_args": {
                "_raw_params": "ping -c 2 -W 3 10.0.20.1",
                "_uses_shell": false,
                "argv": null,
                "chdir": null,
                "creates": null,
                "executable": null,
                "expand_argument_vars": true,
                "removes": null,
                "stdin": null,
                "stdin_add_newline": true,
                "strip_empty_ends": true
            }
        },
        "item": "k8s-master-02",
        "msg": "",
        "rc": 0,
        "start": "2026-09-12 06:21:40.053870",
        "stderr": "",
        "stderr_lines": [],
        "stdout": "PING 10.0.20.1 (10.0.20.1) 56(84) bytes of data.\n64 bytes from 10.0.20.1: icmp_seq=1 ttl=63 time=3.27 ms\n64 bytes from 10.0.20.1: icmp_seq=2 ttl=63 time=2.43 ms\n\n--- 10.0.20.1 ping statistics ---\n2 packets transmitted, 2 received, 0% packet loss, time 1002ms\nrtt min/avg/max/mdev = 2.430/2.849/3.269/0.419 ms",
        "stdout_lines": [
            "PING 10.0.20.1 (10.0.20.1) 56(84) bytes of data.",
            "64 bytes from 10.0.20.1: icmp_seq=1 ttl=63 time=3.27 ms",
            "64 bytes from 10.0.20.1: icmp_seq=2 ttl=63 time=2.43 ms",
            "",
            "--- 10.0.20.1 ping statistics ---",
            "2 packets transmitted, 2 received, 0% packet loss, time 1002ms",
            "rtt min/avg/max/mdev = 2.430/2.849/3.269/0.419 ms"
        ]
    },
    "msg": "k8s-db-02 reaches k8s-master-02 on the K8s cluster subnet"
}
ok: [k8s-db-03] => (item=k8s-master-01) => {
    "ansible_loop_var": "item",
    "changed": false,
    "item": {
        "ansible_loop_var": "item",
        "attempts": 1,
        "changed": false,
        "cmd": [
            "ping",
            "-c",
            "2",
            "-W",
            "3",
            "10.0.10.1"
        ],
        "delta": "0:00:01.017791",
        "end": "2026-09-12 06:32:42.344144",
        "failed": false,
        "failed_when_result": false,
        "invocation": {
            "module_args": {
                "_raw_params": "ping -c 2 -W 3 10.0.10.1",
                "_uses_shell": false,
                "argv": null,
                "chdir": null,
                "creates": null,
                "executable": null,
                "expand_argument_vars": true,
                "removes": null,
                "stdin": null,
                "stdin_add_newline": true,
                "strip_empty_ends": true
            }
        },
        "item": "k8s-master-01",
        "msg": "",
        "rc": 0,
        "start": "2026-09-12 06:32:41.326353",
        "stderr": "",
        "stderr_lines": [],
        "stdout": "PING 10.0.10.1 (10.0.10.1) 56(84) bytes of data.\n64 bytes from 10.0.10.1: icmp_seq=1 ttl=61 time=8.22 ms\n64 bytes from 10.0.10.1: icmp_seq=2 ttl=61 time=5.58 ms\n\n--- 10.0.10.1 ping statistics ---\n2 packets transmitted, 2 received, 0% packet loss, time 1002ms\nrtt min/avg/max/mdev = 5.575/6.897/8.219/1.322 ms",
        "stdout_lines": [
            "PING 10.0.10.1 (10.0.10.1) 56(84) bytes of data.",
            "64 bytes from 10.0.10.1: icmp_seq=1 ttl=61 time=8.22 ms",
            "64 bytes from 10.0.10.1: icmp_seq=2 ttl=61 time=5.58 ms",
            "",
            "--- 10.0.10.1 ping statistics ---",
            "2 packets transmitted, 2 received, 0% packet loss, time 1002ms",
            "rtt min/avg/max/mdev = 5.575/6.897/8.219/1.322 ms"
        ]
    },
    "msg": "k8s-db-03 reaches k8s-master-01 on the K8s cluster subnet"
}
failed: [k8s-master-03] (item=k8s-db-01) => {
    "ansible_loop_var": "item",
    "assertion": "item.rc == 0",
    "changed": false,
    "evaluated_to": false,
    "item": {
        "ansible_loop_var": "item",
        "attempts": 6,
        "changed": false,
        "cmd": [
            "ping",
            "-c",
            "2",
            "-W",
            "3",
            "10.0.10.2"
        ],
        "delta": "0:00:04.039432",
        "end": "2026-09-12 06:25:08.658350",
        "failed": true,
        "failed_when_result": false,
        "invocation": {
            "module_args": {
                "_raw_params": "ping -c 2 -W 3 10.0.10.2",
                "_uses_shell": false,
                "argv": null,
                "chdir": null,
                "creates": null,
                "executable": null,
                "expand_argument_vars": true,
                "removes": null,
                "stdin": null,
                "stdin_add_newline": true,
                "strip_empty_ends": true
            }
        },
        "item": "k8s-db-01",
        "msg": "non-zero return code",
        "rc": 1,
        "start": "2026-09-12 06:25:04.618918",
        "stderr": "",
        "stderr_lines": [],
        "stdout": "PING 10.0.10.2 (10.0.10.2) 56(84) bytes of data.\n\n--- 10.0.10.2 ping statistics ---\n2 packets transmitted, 0 received, 100% packet loss, time 1030ms",
        "stdout_lines": [
            "PING 10.0.10.2 (10.0.10.2) 56(84) bytes of data.",
            "",
            "--- 10.0.10.2 ping statistics ---",
            "2 packets transmitted, 0 received, 100% packet loss, time 1030ms"
        ]
    },
    "msg": "k8s-master-03 cannot reach cluster peer k8s-db-01 at 10.0.10.2.\nThe BGP-advertised K8s network is not usable yet for etcd or control-plane traffic.\nVerify netplan, FRR adjacency, prefix-lists, and the exact peer-to-peer BGP session.\n"
}
ok: [osh-ctrl-01] => (item=k8s-master-01) => {
    "ansible_loop_var": "item",
    "changed": false,
    "item": {
        "ansible_loop_var": "item",
        "attempts": 1,
        "changed": false,
        "cmd": [
            "ping",
            "-c",
            "2",
            "-W",
            "3",
            "10.0.10.1"
        ],
        "delta": "0:00:01.014296",
        "end": "2026-09-12 06:33:58.007181",
        "failed": false,
        "failed_when_result": false,
        "invocation": {
            "module_args": {
                "_raw_params": "ping -c 2 -W 3 10.0.10.1",
                "_uses_shell": false,
                "argv": null,
                "chdir": null,
                "creates": null,
                "executable": null,
                "expand_argument_vars": true,
                "removes": null,
                "stdin": null,
                "stdin_add_newline": true,
                "strip_empty_ends": true
            }
        },
        "item": "k8s-master-01",
        "msg": "",
        "rc": 0,
        "start": "2026-09-12 06:33:56.992885",
        "stderr": "",
        "stderr_lines": [],
        "stdout": "PING 10.0.10.1 (10.0.10.1) 56(84) bytes of data.\n64 bytes from 10.0.10.1: icmp_seq=1 ttl=63 time=2.43 ms\n64 bytes from 10.0.10.1: icmp_seq=2 ttl=63 time=3.14 ms\n\n--- 10.0.10.1 ping statistics ---\n2 packets transmitted, 2 received, 0% packet loss, time 1002ms\nrtt min/avg/max/mdev = 2.433/2.788/3.143/0.355 ms",
        "stdout_lines": [
            "PING 10.0.10.1 (10.0.10.1) 56(84) bytes of data.",
            "64 bytes from 10.0.10.1: icmp_seq=1 ttl=63 time=2.43 ms",
            "64 bytes from 10.0.10.1: icmp_seq=2 ttl=63 time=3.14 ms",
            "",
            "--- 10.0.10.1 ping statistics ---",
            "2 packets transmitted, 2 received, 0% packet loss, time 1002ms",
            "rtt min/avg/max/mdev = 2.433/2.788/3.143/0.355 ms"
        ]
    },
    "msg": "osh-ctrl-01 reaches k8s-master-01 on the K8s cluster subnet"
}
failed: [k8s-db-02] (item=k8s-master-03) => {
    "ansible_loop_var": "item",
    "assertion": "item.rc == 0",
    "changed": false,
    "evaluated_to": false,
    "item": {
        "ansible_loop_var": "item",
        "attempts": 6,
        "changed": false,
        "cmd": [
            "ping",
            "-c",
            "2",
            "-W",
            "3",
            "10.0.30.1"
        ],
        "delta": "0:00:04.043032",
        "end": "2026-09-12 06:23:24.937568",
        "failed": true,
        "failed_when_result": false,
        "invocation": {
            "module_args": {
                "_raw_params": "ping -c 2 -W 3 10.0.30.1",
                "_uses_shell": false,
                "argv": null,
                "chdir": null,
                "creates": null,
                "executable": null,
                "expand_argument_vars": true,
                "removes": null,
                "stdin": null,
                "stdin_add_newline": true,
                "strip_empty_ends": true
            }
        },
        "item": "k8s-master-03",
        "msg": "non-zero return code",
        "rc": 1,
        "start": "2026-09-12 06:23:20.894536",
        "stderr": "",
        "stderr_lines": [],
        "stdout": "PING 10.0.30.1 (10.0.30.1) 56(84) bytes of data.\n\n--- 10.0.30.1 ping statistics ---\n2 packets transmitted, 0 received, 100% packet loss, time 1035ms",
        "stdout_lines": [
            "PING 10.0.30.1 (10.0.30.1) 56(84) bytes of data.",
            "",
            "--- 10.0.30.1 ping statistics ---",
            "2 packets transmitted, 0 received, 100% packet loss, time 1035ms"
        ]
    },
    "msg": "k8s-db-02 cannot reach cluster peer k8s-master-03 at 10.0.30.1.\nThe BGP-advertised K8s network is not usable yet for etcd or control-plane traffic.\nVerify netplan, FRR adjacency, prefix-lists, and the exact peer-to-peer BGP session.\n"
}
ok: [k8s-db-03] => (item=k8s-master-02) => {
    "ansible_loop_var": "item",
    "changed": false,
    "item": {
        "ansible_loop_var": "item",
        "attempts": 1,
        "changed": false,
        "cmd": [
            "ping",
            "-c",
            "2",
            "-W",
            "3",
            "10.0.20.1"
        ],
        "delta": "0:00:01.017922",
        "end": "2026-09-12 06:32:45.546739",
        "failed": false,
        "failed_when_result": false,
        "invocation": {
            "module_args": {
                "_raw_params": "ping -c 2 -W 3 10.0.20.1",
                "_uses_shell": false,
                "argv": null,
                "chdir": null,
                "creates": null,
                "executable": null,
                "expand_argument_vars": true,
                "removes": null,
                "stdin": null,
                "stdin_add_newline": true,
                "strip_empty_ends": true
            }
        },
        "item": "k8s-master-02",
        "msg": "",
        "rc": 0,
        "start": "2026-09-12 06:32:44.528817",
        "stderr": "",
        "stderr_lines": [],
        "stdout": "PING 10.0.20.1 (10.0.20.1) 56(84) bytes of data.\n64 bytes from 10.0.20.1: icmp_seq=1 ttl=61 time=6.41 ms\n64 bytes from 10.0.20.1: icmp_seq=2 ttl=61 time=6.50 ms\n\n--- 10.0.20.1 ping statistics ---\n2 packets transmitted, 2 received, 0% packet loss, time 1002ms\nrtt min/avg/max/mdev = 6.408/6.452/6.497/0.044 ms",
        "stdout_lines": [
            "PING 10.0.20.1 (10.0.20.1) 56(84) bytes of data.",
            "64 bytes from 10.0.20.1: icmp_seq=1 ttl=61 time=6.41 ms",
            "64 bytes from 10.0.20.1: icmp_seq=2 ttl=61 time=6.50 ms",
            "",
            "--- 10.0.20.1 ping statistics ---",
            "2 packets transmitted, 2 received, 0% packet loss, time 1002ms",
            "rtt min/avg/max/mdev = 6.408/6.452/6.497/0.044 ms"
        ]
    },
    "msg": "k8s-db-03 reaches k8s-master-02 on the K8s cluster subnet"
}
failed: [k8s-master-03] (item=k8s-db-02) => {
    "ansible_loop_var": "item",
    "assertion": "item.rc == 0",
    "changed": false,
    "evaluated_to": false,
    "item": {
        "ansible_loop_var": "item",
        "attempts": 6,
        "changed": false,
        "cmd": [
            "ping",
            "-c",
            "2",
            "-W",
            "3",
            "10.0.20.2"
        ],
        "delta": "0:00:04.049450",
        "end": "2026-09-12 06:26:56.690716",
        "failed": true,
        "failed_when_result": false,
        "invocation": {
            "module_args": {
                "_raw_params": "ping -c 2 -W 3 10.0.20.2",
                "_uses_shell": false,
                "argv": null,
                "chdir": null,
                "creates": null,
                "executable": null,
                "expand_argument_vars": true,
                "removes": null,
                "stdin": null,
                "stdin_add_newline": true,
                "strip_empty_ends": true
            }
        },
        "item": "k8s-db-02",
        "msg": "non-zero return code",
        "rc": 1,
        "start": "2026-09-12 06:26:52.641266",
        "stderr": "",
        "stderr_lines": [],
        "stdout": "PING 10.0.20.2 (10.0.20.2) 56(84) bytes of data.\n\n--- 10.0.20.2 ping statistics ---\n2 packets transmitted, 0 received, 100% packet loss, time 1040ms",
        "stdout_lines": [
            "PING 10.0.20.2 (10.0.20.2) 56(84) bytes of data.",
            "",
            "--- 10.0.20.2 ping statistics ---",
            "2 packets transmitted, 0 received, 100% packet loss, time 1040ms"
        ]
    },
    "msg": "k8s-master-03 cannot reach cluster peer k8s-db-02 at 10.0.20.2.\nThe BGP-advertised K8s network is not usable yet for etcd or control-plane traffic.\nVerify netplan, FRR adjacency, prefix-lists, and the exact peer-to-peer BGP session.\n"
}
failed: [osh-ctrl-01] (item=k8s-master-02) => {
    "ansible_loop_var": "item",
    "assertion": "item.rc == 0",
    "changed": false,
    "evaluated_to": false,
    "item": {
        "ansible_loop_var": "item",
        "attempts": 6,
        "changed": false,
        "cmd": [
            "ping",
            "-c",
            "2",
            "-W",
            "3",
            "10.0.20.1"
        ],
        "delta": "0:00:04.068874",
        "end": "2026-09-12 06:35:38.337963",
        "failed": true,
        "failed_when_result": false,
        "invocation": {
            "module_args": {
                "_raw_params": "ping -c 2 -W 3 10.0.20.1",
                "_uses_shell": false,
                "argv": null,
                "chdir": null,
                "creates": null,
                "executable": null,
                "expand_argument_vars": true,
                "removes": null,
                "stdin": null,
                "stdin_add_newline": true,
                "strip_empty_ends": true
            }
        },
        "item": "k8s-master-02",
        "msg": "non-zero return code",
        "rc": 1,
        "start": "2026-09-12 06:35:34.269089",
        "stderr": "",
        "stderr_lines": [],
        "stdout": "PING 10.0.20.1 (10.0.20.1) 56(84) bytes of data.\n\n--- 10.0.20.1 ping statistics ---\n2 packets transmitted, 0 received, 100% packet loss, time 1059ms",
        "stdout_lines": [
            "PING 10.0.20.1 (10.0.20.1) 56(84) bytes of data.",
            "",
            "--- 10.0.20.1 ping statistics ---",
            "2 packets transmitted, 0 received, 100% packet loss, time 1059ms"
        ]
    },
    "msg": "osh-ctrl-01 cannot reach cluster peer k8s-master-02 at 10.0.20.1.\nThe BGP-advertised K8s network is not usable yet for etcd or control-plane traffic.\nVerify netplan, FRR adjacency, prefix-lists, and the exact peer-to-peer BGP session.\n"
}
failed: [k8s-db-02] (item=k8s-db-01) => {
    "ansible_loop_var": "item",
    "assertion": "item.rc == 0",
    "changed": false,
    "evaluated_to": false,
    "item": {
        "ansible_loop_var": "item",
        "attempts": 6,
        "changed": false,
        "cmd": [
            "ping",
            "-c",
            "2",
            "-W",
            "3",
            "10.0.10.2"
        ],
        "delta": "0:00:04.051644",
        "end": "2026-09-12 06:25:05.609674",
        "failed": true,
        "failed_when_result": false,
        "invocation": {
            "module_args": {
                "_raw_params": "ping -c 2 -W 3 10.0.10.2",
                "_uses_shell": false,
                "argv": null,
                "chdir": null,
                "creates": null,
                "executable": null,
                "expand_argument_vars": true,
                "removes": null,
                "stdin": null,
                "stdin_add_newline": true,
                "strip_empty_ends": true
            }
        },
        "item": "k8s-db-01",
        "msg": "non-zero return code",
        "rc": 1,
        "start": "2026-09-12 06:25:01.558030",
        "stderr": "",
        "stderr_lines": [],
        "stdout": "PING 10.0.10.2 (10.0.10.2) 56(84) bytes of data.\n\n--- 10.0.10.2 ping statistics ---\n2 packets transmitted, 0 received, 100% packet loss, time 1041ms",
        "stdout_lines": [
            "PING 10.0.10.2 (10.0.10.2) 56(84) bytes of data.",
            "",
            "--- 10.0.10.2 ping statistics ---",
            "2 packets transmitted, 0 received, 100% packet loss, time 1041ms"
        ]
    },
    "msg": "k8s-db-02 cannot reach cluster peer k8s-db-01 at 10.0.10.2.\nThe BGP-advertised K8s network is not usable yet for etcd or control-plane traffic.\nVerify netplan, FRR adjacency, prefix-lists, and the exact peer-to-peer BGP session.\n"
}
ok: [k8s-db-03] => (item=k8s-master-03) => {
    "ansible_loop_var": "item",
    "changed": false,
    "item": {
        "ansible_loop_var": "item",
        "attempts": 1,
        "changed": false,
        "cmd": [
            "ping",
            "-c",
            "2",
            "-W",
            "3",
            "10.0.30.1"
        ],
        "delta": "0:00:01.012952",
        "end": "2026-09-12 06:32:48.361329",
        "failed": false,
        "failed_when_result": false,
        "invocation": {
            "module_args": {
                "_raw_params": "ping -c 2 -W 3 10.0.30.1",
                "_uses_shell": false,
                "argv": null,
                "chdir": null,
                "creates": null,
                "executable": null,
                "expand_argument_vars": true,
                "removes": null,
                "stdin": null,
                "stdin_add_newline": true,
                "strip_empty_ends": true
            }
        },
        "item": "k8s-master-03",
        "msg": "",
        "rc": 0,
        "start": "2026-09-12 06:32:47.348377",
        "stderr": "",
        "stderr_lines": [],
        "stdout": "PING 10.0.30.1 (10.0.30.1) 56(84) bytes of data.\n64 bytes from 10.0.30.1: icmp_seq=1 ttl=63 time=2.93 ms\n64 bytes from 10.0.30.1: icmp_seq=2 ttl=63 time=2.26 ms\n\n--- 10.0.30.1 ping statistics ---\n2 packets transmitted, 2 received, 0% packet loss, time 1001ms\nrtt min/avg/max/mdev = 2.262/2.594/2.926/0.332 ms",
        "stdout_lines": [
            "PING 10.0.30.1 (10.0.30.1) 56(84) bytes of data.",
            "64 bytes from 10.0.30.1: icmp_seq=1 ttl=63 time=2.93 ms",
            "64 bytes from 10.0.30.1: icmp_seq=2 ttl=63 time=2.26 ms",
            "",
            "--- 10.0.30.1 ping statistics ---",
            "2 packets transmitted, 2 received, 0% packet loss, time 1001ms",
            "rtt min/avg/max/mdev = 2.262/2.594/2.926/0.332 ms"
        ]
    },
    "msg": "k8s-db-03 reaches k8s-master-03 on the K8s cluster subnet"
}
failed: [osh-ctrl-02] (item=k8s-master-01) => {
    "ansible_loop_var": "item",
    "assertion": "item.rc == 0",
    "changed": false,
    "evaluated_to": false,
    "item": {
        "ansible_loop_var": "item",
        "attempts": 6,
        "changed": false,
        "cmd": [
            "ping",
            "-c",
            "2",
            "-W",
            "3",
            "10.0.10.1"
        ],
        "delta": "0:00:04.044286",
        "end": "2026-09-12 06:35:56.556127",
        "failed": true,
        "failed_when_result": false,
        "invocation": {
            "module_args": {
                "_raw_params": "ping -c 2 -W 3 10.0.10.1",
                "_uses_shell": false,
                "argv": null,
                "chdir": null,
                "creates": null,
                "executable": null,
                "expand_argument_vars": true,
                "removes": null,
                "stdin": null,
                "stdin_add_newline": true,
                "strip_empty_ends": true
            }
        },
        "item": "k8s-master-01",
        "msg": "non-zero return code",
        "rc": 1,
        "start": "2026-09-12 06:35:52.511841",
        "stderr": "",
        "stderr_lines": [],
        "stdout": "PING 10.0.10.1 (10.0.10.1) 56(84) bytes of data.\n\n--- 10.0.10.1 ping statistics ---\n2 packets transmitted, 0 received, 100% packet loss, time 1036ms",
        "stdout_lines": [
            "PING 10.0.10.1 (10.0.10.1) 56(84) bytes of data.",
            "",
            "--- 10.0.10.1 ping statistics ---",
            "2 packets transmitted, 0 received, 100% packet loss, time 1036ms"
        ]
    },
    "msg": "osh-ctrl-02 cannot reach cluster peer k8s-master-01 at 10.0.10.1.\nThe BGP-advertised K8s network is not usable yet for etcd or control-plane traffic.\nVerify netplan, FRR adjacency, prefix-lists, and the exact peer-to-peer BGP session.\n"
}
ok: [k8s-master-03] => (item=k8s-db-03) => {
    "ansible_loop_var": "item",
    "changed": false,
    "item": {
        "ansible_loop_var": "item",
        "attempts": 1,
        "changed": false,
        "cmd": [
            "ping",
            "-c",
            "2",
            "-W",
            "3",
            "10.0.30.2"
        ],
        "delta": "0:00:01.013611",
        "end": "2026-09-12 06:26:59.644935",
        "failed": false,
        "failed_when_result": false,
        "invocation": {
            "module_args": {
                "_raw_params": "ping -c 2 -W 3 10.0.30.2",
                "_uses_shell": false,
                "argv": null,
                "chdir": null,
                "creates": null,
                "executable": null,
                "expand_argument_vars": true,
                "removes": null,
                "stdin": null,
                "stdin_add_newline": true,
                "strip_empty_ends": true
            }
        },
        "item": "k8s-db-03",
        "msg": "",
        "rc": 0,
        "start": "2026-09-12 06:26:58.631324",
        "stderr": "",
        "stderr_lines": [],
        "stdout": "PING 10.0.30.2 (10.0.30.2) 56(84) bytes of data.\n64 bytes from 10.0.30.2: icmp_seq=1 ttl=63 time=2.42 ms\n64 bytes from 10.0.30.2: icmp_seq=2 ttl=63 time=2.82 ms\n\n--- 10.0.30.2 ping statistics ---\n2 packets transmitted, 2 received, 0% packet loss, time 1002ms\nrtt min/avg/max/mdev = 2.417/2.620/2.823/0.203 ms",
        "stdout_lines": [
            "PING 10.0.30.2 (10.0.30.2) 56(84) bytes of data.",
            "64 bytes from 10.0.30.2: icmp_seq=1 ttl=63 time=2.42 ms",
            "64 bytes from 10.0.30.2: icmp_seq=2 ttl=63 time=2.82 ms",
            "",
            "--- 10.0.30.2 ping statistics ---",
            "2 packets transmitted, 2 received, 0% packet loss, time 1002ms",
            "rtt min/avg/max/mdev = 2.417/2.620/2.823/0.203 ms"
        ]
    },
    "msg": "k8s-master-03 reaches k8s-db-03 on the K8s cluster subnet"
}
ok: [osh-ctrl-01] => (item=k8s-master-03) => {
    "ansible_loop_var": "item",
    "changed": false,
    "item": {
        "ansible_loop_var": "item",
        "attempts": 1,
        "changed": false,
        "cmd": [
            "ping",
            "-c",
            "2",
            "-W",
            "3",
            "10.0.30.1"
        ],
        "delta": "0:00:01.021466",
        "end": "2026-09-12 06:35:41.643188",
        "failed": false,
        "failed_when_result": false,
        "invocation": {
            "module_args": {
                "_raw_params": "ping -c 2 -W 3 10.0.30.1",
                "_uses_shell": false,
                "argv": null,
                "chdir": null,
                "creates": null,
                "executable": null,
                "expand_argument_vars": true,
                "removes": null,
                "stdin": null,
                "stdin_add_newline": true,
                "strip_empty_ends": true
            }
        },
        "item": "k8s-master-03",
        "msg": "",
        "rc": 0,
        "start": "2026-09-12 06:35:40.621722",
        "stderr": "",
        "stderr_lines": [],
        "stdout": "PING 10.0.30.1 (10.0.30.1) 56(84) bytes of data.\n64 bytes from 10.0.30.1: icmp_seq=1 ttl=61 time=5.76 ms\n64 bytes from 10.0.30.1: icmp_seq=2 ttl=61 time=9.46 ms\n\n--- 10.0.30.1 ping statistics ---\n2 packets transmitted, 2 received, 0% packet loss, time 1002ms\nrtt min/avg/max/mdev = 5.760/7.612/9.464/1.852 ms",
        "stdout_lines": [
            "PING 10.0.30.1 (10.0.30.1) 56(84) bytes of data.",
            "64 bytes from 10.0.30.1: icmp_seq=1 ttl=61 time=5.76 ms",
            "64 bytes from 10.0.30.1: icmp_seq=2 ttl=61 time=9.46 ms",
            "",
            "--- 10.0.30.1 ping statistics ---",
            "2 packets transmitted, 2 received, 0% packet loss, time 1002ms",
            "rtt min/avg/max/mdev = 5.760/7.612/9.464/1.852 ms"
        ]
    },
    "msg": "osh-ctrl-01 reaches k8s-master-03 on the K8s cluster subnet"
}
ok: [k8s-db-02] => (item=k8s-db-03) => {
    "ansible_loop_var": "item",
    "changed": false,
    "item": {
        "ansible_loop_var": "item",
        "attempts": 1,
        "changed": false,
        "cmd": [
            "ping",
            "-c",
            "2",
            "-W",
            "3",
            "10.0.30.2"
        ],
        "delta": "0:00:01.016011",
        "end": "2026-09-12 06:25:08.335028",
        "failed": false,
        "failed_when_result": false,
        "invocation": {
            "module_args": {
                "_raw_params": "ping -c 2 -W 3 10.0.30.2",
                "_uses_shell": false,
                "argv": null,
                "chdir": null,
                "creates": null,
                "executable": null,
                "expand_argument_vars": true,
                "removes": null,
                "stdin": null,
                "stdin_add_newline": true,
                "strip_empty_ends": true
            }
        },
        "item": "k8s-db-03",
        "msg": "",
        "rc": 0,
        "start": "2026-09-12 06:25:07.319017",
        "stderr": "",
        "stderr_lines": [],
        "stdout": "PING 10.0.30.2 (10.0.30.2) 56(84) bytes of data.\n64 bytes from 10.0.30.2: icmp_seq=1 ttl=61 time=6.54 ms\n64 bytes from 10.0.30.2: icmp_seq=2 ttl=61 time=5.83 ms\n\n--- 10.0.30.2 ping statistics ---\n2 packets transmitted, 2 received, 0% packet loss, time 1001ms\nrtt min/avg/max/mdev = 5.830/6.186/6.542/0.356 ms",
        "stdout_lines": [
            "PING 10.0.30.2 (10.0.30.2) 56(84) bytes of data.",
            "64 bytes from 10.0.30.2: icmp_seq=1 ttl=61 time=6.54 ms",
            "64 bytes from 10.0.30.2: icmp_seq=2 ttl=61 time=5.83 ms",
            "",
            "--- 10.0.30.2 ping statistics ---",
            "2 packets transmitted, 2 received, 0% packet loss, time 1001ms",
            "rtt min/avg/max/mdev = 5.830/6.186/6.542/0.356 ms"
        ]
    },
    "msg": "k8s-db-02 reaches k8s-db-03 on the K8s cluster subnet"
}
failed: [k8s-db-03] (item=k8s-db-01) => {
    "ansible_loop_var": "item",
    "assertion": "item.rc == 0",
    "changed": false,
    "evaluated_to": false,
    "item": {
        "ansible_loop_var": "item",
        "attempts": 6,
        "changed": false,
        "cmd": [
            "ping",
            "-c",
            "2",
            "-W",
            "3",
            "10.0.10.2"
        ],
        "delta": "0:00:04.058206",
        "end": "2026-09-12 06:34:30.280697",
        "failed": true,
        "failed_when_result": false,
        "invocation": {
            "module_args": {
                "_raw_params": "ping -c 2 -W 3 10.0.10.2",
                "_uses_shell": false,
                "argv": null,
                "chdir": null,
                "creates": null,
                "executable": null,
                "expand_argument_vars": true,
                "removes": null,
                "stdin": null,
                "stdin_add_newline": true,
                "strip_empty_ends": true
            }
        },
        "item": "k8s-db-01",
        "msg": "non-zero return code",
        "rc": 1,
        "start": "2026-09-12 06:34:26.222491",
        "stderr": "",
        "stderr_lines": [],
        "stdout": "PING 10.0.10.2 (10.0.10.2) 56(84) bytes of data.\n\n--- 10.0.10.2 ping statistics ---\n2 packets transmitted, 0 received, 100% packet loss, time 1048ms",
        "stdout_lines": [
            "PING 10.0.10.2 (10.0.10.2) 56(84) bytes of data.",
            "",
            "--- 10.0.10.2 ping statistics ---",
            "2 packets transmitted, 0 received, 100% packet loss, time 1048ms"
        ]
    },
    "msg": "k8s-db-03 cannot reach cluster peer k8s-db-01 at 10.0.10.2.\nThe BGP-advertised K8s network is not usable yet for etcd or control-plane traffic.\nVerify netplan, FRR adjacency, prefix-lists, and the exact peer-to-peer BGP session.\n"
}
ok: [osh-ctrl-02] => (item=k8s-master-02) => {
    "ansible_loop_var": "item",
    "changed": false,
    "item": {
        "ansible_loop_var": "item",
        "attempts": 1,
        "changed": false,
        "cmd": [
            "ping",
            "-c",
            "2",
            "-W",
            "3",
            "10.0.20.1"
        ],
        "delta": "0:00:01.013116",
        "end": "2026-09-12 06:35:59.213360",
        "failed": false,
        "failed_when_result": false,
        "invocation": {
            "module_args": {
                "_raw_params": "ping -c 2 -W 3 10.0.20.1",
                "_uses_shell": false,
                "argv": null,
                "chdir": null,
                "creates": null,
                "executable": null,
                "expand_argument_vars": true,
                "removes": null,
                "stdin": null,
                "stdin_add_newline": true,
                "strip_empty_ends": true
            }
        },
        "item": "k8s-master-02",
        "msg": "",
        "rc": 0,
        "start": "2026-09-12 06:35:58.200244",
        "stderr": "",
        "stderr_lines": [],
        "stdout": "PING 10.0.20.1 (10.0.20.1) 56(84) bytes of data.\n64 bytes from 10.0.20.1: icmp_seq=1 ttl=63 time=2.35 ms\n64 bytes from 10.0.20.1: icmp_seq=2 ttl=63 time=2.68 ms\n\n--- 10.0.20.1 ping statistics ---\n2 packets transmitted, 2 received, 0% packet loss, time 1002ms\nrtt min/avg/max/mdev = 2.353/2.515/2.677/0.162 ms",
        "stdout_lines": [
            "PING 10.0.20.1 (10.0.20.1) 56(84) bytes of data.",
            "64 bytes from 10.0.20.1: icmp_seq=1 ttl=63 time=2.35 ms",
            "64 bytes from 10.0.20.1: icmp_seq=2 ttl=63 time=2.68 ms",
            "",
            "--- 10.0.20.1 ping statistics ---",
            "2 packets transmitted, 2 received, 0% packet loss, time 1002ms",
            "rtt min/avg/max/mdev = 2.353/2.515/2.677/0.162 ms"
        ]
    },
    "msg": "osh-ctrl-02 reaches k8s-master-02 on the K8s cluster subnet"
}
ok: [k8s-db-03] => (item=k8s-db-02) => {
    "ansible_loop_var": "item",
    "changed": false,
    "item": {
        "ansible_loop_var": "item",
        "attempts": 1,
        "changed": false,
        "cmd": [
            "ping",
            "-c",
            "2",
            "-W",
            "3",
            "10.0.20.2"
        ],
        "delta": "0:00:01.017583",
        "end": "2026-09-12 06:34:33.081755",
        "failed": false,
        "failed_when_result": false,
        "invocation": {
            "module_args": {
                "_raw_params": "ping -c 2 -W 3 10.0.20.2",
                "_uses_shell": false,
                "argv": null,
                "chdir": null,
                "creates": null,
                "executable": null,
                "expand_argument_vars": true,
                "removes": null,
                "stdin": null,
                "stdin_add_newline": true,
                "strip_empty_ends": true
            }
        },
        "item": "k8s-db-02",
        "msg": "",
        "rc": 0,
        "start": "2026-09-12 06:34:32.064172",
        "stderr": "",
        "stderr_lines": [],
        "stdout": "PING 10.0.20.2 (10.0.20.2) 56(84) bytes of data.\n64 bytes from 10.0.20.2: icmp_seq=1 ttl=61 time=6.61 ms\n64 bytes from 10.0.20.2: icmp_seq=2 ttl=61 time=6.38 ms\n\n--- 10.0.20.2 ping statistics ---\n2 packets transmitted, 2 received, 0% packet loss, time 1002ms\nrtt min/avg/max/mdev = 6.381/6.494/6.608/0.113 ms",
        "stdout_lines": [
            "PING 10.0.20.2 (10.0.20.2) 56(84) bytes of data.",
            "64 bytes from 10.0.20.2: icmp_seq=1 ttl=61 time=6.61 ms",
            "64 bytes from 10.0.20.2: icmp_seq=2 ttl=61 time=6.38 ms",
            "",
            "--- 10.0.20.2 ping statistics ---",
            "2 packets transmitted, 2 received, 0% packet loss, time 1002ms",
            "rtt min/avg/max/mdev = 6.381/6.494/6.608/0.113 ms"
        ]
    },
    "msg": "k8s-db-03 reaches k8s-db-02 on the K8s cluster subnet"
}
failed: [k8s-master-03] (item=osh-ctrl-01) => {
    "ansible_loop_var": "item",
    "assertion": "item.rc == 0",
    "changed": false,
    "evaluated_to": false,
    "item": {
        "ansible_loop_var": "item",
        "attempts": 6,
        "changed": false,
        "cmd": [
            "ping",
            "-c",
            "2",
            "-W",
            "3",
            "10.0.10.3"
        ],
        "delta": "0:00:04.020931",
        "end": "2026-09-12 06:28:43.570627",
        "failed": true,
        "failed_when_result": false,
        "invocation": {
            "module_args": {
                "_raw_params": "ping -c 2 -W 3 10.0.10.3",
                "_uses_shell": false,
                "argv": null,
                "chdir": null,
                "creates": null,
                "executable": null,
                "expand_argument_vars": true,
                "removes": null,
                "stdin": null,
                "stdin_add_newline": true,
                "strip_empty_ends": true
            }
        },
        "item": "osh-ctrl-01",
        "msg": "non-zero return code",
        "rc": 1,
        "start": "2026-09-12 06:28:39.549696",
        "stderr": "",
        "stderr_lines": [],
        "stdout": "PING 10.0.10.3 (10.0.10.3) 56(84) bytes of data.\n\n--- 10.0.10.3 ping statistics ---\n2 packets transmitted, 0 received, 100% packet loss, time 1009ms",
        "stdout_lines": [
            "PING 10.0.10.3 (10.0.10.3) 56(84) bytes of data.",
            "",
            "--- 10.0.10.3 ping statistics ---",
            "2 packets transmitted, 0 received, 100% packet loss, time 1009ms"
        ]
    },
    "msg": "k8s-master-03 cannot reach cluster peer osh-ctrl-01 at 10.0.10.3.\nThe BGP-advertised K8s network is not usable yet for etcd or control-plane traffic.\nVerify netplan, FRR adjacency, prefix-lists, and the exact peer-to-peer BGP session.\n"
}
failed: [k8s-db-02] (item=osh-ctrl-01) => {
    "ansible_loop_var": "item",
    "assertion": "item.rc == 0",
    "changed": false,
    "evaluated_to": false,
    "item": {
        "ansible_loop_var": "item",
        "attempts": 6,
        "changed": false,
        "cmd": [
            "ping",
            "-c",
            "2",
            "-W",
            "3",
            "10.0.10.3"
        ],
        "delta": "0:00:04.040674",
        "end": "2026-09-12 06:26:50.313562",
        "failed": true,
        "failed_when_result": false,
        "invocation": {
            "module_args": {
                "_raw_params": "ping -c 2 -W 3 10.0.10.3",
                "_uses_shell": false,
                "argv": null,
                "chdir": null,
                "creates": null,
                "executable": null,
                "expand_argument_vars": true,
                "removes": null,
                "stdin": null,
                "stdin_add_newline": true,
                "strip_empty_ends": true
            }
        },
        "item": "osh-ctrl-01",
        "msg": "non-zero return code",
        "rc": 1,
        "start": "2026-09-12 06:26:46.272888",
        "stderr": "",
        "stderr_lines": [],
        "stdout": "PING 10.0.10.3 (10.0.10.3) 56(84) bytes of data.\n\n--- 10.0.10.3 ping statistics ---\n2 packets transmitted, 0 received, 100% packet loss, time 1033ms",
        "stdout_lines": [
            "PING 10.0.10.3 (10.0.10.3) 56(84) bytes of data.",
            "",
            "--- 10.0.10.3 ping statistics ---",
            "2 packets transmitted, 0 received, 100% packet loss, time 1033ms"
        ]
    },
    "msg": "k8s-db-02 cannot reach cluster peer osh-ctrl-01 at 10.0.10.3.\nThe BGP-advertised K8s network is not usable yet for etcd or control-plane traffic.\nVerify netplan, FRR adjacency, prefix-lists, and the exact peer-to-peer BGP session.\n"
}
ok: [osh-ctrl-01] => (item=k8s-db-01) => {
    "ansible_loop_var": "item",
    "changed": false,
    "item": {
        "ansible_loop_var": "item",
        "attempts": 1,
        "changed": false,
        "cmd": [
            "ping",
            "-c",
            "2",
            "-W",
            "3",
            "10.0.10.2"
        ],
        "delta": "0:00:01.013377",
        "end": "2026-09-12 06:35:44.624562",
        "failed": false,
        "failed_when_result": false,
        "invocation": {
            "module_args": {
                "_raw_params": "ping -c 2 -W 3 10.0.10.2",
                "_uses_shell": false,
                "argv": null,
                "chdir": null,
                "creates": null,
                "executable": null,
                "expand_argument_vars": true,
                "removes": null,
                "stdin": null,
                "stdin_add_newline": true,
                "strip_empty_ends": true
            }
        },
        "item": "k8s-db-01",
        "msg": "",
        "rc": 0,
        "start": "2026-09-12 06:35:43.611185",
        "stderr": "",
        "stderr_lines": [],
        "stdout": "PING 10.0.10.2 (10.0.10.2) 56(84) bytes of data.\n64 bytes from 10.0.10.2: icmp_seq=1 ttl=63 time=3.28 ms\n64 bytes from 10.0.10.2: icmp_seq=2 ttl=63 time=3.31 ms\n\n--- 10.0.10.2 ping statistics ---\n2 packets transmitted, 2 received, 0% packet loss, time 1002ms\nrtt min/avg/max/mdev = 3.283/3.295/3.308/0.012 ms",
        "stdout_lines": [
            "PING 10.0.10.2 (10.0.10.2) 56(84) bytes of data.",
            "64 bytes from 10.0.10.2: icmp_seq=1 ttl=63 time=3.28 ms",
            "64 bytes from 10.0.10.2: icmp_seq=2 ttl=63 time=3.31 ms",
            "",
            "--- 10.0.10.2 ping statistics ---",
            "2 packets transmitted, 2 received, 0% packet loss, time 1002ms",
            "rtt min/avg/max/mdev = 3.283/3.295/3.308/0.012 ms"
        ]
    },
    "msg": "osh-ctrl-01 reaches k8s-db-01 on the K8s cluster subnet"
}
failed: [k8s-master-03] (item=osh-ctrl-02) => {
    "ansible_loop_var": "item",
    "assertion": "item.rc == 0",
    "changed": false,
    "evaluated_to": false,
    "item": {
        "ansible_loop_var": "item",
        "attempts": 6,
        "changed": false,
        "cmd": [
            "ping",
            "-c",
            "2",
            "-W",
            "3",
            "10.0.20.3"
        ],
        "delta": "0:00:04.022956",
        "end": "2026-09-12 06:30:26.866646",
        "failed": true,
        "failed_when_result": false,
        "invocation": {
            "module_args": {
                "_raw_params": "ping -c 2 -W 3 10.0.20.3",
                "_uses_shell": false,
                "argv": null,
                "chdir": null,
                "creates": null,
                "executable": null,
                "expand_argument_vars": true,
                "removes": null,
                "stdin": null,
                "stdin_add_newline": true,
                "strip_empty_ends": true
            }
        },
        "item": "osh-ctrl-02",
        "msg": "non-zero return code",
        "rc": 1,
        "start": "2026-09-12 06:30:22.843690",
        "stderr": "",
        "stderr_lines": [],
        "stdout": "PING 10.0.20.3 (10.0.20.3) 56(84) bytes of data.\n\n--- 10.0.20.3 ping statistics ---\n2 packets transmitted, 0 received, 100% packet loss, time 1015ms",
        "stdout_lines": [
            "PING 10.0.20.3 (10.0.20.3) 56(84) bytes of data.",
            "",
            "--- 10.0.20.3 ping statistics ---",
            "2 packets transmitted, 0 received, 100% packet loss, time 1015ms"
        ]
    },
    "msg": "k8s-master-03 cannot reach cluster peer osh-ctrl-02 at 10.0.20.3.\nThe BGP-advertised K8s network is not usable yet for etcd or control-plane traffic.\nVerify netplan, FRR adjacency, prefix-lists, and the exact peer-to-peer BGP session.\n"
}
failed: [k8s-db-03] (item=osh-ctrl-01) => {
    "ansible_loop_var": "item",
    "assertion": "item.rc == 0",
    "changed": false,
    "evaluated_to": false,
    "item": {
        "ansible_loop_var": "item",
        "attempts": 6,
        "changed": false,
        "cmd": [
            "ping",
            "-c",
            "2",
            "-W",
            "3",
            "10.0.10.3"
        ],
        "delta": "0:00:04.072622",
        "end": "2026-09-12 06:36:14.600798",
        "failed": true,
        "failed_when_result": false,
        "invocation": {
            "module_args": {
                "_raw_params": "ping -c 2 -W 3 10.0.10.3",
                "_uses_shell": false,
                "argv": null,
                "chdir": null,
                "creates": null,
                "executable": null,
                "expand_argument_vars": true,
                "removes": null,
                "stdin": null,
                "stdin_add_newline": true,
                "strip_empty_ends": true
            }
        },
        "item": "osh-ctrl-01",
        "msg": "non-zero return code",
        "rc": 1,
        "start": "2026-09-12 06:36:10.528176",
        "stderr": "",
        "stderr_lines": [],
        "stdout": "PING 10.0.10.3 (10.0.10.3) 56(84) bytes of data.\n\n--- 10.0.10.3 ping statistics ---\n2 packets transmitted, 0 received, 100% packet loss, time 1063ms",
        "stdout_lines": [
            "PING 10.0.10.3 (10.0.10.3) 56(84) bytes of data.",
            "",
            "--- 10.0.10.3 ping statistics ---",
            "2 packets transmitted, 0 received, 100% packet loss, time 1063ms"
        ]
    },
    "msg": "k8s-db-03 cannot reach cluster peer osh-ctrl-01 at 10.0.10.3.\nThe BGP-advertised K8s network is not usable yet for etcd or control-plane traffic.\nVerify netplan, FRR adjacency, prefix-lists, and the exact peer-to-peer BGP session.\n"
}
failed: [osh-ctrl-02] (item=k8s-master-03) => {
    "ansible_loop_var": "item",
    "assertion": "item.rc == 0",
    "changed": false,
    "evaluated_to": false,
    "item": {
        "ansible_loop_var": "item",
        "attempts": 6,
        "changed": false,
        "cmd": [
            "ping",
            "-c",
            "2",
            "-W",
            "3",
            "10.0.30.1"
        ],
        "delta": "0:00:04.024993",
        "end": "2026-09-12 06:37:44.396637",
        "failed": true,
        "failed_when_result": false,
        "invocation": {
            "module_args": {
                "_raw_params": "ping -c 2 -W 3 10.0.30.1",
                "_uses_shell": false,
                "argv": null,
                "chdir": null,
                "creates": null,
                "executable": null,
                "expand_argument_vars": true,
                "removes": null,
                "stdin": null,
                "stdin_add_newline": true,
                "strip_empty_ends": true
            }
        },
        "item": "k8s-master-03",
        "msg": "non-zero return code",
        "rc": 1,
        "start": "2026-09-12 06:37:40.371644",
        "stderr": "",
        "stderr_lines": [],
        "stdout": "PING 10.0.30.1 (10.0.30.1) 56(84) bytes of data.\n\n--- 10.0.30.1 ping statistics ---\n2 packets transmitted, 0 received, 100% packet loss, time 1014ms",
        "stdout_lines": [
            "PING 10.0.30.1 (10.0.30.1) 56(84) bytes of data.",
            "",
            "--- 10.0.30.1 ping statistics ---",
            "2 packets transmitted, 0 received, 100% packet loss, time 1014ms"
        ]
    },
    "msg": "osh-ctrl-02 cannot reach cluster peer k8s-master-03 at 10.0.30.1.\nThe BGP-advertised K8s network is not usable yet for etcd or control-plane traffic.\nVerify netplan, FRR adjacency, prefix-lists, and the exact peer-to-peer BGP session.\n"
}
ok: [k8s-db-02] => (item=osh-ctrl-02) => {
    "ansible_loop_var": "item",
    "changed": false,
    "item": {
        "ansible_loop_var": "item",
        "attempts": 1,
        "changed": false,
        "cmd": [
            "ping",
            "-c",
            "2",
            "-W",
            "3",
            "10.0.20.3"
        ],
        "delta": "0:00:01.014458",
        "end": "2026-09-12 06:26:53.900334",
        "failed": false,
        "failed_when_result": false,
        "invocation": {
            "module_args": {
                "_raw_params": "ping -c 2 -W 3 10.0.20.3",
                "_uses_shell": false,
                "argv": null,
                "chdir": null,
                "creates": null,
                "executable": null,
                "expand_argument_vars": true,
                "removes": null,
                "stdin": null,
                "stdin_add_newline": true,
                "strip_empty_ends": true
            }
        },
        "item": "osh-ctrl-02",
        "msg": "",
        "rc": 0,
        "start": "2026-09-12 06:26:52.885876",
        "stderr": "",
        "stderr_lines": [],
        "stdout": "PING 10.0.20.3 (10.0.20.3) 56(84) bytes of data.\n64 bytes from 10.0.20.3: icmp_seq=1 ttl=63 time=3.51 ms\n64 bytes from 10.0.20.3: icmp_seq=2 ttl=63 time=2.78 ms\n\n--- 10.0.20.3 ping statistics ---\n2 packets transmitted, 2 received, 0% packet loss, time 1002ms\nrtt min/avg/max/mdev = 2.775/3.142/3.509/0.367 ms",
        "stdout_lines": [
            "PING 10.0.20.3 (10.0.20.3) 56(84) bytes of data.",
            "64 bytes from 10.0.20.3: icmp_seq=1 ttl=63 time=3.51 ms",
            "64 bytes from 10.0.20.3: icmp_seq=2 ttl=63 time=2.78 ms",
            "",
            "--- 10.0.20.3 ping statistics ---",
            "2 packets transmitted, 2 received, 0% packet loss, time 1002ms",
            "rtt min/avg/max/mdev = 2.775/3.142/3.509/0.367 ms"
        ]
    },
    "msg": "k8s-db-02 reaches osh-ctrl-02 on the K8s cluster subnet"
}
ok: [osh-ctrl-01] => (item=k8s-db-02) => {
    "ansible_loop_var": "item",
    "changed": false,
    "item": {
        "ansible_loop_var": "item",
        "attempts": 1,
        "changed": false,
        "cmd": [
            "ping",
            "-c",
            "2",
            "-W",
            "3",
            "10.0.20.2"
        ],
        "delta": "0:00:01.018666",
        "end": "2026-09-12 06:35:47.301008",
        "failed": false,
        "failed_when_result": false,
        "invocation": {
            "module_args": {
                "_raw_params": "ping -c 2 -W 3 10.0.20.2",
                "_uses_shell": false,
                "argv": null,
                "chdir": null,
                "creates": null,
                "executable": null,
                "expand_argument_vars": true,
                "removes": null,
                "stdin": null,
                "stdin_add_newline": true,
                "strip_empty_ends": true
            }
        },
        "item": "k8s-db-02",
        "msg": "",
        "rc": 0,
        "start": "2026-09-12 06:35:46.282342",
        "stderr": "",
        "stderr_lines": [],
        "stdout": "PING 10.0.20.2 (10.0.20.2) 56(84) bytes of data.\n64 bytes from 10.0.20.2: icmp_seq=1 ttl=61 time=8.63 ms\n64 bytes from 10.0.20.2: icmp_seq=2 ttl=61 time=5.40 ms\n\n--- 10.0.20.2 ping statistics ---\n2 packets transmitted, 2 received, 0% packet loss, time 1002ms\nrtt min/avg/max/mdev = 5.398/7.013/8.628/1.615 ms",
        "stdout_lines": [
            "PING 10.0.20.2 (10.0.20.2) 56(84) bytes of data.",
            "64 bytes from 10.0.20.2: icmp_seq=1 ttl=61 time=8.63 ms",
            "64 bytes from 10.0.20.2: icmp_seq=2 ttl=61 time=5.40 ms",
            "",
            "--- 10.0.20.2 ping statistics ---",
            "2 packets transmitted, 2 received, 0% packet loss, time 1002ms",
            "rtt min/avg/max/mdev = 5.398/7.013/8.628/1.615 ms"
        ]
    },
    "msg": "osh-ctrl-01 reaches k8s-db-02 on the K8s cluster subnet"
}
failed: [k8s-db-03] (item=osh-ctrl-02) => {
    "ansible_loop_var": "item",
    "assertion": "item.rc == 0",
    "changed": false,
    "evaluated_to": false,
    "item": {
        "ansible_loop_var": "item",
        "attempts": 6,
        "changed": false,
        "cmd": [
            "ping",
            "-c",
            "2",
            "-W",
            "3",
            "10.0.20.3"
        ],
        "delta": "0:00:04.016270",
        "end": "2026-09-12 06:37:54.632865",
        "failed": true,
        "failed_when_result": false,
        "invocation": {
            "module_args": {
                "_raw_params": "ping -c 2 -W 3 10.0.20.3",
                "_uses_shell": false,
                "argv": null,
                "chdir": null,
                "creates": null,
                "executable": null,
                "expand_argument_vars": true,
                "removes": null,
                "stdin": null,
                "stdin_add_newline": true,
                "strip_empty_ends": true
            }
        },
        "item": "osh-ctrl-02",
        "msg": "non-zero return code",
        "rc": 1,
        "start": "2026-09-12 06:37:50.616595",
        "stderr": "",
        "stderr_lines": [],
        "stdout": "PING 10.0.20.3 (10.0.20.3) 56(84) bytes of data.\n\n--- 10.0.20.3 ping statistics ---\n2 packets transmitted, 0 received, 100% packet loss, time 1006ms",
        "stdout_lines": [
            "PING 10.0.20.3 (10.0.20.3) 56(84) bytes of data.",
            "",
            "--- 10.0.20.3 ping statistics ---",
            "2 packets transmitted, 0 received, 100% packet loss, time 1006ms"
        ]
    },
    "msg": "k8s-db-03 cannot reach cluster peer osh-ctrl-02 at 10.0.20.3.\nThe BGP-advertised K8s network is not usable yet for etcd or control-plane traffic.\nVerify netplan, FRR adjacency, prefix-lists, and the exact peer-to-peer BGP session.\n"
}
failed: [osh-ctrl-02] (item=k8s-db-01) => {
    "ansible_loop_var": "item",
    "assertion": "item.rc == 0",
    "changed": false,
    "evaluated_to": false,
    "item": {
        "ansible_loop_var": "item",
        "attempts": 6,
        "changed": false,
        "cmd": [
            "ping",
            "-c",
            "2",
            "-W",
            "3",
            "10.0.10.2"
        ],
        "delta": "0:00:04.064582",
        "end": "2026-09-12 06:39:28.652428",
        "failed": true,
        "failed_when_result": false,
        "invocation": {
            "module_args": {
                "_raw_params": "ping -c 2 -W 3 10.0.10.2",
                "_uses_shell": false,
                "argv": null,
                "chdir": null,
                "creates": null,
                "executable": null,
                "expand_argument_vars": true,
                "removes": null,
                "stdin": null,
                "stdin_add_newline": true,
                "strip_empty_ends": true
            }
        },
        "item": "k8s-db-01",
        "msg": "non-zero return code",
        "rc": 1,
        "start": "2026-09-12 06:39:24.587846",
        "stderr": "",
        "stderr_lines": [],
        "stdout": "PING 10.0.10.2 (10.0.10.2) 56(84) bytes of data.\n\n--- 10.0.10.2 ping statistics ---\n2 packets transmitted, 0 received, 100% packet loss, time 1054ms",
        "stdout_lines": [
            "PING 10.0.10.2 (10.0.10.2) 56(84) bytes of data.",
            "",
            "--- 10.0.10.2 ping statistics ---",
            "2 packets transmitted, 0 received, 100% packet loss, time 1054ms"
        ]
    },
    "msg": "osh-ctrl-02 cannot reach cluster peer k8s-db-01 at 10.0.10.2.\nThe BGP-advertised K8s network is not usable yet for etcd or control-plane traffic.\nVerify netplan, FRR adjacency, prefix-lists, and the exact peer-to-peer BGP session.\n"
}
ok: [k8s-master-03] => (item=osh-ctrl-03) => {
    "ansible_loop_var": "item",
    "changed": false,
    "item": {
        "ansible_loop_var": "item",
        "attempts": 1,
        "changed": false,
        "cmd": [
            "ping",
            "-c",
            "2",
            "-W",
            "3",
            "10.0.30.3"
        ],
        "delta": "0:00:01.013638",
        "end": "2026-09-12 06:30:31.335529",
        "failed": false,
        "failed_when_result": false,
        "invocation": {
            "module_args": {
                "_raw_params": "ping -c 2 -W 3 10.0.30.3",
                "_uses_shell": false,
                "argv": null,
                "chdir": null,
                "creates": null,
                "executable": null,
                "expand_argument_vars": true,
                "removes": null,
                "stdin": null,
                "stdin_add_newline": true,
                "strip_empty_ends": true
            }
        },
        "item": "osh-ctrl-03",
        "msg": "",
        "rc": 0,
        "start": "2026-09-12 06:30:30.321891",
        "stderr": "",
        "stderr_lines": [],
        "stdout": "PING 10.0.30.3 (10.0.30.3) 56(84) bytes of data.\n64 bytes from 10.0.30.3: icmp_seq=1 ttl=63 time=2.93 ms\n64 bytes from 10.0.30.3: icmp_seq=2 ttl=63 time=2.35 ms\n\n--- 10.0.30.3 ping statistics ---\n2 packets transmitted, 2 received, 0% packet loss, time 1001ms\nrtt min/avg/max/mdev = 2.346/2.639/2.932/0.293 ms",
        "stdout_lines": [
            "PING 10.0.30.3 (10.0.30.3) 56(84) bytes of data.",
            "64 bytes from 10.0.30.3: icmp_seq=1 ttl=63 time=2.93 ms",
            "64 bytes from 10.0.30.3: icmp_seq=2 ttl=63 time=2.35 ms",
            "",
            "--- 10.0.30.3 ping statistics ---",
            "2 packets transmitted, 2 received, 0% packet loss, time 1001ms",
            "rtt min/avg/max/mdev = 2.346/2.639/2.932/0.293 ms"
        ]
    },
    "msg": "k8s-master-03 reaches osh-ctrl-03 on the K8s cluster subnet"
}
failed: [k8s-db-02] (item=osh-ctrl-03) => {
    "ansible_loop_var": "item",
    "assertion": "item.rc == 0",
    "changed": false,
    "evaluated_to": false,
    "item": {
        "ansible_loop_var": "item",
        "attempts": 6,
        "changed": false,
        "cmd": [
            "ping",
            "-c",
            "2",
            "-W",
            "3",
            "10.0.30.3"
        ],
        "delta": "0:00:04.052169",
        "end": "2026-09-12 06:28:34.441628",
        "failed": true,
        "failed_when_result": false,
        "invocation": {
            "module_args": {
                "_raw_params": "ping -c 2 -W 3 10.0.30.3",
                "_uses_shell": false,
                "argv": null,
                "chdir": null,
                "creates": null,
                "executable": null,
                "expand_argument_vars": true,
                "removes": null,
                "stdin": null,
                "stdin_add_newline": true,
                "strip_empty_ends": true
            }
        },
        "item": "osh-ctrl-03",
        "msg": "non-zero return code",
        "rc": 1,
        "start": "2026-09-12 06:28:30.389459",
        "stderr": "",
        "stderr_lines": [],
        "stdout": "PING 10.0.30.3 (10.0.30.3) 56(84) bytes of data.\n\n--- 10.0.30.3 ping statistics ---\n2 packets transmitted, 0 received, 100% packet loss, time 1043ms",
        "stdout_lines": [
            "PING 10.0.30.3 (10.0.30.3) 56(84) bytes of data.",
            "",
            "--- 10.0.30.3 ping statistics ---",
            "2 packets transmitted, 0 received, 100% packet loss, time 1043ms"
        ]
    },
    "msg": "k8s-db-02 cannot reach cluster peer osh-ctrl-03 at 10.0.30.3.\nThe BGP-advertised K8s network is not usable yet for etcd or control-plane traffic.\nVerify netplan, FRR adjacency, prefix-lists, and the exact peer-to-peer BGP session.\n"
}
failed: [osh-ctrl-01] (item=k8s-db-03) => {
    "ansible_loop_var": "item",
    "assertion": "item.rc == 0",
    "changed": false,
    "evaluated_to": false,
    "item": {
        "ansible_loop_var": "item",
        "attempts": 6,
        "changed": false,
        "cmd": [
            "ping",
            "-c",
            "2",
            "-W",
            "3",
            "10.0.30.2"
        ],
        "delta": "0:00:04.045371",
        "end": "2026-09-12 06:37:28.098056",
        "failed": true,
        "failed_when_result": false,
        "invocation": {
            "module_args": {
                "_raw_params": "ping -c 2 -W 3 10.0.30.2",
                "_uses_shell": false,
                "argv": null,
                "chdir": null,
                "creates": null,
                "executable": null,
                "expand_argument_vars": true,
                "removes": null,
                "stdin": null,
                "stdin_add_newline": true,
                "strip_empty_ends": true
            }
        },
        "item": "k8s-db-03",
        "msg": "non-zero return code",
        "rc": 1,
        "start": "2026-09-12 06:37:24.052685",
        "stderr": "",
        "stderr_lines": [],
        "stdout": "PING 10.0.30.2 (10.0.30.2) 56(84) bytes of data.\n\n--- 10.0.30.2 ping statistics ---\n2 packets transmitted, 0 received, 100% packet loss, time 1036ms",
        "stdout_lines": [
            "PING 10.0.30.2 (10.0.30.2) 56(84) bytes of data.",
            "",
            "--- 10.0.30.2 ping statistics ---",
            "2 packets transmitted, 0 received, 100% packet loss, time 1036ms"
        ]
    },
    "msg": "osh-ctrl-01 cannot reach cluster peer k8s-db-03 at 10.0.30.2.\nThe BGP-advertised K8s network is not usable yet for etcd or control-plane traffic.\nVerify netplan, FRR adjacency, prefix-lists, and the exact peer-to-peer BGP session.\n"
}
ok: [osh-ctrl-02] => (item=k8s-db-02) => {
    "ansible_loop_var": "item",
    "changed": false,
    "item": {
        "ansible_loop_var": "item",
        "attempts": 1,
        "changed": false,
        "cmd": [
            "ping",
            "-c",
            "2",
            "-W",
            "3",
            "10.0.20.2"
        ],
        "delta": "0:00:01.013330",
        "end": "2026-09-12 06:39:31.257494",
        "failed": false,
        "failed_when_result": false,
        "invocation": {
            "module_args": {
                "_raw_params": "ping -c 2 -W 3 10.0.20.2",
                "_uses_shell": false,
                "argv": null,
                "chdir": null,
                "creates": null,
                "executable": null,
                "expand_argument_vars": true,
                "removes": null,
                "stdin": null,
                "stdin_add_newline": true,
                "strip_empty_ends": true
            }
        },
        "item": "k8s-db-02",
        "msg": "",
        "rc": 0,
        "start": "2026-09-12 06:39:30.244164",
        "stderr": "",
        "stderr_lines": [],
        "stdout": "PING 10.0.20.2 (10.0.20.2) 56(84) bytes of data.\n64 bytes from 10.0.20.2: icmp_seq=1 ttl=63 time=3.53 ms\n64 bytes from 10.0.20.2: icmp_seq=2 ttl=63 time=3.08 ms\n\n--- 10.0.20.2 ping statistics ---\n2 packets transmitted, 2 received, 0% packet loss, time 1002ms\nrtt min/avg/max/mdev = 3.084/3.308/3.533/0.224 ms",
        "stdout_lines": [
            "PING 10.0.20.2 (10.0.20.2) 56(84) bytes of data.",
            "64 bytes from 10.0.20.2: icmp_seq=1 ttl=63 time=3.53 ms",
            "64 bytes from 10.0.20.2: icmp_seq=2 ttl=63 time=3.08 ms",
            "",
            "--- 10.0.20.2 ping statistics ---",
            "2 packets transmitted, 2 received, 0% packet loss, time 1002ms",
            "rtt min/avg/max/mdev = 3.084/3.308/3.533/0.224 ms"
        ]
    },
    "msg": "osh-ctrl-02 reaches k8s-db-02 on the K8s cluster subnet"
}
ok: [k8s-db-03] => (item=osh-ctrl-03) => {
    "ansible_loop_var": "item",
    "changed": false,
    "item": {
        "ansible_loop_var": "item",
        "attempts": 1,
        "changed": false,
        "cmd": [
            "ping",
            "-c",
            "2",
            "-W",
            "3",
            "10.0.30.3"
        ],
        "delta": "0:00:01.014478",
        "end": "2026-09-12 06:37:58.061960",
        "failed": false,
        "failed_when_result": false,
        "invocation": {
            "module_args": {
                "_raw_params": "ping -c 2 -W 3 10.0.30.3",
                "_uses_shell": false,
                "argv": null,
                "chdir": null,
                "creates": null,
                "executable": null,
                "expand_argument_vars": true,
                "removes": null,
                "stdin": null,
                "stdin_add_newline": true,
                "strip_empty_ends": true
            }
        },
        "item": "osh-ctrl-03",
        "msg": "",
        "rc": 0,
        "start": "2026-09-12 06:37:57.047482",
        "stderr": "",
        "stderr_lines": [],
        "stdout": "PING 10.0.30.3 (10.0.30.3) 56(84) bytes of data.\n64 bytes from 10.0.30.3: icmp_seq=1 ttl=63 time=3.57 ms\n64 bytes from 10.0.30.3: icmp_seq=2 ttl=63 time=2.64 ms\n\n--- 10.0.30.3 ping statistics ---\n2 packets transmitted, 2 received, 0% packet loss, time 1002ms\nrtt min/avg/max/mdev = 2.640/3.107/3.574/0.467 ms",
        "stdout_lines": [
            "PING 10.0.30.3 (10.0.30.3) 56(84) bytes of data.",
            "64 bytes from 10.0.30.3: icmp_seq=1 ttl=63 time=3.57 ms",
            "64 bytes from 10.0.30.3: icmp_seq=2 ttl=63 time=2.64 ms",
            "",
            "--- 10.0.30.3 ping statistics ---",
            "2 packets transmitted, 2 received, 0% packet loss, time 1002ms",
            "rtt min/avg/max/mdev = 2.640/3.107/3.574/0.467 ms"
        ]
    },
    "msg": "k8s-db-03 reaches osh-ctrl-03 on the K8s cluster subnet"
}
failed: [k8s-master-03] (item=osh-net-01) => {
    "ansible_loop_var": "item",
    "assertion": "item.rc == 0",
    "changed": false,
    "evaluated_to": false,
    "item": {
        "ansible_loop_var": "item",
        "attempts": 6,
        "changed": false,
        "cmd": [
            "ping",
            "-c",
            "2",
            "-W",
            "3",
            "10.0.10.4"
        ],
        "delta": "0:00:04.033962",
        "end": "2026-09-12 06:32:16.498967",
        "failed": true,
        "failed_when_result": false,
        "invocation": {
            "module_args": {
                "_raw_params": "ping -c 2 -W 3 10.0.10.4",
                "_uses_shell": false,
                "argv": null,
                "chdir": null,
                "creates": null,
                "executable": null,
                "expand_argument_vars": true,
                "removes": null,
                "stdin": null,
                "stdin_add_newline": true,
                "strip_empty_ends": true
            }
        },
        "item": "osh-net-01",
        "msg": "non-zero return code",
        "rc": 1,
        "start": "2026-09-12 06:32:12.465005",
        "stderr": "",
        "stderr_lines": [],
        "stdout": "PING 10.0.10.4 (10.0.10.4) 56(84) bytes of data.\n\n--- 10.0.10.4 ping statistics ---\n2 packets transmitted, 0 received, 100% packet loss, time 1024ms",
        "stdout_lines": [
            "PING 10.0.10.4 (10.0.10.4) 56(84) bytes of data.",
            "",
            "--- 10.0.10.4 ping statistics ---",
            "2 packets transmitted, 0 received, 100% packet loss, time 1024ms"
        ]
    },
    "msg": "k8s-master-03 cannot reach cluster peer osh-net-01 at 10.0.10.4.\nThe BGP-advertised K8s network is not usable yet for etcd or control-plane traffic.\nVerify netplan, FRR adjacency, prefix-lists,and the exact peer-to-peer BGP session.\n"
}
failed: [k8s-db-02] (item=osh-net-01) => {
    "ansible_loop_var": "item",
    "assertion": "item.rc == 0",
    "changed": false,
    "evaluated_to": false,
    "item": {
        "ansible_loop_var": "item",
        "attempts": 6,
        "changed": false,
        "cmd": [
            "ping",
            "-c",
            "2",
            "-W",
            "3",
            "10.0.10.4"
        ],
        "delta": "0:00:04.035967",
        "end": "2026-09-12 06:30:16.393439",
        "failed": true,
        "failed_when_result": false,
        "invocation": {
            "module_args": {
                "_raw_params": "ping -c 2 -W 3 10.0.10.4",
                "_uses_shell": false,
                "argv": null,
                "chdir": null,
                "creates": null,
                "executable": null,
                "expand_argument_vars": true,
                "removes": null,
                "stdin": null,
                "stdin_add_newline": true,
                "strip_empty_ends": true
            }
        },
        "item": "osh-net-01",
        "msg": "non-zero return code",
        "rc": 1,
        "start": "2026-09-12 06:30:12.357472",
        "stderr": "",
        "stderr_lines": [],
        "stdout": "PING 10.0.10.4 (10.0.10.4) 56(84) bytes of data.\n\n--- 10.0.10.4 ping statistics ---\n2 packets transmitted, 0 received, 100% packet loss, time 1027ms",
        "stdout_lines": [
            "PING 10.0.10.4 (10.0.10.4) 56(84) bytes of data.",
            "",
            "--- 10.0.10.4 ping statistics ---",
            "2 packets transmitted, 0 received, 100% packet loss, time 1027ms"
        ]
    },
    "msg": "k8s-db-02 cannot reach cluster peer osh-net-01 at 10.0.10.4.\nThe BGP-advertised K8s network is not usable yet for etcd or control-plane traffic.\nVerify netplan, FRR adjacency, prefix-lists, andthe exact peer-to-peer BGP session.\n"
}
failed: [osh-ctrl-01] (item=osh-ctrl-02) => {
    "ansible_loop_var": "item",
    "assertion": "item.rc == 0",
    "changed": false,
    "evaluated_to": false,
    "item": {
        "ansible_loop_var": "item",
        "attempts": 6,
        "changed": false,
        "cmd": [
            "ping",
            "-c",
            "2",
            "-W",
            "3",
            "10.0.20.3"
        ],
        "delta": "0:00:04.036888",
        "end": "2026-09-12 06:39:08.321991",
        "failed": true,
        "failed_when_result": false,
        "invocation": {
            "module_args": {
                "_raw_params": "ping -c 2 -W 3 10.0.20.3",
                "_uses_shell": false,
                "argv": null,
                "chdir": null,
                "creates": null,
                "executable": null,
                "expand_argument_vars": true,
                "removes": null,
                "stdin": null,
                "stdin_add_newline": true,
                "strip_empty_ends": true
            }
        },
        "item": "osh-ctrl-02",
        "msg": "non-zero return code",
        "rc": 1,
        "start": "2026-09-12 06:39:04.285103",
        "stderr": "",
        "stderr_lines": [],
        "stdout": "PING 10.0.20.3 (10.0.20.3) 56(84) bytes of data.\n\n--- 10.0.20.3 ping statistics ---\n2 packets transmitted, 0 received, 100% packet loss, time 1028ms",
        "stdout_lines": [
            "PING 10.0.20.3 (10.0.20.3) 56(84) bytes of data.",
            "",
            "--- 10.0.20.3 ping statistics ---",
            "2 packets transmitted, 0 received, 100% packet loss, time 1028ms"
        ]
    },
    "msg": "osh-ctrl-01 cannot reach cluster peer osh-ctrl-02 at 10.0.20.3.\nThe BGP-advertised K8s network is not usable yet for etcd or control-plane traffic.\nVerify netplan, FRR adjacency, prefix-lists, and the exact peer-to-peer BGP session.\n"
}
failed: [osh-ctrl-02] (item=k8s-db-03) => {
    "ansible_loop_var": "item",
    "assertion": "item.rc == 0",
    "changed": false,
    "evaluated_to": false,
    "item": {
        "ansible_loop_var": "item",
        "attempts": 6,
        "changed": false,
        "cmd": [
            "ping",
            "-c",
            "2",
            "-W",
            "3",
            "10.0.30.2"
        ],
        "delta": "0:00:04.045870",
        "end": "2026-09-12 06:41:15.468569",
        "failed": true,
        "failed_when_result": false,
        "invocation": {
            "module_args": {
                "_raw_params": "ping -c 2 -W 3 10.0.30.2",
                "_uses_shell": false,
                "argv": null,
                "chdir": null,
                "creates": null,
                "executable": null,
                "expand_argument_vars": true,
                "removes": null,
                "stdin": null,
                "stdin_add_newline": true,
                "strip_empty_ends": true
            }
        },
        "item": "k8s-db-03",
        "msg": "non-zero return code",
        "rc": 1,
        "start": "2026-09-12 06:41:11.422699",
        "stderr": "",
        "stderr_lines": [],
        "stdout": "PING 10.0.30.2 (10.0.30.2) 56(84) bytes of data.\n\n--- 10.0.30.2 ping statistics ---\n2 packets transmitted, 0 received, 100% packet loss, time 1036ms",
        "stdout_lines": [
            "PING 10.0.30.2 (10.0.30.2) 56(84) bytes of data.",
            "",
            "--- 10.0.30.2 ping statistics ---",
            "2 packets transmitted, 0 received, 100% packet loss, time 1036ms"
        ]
    },
    "msg": "osh-ctrl-02 cannot reach cluster peer k8s-db-03 at 10.0.30.2.\nThe BGP-advertised K8s network is not usable yet for etcd or control-plane traffic.\nVerify netplan, FRR adjacency, prefix-lists, and the exact peer-to-peer BGP session.\n"
}
failed: [k8s-master-03] (item=osh-net-02) => {
    "ansible_loop_var": "item",
    "assertion": "item.rc == 0",
    "changed": false,
    "evaluated_to": false,
    "item": {
        "ansible_loop_var": "item",
        "attempts": 6,
        "changed": false,
        "cmd": [
            "ping",
            "-c",
            "2",
            "-W",
            "3",
            "10.0.20.4"
        ],
        "delta": "0:00:04.023104",
        "end": "2026-09-12 06:34:00.050665",
        "failed": true,
        "failed_when_result": false,
        "invocation": {
            "module_args": {
                "_raw_params": "ping -c 2 -W 3 10.0.20.4",
                "_uses_shell": false,
                "argv": null,
                "chdir": null,
                "creates": null,
                "executable": null,
                "expand_argument_vars": true,
                "removes": null,
                "stdin": null,
                "stdin_add_newline": true,
                "strip_empty_ends": true
            }
        },
        "item": "osh-net-02",
        "msg": "non-zero return code",
        "rc": 1,
        "start": "2026-09-12 06:33:56.027561",
        "stderr": "",
        "stderr_lines": [],
        "stdout": "PING 10.0.20.4 (10.0.20.4) 56(84) bytes of data.\n\n--- 10.0.20.4 ping statistics ---\n2 packets transmitted, 0 received, 100% packet loss, time 1014ms",
        "stdout_lines": [
            "PING 10.0.20.4 (10.0.20.4) 56(84) bytes of data.",
            "",
            "--- 10.0.20.4 ping statistics ---",
            "2 packets transmitted, 0 received, 100% packet loss, time 1014ms"
        ]
    },
    "msg": "k8s-master-03 cannot reach cluster peer osh-net-02 at 10.0.20.4.\nThe BGP-advertised K8s network is not usable yet for etcd or control-plane traffic.\nVerify netplan, FRR adjacency, prefix-lists,and the exact peer-to-peer BGP session.\n"
}
failed: [k8s-db-03] (item=osh-net-01) => {
    "ansible_loop_var": "item",
    "assertion": "item.rc == 0",
    "changed": false,
    "evaluated_to": false,
    "item": {
        "ansible_loop_var": "item",
        "attempts": 6,
        "changed": false,
        "cmd": [
            "ping",
            "-c",
            "2",
            "-W",
            "3",
            "10.0.10.4"
        ],
        "delta": "0:00:04.024449",
        "end": "2026-09-12 06:39:43.176783",
        "failed": true,
        "failed_when_result": false,
        "invocation": {
            "module_args": {
                "_raw_params": "ping -c 2 -W 3 10.0.10.4",
                "_uses_shell": false,
                "argv": null,
                "chdir": null,
                "creates": null,
                "executable": null,
                "expand_argument_vars": true,
                "removes": null,
                "stdin": null,
                "stdin_add_newline": true,
                "strip_empty_ends": true
            }
        },
        "item": "osh-net-01",
        "msg": "non-zero return code",
        "rc": 1,
        "start": "2026-09-12 06:39:39.152334",
        "stderr": "",
        "stderr_lines": [],
        "stdout": "PING 10.0.10.4 (10.0.10.4) 56(84) bytes of data.\n\n--- 10.0.10.4 ping statistics ---\n2 packets transmitted, 0 received, 100% packet loss, time 1014ms",
        "stdout_lines": [
            "PING 10.0.10.4 (10.0.10.4) 56(84) bytes of data.",
            "",
            "--- 10.0.10.4 ping statistics ---",
            "2 packets transmitted, 0 received, 100% packet loss, time 1014ms"
        ]
    },
    "msg": "k8s-db-03 cannot reach cluster peer osh-net-01 at 10.0.10.4.\nThe BGP-advertised K8s network is not usable yet for etcd or control-plane traffic.\nVerify netplan, FRR adjacency, prefix-lists, andthe exact peer-to-peer BGP session.\n"
}
ok: [k8s-db-02] => (item=osh-net-02) => {
    "ansible_loop_var": "item",
    "changed": false,
    "item": {
        "ansible_loop_var": "item",
        "attempts": 1,
        "changed": false,
        "cmd": [
            "ping",
            "-c",
            "2",
            "-W",
            "3",
            "10.0.20.4"
        ],
        "delta": "0:00:01.013232",
        "end": "2026-09-12 06:30:19.180166",
        "failed": false,
        "failed_when_result": false,
        "invocation": {
            "module_args": {
                "_raw_params": "ping -c 2 -W 3 10.0.20.4",
                "_uses_shell": false,
                "argv": null,
                "chdir": null,
                "creates": null,
                "executable": null,
                "expand_argument_vars": true,
                "removes": null,
                "stdin": null,
                "stdin_add_newline": true,
                "strip_empty_ends": true
            }
        },
        "item": "osh-net-02",
        "msg": "",
        "rc": 0,
        "start": "2026-09-12 06:30:18.166934",
        "stderr": "",
        "stderr_lines": [],
        "stdout": "PING 10.0.20.4 (10.0.20.4) 56(84) bytes of data.\n64 bytes from 10.0.20.4: icmp_seq=1 ttl=63 time=3.30 ms\n64 bytes from 10.0.20.4: icmp_seq=2 ttl=63 time=3.24 ms\n\n--- 10.0.20.4 ping statistics ---\n2 packets transmitted, 2 received, 0% packet loss, time 1002ms\nrtt min/avg/max/mdev = 3.242/3.270/3.298/0.028 ms",
        "stdout_lines": [
            "PING 10.0.20.4 (10.0.20.4) 56(84) bytes of data.",
            "64 bytes from 10.0.20.4: icmp_seq=1 ttl=63 time=3.30 ms",
            "64 bytes from 10.0.20.4: icmp_seq=2 ttl=63 time=3.24 ms",
            "",
            "--- 10.0.20.4 ping statistics ---",
            "2 packets transmitted, 2 received, 0% packet loss, time 1002ms",
            "rtt min/avg/max/mdev = 3.242/3.270/3.298/0.028 ms"
        ]
    },
    "msg": "k8s-db-02 reaches osh-net-02 on the K8s cluster subnet"
}
ok: [osh-ctrl-01] => (item=osh-ctrl-03) => {
    "ansible_loop_var": "item",
    "changed": false,
    "item": {
        "ansible_loop_var": "item",
        "attempts": 1,
        "changed": false,
        "cmd": [
            "ping",
            "-c",
            "2",
            "-W",
            "3",
            "10.0.30.3"
        ],
        "delta": "0:00:01.017180",
        "end": "2026-09-12 06:39:11.519427",
        "failed": false,
        "failed_when_result": false,
        "invocation": {
            "module_args": {
                "_raw_params": "ping -c 2 -W 3 10.0.30.3",
                "_uses_shell": false,
                "argv": null,
                "chdir": null,
                "creates": null,
                "executable": null,
                "expand_argument_vars": true,
                "removes": null,
                "stdin": null,
                "stdin_add_newline": true,
                "strip_empty_ends": true
            }
        },
        "item": "osh-ctrl-03",
        "msg": "",
        "rc": 0,
        "start": "2026-09-12 06:39:10.502247",
        "stderr": "",
        "stderr_lines": [],
        "stdout": "PING 10.0.30.3 (10.0.30.3) 56(84) bytes of data.\n64 bytes from 10.0.30.3: icmp_seq=1 ttl=61 time=10.0 ms\n64 bytes from 10.0.30.3: icmp_seq=2 ttl=61 time=5.79 ms\n\n--- 10.0.30.3 ping statistics ---\n2 packets transmitted, 2 received, 0% packet loss, time 1001ms\nrtt min/avg/max/mdev = 5.785/7.914/10.044/2.129 ms",
        "stdout_lines": [
            "PING 10.0.30.3 (10.0.30.3) 56(84) bytes of data.",
            "64 bytes from 10.0.30.3: icmp_seq=1 ttl=61 time=10.0 ms",
            "64 bytes from 10.0.30.3: icmp_seq=2 ttl=61 time=5.79 ms",
            "",
            "--- 10.0.30.3 ping statistics ---",
            "2 packets transmitted, 2 received, 0% packet loss, time 1001ms",
            "rtt min/avg/max/mdev = 5.785/7.914/10.044/2.129 ms"
        ]
    },
    "msg": "osh-ctrl-01 reaches osh-ctrl-03 on the K8s cluster subnet"
}
ok: [k8s-master-03] => (item=MonSrv) => {
    "ansible_loop_var": "item",
    "changed": false,
    "item": {
        "ansible_loop_var": "item",
        "attempts": 1,
        "changed": false,
        "cmd": [
            "ping",
            "-c",
            "2",
            "-W",
            "3",
            "10.0.30.4"
        ],
        "delta": "0:00:01.014430",
        "end": "2026-09-12 06:34:02.867756",
        "failed": false,
        "failed_when_result": false,
        "invocation": {
            "module_args": {
                "_raw_params": "ping -c 2 -W 3 10.0.30.4",
                "_uses_shell": false,
                "argv": null,
                "chdir": null,
                "creates": null,
                "executable": null,
                "expand_argument_vars": true,
                "removes": null,
                "stdin": null,
                "stdin_add_newline": true,
                "strip_empty_ends": true
            }
        },
        "item": "MonSrv",
        "msg": "",
        "rc": 0,
        "start": "2026-09-12 06:34:01.853326",
        "stderr": "",
        "stderr_lines": [],
        "stdout": "PING 10.0.30.4 (10.0.30.4) 56(84) bytes of data.\n64 bytes from 10.0.30.4: icmp_seq=1 ttl=63 time=3.37 ms\n64 bytes from 10.0.30.4: icmp_seq=2 ttl=63 time=2.10 ms\n\n--- 10.0.30.4 ping statistics ---\n2 packets transmitted, 2 received, 0% packet loss, time 1002ms\nrtt min/avg/max/mdev = 2.103/2.736/3.369/0.633 ms",
        "stdout_lines": [
            "PING 10.0.30.4 (10.0.30.4) 56(84) bytes of data.",
            "64 bytes from 10.0.30.4: icmp_seq=1 ttl=63 time=3.37 ms",
            "64 bytes from 10.0.30.4: icmp_seq=2 ttl=63 time=2.10 ms",
            "",
            "--- 10.0.30.4 ping statistics ---",
            "2 packets transmitted, 2 received, 0% packet loss, time 1002ms",
            "rtt min/avg/max/mdev = 2.103/2.736/3.369/0.633 ms"
        ]
    },
    "msg": "k8s-master-03 reaches MonSrv on the K8s cluster subnet"
}
ok: [osh-ctrl-02] => (item=osh-ctrl-01) => {
    "ansible_loop_var": "item",
    "changed": false,
    "item": {
        "ansible_loop_var": "item",
        "attempts": 1,
        "changed": false,
        "cmd": [
            "ping",
            "-c",
            "2",
            "-W",
            "3",
            "10.0.10.3"
        ],
        "delta": "0:00:01.016044",
        "end": "2026-09-12 06:41:18.190002",
        "failed": false,
        "failed_when_result": false,
        "invocation": {
            "module_args": {
                "_raw_params": "ping -c 2 -W 3 10.0.10.3",
                "_uses_shell": false,
                "argv": null,
                "chdir": null,
                "creates": null,
                "executable": null,
                "expand_argument_vars": true,
                "removes": null,
                "stdin": null,
                "stdin_add_newline": true,
                "strip_empty_ends": true
            }
        },
        "item": "osh-ctrl-01",
        "msg": "",
        "rc": 0,
        "start": "2026-09-12 06:41:17.173958",
        "stderr": "",
        "stderr_lines": [],
        "stdout": "PING 10.0.10.3 (10.0.10.3) 56(84) bytes of data.\n64 bytes from 10.0.10.3: icmp_seq=1 ttl=61 time=6.78 ms\n64 bytes from 10.0.10.3: icmp_seq=2 ttl=61 time=5.94 ms\n\n--- 10.0.10.3 ping statistics ---\n2 packets transmitted, 2 received, 0% packet loss, time 1002ms\nrtt min/avg/max/mdev = 5.943/6.361/6.780/0.418 ms",
        "stdout_lines": [
            "PING 10.0.10.3 (10.0.10.3) 56(84) bytes of data.",
            "64 bytes from 10.0.10.3: icmp_seq=1 ttl=61 time=6.78 ms",
            "64 bytes from 10.0.10.3: icmp_seq=2 ttl=61 time=5.94 ms",
            "",
            "--- 10.0.10.3 ping statistics ---",
            "2 packets transmitted, 2 received, 0% packet loss, time 1002ms",
            "rtt min/avg/max/mdev = 5.943/6.361/6.780/0.418 ms"
        ]
    },
    "msg": "osh-ctrl-02 reaches osh-ctrl-01 on the K8s cluster subnet"
}
ok: [k8s-db-03] => (item=osh-net-02) => {
    "ansible_loop_var": "item",
    "changed": false,
    "item": {
        "ansible_loop_var": "item",
        "attempts": 1,
        "changed": false,
        "cmd": [
            "ping",
            "-c",
            "2",
            "-W",
            "3",
            "10.0.20.4"
        ],
        "delta": "0:00:01.019820",
        "end": "2026-09-12 06:39:45.963234",
        "failed": false,
        "failed_when_result": false,
        "invocation": {
            "module_args": {
                "_raw_params": "ping -c 2 -W 3 10.0.20.4",
                "_uses_shell": false,
                "argv": null,
                "chdir": null,
                "creates": null,
                "executable": null,
                "expand_argument_vars": true,
                "removes": null,
                "stdin": null,
                "stdin_add_newline": true,
                "strip_empty_ends": true
            }
        },
        "item": "osh-net-02",
        "msg": "",
        "rc": 0,
        "start": "2026-09-12 06:39:44.943414",
        "stderr": "",
        "stderr_lines": [],
        "stdout": "PING 10.0.20.4 (10.0.20.4) 56(84) bytes of data.\n64 bytes from 10.0.20.4: icmp_seq=1 ttl=61 time=11.8 ms\n64 bytes from 10.0.20.4: icmp_seq=2 ttl=61 time=8.89 ms\n\n--- 10.0.20.4 ping statistics ---\n2 packets transmitted, 2 received, 0% packet loss, time 1001ms\nrtt min/avg/max/mdev = 8.893/10.342/11.792/1.449 ms",
        "stdout_lines": [
            "PING 10.0.20.4 (10.0.20.4) 56(84) bytes of data.",
            "64 bytes from 10.0.20.4: icmp_seq=1 ttl=61 time=11.8 ms",
            "64 bytes from 10.0.20.4: icmp_seq=2 ttl=61 time=8.89 ms",
            "",
            "--- 10.0.20.4 ping statistics ---",
            "2 packets transmitted, 2 received, 0% packet loss, time 1001ms",
            "rtt min/avg/max/mdev = 8.893/10.342/11.792/1.449 ms"
        ]
    },
    "msg": "k8s-db-03 reaches osh-net-02 on the K8s cluster subnet"
}
ok: [osh-ctrl-01] => (item=osh-net-01) => {
    "ansible_loop_var": "item",
    "changed": false,
    "item": {
        "ansible_loop_var": "item",
        "attempts": 1,
        "changed": false,
        "cmd": [
            "ping",
            "-c",
            "2",
            "-W",
            "3",
            "10.0.10.4"
        ],
        "delta": "0:00:01.021459",
        "end": "2026-09-12 06:39:16.010905",
        "failed": false,
        "failed_when_result": false,
        "invocation": {
            "module_args": {
                "_raw_params": "ping -c 2 -W 3 10.0.10.4",
                "_uses_shell": false,
                "argv": null,
                "chdir": null,
                "creates": null,
                "executable": null,
                "expand_argument_vars": true,
                "removes": null,
                "stdin": null,
                "stdin_add_newline": true,
                "strip_empty_ends": true
            }
        },
        "item": "osh-net-01",
        "msg": "",
        "rc": 0,
        "start": "2026-09-12 06:39:14.989446",
        "stderr": "",
        "stderr_lines": [],
        "stdout": "PING 10.0.10.4 (10.0.10.4) 56(84) bytes of data.\n64 bytes from 10.0.10.4: icmp_seq=1 ttl=63 time=3.51 ms\n64 bytes from 10.0.10.4: icmp_seq=2 ttl=63 time=2.59 ms\n\n--- 10.0.10.4 ping statistics ---\n2 packets transmitted, 2 received, 0% packet loss, time 1002ms\nrtt min/avg/max/mdev = 2.587/3.046/3.505/0.459 ms",
        "stdout_lines": [
            "PING 10.0.10.4 (10.0.10.4) 56(84) bytes of data.",
            "64 bytes from 10.0.10.4: icmp_seq=1 ttl=63 time=3.51 ms",
            "64 bytes from 10.0.10.4: icmp_seq=2 ttl=63 time=2.59 ms",
            "",
            "--- 10.0.10.4 ping statistics ---",
            "2 packets transmitted, 2 received, 0% packet loss, time 1002ms",
            "rtt min/avg/max/mdev = 2.587/3.046/3.505/0.459 ms"
        ]
    },
    "msg": "osh-ctrl-01 reaches osh-net-01 on the K8s cluster subnet"
}
ok: [k8s-db-02] => (item=MonSrv) => {
    "ansible_loop_var": "item",
    "changed": false,
    "item": {
        "ansible_loop_var": "item",
        "attempts": 1,
        "changed": false,
        "cmd": [
            "ping",
            "-c",
            "2",
            "-W",
            "3",
            "10.0.30.4"
        ],
        "delta": "0:00:01.016577",
        "end": "2026-09-12 06:30:22.658019",
        "failed": false,
        "failed_when_result": false,
        "invocation": {
            "module_args": {
                "_raw_params": "ping -c 2 -W 3 10.0.30.4",
                "_uses_shell": false,
                "argv": null,
                "chdir": null,
                "creates": null,
                "executable": null,
                "expand_argument_vars": true,
                "removes": null,
                "stdin": null,
                "stdin_add_newline": true,
                "strip_empty_ends": true
            }
        },
        "item": "MonSrv",
        "msg": "",
        "rc": 0,
        "start": "2026-09-12 06:30:21.641442",
        "stderr": "",
        "stderr_lines": [],
        "stdout": "PING 10.0.30.4 (10.0.30.4) 56(84) bytes of data.\n64 bytes from 10.0.30.4: icmp_seq=1 ttl=61 time=6.96 ms\n64 bytes from 10.0.30.4: icmp_seq=2 ttl=61 time=6.37 ms\n\n--- 10.0.30.4 ping statistics ---\n2 packets transmitted, 2 received, 0% packet loss, time 1002ms\nrtt min/avg/max/mdev = 6.367/6.664/6.961/0.297 ms",
        "stdout_lines": [
            "PING 10.0.30.4 (10.0.30.4) 56(84) bytes of data.",
            "64 bytes from 10.0.30.4: icmp_seq=1 ttl=61 time=6.96 ms",
            "64 bytes from 10.0.30.4: icmp_seq=2 ttl=61 time=6.37 ms",
            "",
            "--- 10.0.30.4 ping statistics ---",
            "2 packets transmitted, 2 received, 0% packet loss, time 1002ms",
            "rtt min/avg/max/mdev = 6.367/6.664/6.961/0.297 ms"
        ]
    },
    "msg": "k8s-db-02 reaches MonSrv on the K8s cluster subnet"
}
failed: [osh-ctrl-02] (item=osh-ctrl-03) => {
    "ansible_loop_var": "item",
    "assertion": "item.rc == 0",
    "changed": false,
    "evaluated_to": false,
    "item": {
        "ansible_loop_var": "item",
        "attempts": 6,
        "changed": false,
        "cmd": [
            "ping",
            "-c",
            "2",
            "-W",
            "3",
            "10.0.30.3"
        ],
        "delta": "0:00:04.069418",
        "end": "2026-09-12 06:43:01.132315",
        "failed": true,
        "failed_when_result": false,
        "invocation": {
            "module_args": {
                "_raw_params": "ping -c 2 -W 3 10.0.30.3",
                "_uses_shell": false,
                "argv": null,
                "chdir": null,
                "creates": null,
                "executable": null,
                "expand_argument_vars": true,
                "removes": null,
                "stdin": null,
                "stdin_add_newline": true,
                "strip_empty_ends": true
            }
        },
        "item": "osh-ctrl-03",
        "msg": "non-zero return code",
        "rc": 1,
        "start": "2026-09-12 06:42:57.062897",
        "stderr": "",
        "stderr_lines": [],
        "stdout": "PING 10.0.30.3 (10.0.30.3) 56(84) bytes of data.\n\n--- 10.0.30.3 ping statistics ---\n2 packets transmitted, 0 received, 100% packet loss, time 1061ms",
        "stdout_lines": [
            "PING 10.0.30.3 (10.0.30.3) 56(84) bytes of data.",
            "",
            "--- 10.0.30.3 ping statistics ---",
            "2 packets transmitted, 0 received, 100% packet loss, time 1061ms"
        ]
    },
    "msg": "osh-ctrl-02 cannot reach cluster peer osh-ctrl-03 at 10.0.30.3.\nThe BGP-advertised K8s network is not usable yet for etcd or control-plane traffic.\nVerify netplan, FRR adjacency, prefix-lists, and the exact peer-to-peer BGP session.\n"
}
failed: [k8s-master-03] (item=osh-comp-01) => {
    "ansible_loop_var": "item",
    "assertion": "item.rc == 0",
    "changed": false,
    "evaluated_to": false,
    "item": {
        "ansible_loop_var": "item",
        "attempts": 6,
        "changed": false,
        "cmd": [
            "ping",
            "-c",
            "2",
            "-W",
            "3",
            "10.0.10.5"
        ],
        "delta": "0:00:04.041452",
        "end": "2026-09-12 06:35:47.378514",
        "failed": true,
        "failed_when_result": false,
        "invocation": {
            "module_args": {
                "_raw_params": "ping -c 2 -W 3 10.0.10.5",
                "_uses_shell": false,
                "argv": null,
                "chdir": null,
                "creates": null,
                "executable": null,
                "expand_argument_vars": true,
                "removes": null,
                "stdin": null,
                "stdin_add_newline": true,
                "strip_empty_ends": true
            }
        },
        "item": "osh-comp-01",
        "msg": "non-zero return code",
        "rc": 1,
        "start": "2026-09-12 06:35:43.337062",
        "stderr": "",
        "stderr_lines": [],
        "stdout": "PING 10.0.10.5 (10.0.10.5) 56(84) bytes of data.\n\n--- 10.0.10.5 ping statistics ---\n2 packets transmitted, 0 received, 100% packet loss, time 1032ms",
        "stdout_lines": [
            "PING 10.0.10.5 (10.0.10.5) 56(84) bytes of data.",
            "",
            "--- 10.0.10.5 ping statistics ---",
            "2 packets transmitted, 0 received, 100% packet loss, time 1032ms"
        ]
    },
    "msg": "k8s-master-03 cannot reach cluster peer osh-comp-01 at 10.0.10.5.\nThe BGP-advertised K8s network is not usable yet for etcd or control-plane traffic.\nVerify netplan, FRR adjacency, prefix-lists, and the exact peer-to-peer BGP session.\n"
}
failed: [osh-ctrl-01] (item=osh-net-02) => {
    "ansible_loop_var": "item",
    "assertion": "item.rc == 0",
    "changed": false,
    "evaluated_to": false,
    "item": {
        "ansible_loop_var": "item",
        "attempts": 6,
        "changed": false,
        "cmd": [
            "ping",
            "-c",
            "2",
            "-W",
            "3",
            "10.0.20.4"
        ],
        "delta": "0:00:04.065061",
        "end": "2026-09-12 06:40:56.867142",
        "failed": true,
        "failed_when_result": false,
        "invocation": {
            "module_args": {
                "_raw_params": "ping -c 2 -W 3 10.0.20.4",
                "_uses_shell": false,
                "argv": null,
                "chdir": null,
                "creates": null,
                "executable": null,
                "expand_argument_vars": true,
                "removes": null,
                "stdin": null,
                "stdin_add_newline": true,
                "strip_empty_ends": true
            }
        },
        "item": "osh-net-02",
        "msg": "non-zero return code",
        "rc": 1,
        "start": "2026-09-12 06:40:52.802081",
        "stderr": "",
        "stderr_lines": [],
        "stdout": "PING 10.0.20.4 (10.0.20.4) 56(84) bytes of data.\n\n--- 10.0.20.4 ping statistics ---\n2 packets transmitted, 0 received, 100% packet loss, time 1055ms",
        "stdout_lines": [
            "PING 10.0.20.4 (10.0.20.4) 56(84) bytes of data.",
            "",
            "--- 10.0.20.4 ping statistics ---",
            "2 packets transmitted, 0 received, 100% packet loss, time 1055ms"
        ]
    },
    "msg": "osh-ctrl-01 cannot reach cluster peer osh-net-02 at 10.0.20.4.\nThe BGP-advertised K8s network is not usable yet for etcd or control-plane traffic.\nVerify netplan, FRR adjacency, prefix-lists, and the exact peer-to-peer BGP session.\n"
}
ok: [k8s-db-03] => (item=MonSrv) => {
    "ansible_loop_var": "item",
    "changed": false,
    "item": {
        "ansible_loop_var": "item",
        "attempts": 1,
        "changed": false,
        "cmd": [
            "ping",
            "-c",
            "2",
            "-W",
            "3",
            "10.0.30.4"
        ],
        "delta": "0:00:01.013312",
        "end": "2026-09-12 06:39:48.689805",
        "failed": false,
        "failed_when_result": false,
        "invocation": {
            "module_args": {
                "_raw_params": "ping -c 2 -W 3 10.0.30.4",
                "_uses_shell": false,
                "argv": null,
                "chdir": null,
                "creates": null,
                "executable": null,
                "expand_argument_vars": true,
                "removes": null,
                "stdin": null,
                "stdin_add_newline": true,
                "strip_empty_ends": true
            }
        },
        "item": "MonSrv",
        "msg": "",
        "rc": 0,
        "start": "2026-09-12 06:39:47.676493",
        "stderr": "",
        "stderr_lines": [],
        "stdout": "PING 10.0.30.4 (10.0.30.4) 56(84) bytes of data.\n64 bytes from 10.0.30.4: icmp_seq=1 ttl=63 time=2.85 ms\n64 bytes from 10.0.30.4: icmp_seq=2 ttl=63 time=2.42 ms\n\n--- 10.0.30.4 ping statistics ---\n2 packets transmitted, 2 received, 0% packet loss, time 1001ms\nrtt min/avg/max/mdev = 2.420/2.633/2.846/0.213 ms",
        "stdout_lines": [
            "PING 10.0.30.4 (10.0.30.4) 56(84) bytes of data.",
            "64 bytes from 10.0.30.4: icmp_seq=1 ttl=63 time=2.85 ms",
            "64 bytes from 10.0.30.4: icmp_seq=2 ttl=63 time=2.42 ms",
            "",
            "--- 10.0.30.4 ping statistics ---",
            "2 packets transmitted, 2 received, 0% packet loss, time 1001ms",
            "rtt min/avg/max/mdev = 2.420/2.633/2.846/0.213 ms"
        ]
    },
    "msg": "k8s-db-03 reaches MonSrv on the K8s cluster subnet"
}
failed: [k8s-db-02] (item=osh-comp-01) => {
    "ansible_loop_var": "item",
    "assertion": "item.rc == 0",
    "changed": false,
    "evaluated_to": false,
    "item": {
        "ansible_loop_var": "item",
        "attempts": 6,
        "changed": false,
        "cmd": [
            "ping",
            "-c",
            "2",
            "-W",
            "3",
            "10.0.10.5"
        ],
        "delta": "0:00:04.058815",
        "end": "2026-09-12 06:32:03.273500",
        "failed": true,
        "failed_when_result": false,
        "invocation": {
            "module_args": {
                "_raw_params": "ping -c 2 -W 3 10.0.10.5",
                "_uses_shell": false,
                "argv": null,
                "chdir": null,
                "creates": null,
                "executable": null,
                "expand_argument_vars": true,
                "removes": null,
                "stdin": null,
                "stdin_add_newline": true,
                "strip_empty_ends": true
            }
        },
        "item": "osh-comp-01",
        "msg": "non-zero return code",
        "rc": 1,
        "start": "2026-09-12 06:31:59.214685",
        "stderr": "",
        "stderr_lines": [],
        "stdout": "PING 10.0.10.5 (10.0.10.5) 56(84) bytes of data.\n\n--- 10.0.10.5 ping statistics ---\n2 packets transmitted, 0 received, 100% packet loss, time 1050ms",
        "stdout_lines": [
            "PING 10.0.10.5 (10.0.10.5) 56(84) bytes of data.",
            "",
            "--- 10.0.10.5 ping statistics ---",
            "2 packets transmitted, 0 received, 100% packet loss, time 1050ms"
        ]
    },
    "msg": "k8s-db-02 cannot reach cluster peer osh-comp-01 at 10.0.10.5.\nThe BGP-advertised K8s network is not usable yet for etcd or control-plane traffic.\nVerify netplan, FRR adjacency, prefix-lists, and the exact peer-to-peer BGP session.\n"
}
failed: [k8s-master-03] (item=osh-comp-02) => {
    "ansible_loop_var": "item",
    "assertion": "item.rc == 0",
    "changed": false,
    "evaluated_to": false,
    "item": {
        "ansible_loop_var": "item",
        "attempts": 6,
        "changed": false,
        "cmd": [
            "ping",
            "-c",
            "2",
            "-W",
            "3",
            "10.0.20.5"
        ],
        "delta": "0:00:04.019632",
        "end": "2026-09-12 06:37:31.314704",
        "failed": true,
        "failed_when_result": false,
        "invocation": {
            "module_args": {
                "_raw_params": "ping -c 2 -W 3 10.0.20.5",
                "_uses_shell": false,
                "argv": null,
                "chdir": null,
                "creates": null,
                "executable": null,
                "expand_argument_vars": true,
                "removes": null,
                "stdin": null,
                "stdin_add_newline": true,
                "strip_empty_ends": true
            }
        },
        "item": "osh-comp-02",
        "msg": "non-zero return code",
        "rc": 1,
        "start": "2026-09-12 06:37:27.295072",
        "stderr": "",
        "stderr_lines": [],
        "stdout": "PING 10.0.20.5 (10.0.20.5) 56(84) bytes of data.\n\n--- 10.0.20.5 ping statistics ---\n2 packets transmitted, 0 received, 100% packet loss, time 1010ms",
        "stdout_lines": [
            "PING 10.0.20.5 (10.0.20.5) 56(84) bytes of data.",
            "",
            "--- 10.0.20.5 ping statistics ---",
            "2 packets transmitted, 0 received, 100% packet loss, time 1010ms"
        ]
    },
    "msg": "k8s-master-03 cannot reach cluster peer osh-comp-02 at 10.0.20.5.\nThe BGP-advertised K8s network is not usable yet for etcd or control-plane traffic.\nVerify netplan, FRR adjacency, prefix-lists, and the exact peer-to-peer BGP session.\n"
}
failed: [osh-ctrl-02] (item=osh-net-01) => {
    "ansible_loop_var": "item",
    "assertion": "item.rc == 0",
    "changed": false,
    "evaluated_to": false,
    "item": {
        "ansible_loop_var": "item",
        "attempts": 6,
        "changed": false,
        "cmd": [
            "ping",
            "-c",
            "2",
            "-W",
            "3",
            "10.0.10.4"
        ],
        "delta": "0:00:04.048889",
        "end": "2026-09-12 06:44:44.236561",
        "failed": true,
        "failed_when_result": false,
        "invocation": {
            "module_args": {
                "_raw_params": "ping -c 2 -W 3 10.0.10.4",
                "_uses_shell": false,
                "argv": null,
                "chdir": null,
                "creates": null,
                "executable": null,
                "expand_argument_vars": true,
                "removes": null,
                "stdin": null,
                "stdin_add_newline": true,
                "strip_empty_ends": true
            }
        },
        "item": "osh-net-01",
        "msg": "non-zero return code",
        "rc": 1,
        "start": "2026-09-12 06:44:40.187672",
        "stderr": "",
        "stderr_lines": [],
        "stdout": "PING 10.0.10.4 (10.0.10.4) 56(84) bytes of data.\n\n--- 10.0.10.4 ping statistics ---\n2 packets transmitted, 0 received, 100% packet loss, time 1039ms",
        "stdout_lines": [
            "PING 10.0.10.4 (10.0.10.4) 56(84) bytes of data.",
            "",
            "--- 10.0.10.4 ping statistics ---",
            "2 packets transmitted, 0 received, 100% packet loss, time 1039ms"
        ]
    },
    "msg": "osh-ctrl-02 cannot reach cluster peer osh-net-01 at 10.0.10.4.\nThe BGP-advertised K8s network is not usable yet for etcd or control-plane traffic.\nVerify netplan, FRR adjacency, prefix-lists, and the exact peer-to-peer BGP session.\n"
}
failed: [osh-ctrl-01] (item=MonSrv) => {
    "ansible_loop_var": "item",
    "assertion": "item.rc == 0",
    "changed": false,
    "evaluated_to": false,
    "item": {
        "ansible_loop_var": "item",
        "attempts": 6,
        "changed": false,
        "cmd": [
            "ping",
            "-c",
            "2",
            "-W",
            "3",
            "10.0.30.4"
        ],
        "delta": "0:00:04.044827",
        "end": "2026-09-12 06:42:39.266181",
        "failed": true,
        "failed_when_result": false,
        "invocation": {
            "module_args": {
                "_raw_params": "ping -c 2 -W 3 10.0.30.4",
                "_uses_shell": false,
                "argv": null,
                "chdir": null,
                "creates": null,
                "executable": null,
                "expand_argument_vars": true,
                "removes": null,
                "stdin": null,
                "stdin_add_newline": true,
                "strip_empty_ends": true
            }
        },
        "item": "MonSrv",
        "msg": "non-zero return code",
        "rc": 1,
        "start": "2026-09-12 06:42:35.221354",
        "stderr": "",
        "stderr_lines": [],
        "stdout": "PING 10.0.30.4 (10.0.30.4) 56(84) bytes of data.\n\n--- 10.0.30.4 ping statistics ---\n2 packets transmitted, 0 received, 100% packet loss, time 1035ms",
        "stdout_lines": [
            "PING 10.0.30.4 (10.0.30.4) 56(84) bytes of data.",
            "",
            "--- 10.0.30.4 ping statistics ---",
            "2 packets transmitted, 0 received, 100% packet loss, time 1035ms"
        ]
    },
    "msg": "osh-ctrl-01 cannot reach cluster peer MonSrv at 10.0.30.4.\nThe BGP-advertised K8s network is not usable yet for etcd or control-plane traffic.\nVerify netplan, FRR adjacency, prefix-lists, and the exact peer-to-peer BGP session.\n"
}
failed: [k8s-db-03] (item=osh-comp-01) => {
    "ansible_loop_var": "item",
    "assertion": "item.rc == 0",
    "changed": false,
    "evaluated_to": false,
    "item": {
        "ansible_loop_var": "item",
        "attempts": 6,
        "changed": false,
        "cmd": [
            "ping",
            "-c",
            "2",
            "-W",
            "3",
            "10.0.10.5"
        ],
        "delta": "0:00:04.040100",
        "end": "2026-09-12 06:41:28.136797",
        "failed": true,
        "failed_when_result": false,
        "invocation": {
            "module_args": {
                "_raw_params": "ping -c 2 -W 3 10.0.10.5",
                "_uses_shell": false,
                "argv": null,
                "chdir": null,
                "creates": null,
                "executable": null,
                "expand_argument_vars": true,
                "removes": null,
                "stdin": null,
                "stdin_add_newline": true,
                "strip_empty_ends": true
            }
        },
        "item": "osh-comp-01",
        "msg": "non-zero return code",
        "rc": 1,
        "start": "2026-09-12 06:41:24.096697",
        "stderr": "",
        "stderr_lines": [],
        "stdout": "PING 10.0.10.5 (10.0.10.5) 56(84) bytes of data.\n\n--- 10.0.10.5 ping statistics ---\n2 packets transmitted, 0 received, 100% packet loss, time 1030ms",
        "stdout_lines": [
            "PING 10.0.10.5 (10.0.10.5) 56(84) bytes of data.",
            "",
            "--- 10.0.10.5 ping statistics ---",
            "2 packets transmitted, 0 received, 100% packet loss, time 1030ms"
        ]
    },
    "msg": "k8s-db-03 cannot reach cluster peer osh-comp-01 at 10.0.10.5.\nThe BGP-advertised K8s network is not usable yet for etcd or control-plane traffic.\nVerify netplan, FRR adjacency, prefix-lists, and the exact peer-to-peer BGP session.\n"
}
ok: [k8s-db-02] => (item=osh-comp-02) => {
    "ansible_loop_var": "item",
    "changed": false,
    "item": {
        "ansible_loop_var": "item",
        "attempts": 1,
        "changed": false,
        "cmd": [
            "ping",
            "-c",
            "2",
            "-W",
            "3",
            "10.0.20.5"
        ],
        "delta": "0:00:01.018637",
        "end": "2026-09-12 06:32:06.121096",
        "failed": false,
        "failed_when_result": false,
        "invocation": {
            "module_args": {
                "_raw_params": "ping -c 2 -W 3 10.0.20.5",
                "_uses_shell": false,
                "argv": null,
                "chdir": null,
                "creates": null,
                "executable": null,
                "expand_argument_vars": true,
                "removes": null,
                "stdin": null,
                "stdin_add_newline": true,
                "strip_empty_ends": true
            }
        },
        "item": "osh-comp-02",
        "msg": "",
        "rc": 0,
        "start": "2026-09-12 06:32:05.102459",
        "stderr": "",
        "stderr_lines": [],
        "stdout": "PING 10.0.20.5 (10.0.20.5) 56(84) bytes of data.\n64 bytes from 10.0.20.5: icmp_seq=1 ttl=63 time=2.60 ms\n64 bytes from 10.0.20.5: icmp_seq=2 ttl=63 time=7.16 ms\n\n--- 10.0.20.5 ping statistics ---\n2 packets transmitted, 2 received, 0% packet loss, time 1002ms\nrtt min/avg/max/mdev = 2.597/4.879/7.161/2.282 ms",
        "stdout_lines": [
            "PING 10.0.20.5 (10.0.20.5) 56(84) bytes of data.",
            "64 bytes from 10.0.20.5: icmp_seq=1 ttl=63 time=2.60 ms",
            "64 bytes from 10.0.20.5: icmp_seq=2 ttl=63 time=7.16 ms",
            "",
            "--- 10.0.20.5 ping statistics ---",
            "2 packets transmitted, 2 received, 0% packet loss, time 1002ms",
            "rtt min/avg/max/mdev = 2.597/4.879/7.161/2.282 ms"
        ]
    },
    "msg": "k8s-db-02 reaches osh-comp-02 on the K8s cluster subnet"
}
ok: [k8s-master-03] => (item=osh-comp-03) => {
    "ansible_loop_var": "item",
    "changed": false,
    "item": {
        "ansible_loop_var": "item",
        "attempts": 1,
        "changed": false,
        "cmd": [
            "ping",
            "-c",
            "2",
            "-W",
            "3",
            "10.0.30.5"
        ],
        "delta": "0:00:01.013107",
        "end": "2026-09-12 06:37:34.736648",
        "failed": false,
        "failed_when_result": false,
        "invocation": {
            "module_args": {
                "_raw_params": "ping -c 2 -W 3 10.0.30.5",
                "_uses_shell": false,
                "argv": null,
                "chdir": null,
                "creates": null,
                "executable": null,
                "expand_argument_vars": true,
                "removes": null,
                "stdin": null,
                "stdin_add_newline": true,
                "strip_empty_ends": true
            }
        },
        "item": "osh-comp-03",
        "msg": "",
        "rc": 0,
        "start": "2026-09-12 06:37:33.723541",
        "stderr": "",
        "stderr_lines": [],
        "stdout": "PING 10.0.30.5 (10.0.30.5) 56(84) bytes of data.\n64 bytes from 10.0.30.5: icmp_seq=1 ttl=63 time=2.82 ms\n64 bytes from 10.0.30.5: icmp_seq=2 ttl=63 time=2.40 ms\n\n--- 10.0.30.5 ping statistics ---\n2 packets transmitted, 2 received, 0% packet loss, time 1001ms\nrtt min/avg/max/mdev = 2.398/2.606/2.815/0.208 ms",
        "stdout_lines": [
            "PING 10.0.30.5 (10.0.30.5) 56(84) bytes of data.",
            "64 bytes from 10.0.30.5: icmp_seq=1 ttl=63 time=2.82 ms",
            "64 bytes from 10.0.30.5: icmp_seq=2 ttl=63 time=2.40 ms",
            "",
            "--- 10.0.30.5 ping statistics ---",
            "2 packets transmitted, 2 received, 0% packet loss, time 1001ms",
            "rtt min/avg/max/mdev = 2.398/2.606/2.815/0.208 ms"
        ]
    },
    "msg": "k8s-master-03 reaches osh-comp-03 on the K8s cluster subnet"
}
ok: [osh-ctrl-02] => (item=osh-net-02) => {
    "ansible_loop_var": "item",
    "changed": false,
    "item": {
        "ansible_loop_var": "item",
        "attempts": 1,
        "changed": false,
        "cmd": [
            "ping",
            "-c",
            "2",
            "-W",
            "3",
            "10.0.20.4"
        ],
        "delta": "0:00:01.014028",
        "end": "2026-09-12 06:44:47.100495",
        "failed": false,
        "failed_when_result": false,
        "invocation": {
            "module_args": {
                "_raw_params": "ping -c 2 -W 3 10.0.20.4",
                "_uses_shell": false,
                "argv": null,
                "chdir": null,
                "creates": null,
                "executable": null,
                "expand_argument_vars": true,
                "removes": null,
                "stdin": null,
                "stdin_add_newline": true,
                "strip_empty_ends": true
            }
        },
        "item": "osh-net-02",
        "msg": "",
        "rc": 0,
        "start": "2026-09-12 06:44:46.086467",
        "stderr": "",
        "stderr_lines": [],
        "stdout": "PING 10.0.20.4 (10.0.20.4) 56(84) bytes of data.\n64 bytes from 10.0.20.4: icmp_seq=1 ttl=63 time=4.56 ms\n64 bytes from 10.0.20.4: icmp_seq=2 ttl=63 time=3.07 ms\n\n--- 10.0.20.4 ping statistics ---\n2 packets transmitted, 2 received, 0% packet loss, time 1002ms\nrtt min/avg/max/mdev = 3.074/3.818/4.562/0.744 ms",
        "stdout_lines": [
            "PING 10.0.20.4 (10.0.20.4) 56(84) bytes of data.",
            "64 bytes from 10.0.20.4: icmp_seq=1 ttl=63 time=4.56 ms",
            "64 bytes from 10.0.20.4: icmp_seq=2 ttl=63 time=3.07 ms",
            "",
            "--- 10.0.20.4 ping statistics ---",
            "2 packets transmitted, 2 received, 0% packet loss, time 1002ms",
            "rtt min/avg/max/mdev = 3.074/3.818/4.562/0.744 ms"
        ]
    },
    "msg": "osh-ctrl-02 reaches osh-net-02 on the K8s cluster subnet"
}
ok: [osh-ctrl-01] => (item=osh-comp-01) => {
    "ansible_loop_var": "item",
    "changed": false,
    "item": {
        "ansible_loop_var": "item",
        "attempts": 1,
        "changed": false,
        "cmd": [
            "ping",
            "-c",
            "2",
            "-W",
            "3",
            "10.0.10.5"
        ],
        "delta": "0:00:01.011905",
        "end": "2026-09-12 06:42:41.893950",
        "failed": false,
        "failed_when_result": false,
        "invocation": {
            "module_args": {
                "_raw_params": "ping -c 2 -W 3 10.0.10.5",
                "_uses_shell": false,
                "argv": null,
                "chdir": null,
                "creates": null,
                "executable": null,
                "expand_argument_vars": true,
                "removes": null,
                "stdin": null,
                "stdin_add_newline": true,
                "strip_empty_ends": true
            }
        },
        "item": "osh-comp-01",
        "msg": "",
        "rc": 0,
        "start": "2026-09-12 06:42:40.882045",
        "stderr": "",
        "stderr_lines": [],
        "stdout": "PING 10.0.10.5 (10.0.10.5) 56(84) bytes of data.\n64 bytes from 10.0.10.5: icmp_seq=1 ttl=63 time=3.14 ms\n64 bytes from 10.0.10.5: icmp_seq=2 ttl=63 time=2.21 ms\n\n--- 10.0.10.5 ping statistics ---\n2 packets transmitted, 2 received, 0% packet loss, time 1002ms\nrtt min/avg/max/mdev = 2.205/2.671/3.138/0.466 ms",
        "stdout_lines": [
            "PING 10.0.10.5 (10.0.10.5) 56(84) bytes of data.",
            "64 bytes from 10.0.10.5: icmp_seq=1 ttl=63 time=3.14 ms",
            "64 bytes from 10.0.10.5: icmp_seq=2 ttl=63 time=2.21 ms",
            "",
            "--- 10.0.10.5 ping statistics ---",
            "2 packets transmitted, 2 received, 0% packet loss, time 1002ms",
            "rtt min/avg/max/mdev = 2.205/2.671/3.138/0.466 ms"
        ]
    },
    "msg": "osh-ctrl-01 reaches osh-comp-01 on the K8s cluster subnet"
}
failed: [k8s-db-03] (item=osh-comp-02) => {
    "ansible_loop_var": "item",
    "assertion": "item.rc == 0",
    "changed": false,
    "evaluated_to": false,
    "item": {
        "ansible_loop_var": "item",
        "attempts": 6,
        "changed": false,
        "cmd": [
            "ping",
            "-c",
            "2",
            "-W",
            "3",
            "10.0.20.5"
        ],
        "delta": "0:00:04.053292",
        "end": "2026-09-12 06:43:08.936285",
        "failed": true,
        "failed_when_result": false,
        "invocation": {
            "module_args": {
                "_raw_params": "ping -c 2 -W 3 10.0.20.5",
                "_uses_shell": false,
                "argv": null,
                "chdir": null,
                "creates": null,
                "executable": null,
                "expand_argument_vars": true,
                "removes": null,
                "stdin": null,
                "stdin_add_newline": true,
                "strip_empty_ends": true
            }
        },
        "item": "osh-comp-02",
        "msg": "non-zero return code",
        "rc": 1,
        "start": "2026-09-12 06:43:04.882993",
        "stderr": "",
        "stderr_lines": [],
        "stdout": "PING 10.0.20.5 (10.0.20.5) 56(84) bytes of data.\n\n--- 10.0.20.5 ping statistics ---\n2 packets transmitted, 0 received, 100% packet loss, time 1044ms",
        "stdout_lines": [
            "PING 10.0.20.5 (10.0.20.5) 56(84) bytes of data.",
            "",
            "--- 10.0.20.5 ping statistics ---",
            "2 packets transmitted, 0 received, 100% packet loss, time 1044ms"
        ]
    },
    "msg": "k8s-db-03 cannot reach cluster peer osh-comp-02 at 10.0.20.5.\nThe BGP-advertised K8s network is not usable yet for etcd or control-plane traffic.\nVerify netplan, FRR adjacency, prefix-lists, and the exact peer-to-peer BGP session.\n"
}
failed: [osh-ctrl-02] (item=MonSrv) => {
    "ansible_loop_var": "item",
    "assertion": "item.rc == 0",
    "changed": false,
    "evaluated_to": false,
    "item": {
        "ansible_loop_var": "item",
        "attempts": 6,
        "changed": false,
        "cmd": [
            "ping",
            "-c",
            "2",
            "-W",
            "3",
            "10.0.30.4"
        ],
        "delta": "0:00:04.011439",
        "end": "2026-09-12 06:46:29.964133",
        "failed": true,
        "failed_when_result": false,
        "invocation": {
            "module_args": {
                "_raw_params": "ping -c 2 -W 3 10.0.30.4",
                "_uses_shell": false,
                "argv": null,
                "chdir": null,
                "creates": null,
                "executable": null,
                "expand_argument_vars": true,
                "removes": null,
                "stdin": null,
                "stdin_add_newline": true,
                "strip_empty_ends": true
            }
        },
        "item": "MonSrv",
        "msg": "non-zero return code",
        "rc": 1,
        "start": "2026-09-12 06:46:25.952694",
        "stderr": "",
        "stderr_lines": [],
        "stdout": "PING 10.0.30.4 (10.0.30.4) 56(84) bytes of data.\n\n--- 10.0.30.4 ping statistics ---\n2 packets transmitted, 0 received, 100% packet loss, time 1003ms",
        "stdout_lines": [
            "PING 10.0.30.4 (10.0.30.4) 56(84) bytes of data.",
            "",
            "--- 10.0.30.4 ping statistics ---",
            "2 packets transmitted, 0 received, 100% packet loss, time 1003ms"
        ]
    },
    "msg": "osh-ctrl-02 cannot reach cluster peer MonSrv at 10.0.30.4.\nThe BGP-advertised K8s network is not usable yet for etcd or control-plane traffic.\nVerify netplan, FRR adjacency, prefix-lists, and the exact peer-to-peer BGP session.\n"
}
failed: [k8s-master-03] (item=osh-comp-04) => {
    "ansible_loop_var": "item",
    "assertion": "item.rc == 0",
    "changed": false,
    "evaluated_to": false,
    "item": {
        "ansible_loop_var": "item",
        "attempts": 6,
        "changed": false,
        "cmd": [
            "ping",
            "-c",
            "2",
            "-W",
            "3",
            "10.0.10.6"
        ],
        "delta": "0:00:04.010316",
        "end": "2026-09-12 06:39:17.938809",
        "failed": true,
        "failed_when_result": false,
        "invocation": {
            "module_args": {
                "_raw_params": "ping -c 2 -W 3 10.0.10.6",
                "_uses_shell": false,
                "argv": null,
                "chdir": null,
                "creates": null,
                "executable": null,
                "expand_argument_vars": true,
                "removes": null,
                "stdin": null,
                "stdin_add_newline": true,
                "strip_empty_ends": true
            }
        },
        "item": "osh-comp-04",
        "msg": "non-zero return code",
        "rc": 1,
        "start": "2026-09-12 06:39:13.928493",
        "stderr": "",
        "stderr_lines": [],
        "stdout": "PING 10.0.10.6 (10.0.10.6) 56(84) bytes of data.\n\n--- 10.0.10.6 ping statistics ---\n2 packets transmitted, 0 received, 100% packet loss, time 1001ms",
        "stdout_lines": [
            "PING 10.0.10.6 (10.0.10.6) 56(84) bytes of data.",
            "",
            "--- 10.0.10.6 ping statistics ---",
            "2 packets transmitted, 0 received, 100% packet loss, time 1001ms"
        ]
    },
    "msg": "k8s-master-03 cannot reach cluster peer osh-comp-04 at 10.0.10.6.\nThe BGP-advertised K8s network is not usable yet for etcd or control-plane traffic.\nVerify netplan, FRR adjacency, prefix-lists, and the exact peer-to-peer BGP session.\n"
}
failed: [k8s-db-02] (item=osh-comp-03) => {
    "ansible_loop_var": "item",
    "assertion": "item.rc == 0",
    "changed": false,
    "evaluated_to": false,
    "item": {
        "ansible_loop_var": "item",
        "attempts": 6,
        "changed": false,
        "cmd": [
            "ping",
            "-c",
            "2",
            "-W",
            "3",
            "10.0.30.5"
        ],
        "delta": "0:00:04.037203",
        "end": "2026-09-12 06:33:49.961927",
        "failed": true,
        "failed_when_result": false,
        "invocation": {
            "module_args": {
                "_raw_params": "ping -c 2 -W 3 10.0.30.5",
                "_uses_shell": false,
                "argv": null,
                "chdir": null,
                "creates": null,
                "executable": null,
                "expand_argument_vars": true,
                "removes": null,
                "stdin": null,
                "stdin_add_newline": true,
                "strip_empty_ends": true
            }
        },
        "item": "osh-comp-03",
        "msg": "non-zero return code",
        "rc": 1,
        "start": "2026-09-12 06:33:45.924724",
        "stderr": "",
        "stderr_lines": [],
        "stdout": "PING 10.0.30.5 (10.0.30.5) 56(84) bytes of data.\n\n--- 10.0.30.5 ping statistics ---\n2 packets transmitted, 0 received, 100% packet loss, time 1027ms",
        "stdout_lines": [
            "PING 10.0.30.5 (10.0.30.5) 56(84) bytes of data.",
            "",
            "--- 10.0.30.5 ping statistics ---",
            "2 packets transmitted, 0 received, 100% packet loss, time 1027ms"
        ]
    },
    "msg": "k8s-db-02 cannot reach cluster peer osh-comp-03 at 10.0.30.5.\nThe BGP-advertised K8s network is not usable yet for etcd or control-plane traffic.\nVerify netplan, FRR adjacency, prefix-lists, and the exact peer-to-peer BGP session.\n"
}
failed: [osh-ctrl-01] (item=osh-comp-02) => {
    "ansible_loop_var": "item",
    "assertion": "item.rc == 0",
    "changed": false,
    "evaluated_to": false,
    "item": {
        "ansible_loop_var": "item",
        "attempts": 6,
        "changed": false,
        "cmd": [
            "ping",
            "-c",
            "2",
            "-W",
            "3",
            "10.0.20.5"
        ],
        "delta": "0:00:04.020704",
        "end": "2026-09-12 06:44:23.137907",
        "failed": true,
        "failed_when_result": false,
        "invocation": {
            "module_args": {
                "_raw_params": "ping -c 2 -W 3 10.0.20.5",
                "_uses_shell": false,
                "argv": null,
                "chdir": null,
                "creates": null,
                "executable": null,
                "expand_argument_vars": true,
                "removes": null,
                "stdin": null,
                "stdin_add_newline": true,
                "strip_empty_ends": true
            }
        },
        "item": "osh-comp-02",
        "msg": "non-zero return code",
        "rc": 1,
        "start": "2026-09-12 06:44:19.117203",
        "stderr": "",
        "stderr_lines": [],
        "stdout": "PING 10.0.20.5 (10.0.20.5) 56(84) bytes of data.\n\n--- 10.0.20.5 ping statistics ---\n2 packets transmitted, 0 received, 100% packet loss, time 1011ms",
        "stdout_lines": [
            "PING 10.0.20.5 (10.0.20.5) 56(84) bytes of data.",
            "",
            "--- 10.0.20.5 ping statistics ---",
            "2 packets transmitted, 0 received, 100% packet loss, time 1011ms"
        ]
    },
    "msg": "osh-ctrl-01 cannot reach cluster peer osh-comp-02 at 10.0.20.5.\nThe BGP-advertised K8s network is not usable yet for etcd or control-plane traffic.\nVerify netplan, FRR adjacency, prefix-lists, and the exact peer-to-peer BGP session.\n"
}
ok: [k8s-db-03] => (item=osh-comp-03) => {
    "ansible_loop_var": "item",
    "changed": false,
    "item": {
        "ansible_loop_var": "item",
        "attempts": 1,
        "changed": false,
        "cmd": [
            "ping",
            "-c",
            "2",
            "-W",
            "3",
            "10.0.30.5"
        ],
        "delta": "0:00:01.014520",
        "end": "2026-09-12 06:43:11.833320",
        "failed": false,
        "failed_when_result": false,
        "invocation": {
            "module_args": {
                "_raw_params": "ping -c 2 -W 3 10.0.30.5",
                "_uses_shell": false,
                "argv": null,
                "chdir": null,
                "creates": null,
                "executable": null,
                "expand_argument_vars": true,
                "removes": null,
                "stdin": null,
                "stdin_add_newline": true,
                "strip_empty_ends": true
            }
        },
        "item": "osh-comp-03",
        "msg": "",
        "rc": 0,
        "start": "2026-09-12 06:43:10.818800",
        "stderr": "",
        "stderr_lines": [],
        "stdout": "PING 10.0.30.5 (10.0.30.5) 56(84) bytes of data.\n64 bytes from 10.0.30.5: icmp_seq=1 ttl=63 time=2.15 ms\n64 bytes from 10.0.30.5: icmp_seq=2 ttl=63 time=2.75 ms\n\n--- 10.0.30.5 ping statistics ---\n2 packets transmitted, 2 received, 0% packet loss, time 1002ms\nrtt min/avg/max/mdev = 2.146/2.445/2.745/0.299 ms",
        "stdout_lines": [
            "PING 10.0.30.5 (10.0.30.5) 56(84) bytes of data.",
            "64 bytes from 10.0.30.5: icmp_seq=1 ttl=63 time=2.15 ms",
            "64 bytes from 10.0.30.5: icmp_seq=2 ttl=63 time=2.75 ms",
            "",
            "--- 10.0.30.5 ping statistics ---",
            "2 packets transmitted, 2 received, 0% packet loss, time 1002ms",
            "rtt min/avg/max/mdev = 2.146/2.445/2.745/0.299 ms"
        ]
    },
    "msg": "k8s-db-03 reaches osh-comp-03 on the K8s cluster subnet"
}
ok: [k8s-db-02] => (item=osh-comp-04) => {
    "ansible_loop_var": "item",
    "changed": false,
    "item": {
        "ansible_loop_var": "item",
        "attempts": 1,
        "changed": false,
        "cmd": [
            "ping",
            "-c",
            "2",
            "-W",
            "3",
            "10.0.10.6"
        ],
        "delta": "0:00:01.017030",
        "end": "2026-09-12 06:33:53.266708",
        "failed": false,
        "failed_when_result": false,
        "invocation": {
            "module_args": {
                "_raw_params": "ping -c 2 -W 3 10.0.10.6",
                "_uses_shell": false,
                "argv": null,
                "chdir": null,
                "creates": null,
                "executable": null,
                "expand_argument_vars": true,
                "removes": null,
                "stdin": null,
                "stdin_add_newline": true,
                "strip_empty_ends": true
            }
        },
        "item": "osh-comp-04",
        "msg": "",
        "rc": 0,
        "start": "2026-09-12 06:33:52.249678",
        "stderr": "",
        "stderr_lines": [],
        "stdout": "PING 10.0.10.6 (10.0.10.6) 56(84) bytes of data.\n64 bytes from 10.0.10.6: icmp_seq=1 ttl=61 time=7.29 ms\n64 bytes from 10.0.10.6: icmp_seq=2 ttl=61 time=5.93 ms\n\n--- 10.0.10.6 ping statistics ---\n2 packets transmitted, 2 received, 0% packet loss, time 1002ms\nrtt min/avg/max/mdev = 5.928/6.608/7.289/0.680 ms",
        "stdout_lines": [
            "PING 10.0.10.6 (10.0.10.6) 56(84) bytes of data.",
            "64 bytes from 10.0.10.6: icmp_seq=1 ttl=61 time=7.29 ms",
            "64 bytes from 10.0.10.6: icmp_seq=2 ttl=61 time=5.93 ms",
            "",
            "--- 10.0.10.6 ping statistics ---",
            "2 packets transmitted, 2 received, 0% packet loss, time 1002ms",
            "rtt min/avg/max/mdev = 5.928/6.608/7.289/0.680 ms"
        ]
    },
    "msg": "k8s-db-02 reaches osh-comp-04 on the K8s cluster subnet"
}
failed: [osh-ctrl-02] (item=osh-comp-01) => {
    "ansible_loop_var": "item",
    "assertion": "item.rc == 0",
    "changed": false,
    "evaluated_to": false,
    "item": {
        "ansible_loop_var": "item",
        "attempts": 6,
        "changed": false,
        "cmd": [
            "ping",
            "-c",
            "2",
            "-W",
            "3",
            "10.0.10.5"
        ],
        "delta": "0:00:04.021229",
        "end": "2026-09-12 06:48:14.156263",
        "failed": true,
        "failed_when_result": false,
        "invocation": {
            "module_args": {
                "_raw_params": "ping -c 2 -W 3 10.0.10.5",
                "_uses_shell": false,
                "argv": null,
                "chdir": null,
                "creates": null,
                "executable": null,
                "expand_argument_vars": true,
                "removes": null,
                "stdin": null,
                "stdin_add_newline": true,
                "strip_empty_ends": true
            }
        },
        "item": "osh-comp-01",
        "msg": "non-zero return code",
        "rc": 1,
        "start": "2026-09-12 06:48:10.135034",
        "stderr": "",
        "stderr_lines": [],
        "stdout": "PING 10.0.10.5 (10.0.10.5) 56(84) bytes of data.\n\n--- 10.0.10.5 ping statistics ---\n2 packets transmitted, 0 received, 100% packet loss, time 1012ms",
        "stdout_lines": [
            "PING 10.0.10.5 (10.0.10.5) 56(84) bytes of data.",
            "",
            "--- 10.0.10.5 ping statistics ---",
            "2 packets transmitted, 0 received, 100% packet loss, time 1012ms"
        ]
    },
    "msg": "osh-ctrl-02 cannot reach cluster peer osh-comp-01 at 10.0.10.5.\nThe BGP-advertised K8s network is not usable yet for etcd or control-plane traffic.\nVerify netplan, FRR adjacency, prefix-lists, and the exact peer-to-peer BGP session.\n"
}
ok: [k8s-db-03] => (item=osh-comp-04) => {
    "ansible_loop_var": "item",
    "changed": false,
    "item": {
        "ansible_loop_var": "item",
        "attempts": 1,
        "changed": false,
        "cmd": [
            "ping",
            "-c",
            "2",
            "-W",
            "3",
            "10.0.10.6"
        ],
        "delta": "0:00:01.021243",
        "end": "2026-09-12 06:43:14.489419",
        "failed": false,
        "failed_when_result": false,
        "invocation": {
            "module_args": {
                "_raw_params": "ping -c 2 -W 3 10.0.10.6",
                "_uses_shell": false,
                "argv": null,
                "chdir": null,
                "creates": null,
                "executable": null,
                "expand_argument_vars": true,
                "removes": null,
                "stdin": null,
                "stdin_add_newline": true,
                "strip_empty_ends": true
            }
        },
        "item": "osh-comp-04",
        "msg": "",
        "rc": 0,
        "start": "2026-09-12 06:43:13.468176",
        "stderr": "",
        "stderr_lines": [],
        "stdout": "PING 10.0.10.6 (10.0.10.6) 56(84) bytes of data.\n64 bytes from 10.0.10.6: icmp_seq=1 ttl=61 time=7.12 ms\n64 bytes from 10.0.10.6: icmp_seq=2 ttl=61 time=10.2 ms\n\n--- 10.0.10.6 ping statistics ---\n2 packets transmitted, 2 received, 0% packet loss, time 1002ms\nrtt min/avg/max/mdev = 7.119/8.644/10.170/1.525 ms",
        "stdout_lines": [
            "PING 10.0.10.6 (10.0.10.6) 56(84) bytes of data.",
            "64 bytes from 10.0.10.6: icmp_seq=1 ttl=61 time=7.12 ms",
            "64 bytes from 10.0.10.6: icmp_seq=2 ttl=61 time=10.2 ms",
            "",
            "--- 10.0.10.6 ping statistics ---",
            "2 packets transmitted, 2 received, 0% packet loss, time 1002ms",
            "rtt min/avg/max/mdev = 7.119/8.644/10.170/1.525 ms"
        ]
    },
    "msg": "k8s-db-03 reaches osh-comp-04 on the K8s cluster subnet"
}
failed: [osh-ctrl-01] (item=osh-comp-03) => {
    "ansible_loop_var": "item",
    "assertion": "item.rc == 0",
    "changed": false,
    "evaluated_to": false,
    "item": {
        "ansible_loop_var": "item",
        "attempts": 6,
        "changed": false,
        "cmd": [
            "ping",
            "-c",
            "2",
            "-W",
            "3",
            "10.0.30.5"
        ],
        "delta": "0:00:04.059085",
        "end": "2026-09-12 06:46:05.665969",
        "failed": true,
        "failed_when_result": false,
        "invocation": {
            "module_args": {
                "_raw_params": "ping -c 2 -W 3 10.0.30.5",
                "_uses_shell": false,
                "argv": null,
                "chdir": null,
                "creates": null,
                "executable": null,
                "expand_argument_vars": true,
                "removes": null,
                "stdin": null,
                "stdin_add_newline": true,
                "strip_empty_ends": true
            }
        },
        "item": "osh-comp-03",
        "msg": "non-zero return code",
        "rc": 1,
        "start": "2026-09-12 06:46:01.606884",
        "stderr": "",
        "stderr_lines": [],
        "stdout": "PING 10.0.30.5 (10.0.30.5) 56(84) bytes of data.\n\n--- 10.0.30.5 ping statistics ---\n2 packets transmitted, 0 received, 100% packet loss, time 1050ms",
        "stdout_lines": [
            "PING 10.0.30.5 (10.0.30.5) 56(84) bytes of data.",
            "",
            "--- 10.0.30.5 ping statistics ---",
            "2 packets transmitted, 0 received, 100% packet loss, time 1050ms"
        ]
    },
    "msg": "osh-ctrl-01 cannot reach cluster peer osh-comp-03 at 10.0.30.5.\nThe BGP-advertised K8s network is not usable yet for etcd or control-plane traffic.\nVerify netplan, FRR adjacency, prefix-lists, and the exact peer-to-peer BGP session.\n"
}
ok: [osh-ctrl-02] => (item=osh-comp-02) => {
    "ansible_loop_var": "item",
    "changed": false,
    "item": {
        "ansible_loop_var": "item",
        "attempts": 1,
        "changed": false,
        "cmd": [
            "ping",
            "-c",
            "2",
            "-W",
            "3",
            "10.0.20.5"
        ],
        "delta": "0:00:01.013751",
        "end": "2026-09-12 06:48:16.880409",
        "failed": false,
        "failed_when_result": false,
        "invocation": {
            "module_args": {
                "_raw_params": "ping -c 2 -W 3 10.0.20.5",
                "_uses_shell": false,
                "argv": null,
                "chdir": null,
                "creates": null,
                "executable": null,
                "expand_argument_vars": true,
                "removes": null,
                "stdin": null,
                "stdin_add_newline": true,
                "strip_empty_ends": true
            }
        },
        "item": "osh-comp-02",
        "msg": "",
        "rc": 0,
        "start": "2026-09-12 06:48:15.866658",
        "stderr": "",
        "stderr_lines": [],
        "stdout": "PING 10.0.20.5 (10.0.20.5) 56(84) bytes of data.\n64 bytes from 10.0.20.5: icmp_seq=1 ttl=63 time=3.15 ms\n64 bytes from 10.0.20.5: icmp_seq=2 ttl=63 time=2.75 ms\n\n--- 10.0.20.5 ping statistics ---\n2 packets transmitted, 2 received, 0% packet loss, time 1002ms\nrtt min/avg/max/mdev = 2.752/2.950/3.149/0.198 ms",
        "stdout_lines": [
            "PING 10.0.20.5 (10.0.20.5) 56(84) bytes of data.",
            "64 bytes from 10.0.20.5: icmp_seq=1 ttl=63 time=3.15 ms",
            "64 bytes from 10.0.20.5: icmp_seq=2 ttl=63 time=2.75 ms",
            "",
            "--- 10.0.20.5 ping statistics ---",
            "2 packets transmitted, 2 received, 0% packet loss, time 1002ms",
            "rtt min/avg/max/mdev = 2.752/2.950/3.149/0.198 ms"
        ]
    },
    "msg": "osh-ctrl-02 reaches osh-comp-02 on the K8s cluster subnet"
}
ok: [osh-ctrl-01] => (item=osh-comp-04) => {
    "ansible_loop_var": "item",
    "changed": false,
    "item": {
        "ansible_loop_var": "item",
        "attempts": 1,
        "changed": false,
        "cmd": [
            "ping",
            "-c",
            "2",
            "-W",
            "3",
            "10.0.10.6"
        ],
        "delta": "0:00:01.013416",
        "end": "2026-09-12 06:46:08.427069",
        "failed": false,
        "failed_when_result": false,
        "invocation": {
            "module_args": {
                "_raw_params": "ping -c 2 -W 3 10.0.10.6",
                "_uses_shell": false,
                "argv": null,
                "chdir": null,
                "creates": null,
                "executable": null,
                "expand_argument_vars": true,
                "removes": null,
                "stdin": null,
                "stdin_add_newline": true,
                "strip_empty_ends": true
            }
        },
        "item": "osh-comp-04",
        "msg": "",
        "rc": 0,
        "start": "2026-09-12 06:46:07.413653",
        "stderr": "",
        "stderr_lines": [],
        "stdout": "PING 10.0.10.6 (10.0.10.6) 56(84) bytes of data.\n64 bytes from 10.0.10.6: icmp_seq=1 ttl=63 time=3.09 ms\n64 bytes from 10.0.10.6: icmp_seq=2 ttl=63 time=2.90 ms\n\n--- 10.0.10.6 ping statistics ---\n2 packets transmitted, 2 received, 0% packet loss, time 1001ms\nrtt min/avg/max/mdev = 2.902/2.993/3.085/0.091 ms",
        "stdout_lines": [
            "PING 10.0.10.6 (10.0.10.6) 56(84) bytes of data.",
            "64 bytes from 10.0.10.6: icmp_seq=1 ttl=63 time=3.09 ms",
            "64 bytes from 10.0.10.6: icmp_seq=2 ttl=63 time=2.90 ms",
            "",
            "--- 10.0.10.6 ping statistics ---",
            "2 packets transmitted, 2 received, 0% packet loss, time 1001ms",
            "rtt min/avg/max/mdev = 2.902/2.993/3.085/0.091 ms"
        ]
    },
    "msg": "osh-ctrl-01 reaches osh-comp-04 on the K8s cluster subnet"
}
ok: [osh-ctrl-02] => (item=osh-comp-03) => {
    "ansible_loop_var": "item",
    "changed": false,
    "item": {
        "ansible_loop_var": "item",
        "attempts": 1,
        "changed": false,
        "cmd": [
            "ping",
            "-c",
            "2",
            "-W",
            "3",
            "10.0.30.5"
        ],
        "delta": "0:00:01.019002",
        "end": "2026-09-12 06:48:19.556357",
        "failed": false,
        "failed_when_result": false,
        "invocation": {
            "module_args": {
                "_raw_params": "ping -c 2 -W 3 10.0.30.5",
                "_uses_shell": false,
                "argv": null,
                "chdir": null,
                "creates": null,
                "executable": null,
                "expand_argument_vars": true,
                "removes": null,
                "stdin": null,
                "stdin_add_newline": true,
                "strip_empty_ends": true
            }
        },
        "item": "osh-comp-03",
        "msg": "",
        "rc": 0,
        "start": "2026-09-12 06:48:18.537355",
        "stderr": "",
        "stderr_lines": [],
        "stdout": "PING 10.0.30.5 (10.0.30.5) 56(84) bytes of data.\n64 bytes from 10.0.30.5: icmp_seq=1 ttl=61 time=6.09 ms\n64 bytes from 10.0.30.5: icmp_seq=2 ttl=61 time=7.52 ms\n\n--- 10.0.30.5 ping statistics ---\n2 packets transmitted, 2 received, 0% packet loss, time 1001ms\nrtt min/avg/max/mdev = 6.091/6.807/7.523/0.716 ms",
        "stdout_lines": [
            "PING 10.0.30.5 (10.0.30.5) 56(84) bytes of data.",
            "64 bytes from 10.0.30.5: icmp_seq=1 ttl=61 time=6.09 ms",
            "64 bytes from 10.0.30.5: icmp_seq=2 ttl=61 time=7.52 ms",
            "",
            "--- 10.0.30.5 ping statistics ---",
            "2 packets transmitted, 2 received, 0% packet loss, time 1001ms",
            "rtt min/avg/max/mdev = 6.091/6.807/7.523/0.716 ms"
        ]
    },
    "msg": "osh-ctrl-02 reaches osh-comp-03 on the K8s cluster subnet"
}
failed: [osh-ctrl-02] (item=osh-comp-04) => {
    "ansible_loop_var": "item",
    "assertion": "item.rc == 0",
    "changed": false,
    "evaluated_to": false,
    "item": {
        "ansible_loop_var": "item",
        "attempts": 6,
        "changed": false,
        "cmd": [
            "ping",
            "-c",
            "2",
            "-W",
            "3",
            "10.0.10.6"
        ],
        "delta": "0:00:04.056686",
        "end": "2026-09-12 06:50:04.748443",
        "failed": true,
        "failed_when_result": false,
        "invocation": {
            "module_args": {
                "_raw_params": "ping -c 2 -W 3 10.0.10.6",
                "_uses_shell": false,
                "argv": null,
                "chdir": null,
                "creates": null,
                "executable": null,
                "expand_argument_vars": true,
                "removes": null,
                "stdin": null,
                "stdin_add_newline": true,
                "strip_empty_ends": true
            }
        },
        "item": "osh-comp-04",
        "msg": "non-zero return code",
        "rc": 1,
        "start": "2026-09-12 06:50:00.691757",
        "stderr": "",
        "stderr_lines": [],
        "stdout": "PING 10.0.10.6 (10.0.10.6) 56(84) bytes of data.\n\n--- 10.0.10.6 ping statistics ---\n2 packets transmitted, 0 received, 100% packet loss, time 1047ms",
        "stdout_lines": [
            "PING 10.0.10.6 (10.0.10.6) 56(84) bytes of data.",
            "",
            "--- 10.0.10.6 ping statistics ---",
            "2 packets transmitted, 0 received, 100% packet loss, time 1047ms"
        ]
    },
    "msg": "osh-ctrl-02 cannot reach cluster peer osh-comp-04 at 10.0.10.6.\nThe BGP-advertised K8s network is not usable yet for etcd or control-plane traffic.\nVerify netplan, FRR adjacency, prefix-lists, and the exact peer-to-peer BGP session.\n"
}
failed: [osh-ctrl-03] (item=k8s-master-01) => {
    "ansible_loop_var": "item",
    "assertion": "item.rc == 0",
    "changed": false,
    "evaluated_to": false,
    "item": {
        "ansible_loop_var": "item",
        "attempts": 6,
        "changed": false,
        "cmd": [
            "ping",
            "-c",
            "2",
            "-W",
            "3",
            "10.0.10.1"
        ],
        "delta": "0:00:04.018510",
        "end": "2026-09-12 06:37:09.745400",
        "failed": true,
        "failed_when_result": false,
        "invocation": {
            "module_args": {
                "_raw_params": "ping -c 2 -W 3 10.0.10.1",
                "_uses_shell": false,
                "argv": null,
                "chdir": null,
                "creates": null,
                "executable": null,
                "expand_argument_vars": true,
                "removes": null,
                "stdin": null,
                "stdin_add_newline": true,
                "strip_empty_ends": true
            }
        },
        "item": "k8s-master-01",
        "msg": "non-zero return code",
        "rc": 1,
        "start": "2026-09-12 06:37:05.726890",
        "stderr": "",
        "stderr_lines": [],
        "stdout": "PING 10.0.10.1 (10.0.10.1) 56(84) bytes of data.\n\n--- 10.0.10.1 ping statistics ---\n2 packets transmitted, 0 received, 100% packet loss, time 1009ms",
        "stdout_lines": [
            "PING 10.0.10.1 (10.0.10.1) 56(84) bytes of data.",
            "",
            "--- 10.0.10.1 ping statistics ---",
            "2 packets transmitted, 0 received, 100% packet loss, time 1009ms"
        ]
    },
    "msg": "osh-ctrl-03 cannot reach cluster peer k8s-master-01 at 10.0.10.1.\nThe BGP-advertised K8s network is not usable yet for etcd or control-plane traffic.\nVerify netplan, FRR adjacency, prefix-lists, and the exact peer-to-peer BGP session.\n"
}
failed: [osh-net-02] (item=k8s-master-01) => {
    "ansible_loop_var": "item",
    "assertion": "item.rc == 0",
    "changed": false,
    "evaluated_to": false,
    "item": {
        "ansible_loop_var": "item",
        "attempts": 6,
        "changed": false,
        "cmd": [
            "ping",
            "-c",
            "2",
            "-W",
            "3",
            "10.0.10.1"
        ],
        "delta": "0:00:04.014985",
        "end": "2026-09-12 06:41:02.766326",
        "failed": true,
        "failed_when_result": false,
        "invocation": {
            "module_args": {
                "_raw_params": "ping -c 2 -W 3 10.0.10.1",
                "_uses_shell": false,
                "argv": null,
                "chdir": null,
                "creates": null,
                "executable": null,
                "expand_argument_vars": true,
                "removes": null,
                "stdin": null,
                "stdin_add_newline": true,
                "strip_empty_ends": true
            }
        },
        "item": "k8s-master-01",
        "msg": "non-zero return code",
        "rc": 1,
        "start": "2026-09-12 06:40:58.751341",
        "stderr": "",
        "stderr_lines": [],
        "stdout": "PING 10.0.10.1 (10.0.10.1) 56(84) bytes of data.\n\n--- 10.0.10.1 ping statistics ---\n2 packets transmitted, 0 received, 100% packet loss, time 1003ms",
        "stdout_lines": [
            "PING 10.0.10.1 (10.0.10.1) 56(84) bytes of data.",
            "",
            "--- 10.0.10.1 ping statistics ---",
            "2 packets transmitted, 0 received, 100% packet loss, time 1003ms"
        ]
    },
    "msg": "osh-net-02 cannot reach cluster peer k8s-master-01 at 10.0.10.1.\nThe BGP-advertised K8s network is not usable yet for etcd or control-plane traffic.\nVerify netplan, FRR adjacency, prefix-lists,and the exact peer-to-peer BGP session.\n"
}
ok: [osh-ctrl-03] => (item=k8s-master-02) => {
    "ansible_loop_var": "item",
    "changed": false,
    "item": {
        "ansible_loop_var": "item",
        "attempts": 1,
        "changed": false,
        "cmd": [
            "ping",
            "-c",
            "2",
            "-W",
            "3",
            "10.0.20.1"
        ],
        "delta": "0:00:01.017370",
        "end": "2026-09-12 06:37:12.925218",
        "failed": false,
        "failed_when_result": false,
        "invocation": {
            "module_args": {
                "_raw_params": "ping -c 2 -W 3 10.0.20.1",
                "_uses_shell": false,
                "argv": null,
                "chdir": null,
                "creates": null,
                "executable": null,
                "expand_argument_vars": true,
                "removes": null,
                "stdin": null,
                "stdin_add_newline": true,
                "strip_empty_ends": true
            }
        },
        "item": "k8s-master-02",
        "msg": "",
        "rc": 0,
        "start": "2026-09-12 06:37:11.907848",
        "stderr": "",
        "stderr_lines": [],
        "stdout": "PING 10.0.20.1 (10.0.20.1) 56(84) bytes of data.\n64 bytes from 10.0.20.1: icmp_seq=1 ttl=61 time=6.51 ms\n64 bytes from 10.0.20.1: icmp_seq=2 ttl=61 time=6.43 ms\n\n--- 10.0.20.1 ping statistics ---\n2 packets transmitted, 2 received, 0% packet loss, time 1002ms\nrtt min/avg/max/mdev = 6.425/6.465/6.505/0.040 ms",
        "stdout_lines": [
            "PING 10.0.20.1 (10.0.20.1) 56(84) bytes of data.",
            "64 bytes from 10.0.20.1: icmp_seq=1 ttl=61 time=6.51 ms",
            "64 bytes from 10.0.20.1: icmp_seq=2 ttl=61 time=6.43 ms",
            "",
            "--- 10.0.20.1 ping statistics ---",
            "2 packets transmitted, 2 received, 0% packet loss, time 1002ms",
            "rtt min/avg/max/mdev = 6.425/6.465/6.505/0.040 ms"
        ]
    },
    "msg": "osh-ctrl-03 reaches k8s-master-02 on the K8s cluster subnet"
}
ok: [osh-net-02] => (item=k8s-master-02) => {
    "ansible_loop_var": "item",
    "changed": false,
    "item": {
        "ansible_loop_var": "item",
        "attempts": 1,
        "changed": false,
        "cmd": [
            "ping",
            "-c",
            "2",
            "-W",
            "3",
            "10.0.20.1"
        ],
        "delta": "0:00:01.013346",
        "end": "2026-09-12 06:41:05.469362",
        "failed": false,
        "failed_when_result": false,
        "invocation": {
            "module_args": {
                "_raw_params": "ping -c 2 -W 3 10.0.20.1",
                "_uses_shell": false,
                "argv": null,
                "chdir": null,
                "creates": null,
                "executable": null,
                "expand_argument_vars": true,
                "removes": null,
                "stdin": null,
                "stdin_add_newline": true,
                "strip_empty_ends": true
            }
        },
        "item": "k8s-master-02",
        "msg": "",
        "rc": 0,
        "start": "2026-09-12 06:41:04.456016",
        "stderr": "",
        "stderr_lines": [],
        "stdout": "PING 10.0.20.1 (10.0.20.1) 56(84) bytes of data.\n64 bytes from 10.0.20.1: icmp_seq=1 ttl=63 time=2.88 ms\n64 bytes from 10.0.20.1: icmp_seq=2 ttl=63 time=3.01 ms\n\n--- 10.0.20.1 ping statistics ---\n2 packets transmitted, 2 received, 0% packet loss, time 1001ms\nrtt min/avg/max/mdev = 2.878/2.942/3.006/0.064 ms",
        "stdout_lines": [
            "PING 10.0.20.1 (10.0.20.1) 56(84) bytes of data.",
            "64 bytes from 10.0.20.1: icmp_seq=1 ttl=63 time=2.88 ms",
            "64 bytes from 10.0.20.1: icmp_seq=2 ttl=63 time=3.01 ms",
            "",
            "--- 10.0.20.1 ping statistics ---",
            "2 packets transmitted, 2 received, 0% packet loss, time 1001ms",
            "rtt min/avg/max/mdev = 2.878/2.942/3.006/0.064 ms"
        ]
    },
    "msg": "osh-net-02 reaches k8s-master-02 on the K8s cluster subnet"
}
failed: [MonSrv] (item=k8s-master-01) => {
    "ansible_loop_var": "item",
    "assertion": "item.rc == 0",
    "changed": false,
    "evaluated_to": false,
    "item": {
        "ansible_loop_var": "item",
        "attempts": 6,
        "changed": false,
        "cmd": [
            "ping",
            "-c",
            "2",
            "-W",
            "3",
            "10.0.10.1"
        ],
        "delta": "0:00:04.014872",
        "end": "2026-09-12 06:44:55.356984",
        "failed": true,
        "failed_when_result": false,
        "invocation": {
            "module_args": {
                "_raw_params": "ping -c 2 -W 3 10.0.10.1",
                "_uses_shell": false,
                "argv": null,
                "chdir": null,
                "creates": null,
                "executable": null,
                "expand_argument_vars": true,
                "removes": null,
                "stdin": null,
                "stdin_add_newline": true,
                "strip_empty_ends": true
            }
        },
        "item": "k8s-master-01",
        "msg": "non-zero return code",
        "rc": 1,
        "start": "2026-09-12 06:44:51.342112",
        "stderr": "",
        "stderr_lines": [],
        "stdout": "PING 10.0.10.1 (10.0.10.1) 56(84) bytes of data.\n\n--- 10.0.10.1 ping statistics ---\n2 packets transmitted, 0 received, 100% packet loss, time 1004ms",
        "stdout_lines": [
            "PING 10.0.10.1 (10.0.10.1) 56(84) bytes of data.",
            "",
            "--- 10.0.10.1 ping statistics ---",
            "2 packets transmitted, 0 received, 100% packet loss, time 1004ms"
        ]
    },
    "msg": "MonSrv cannot reach cluster peer k8s-master-01 at 10.0.10.1.\nThe BGP-advertised K8s network is not usable yet for etcd or control-plane traffic.\nVerify netplan, FRR adjacency, prefix-lists, andthe exact peer-to-peer BGP session.\n"
}
ok: [osh-ctrl-03] => (item=k8s-master-03) => {
    "ansible_loop_var": "item",
    "changed": false,
    "item": {
        "ansible_loop_var": "item",
        "attempts": 1,
        "changed": false,
        "cmd": [
            "ping",
            "-c",
            "2",
            "-W",
            "3",
            "10.0.30.1"
        ],
        "delta": "0:00:01.014132",
        "end": "2026-09-12 06:37:15.586092",
        "failed": false,
        "failed_when_result": false,
        "invocation": {
            "module_args": {
                "_raw_params": "ping -c 2 -W 3 10.0.30.1",
                "_uses_shell": false,
                "argv": null,
                "chdir": null,
                "creates": null,
                "executable": null,
                "expand_argument_vars": true,
                "removes": null,
                "stdin": null,
                "stdin_add_newline": true,
                "strip_empty_ends": true
            }
        },
        "item": "k8s-master-03",
        "msg": "",
        "rc": 0,
        "start": "2026-09-12 06:37:14.571960",
        "stderr": "",
        "stderr_lines": [],
        "stdout": "PING 10.0.30.1 (10.0.30.1) 56(84) bytes of data.\n64 bytes from 10.0.30.1: icmp_seq=1 ttl=63 time=4.55 ms\n64 bytes from 10.0.30.1: icmp_seq=2 ttl=63 time=3.20 ms\n\n--- 10.0.30.1 ping statistics ---\n2 packets transmitted, 2 received, 0% packet loss, time 1002ms\nrtt min/avg/max/mdev = 3.198/3.876/4.554/0.678 ms",
        "stdout_lines": [
            "PING 10.0.30.1 (10.0.30.1) 56(84) bytes of data.",
            "64 bytes from 10.0.30.1: icmp_seq=1 ttl=63 time=4.55 ms",
            "64 bytes from 10.0.30.1: icmp_seq=2 ttl=63 time=3.20 ms",
            "",
            "--- 10.0.30.1 ping statistics ---",
            "2 packets transmitted, 2 received, 0% packet loss, time 1002ms",
            "rtt min/avg/max/mdev = 3.198/3.876/4.554/0.678 ms"
        ]
    },
    "msg": "osh-ctrl-03 reaches k8s-master-03 on the K8s cluster subnet"
}
failed: [MonSrv] (item=k8s-master-02) => {
    "ansible_loop_var": "item",
    "assertion": "item.rc == 0",
    "changed": false,
    "evaluated_to": false,
    "item": {
        "ansible_loop_var": "item",
        "attempts": 6,
        "changed": false,
        "cmd": [
            "ping",
            "-c",
            "2",
            "-W",
            "3",
            "10.0.20.1"
        ],
        "delta": "0:00:04.015585",
        "end": "2026-09-12 06:46:38.204220",
        "failed": true,
        "failed_when_result": false,
        "invocation": {
            "module_args": {
                "_raw_params": "ping -c 2 -W 3 10.0.20.1",
                "_uses_shell": false,
                "argv": null,
                "chdir": null,
                "creates": null,
                "executable": null,
                "expand_argument_vars": true,
                "removes": null,
                "stdin": null,
                "stdin_add_newline": true,
                "strip_empty_ends": true
            }
        },
        "item": "k8s-master-02",
        "msg": "non-zero return code",
        "rc": 1,
        "start": "2026-09-12 06:46:34.188635",
        "stderr": "",
        "stderr_lines": [],
        "stdout": "PING 10.0.20.1 (10.0.20.1) 56(84) bytes of data.\n\n--- 10.0.20.1 ping statistics ---\n2 packets transmitted, 0 received, 100% packet loss, time 1007ms",
        "stdout_lines": [
            "PING 10.0.20.1 (10.0.20.1) 56(84) bytes of data.",
            "",
            "--- 10.0.20.1 ping statistics ---",
            "2 packets transmitted, 0 received, 100% packet loss, time 1007ms"
        ]
    },
    "msg": "MonSrv cannot reach cluster peer k8s-master-02 at 10.0.20.1.\nThe BGP-advertised K8s network is not usable yet for etcd or control-plane traffic.\nVerify netplan, FRR adjacency, prefix-lists, andthe exact peer-to-peer BGP session.\n"
}
ok: [osh-net-02] => (item=k8s-master-03) => {
    "ansible_loop_var": "item",
    "changed": false,
    "item": {
        "ansible_loop_var": "item",
        "attempts": 1,
        "changed": false,
        "cmd": [
            "ping",
            "-c",
            "2",
            "-W",
            "3",
            "10.0.30.1"
        ],
        "delta": "0:00:01.017788",
        "end": "2026-09-12 06:41:08.239985",
        "failed": false,
        "failed_when_result": false,
        "invocation": {
            "module_args": {
                "_raw_params": "ping -c 2 -W 3 10.0.30.1",
                "_uses_shell": false,
                "argv": null,
                "chdir": null,
                "creates": null,
                "executable": null,
                "expand_argument_vars": true,
                "removes": null,
                "stdin": null,
                "stdin_add_newline": true,
                "strip_empty_ends": true
            }
        },
        "item": "k8s-master-03",
        "msg": "",
        "rc": 0,
        "start": "2026-09-12 06:41:07.222197",
        "stderr": "",
        "stderr_lines": [],
        "stdout": "PING 10.0.30.1 (10.0.30.1) 56(84) bytes of data.\n64 bytes from 10.0.30.1: icmp_seq=1 ttl=61 time=6.72 ms\n64 bytes from 10.0.30.1: icmp_seq=2 ttl=61 time=6.88 ms\n\n--- 10.0.30.1 ping statistics ---\n2 packets transmitted, 2 received, 0% packet loss, time 1002ms\nrtt min/avg/max/mdev = 6.715/6.796/6.878/0.081 ms",
        "stdout_lines": [
            "PING 10.0.30.1 (10.0.30.1) 56(84) bytes of data.",
            "64 bytes from 10.0.30.1: icmp_seq=1 ttl=61 time=6.72 ms",
            "64 bytes from 10.0.30.1: icmp_seq=2 ttl=61 time=6.88 ms",
            "",
            "--- 10.0.30.1 ping statistics ---",
            "2 packets transmitted, 2 received, 0% packet loss, time 1002ms",
            "rtt min/avg/max/mdev = 6.715/6.796/6.878/0.081 ms"
        ]
    },
    "msg": "osh-net-02 reaches k8s-master-03 on the K8s cluster subnet"
}
ok: [osh-comp-01] => (item=k8s-master-01) => {
    "ansible_loop_var": "item",
    "changed": false,
    "item": {
        "ansible_loop_var": "item",
        "attempts": 1,
        "changed": false,
        "cmd": [
            "ping",
            "-c",
            "2",
            "-W",
            "3",
            "10.0.10.1"
        ],
        "delta": "0:00:01.014413",
        "end": "2026-09-12 06:44:39.685629",
        "failed": false,
        "failed_when_result": false,
        "invocation": {
            "module_args": {
                "_raw_params": "ping -c 2 -W 3 10.0.10.1",
                "_uses_shell": false,
                "argv": null,
                "chdir": null,
                "creates": null,
                "executable": null,
                "expand_argument_vars": true,
                "removes": null,
                "stdin": null,
                "stdin_add_newline": true,
                "strip_empty_ends": true
            }
        },
        "item": "k8s-master-01",
        "msg": "",
        "rc": 0,
        "start": "2026-09-12 06:44:38.671216",
        "stderr": "",
        "stderr_lines": [],
        "stdout": "PING 10.0.10.1 (10.0.10.1) 56(84) bytes of data.\n64 bytes from 10.0.10.1: icmp_seq=1 ttl=63 time=3.47 ms\n64 bytes from 10.0.10.1: icmp_seq=2 ttl=63 time=2.91 ms\n\n--- 10.0.10.1 ping statistics ---\n2 packets transmitted, 2 received, 0% packet loss, time 1002ms\nrtt min/avg/max/mdev = 2.910/3.188/3.466/0.278 ms",
        "stdout_lines": [
            "PING 10.0.10.1 (10.0.10.1) 56(84) bytes of data.",
            "64 bytes from 10.0.10.1: icmp_seq=1 ttl=63 time=3.47 ms",
            "64 bytes from 10.0.10.1: icmp_seq=2 ttl=63 time=2.91 ms",
            "",
            "--- 10.0.10.1 ping statistics ---",
            "2 packets transmitted, 2 received, 0% packet loss, time 1002ms",
            "rtt min/avg/max/mdev = 2.910/3.188/3.466/0.278 ms"
        ]
    },
    "msg": "osh-comp-01 reaches k8s-master-01 on the K8s cluster subnet"
}
ok: [MonSrv] => (item=k8s-master-03) => {
    "ansible_loop_var": "item",
    "changed": false,
    "item": {
        "ansible_loop_var": "item",
        "attempts": 1,
        "changed": false,
        "cmd": [
            "ping",
            "-c",
            "2",
            "-W",
            "3",
            "10.0.30.1"
        ],
        "delta": "0:00:01.014090",
        "end": "2026-09-12 06:46:40.890321",
        "failed": false,
        "failed_when_result": false,
        "invocation": {
            "module_args": {
                "_raw_params": "ping -c 2 -W 3 10.0.30.1",
                "_uses_shell": false,
                "argv": null,
                "chdir": null,
                "creates": null,
                "executable": null,
                "expand_argument_vars": true,
                "removes": null,
                "stdin": null,
                "stdin_add_newline": true,
                "strip_empty_ends": true
            }
        },
        "item": "k8s-master-03",
        "msg": "",
        "rc": 0,
        "start": "2026-09-12 06:46:39.876231",
        "stderr": "",
        "stderr_lines": [],
        "stdout": "PING 10.0.30.1 (10.0.30.1) 56(84) bytes of data.\n64 bytes from 10.0.30.1: icmp_seq=1 ttl=63 time=2.55 ms\n64 bytes from 10.0.30.1: icmp_seq=2 ttl=63 time=2.66 ms\n\n--- 10.0.30.1 ping statistics ---\n2 packets transmitted, 2 received, 0% packet loss, time 1002ms\nrtt min/avg/max/mdev = 2.550/2.606/2.662/0.056 ms",
        "stdout_lines": [
            "PING 10.0.30.1 (10.0.30.1) 56(84) bytes of data.",
            "64 bytes from 10.0.30.1: icmp_seq=1 ttl=63 time=2.55 ms",
            "64 bytes from 10.0.30.1: icmp_seq=2 ttl=63 time=2.66 ms",
            "",
            "--- 10.0.30.1 ping statistics ---",
            "2 packets transmitted, 2 received, 0% packet loss, time 1002ms",
            "rtt min/avg/max/mdev = 2.550/2.606/2.662/0.056 ms"
        ]
    },
    "msg": "MonSrv reaches k8s-master-03 on the K8s cluster subnet"
}
ok: [osh-ctrl-03] => (item=k8s-db-01) => {
    "ansible_loop_var": "item",
    "changed": false,
    "item": {
        "ansible_loop_var": "item",
        "attempts": 1,
        "changed": false,
        "cmd": [
            "ping",
            "-c",
            "2",
            "-W",
            "3",
            "10.0.10.2"
        ],
        "delta": "0:00:01.015177",
        "end": "2026-09-12 06:37:18.455496",
        "failed": false,
        "failed_when_result": false,
        "invocation": {
            "module_args": {
                "_raw_params": "ping -c 2 -W 3 10.0.10.2",
                "_uses_shell": false,
                "argv": null,
                "chdir": null,
                "creates": null,
                "executable": null,
                "expand_argument_vars": true,
                "removes": null,
                "stdin": null,
                "stdin_add_newline": true,
                "strip_empty_ends": true
            }
        },
        "item": "k8s-db-01",
        "msg": "",
        "rc": 0,
        "start": "2026-09-12 06:37:17.440319",
        "stderr": "",
        "stderr_lines": [],
        "stdout": "PING 10.0.10.2 (10.0.10.2) 56(84) bytes of data.\n64 bytes from 10.0.10.2: icmp_seq=1 ttl=61 time=5.67 ms\n64 bytes from 10.0.10.2: icmp_seq=2 ttl=61 time=4.58 ms\n\n--- 10.0.10.2 ping statistics ---\n2 packets transmitted, 2 received, 0% packet loss, time 1001ms\nrtt min/avg/max/mdev = 4.575/5.121/5.668/0.546 ms",
        "stdout_lines": [
            "PING 10.0.10.2 (10.0.10.2) 56(84) bytes of data.",
            "64 bytes from 10.0.10.2: icmp_seq=1 ttl=61 time=5.67 ms",
            "64 bytes from 10.0.10.2: icmp_seq=2 ttl=61 time=4.58 ms",
            "",
            "--- 10.0.10.2 ping statistics ---",
            "2 packets transmitted, 2 received, 0% packet loss, time 1001ms",
            "rtt min/avg/max/mdev = 4.575/5.121/5.668/0.546 ms"
        ]
    },
    "msg": "osh-ctrl-03 reaches k8s-db-01 on the K8s cluster subnet"
}
failed: [osh-net-02] (item=k8s-db-01) => {
    "ansible_loop_var": "item",
    "assertion": "item.rc == 0",
    "changed": false,
    "evaluated_to": false,
    "item": {
        "ansible_loop_var": "item",
        "attempts": 6,
        "changed": false,
        "cmd": [
            "ping",
            "-c",
            "2",
            "-W",
            "3",
            "10.0.10.2"
        ],
        "delta": "0:00:04.016975",
        "end": "2026-09-12 06:42:50.414173",
        "failed": true,
        "failed_when_result": false,
        "invocation": {
            "module_args": {
                "_raw_params": "ping -c 2 -W 3 10.0.10.2",
                "_uses_shell": false,
                "argv": null,
                "chdir": null,
                "creates": null,
                "executable": null,
                "expand_argument_vars": true,
                "removes": null,
                "stdin": null,
                "stdin_add_newline": true,
                "strip_empty_ends": true
            }
        },
        "item": "k8s-db-01",
        "msg": "non-zero return code",
        "rc": 1,
        "start": "2026-09-12 06:42:46.397198",
        "stderr": "",
        "stderr_lines": [],
        "stdout": "PING 10.0.10.2 (10.0.10.2) 56(84) bytes of data.\n\n--- 10.0.10.2 ping statistics ---\n2 packets transmitted, 0 received, 100% packet loss, time 1007ms",
        "stdout_lines": [
            "PING 10.0.10.2 (10.0.10.2) 56(84) bytes of data.",
            "",
            "--- 10.0.10.2 ping statistics ---",
            "2 packets transmitted, 0 received, 100% packet loss, time 1007ms"
        ]
    },
    "msg": "osh-net-02 cannot reach cluster peer k8s-db-01 at 10.0.10.2.\nThe BGP-advertised K8s network is not usable yet for etcd or control-plane traffic.\nVerify netplan, FRR adjacency, prefix-lists, andthe exact peer-to-peer BGP session.\n"
}
failed: [osh-comp-01] (item=k8s-master-02) => {
    "ansible_loop_var": "item",
    "assertion": "item.rc == 0",
    "changed": false,
    "evaluated_to": false,
    "item": {
        "ansible_loop_var": "item",
        "attempts": 6,
        "changed": false,
        "cmd": [
            "ping",
            "-c",
            "2",
            "-W",
            "3",
            "10.0.20.1"
        ],
        "delta": "0:00:04.048697",
        "end": "2026-09-12 06:46:20.635550",
        "failed": true,
        "failed_when_result": false,
        "invocation": {
            "module_args": {
                "_raw_params": "ping -c 2 -W 3 10.0.20.1",
                "_uses_shell": false,
                "argv": null,
                "chdir": null,
                "creates": null,
                "executable": null,
                "expand_argument_vars": true,
                "removes": null,
                "stdin": null,
                "stdin_add_newline": true,
                "strip_empty_ends": true
            }
        },
        "item": "k8s-master-02",
        "msg": "non-zero return code",
        "rc": 1,
        "start": "2026-09-12 06:46:16.586853",
        "stderr": "",
        "stderr_lines": [],
        "stdout": "PING 10.0.20.1 (10.0.20.1) 56(84) bytes of data.\n\n--- 10.0.20.1 ping statistics ---\n2 packets transmitted, 0 received, 100% packet loss, time 1038ms",
        "stdout_lines": [
            "PING 10.0.20.1 (10.0.20.1) 56(84) bytes of data.",
            "",
            "--- 10.0.20.1 ping statistics ---",
            "2 packets transmitted, 0 received, 100% packet loss, time 1038ms"
        ]
    },
    "msg": "osh-comp-01 cannot reach cluster peer k8s-master-02 at 10.0.20.1.\nThe BGP-advertised K8s network is not usable yet for etcd or control-plane traffic.\nVerify netplan, FRR adjacency, prefix-lists, and the exact peer-to-peer BGP session.\n"
}
ok: [osh-ctrl-03] => (item=k8s-db-02) => {
    "ansible_loop_var": "item",
    "changed": false,
    "item": {
        "ansible_loop_var": "item",
        "attempts": 1,
        "changed": false,
        "cmd": [
            "ping",
            "-c",
            "2",
            "-W",
            "3",
            "10.0.20.2"
        ],
        "delta": "0:00:01.014945",
        "end": "2026-09-12 06:37:21.741928",
        "failed": false,
        "failed_when_result": false,
        "invocation": {
            "module_args": {
                "_raw_params": "ping -c 2 -W 3 10.0.20.2",
                "_uses_shell": false,
                "argv": null,
                "chdir": null,
                "creates": null,
                "executable": null,
                "expand_argument_vars": true,
                "removes": null,
                "stdin": null,
                "stdin_add_newline": true,
                "strip_empty_ends": true
            }
        },
        "item": "k8s-db-02",
        "msg": "",
        "rc": 0,
        "start": "2026-09-12 06:37:20.726983",
        "stderr": "",
        "stderr_lines": [],
        "stdout": "PING 10.0.20.2 (10.0.20.2) 56(84) bytes of data.\n64 bytes from 10.0.20.2: icmp_seq=1 ttl=61 time=5.60 ms\n64 bytes from 10.0.20.2: icmp_seq=2 ttl=61 time=5.50 ms\n\n--- 10.0.20.2 ping statistics ---\n2 packets transmitted, 2 received, 0% packet loss, time 1002ms\nrtt min/avg/max/mdev = 5.495/5.547/5.599/0.052 ms",
        "stdout_lines": [
            "PING 10.0.20.2 (10.0.20.2) 56(84) bytes of data.",
            "64 bytes from 10.0.20.2: icmp_seq=1 ttl=61 time=5.60 ms",
            "64 bytes from 10.0.20.2: icmp_seq=2 ttl=61 time=5.50 ms",
            "",
            "--- 10.0.20.2 ping statistics ---",
            "2 packets transmitted, 2 received, 0% packet loss, time 1002ms",
            "rtt min/avg/max/mdev = 5.495/5.547/5.599/0.052 ms"
        ]
    },
    "msg": "osh-ctrl-03 reaches k8s-db-02 on the K8s cluster subnet"
}
ok: [MonSrv] => (item=k8s-db-01) => {
    "ansible_loop_var": "item",
    "changed": false,
    "item": {
        "ansible_loop_var": "item",
        "attempts": 1,
        "changed": false,
        "cmd": [
            "ping",
            "-c",
            "2",
            "-W",
            "3",
            "10.0.10.2"
        ],
        "delta": "0:00:01.017985",
        "end": "2026-09-12 06:46:43.565985",
        "failed": false,
        "failed_when_result": false,
        "invocation": {
            "module_args": {
                "_raw_params": "ping -c 2 -W 3 10.0.10.2",
                "_uses_shell": false,
                "argv": null,
                "chdir": null,
                "creates": null,
                "executable": null,
                "expand_argument_vars": true,
                "removes": null,
                "stdin": null,
                "stdin_add_newline": true,
                "strip_empty_ends": true
            }
        },
        "item": "k8s-db-01",
        "msg": "",
        "rc": 0,
        "start": "2026-09-12 06:46:42.548000",
        "stderr": "",
        "stderr_lines": [],
        "stdout": "PING 10.0.10.2 (10.0.10.2) 56(84) bytes of data.\n64 bytes from 10.0.10.2: icmp_seq=1 ttl=61 time=5.96 ms\n64 bytes from 10.0.10.2: icmp_seq=2 ttl=61 time=6.30 ms\n\n--- 10.0.10.2 ping statistics ---\n2 packets transmitted, 2 received, 0% packet loss, time 1002ms\nrtt min/avg/max/mdev = 5.964/6.132/6.300/0.168 ms",
        "stdout_lines": [
            "PING 10.0.10.2 (10.0.10.2) 56(84) bytes of data.",
            "64 bytes from 10.0.10.2: icmp_seq=1 ttl=61 time=5.96 ms",
            "64 bytes from 10.0.10.2: icmp_seq=2 ttl=61 time=6.30 ms",
            "",
            "--- 10.0.10.2 ping statistics ---",
            "2 packets transmitted, 2 received, 0% packet loss, time 1002ms",
            "rtt min/avg/max/mdev = 5.964/6.132/6.300/0.168 ms"
        ]
    },
    "msg": "MonSrv reaches k8s-db-01 on the K8s cluster subnet"
}
ok: [osh-net-02] => (item=k8s-db-02) => {
    "ansible_loop_var": "item",
    "changed": false,
    "item": {
        "ansible_loop_var": "item",
        "attempts": 1,
        "changed": false,
        "cmd": [
            "ping",
            "-c",
            "2",
            "-W",
            "3",
            "10.0.20.2"
        ],
        "delta": "0:00:01.014527",
        "end": "2026-09-12 06:42:53.301287",
        "failed": false,
        "failed_when_result": false,
        "invocation": {
            "module_args": {
                "_raw_params": "ping -c 2 -W 3 10.0.20.2",
                "_uses_shell": false,
                "argv": null,
                "chdir": null,
                "creates": null,
                "executable": null,
                "expand_argument_vars": true,
                "removes": null,
                "stdin": null,
                "stdin_add_newline": true,
                "strip_empty_ends": true
            }
        },
        "item": "k8s-db-02",
        "msg": "",
        "rc": 0,
        "start": "2026-09-12 06:42:52.286760",
        "stderr": "",
        "stderr_lines": [],
        "stdout": "PING 10.0.20.2 (10.0.20.2) 56(84) bytes of data.\n64 bytes from 10.0.20.2: icmp_seq=1 ttl=63 time=4.30 ms\n64 bytes from 10.0.20.2: icmp_seq=2 ttl=63 time=3.91 ms\n\n--- 10.0.20.2 ping statistics ---\n2 packets transmitted, 2 received, 0% packet loss, time 1002ms\nrtt min/avg/max/mdev = 3.906/4.101/4.296/0.195 ms",
        "stdout_lines": [
            "PING 10.0.20.2 (10.0.20.2) 56(84) bytes of data.",
            "64 bytes from 10.0.20.2: icmp_seq=1 ttl=63 time=4.30 ms",
            "64 bytes from 10.0.20.2: icmp_seq=2 ttl=63 time=3.91 ms",
            "",
            "--- 10.0.20.2 ping statistics ---",
            "2 packets transmitted, 2 received, 0% packet loss, time 1002ms",
            "rtt min/avg/max/mdev = 3.906/4.101/4.296/0.195 ms"
        ]
    },
    "msg": "osh-net-02 reaches k8s-db-02 on the K8s cluster subnet"
}
failed: [osh-comp-03] (item=k8s-master-01) => {
    "ansible_loop_var": "item",
    "assertion": "item.rc == 0",
    "changed": false,
    "evaluated_to": false,
    "item": {
        "ansible_loop_var": "item",
        "attempts": 6,
        "changed": false,
        "cmd": [
            "ping",
            "-c",
            "2",
            "-W",
            "3",
            "10.0.10.1"
        ],
        "delta": "0:00:04.092902",
        "end": "2026-09-12 06:47:57.443269",
        "failed": true,
        "failed_when_result": false,
        "invocation": {
            "module_args": {
                "_raw_params": "ping -c 2 -W 3 10.0.10.1",
                "_uses_shell": false,
                "argv": null,
                "chdir": null,
                "creates": null,
                "executable": null,
                "expand_argument_vars": true,
                "removes": null,
                "stdin": null,
                "stdin_add_newline": true,
                "strip_empty_ends": true
            }
        },
        "item": "k8s-master-01",
        "msg": "non-zero return code",
        "rc": 1,
        "start": "2026-09-12 06:47:53.350367",
        "stderr": "",
        "stderr_lines": [],
        "stdout": "PING 10.0.10.1 (10.0.10.1) 56(84) bytes of data.\n\n--- 10.0.10.1 ping statistics ---\n2 packets transmitted, 0 received, 100% packet loss, time 1060ms",
        "stdout_lines": [
            "PING 10.0.10.1 (10.0.10.1) 56(84) bytes of data.",
            "",
            "--- 10.0.10.1 ping statistics ---",
            "2 packets transmitted, 0 received, 100% packet loss, time 1060ms"
        ]
    },
    "msg": "osh-comp-03 cannot reach cluster peer k8s-master-01 at 10.0.10.1.\nThe BGP-advertised K8s network is not usable yet for etcd or control-plane traffic.\nVerify netplan, FRR adjacency, prefix-lists, and the exact peer-to-peer BGP session.\n"
}
failed: [osh-comp-01] (item=k8s-master-03) => {
    "ansible_loop_var": "item",
    "assertion": "item.rc == 0",
    "changed": false,
    "evaluated_to": false,
    "item": {
        "ansible_loop_var": "item",
        "attempts": 6,
        "changed": false,
        "cmd": [
            "ping",
            "-c",
            "2",
            "-W",
            "3",
            "10.0.30.1"
        ],
        "delta": "0:00:04.039437",
        "end": "2026-09-12 06:48:03.803994",
        "failed": true,
        "failed_when_result": false,
        "invocation": {
            "module_args": {
                "_raw_params": "ping -c 2 -W 3 10.0.30.1",
                "_uses_shell": false,
                "argv": null,
                "chdir": null,
                "creates": null,
                "executable": null,
                "expand_argument_vars": true,
                "removes": null,
                "stdin": null,
                "stdin_add_newline": true,
                "strip_empty_ends": true
            }
        },
        "item": "k8s-master-03",
        "msg": "non-zero return code",
        "rc": 1,
        "start": "2026-09-12 06:47:59.764557",
        "stderr": "",
        "stderr_lines": [],
        "stdout": "PING 10.0.30.1 (10.0.30.1) 56(84) bytes of data.\n\n--- 10.0.30.1 ping statistics ---\n2 packets transmitted, 0 received, 100% packet loss, time 1029ms",
        "stdout_lines": [
            "PING 10.0.30.1 (10.0.30.1) 56(84) bytes of data.",
            "",
            "--- 10.0.30.1 ping statistics ---",
            "2 packets transmitted, 0 received, 100% packet loss, time 1029ms"
        ]
    },
    "msg": "osh-comp-01 cannot reach cluster peer k8s-master-03 at 10.0.30.1.\nThe BGP-advertised K8s network is not usable yet for etcd or control-plane traffic.\nVerify netplan, FRR adjacency, prefix-lists, and the exact peer-to-peer BGP session.\n"
}
failed: [MonSrv] (item=k8s-db-02) => {
    "ansible_loop_var": "item",
    "assertion": "item.rc == 0",
    "changed": false,
    "evaluated_to": false,
    "item": {
        "ansible_loop_var": "item",
        "attempts": 6,
        "changed": false,
        "cmd": [
            "ping",
            "-c",
            "2",
            "-W",
            "3",
            "10.0.20.2"
        ],
        "delta": "0:00:04.037720",
        "end": "2026-09-12 06:48:26.555989",
        "failed": true,
        "failed_when_result": false,
        "invocation": {
            "module_args": {
                "_raw_params": "ping -c 2 -W 3 10.0.20.2",
                "_uses_shell": false,
                "argv": null,
                "chdir": null,
                "creates": null,
                "executable": null,
                "expand_argument_vars": true,
                "removes": null,
                "stdin": null,
                "stdin_add_newline": true,
                "strip_empty_ends": true
            }
        },
        "item": "k8s-db-02",
        "msg": "non-zero return code",
        "rc": 1,
        "start": "2026-09-12 06:48:22.518269",
        "stderr": "",
        "stderr_lines": [],
        "stdout": "PING 10.0.20.2 (10.0.20.2) 56(84) bytes of data.\n\n--- 10.0.20.2 ping statistics ---\n2 packets transmitted, 0 received, 100% packet loss, time 1028ms",
        "stdout_lines": [
            "PING 10.0.20.2 (10.0.20.2) 56(84) bytes of data.",
            "",
            "--- 10.0.20.2 ping statistics ---",
            "2 packets transmitted, 0 received, 100% packet loss, time 1028ms"
        ]
    },
    "msg": "MonSrv cannot reach cluster peer k8s-db-02 at 10.0.20.2.\nThe BGP-advertised K8s network is not usable yet for etcd or control-plane traffic.\nVerify netplan, FRR adjacency, prefix-lists, and theexact peer-to-peer BGP session.\n"
}
ok: [osh-ctrl-03] => (item=k8s-db-03) => {
    "ansible_loop_var": "item",
    "changed": false,
    "item": {
        "ansible_loop_var": "item",
        "attempts": 1,
        "changed": false,
        "cmd": [
            "ping",
            "-c",
            "2",
            "-W",
            "3",
            "10.0.30.2"
        ],
        "delta": "0:00:01.013201",
        "end": "2026-09-12 06:37:24.443328",
        "failed": false,
        "failed_when_result": false,
        "invocation": {
            "module_args": {
                "_raw_params": "ping -c 2 -W 3 10.0.30.2",
                "_uses_shell": false,
                "argv": null,
                "chdir": null,
                "creates": null,
                "executable": null,
                "expand_argument_vars": true,
                "removes": null,
                "stdin": null,
                "stdin_add_newline": true,
                "strip_empty_ends": true
            }
        },
        "item": "k8s-db-03",
        "msg": "",
        "rc": 0,
        "start": "2026-09-12 06:37:23.430127",
        "stderr": "",
        "stderr_lines": [],
        "stdout": "PING 10.0.30.2 (10.0.30.2) 56(84) bytes of data.\n64 bytes from 10.0.30.2: icmp_seq=1 ttl=63 time=2.56 ms\n64 bytes from 10.0.30.2: icmp_seq=2 ttl=63 time=2.41 ms\n\n--- 10.0.30.2 ping statistics ---\n2 packets transmitted, 2 received, 0% packet loss, time 1002ms\nrtt min/avg/max/mdev = 2.414/2.486/2.558/0.072 ms",
        "stdout_lines": [
            "PING 10.0.30.2 (10.0.30.2) 56(84) bytes of data.",
            "64 bytes from 10.0.30.2: icmp_seq=1 ttl=63 time=2.56 ms",
            "64 bytes from 10.0.30.2: icmp_seq=2 ttl=63 time=2.41 ms",
            "",
            "--- 10.0.30.2 ping statistics ---",
            "2 packets transmitted, 2 received, 0% packet loss, time 1002ms",
            "rtt min/avg/max/mdev = 2.414/2.486/2.558/0.072 ms"
        ]
    },
    "msg": "osh-ctrl-03 reaches k8s-db-03 on the K8s cluster subnet"
}
failed: [osh-net-02] (item=k8s-db-03) => {
    "ansible_loop_var": "item",
    "assertion": "item.rc == 0",
    "changed": false,
    "evaluated_to": false,
    "item": {
        "ansible_loop_var": "item",
        "attempts": 6,
        "changed": false,
        "cmd": [
            "ping",
            "-c",
            "2",
            "-W",
            "3",
            "10.0.30.2"
        ],
        "delta": "0:00:04.055379",
        "end": "2026-09-12 06:44:37.038662",
        "failed": true,
        "failed_when_result": false,
        "invocation": {
            "module_args": {
                "_raw_params": "ping -c 2 -W 3 10.0.30.2",
                "_uses_shell": false,
                "argv": null,
                "chdir": null,
                "creates": null,
                "executable": null,
                "expand_argument_vars": true,
                "removes": null,
                "stdin": null,
                "stdin_add_newline": true,
                "strip_empty_ends": true
            }
        },
        "item": "k8s-db-03",
        "msg": "non-zero return code",
        "rc": 1,
        "start": "2026-09-12 06:44:32.983283",
        "stderr": "",
        "stderr_lines": [],
        "stdout": "PING 10.0.30.2 (10.0.30.2) 56(84) bytes of data.\n\n--- 10.0.30.2 ping statistics ---\n2 packets transmitted, 0 received, 100% packet loss, time 1046ms",
        "stdout_lines": [
            "PING 10.0.30.2 (10.0.30.2) 56(84) bytes of data.",
            "",
            "--- 10.0.30.2 ping statistics ---",
            "2 packets transmitted, 0 received, 100% packet loss, time 1046ms"
        ]
    },
    "msg": "osh-net-02 cannot reach cluster peer k8s-db-03 at 10.0.30.2.\nThe BGP-advertised K8s network is not usable yet for etcd or control-plane traffic.\nVerify netplan, FRR adjacency, prefix-lists, andthe exact peer-to-peer BGP session.\n"
}
failed: [osh-comp-03] (item=k8s-master-02) => {
    "ansible_loop_var": "item",
    "assertion": "item.rc == 0",
    "changed": false,
    "evaluated_to": false,
    "item": {
        "ansible_loop_var": "item",
        "attempts": 6,
        "changed": false,
        "cmd": [
            "ping",
            "-c",
            "2",
            "-W",
            "3",
            "10.0.20.1"
        ],
        "delta": "0:00:04.030690",
        "end": "2026-09-12 06:49:41.058846",
        "failed": true,
        "failed_when_result": false,
        "invocation": {
            "module_args": {
                "_raw_params": "ping -c 2 -W 3 10.0.20.1",
                "_uses_shell": false,
                "argv": null,
                "chdir": null,
                "creates": null,
                "executable": null,
                "expand_argument_vars": true,
                "removes": null,
                "stdin": null,
                "stdin_add_newline": true,
                "strip_empty_ends": true
            }
        },
        "item": "k8s-master-02",
        "msg": "non-zero return code",
        "rc": 1,
        "start": "2026-09-12 06:49:37.028156",
        "stderr": "",
        "stderr_lines": [],
        "stdout": "PING 10.0.20.1 (10.0.20.1) 56(84) bytes of data.\n\n--- 10.0.20.1 ping statistics ---\n2 packets transmitted, 0 received, 100% packet loss, time 1021ms",
        "stdout_lines": [
            "PING 10.0.20.1 (10.0.20.1) 56(84) bytes of data.",
            "",
            "--- 10.0.20.1 ping statistics ---",
            "2 packets transmitted, 0 received, 100% packet loss, time 1021ms"
        ]
    },
    "msg": "osh-comp-03 cannot reach cluster peer k8s-master-02 at 10.0.20.1.\nThe BGP-advertised K8s network is not usable yet for etcd or control-plane traffic.\nVerify netplan, FRR adjacency, prefix-lists, and the exact peer-to-peer BGP session.\n"
}
ok: [MonSrv] => (item=k8s-db-03) => {
    "ansible_loop_var": "item",
    "changed": false,
    "item": {
        "ansible_loop_var": "item",
        "attempts": 1,
        "changed": false,
        "cmd": [
            "ping",
            "-c",
            "2",
            "-W",
            "3",
            "10.0.30.2"
        ],
        "delta": "0:00:01.013316",
        "end": "2026-09-12 06:48:29.280333",
        "failed": false,
        "failed_when_result": false,
        "invocation": {
            "module_args": {
                "_raw_params": "ping -c 2 -W 3 10.0.30.2",
                "_uses_shell": false,
                "argv": null,
                "chdir": null,
                "creates": null,
                "executable": null,
                "expand_argument_vars": true,
                "removes": null,
                "stdin": null,
                "stdin_add_newline": true,
                "strip_empty_ends": true
            }
        },
        "item": "k8s-db-03",
        "msg": "",
        "rc": 0,
        "start": "2026-09-12 06:48:28.267017",
        "stderr": "",
        "stderr_lines": [],
        "stdout": "PING 10.0.30.2 (10.0.30.2) 56(84) bytes of data.\n64 bytes from 10.0.30.2: icmp_seq=1 ttl=63 time=2.49 ms\n64 bytes from 10.0.30.2: icmp_seq=2 ttl=63 time=2.56 ms\n\n--- 10.0.30.2 ping statistics ---\n2 packets transmitted, 2 received, 0% packet loss, time 1002ms\nrtt min/avg/max/mdev = 2.490/2.524/2.558/0.034 ms",
        "stdout_lines": [
            "PING 10.0.30.2 (10.0.30.2) 56(84) bytes of data.",
            "64 bytes from 10.0.30.2: icmp_seq=1 ttl=63 time=2.49 ms",
            "64 bytes from 10.0.30.2: icmp_seq=2 ttl=63 time=2.56 ms",
            "",
            "--- 10.0.30.2 ping statistics ---",
            "2 packets transmitted, 2 received, 0% packet loss, time 1002ms",
            "rtt min/avg/max/mdev = 2.490/2.524/2.558/0.034 ms"
        ]
    },
    "msg": "MonSrv reaches k8s-db-03 on the K8s cluster subnet"
}
failed: [osh-comp-01] (item=k8s-db-01) => {
    "ansible_loop_var": "item",
    "assertion": "item.rc == 0",
    "changed": false,
    "evaluated_to": false,
    "item": {
        "ansible_loop_var": "item",
        "attempts": 6,
        "changed": false,
        "cmd": [
            "ping",
            "-c",
            "2",
            "-W",
            "3",
            "10.0.10.2"
        ],
        "delta": "0:00:04.030949",
        "end": "2026-09-12 06:49:47.804122",
        "failed": true,
        "failed_when_result": false,
        "invocation": {
            "module_args": {
                "_raw_params": "ping -c 2 -W 3 10.0.10.2",
                "_uses_shell": false,
                "argv": null,
                "chdir": null,
                "creates": null,
                "executable": null,
                "expand_argument_vars": true,
                "removes": null,
                "stdin": null,
                "stdin_add_newline": true,
                "strip_empty_ends": true
            }
        },
        "item": "k8s-db-01",
        "msg": "non-zero return code",
        "rc": 1,
        "start": "2026-09-12 06:49:43.773173",
        "stderr": "",
        "stderr_lines": [],
        "stdout": "PING 10.0.10.2 (10.0.10.2) 56(84) bytes of data.\n\n--- 10.0.10.2 ping statistics ---\n2 packets transmitted, 0 received, 100% packet loss, time 1023ms",
        "stdout_lines": [
            "PING 10.0.10.2 (10.0.10.2) 56(84) bytes of data.",
            "",
            "--- 10.0.10.2 ping statistics ---",
            "2 packets transmitted, 0 received, 100% packet loss, time 1023ms"
        ]
    },
    "msg": "osh-comp-01 cannot reach cluster peer k8s-db-01 at 10.0.10.2.\nThe BGP-advertised K8s network is not usable yet for etcd or control-plane traffic.\nVerify netplan, FRR adjacency, prefix-lists, and the exact peer-to-peer BGP session.\n"
}
ok: [osh-ctrl-03] => (item=osh-ctrl-01) => {
    "ansible_loop_var": "item",
    "changed": false,
    "item": {
        "ansible_loop_var": "item",
        "attempts": 1,
        "changed": false,
        "cmd": [
            "ping",
            "-c",
            "2",
            "-W",
            "3",
            "10.0.10.3"
        ],
        "delta": "0:00:01.022386",
        "end": "2026-09-12 06:37:28.522927",
        "failed": false,
        "failed_when_result": false,
        "invocation": {
            "module_args": {
                "_raw_params": "ping -c 2 -W 3 10.0.10.3",
                "_uses_shell": false,
                "argv": null,
                "chdir": null,
                "creates": null,
                "executable": null,
                "expand_argument_vars": true,
                "removes": null,
                "stdin": null,
                "stdin_add_newline": true,
                "strip_empty_ends": true
            }
        },
        "item": "osh-ctrl-01",
        "msg": "",
        "rc": 0,
        "start": "2026-09-12 06:37:27.500541",
        "stderr": "",
        "stderr_lines": [],
        "stdout": "PING 10.0.10.3 (10.0.10.3) 56(84) bytes of data.\n64 bytes from 10.0.10.3: icmp_seq=1 ttl=61 time=5.73 ms\n64 bytes from 10.0.10.3: icmp_seq=2 ttl=61 time=6.81 ms\n\n--- 10.0.10.3 ping statistics ---\n2 packets transmitted, 2 received, 0% packet loss, time 1002ms\nrtt min/avg/max/mdev = 5.728/6.266/6.805/0.538 ms",
        "stdout_lines": [
            "PING 10.0.10.3 (10.0.10.3) 56(84) bytes of data.",
            "64 bytes from 10.0.10.3: icmp_seq=1 ttl=61 time=5.73 ms",
            "64 bytes from 10.0.10.3: icmp_seq=2 ttl=61 time=6.81 ms",
            "",
            "--- 10.0.10.3 ping statistics ---",
            "2 packets transmitted, 2 received, 0% packet loss, time 1002ms",
            "rtt min/avg/max/mdev = 5.728/6.266/6.805/0.538 ms"
        ]
    },
    "msg": "osh-ctrl-03 reaches osh-ctrl-01 on the K8s cluster subnet"
}
failed: [osh-net-02] (item=osh-ctrl-01) => {
    "ansible_loop_var": "item",
    "assertion": "item.rc == 0",
    "changed": false,
    "evaluated_to": false,
    "item": {
        "ansible_loop_var": "item",
        "attempts": 6,
        "changed": false,
        "cmd": [
            "ping",
            "-c",
            "2",
            "-W",
            "3",
            "10.0.10.3"
        ],
        "delta": "0:00:04.033307",
        "end": "2026-09-12 06:46:19.118338",
        "failed": true,
        "failed_when_result": false,
        "invocation": {
            "module_args": {
                "_raw_params": "ping -c 2 -W 3 10.0.10.3",
                "_uses_shell": false,
                "argv": null,
                "chdir": null,
                "creates": null,
                "executable": null,
                "expand_argument_vars": true,
                "removes": null,
                "stdin": null,
                "stdin_add_newline": true,
                "strip_empty_ends": true
            }
        },
        "item": "osh-ctrl-01",
        "msg": "non-zero return code",
        "rc": 1,
        "start": "2026-09-12 06:46:15.085031",
        "stderr": "",
        "stderr_lines": [],
        "stdout": "PING 10.0.10.3 (10.0.10.3) 56(84) bytes of data.\n\n--- 10.0.10.3 ping statistics ---\n2 packets transmitted, 0 received, 100% packet loss, time 1024ms",
        "stdout_lines": [
            "PING 10.0.10.3 (10.0.10.3) 56(84) bytes of data.",
            "",
            "--- 10.0.10.3 ping statistics ---",
            "2 packets transmitted, 0 received, 100% packet loss, time 1024ms"
        ]
    },
    "msg": "osh-net-02 cannot reach cluster peer osh-ctrl-01 at 10.0.10.3.\nThe BGP-advertised K8s network is not usable yet for etcd or control-plane traffic.\nVerify netplan, FRR adjacency, prefix-lists, and the exact peer-to-peer BGP session.\n"
}
ok: [osh-comp-03] => (item=k8s-master-03) => {
    "ansible_loop_var": "item",
    "changed": false,
    "item": {
        "ansible_loop_var": "item",
        "attempts": 1,
        "changed": false,
        "cmd": [
            "ping",
            "-c",
            "2",
            "-W",
            "3",
            "10.0.30.1"
        ],
        "delta": "0:00:01.021325",
        "end": "2026-09-12 06:49:44.270184",
        "failed": false,
        "failed_when_result": false,
        "invocation": {
            "module_args": {
                "_raw_params": "ping -c 2 -W 3 10.0.30.1",
                "_uses_shell": false,
                "argv": null,
                "chdir": null,
                "creates": null,
                "executable": null,
                "expand_argument_vars": true,
                "removes": null,
                "stdin": null,
                "stdin_add_newline": true,
                "strip_empty_ends": true
            }
        },
        "item": "k8s-master-03",
        "msg": "",
        "rc": 0,
        "start": "2026-09-12 06:49:43.248859",
        "stderr": "",
        "stderr_lines": [],
        "stdout": "PING 10.0.30.1 (10.0.30.1) 56(84) bytes of data.\n64 bytes from 10.0.30.1: icmp_seq=1 ttl=63 time=2.74 ms\n64 bytes from 10.0.30.1: icmp_seq=2 ttl=63 time=2.52 ms\n\n--- 10.0.30.1 ping statistics ---\n2 packets transmitted, 2 received, 0% packet loss, time 1003ms\nrtt min/avg/max/mdev = 2.522/2.633/2.744/0.111 ms",
        "stdout_lines": [
            "PING 10.0.30.1 (10.0.30.1) 56(84) bytes of data.",
            "64 bytes from 10.0.30.1: icmp_seq=1 ttl=63 time=2.74 ms",
            "64 bytes from 10.0.30.1: icmp_seq=2 ttl=63 time=2.52 ms",
            "",
            "--- 10.0.30.1 ping statistics ---",
            "2 packets transmitted, 2 received, 0% packet loss, time 1003ms",
            "rtt min/avg/max/mdev = 2.522/2.633/2.744/0.111 ms"
        ]
    },
    "msg": "osh-comp-03 reaches k8s-master-03 on the K8s cluster subnet"
}
ok: [MonSrv] => (item=osh-ctrl-01) => {
    "ansible_loop_var": "item",
    "changed": false,
    "item": {
        "ansible_loop_var": "item",
        "attempts": 1,
        "changed": false,
        "cmd": [
            "ping",
            "-c",
            "2",
            "-W",
            "3",
            "10.0.10.3"
        ],
        "delta": "0:00:01.016568",
        "end": "2026-09-12 06:48:32.184214",
        "failed": false,
        "failed_when_result": false,
        "invocation": {
            "module_args": {
                "_raw_params": "ping -c 2 -W 3 10.0.10.3",
                "_uses_shell": false,
                "argv": null,
                "chdir": null,
                "creates": null,
                "executable": null,
                "expand_argument_vars": true,
                "removes": null,
                "stdin": null,
                "stdin_add_newline": true,
                "strip_empty_ends": true
            }
        },
        "item": "osh-ctrl-01",
        "msg": "",
        "rc": 0,
        "start": "2026-09-12 06:48:31.167646",
        "stderr": "",
        "stderr_lines": [],
        "stdout": "PING 10.0.10.3 (10.0.10.3) 56(84) bytes of data.\n64 bytes from 10.0.10.3: icmp_seq=1 ttl=61 time=5.70 ms\n64 bytes from 10.0.10.3: icmp_seq=2 ttl=61 time=5.76 ms\n\n--- 10.0.10.3 ping statistics ---\n2 packets transmitted, 2 received, 0% packet loss, time 1002ms\nrtt min/avg/max/mdev = 5.698/5.729/5.760/0.031 ms",
        "stdout_lines": [
            "PING 10.0.10.3 (10.0.10.3) 56(84) bytes of data.",
            "64 bytes from 10.0.10.3: icmp_seq=1 ttl=61 time=5.70 ms",
            "64 bytes from 10.0.10.3: icmp_seq=2 ttl=61 time=5.76 ms",
            "",
            "--- 10.0.10.3 ping statistics ---",
            "2 packets transmitted, 2 received, 0% packet loss, time 1002ms",
            "rtt min/avg/max/mdev = 5.698/5.729/5.760/0.031 ms"
        ]
    },
    "msg": "MonSrv reaches osh-ctrl-01 on the K8s cluster subnet"
}
ok: [osh-ctrl-03] => (item=osh-ctrl-02) => {
    "ansible_loop_var": "item",
    "changed": false,
    "item": {
        "ansible_loop_var": "item",
        "attempts": 1,
        "changed": false,
        "cmd": [
            "ping",
            "-c",
            "2",
            "-W",
            "3",
            "10.0.20.3"
        ],
        "delta": "0:00:01.018788",
        "end": "2026-09-12 06:37:33.055119",
        "failed": false,
        "failed_when_result": false,
        "invocation": {
            "module_args": {
                "_raw_params": "ping -c 2 -W 3 10.0.20.3",
                "_uses_shell": false,
                "argv": null,
                "chdir": null,
                "creates": null,
                "executable": null,
                "expand_argument_vars": true,
                "removes": null,
                "stdin": null,
                "stdin_add_newline": true,
                "strip_empty_ends": true
            }
        },
        "item": "osh-ctrl-02",
        "msg": "",
        "rc": 0,
        "start": "2026-09-12 06:37:32.036331",
        "stderr": "",
        "stderr_lines": [],
        "stdout": "PING 10.0.20.3 (10.0.20.3) 56(84) bytes of data.\n64 bytes from 10.0.20.3: icmp_seq=1 ttl=61 time=5.83 ms\n64 bytes from 10.0.20.3: icmp_seq=2 ttl=61 time=7.84 ms\n\n--- 10.0.20.3 ping statistics ---\n2 packets transmitted, 2 received, 0% packet loss, time 1002ms\nrtt min/avg/max/mdev = 5.830/6.833/7.837/1.003 ms",
        "stdout_lines": [
            "PING 10.0.20.3 (10.0.20.3) 56(84) bytes of data.",
            "64 bytes from 10.0.20.3: icmp_seq=1 ttl=61 time=5.83 ms",
            "64 bytes from 10.0.20.3: icmp_seq=2 ttl=61 time=7.84 ms",
            "",
            "--- 10.0.20.3 ping statistics ---",
            "2 packets transmitted, 2 received, 0% packet loss, time 1002ms",
            "rtt min/avg/max/mdev = 5.830/6.833/7.837/1.003 ms"
        ]
    },
    "msg": "osh-ctrl-03 reaches osh-ctrl-02 on the K8s cluster subnet"
}
failed: [osh-comp-01] (item=k8s-db-02) => {
    "ansible_loop_var": "item",
    "assertion": "item.rc == 0",
    "changed": false,
    "evaluated_to": false,
    "item": {
        "ansible_loop_var": "item",
        "attempts": 6,
        "changed": false,
        "cmd": [
            "ping",
            "-c",
            "2",
            "-W",
            "3",
            "10.0.20.2"
        ],
        "delta": "0:00:04.035064",
        "end": "2026-09-12 06:51:28.093151",
        "failed": true,
        "failed_when_result": false,
        "invocation": {
            "module_args": {
                "_raw_params": "ping -c 2 -W 3 10.0.20.2",
                "_uses_shell": false,
                "argv": null,
                "chdir": null,
                "creates": null,
                "executable": null,
                "expand_argument_vars": true,
                "removes": null,
                "stdin": null,
                "stdin_add_newline": true,
                "strip_empty_ends": true
            }
        },
        "item": "k8s-db-02",
        "msg": "non-zero return code",
        "rc": 1,
        "start": "2026-09-12 06:51:24.058087",
        "stderr": "",
        "stderr_lines": [],
        "stdout": "PING 10.0.20.2 (10.0.20.2) 56(84) bytes of data.\n\n--- 10.0.20.2 ping statistics ---\n2 packets transmitted, 0 received, 100% packet loss, time 1024ms",
        "stdout_lines": [
            "PING 10.0.20.2 (10.0.20.2) 56(84) bytes of data.",
            "",
            "--- 10.0.20.2 ping statistics ---",
            "2 packets transmitted, 0 received, 100% packet loss, time 1024ms"
        ]
    },
    "msg": "osh-comp-01 cannot reach cluster peer k8s-db-02 at 10.0.20.2.\nThe BGP-advertised K8s network is not usable yet for etcd or control-plane traffic.\nVerify netplan, FRR adjacency, prefix-lists, and the exact peer-to-peer BGP session.\n"
}
ok: [osh-net-02] => (item=osh-ctrl-02) => {
    "ansible_loop_var": "item",
    "changed": false,
    "item": {
        "ansible_loop_var": "item",
        "attempts": 1,
        "changed": false,
        "cmd": [
            "ping",
            "-c",
            "2",
            "-W",
            "3",
            "10.0.20.3"
        ],
        "delta": "0:00:01.013421",
        "end": "2026-09-12 06:46:21.789063",
        "failed": false,
        "failed_when_result": false,
        "invocation": {
            "module_args": {
                "_raw_params": "ping -c 2 -W 3 10.0.20.3",
                "_uses_shell": false,
                "argv": null,
                "chdir": null,
                "creates": null,
                "executable": null,
                "expand_argument_vars": true,
                "removes": null,
                "stdin": null,
                "stdin_add_newline": true,
                "strip_empty_ends": true
            }
        },
        "item": "osh-ctrl-02",
        "msg": "",
        "rc": 0,
        "start": "2026-09-12 06:46:20.775642",
        "stderr": "",
        "stderr_lines": [],
        "stdout": "PING 10.0.20.3 (10.0.20.3) 56(84) bytes of data.\n64 bytes from 10.0.20.3: icmp_seq=1 ttl=63 time=2.52 ms\n64 bytes from 10.0.20.3: icmp_seq=2 ttl=63 time=2.38 ms\n\n--- 10.0.20.3 ping statistics ---\n2 packets transmitted, 2 received, 0% packet loss, time 1002ms\nrtt min/avg/max/mdev = 2.378/2.449/2.521/0.071 ms",
        "stdout_lines": [
            "PING 10.0.20.3 (10.0.20.3) 56(84) bytes of data.",
            "64 bytes from 10.0.20.3: icmp_seq=1 ttl=63 time=2.52 ms",
            "64 bytes from 10.0.20.3: icmp_seq=2 ttl=63 time=2.38 ms",
            "",
            "--- 10.0.20.3 ping statistics ---",
            "2 packets transmitted, 2 received, 0% packet loss, time 1002ms",
            "rtt min/avg/max/mdev = 2.378/2.449/2.521/0.071 ms"
        ]
    },
    "msg": "osh-net-02 reaches osh-ctrl-02 on the K8s cluster subnet"
}
failed: [osh-comp-03] (item=k8s-db-01) => {
    "ansible_loop_var": "item",
    "assertion": "item.rc == 0",
    "changed": false,
    "evaluated_to": false,
    "item": {
        "ansible_loop_var": "item",
        "attempts": 6,
        "changed": false,
        "cmd": [
            "ping",
            "-c",
            "2",
            "-W",
            "3",
            "10.0.10.2"
        ],
        "delta": "0:00:04.072080",
        "end": "2026-09-12 06:51:28.005044",
        "failed": true,
        "failed_when_result": false,
        "invocation": {
            "module_args": {
                "_raw_params": "ping -c 2 -W 3 10.0.10.2",
                "_uses_shell": false,
                "argv": null,
                "chdir": null,
                "creates": null,
                "executable": null,
                "expand_argument_vars": true,
                "removes": null,
                "stdin": null,
                "stdin_add_newline": true,
                "strip_empty_ends": true
            }
        },
        "item": "k8s-db-01",
        "msg": "non-zero return code",
        "rc": 1,
        "start": "2026-09-12 06:51:23.932964",
        "stderr": "",
        "stderr_lines": [],
        "stdout": "PING 10.0.10.2 (10.0.10.2) 56(84) bytes of data.\n\n--- 10.0.10.2 ping statistics ---\n2 packets transmitted, 0 received, 100% packet loss, time 1061ms",
        "stdout_lines": [
            "PING 10.0.10.2 (10.0.10.2) 56(84) bytes of data.",
            "",
            "--- 10.0.10.2 ping statistics ---",
            "2 packets transmitted, 0 received, 100% packet loss, time 1061ms"
        ]
    },
    "msg": "osh-comp-03 cannot reach cluster peer k8s-db-01 at 10.0.10.2.\nThe BGP-advertised K8s network is not usable yet for etcd or control-plane traffic.\nVerify netplan, FRR adjacency, prefix-lists, and the exact peer-to-peer BGP session.\n"
}
ok: [MonSrv] => (item=osh-ctrl-02) => {
    "ansible_loop_var": "item",
    "changed": false,
    "item": {
        "ansible_loop_var": "item",
        "attempts": 1,
        "changed": false,
        "cmd": [
            "ping",
            "-c",
            "2",
            "-W",
            "3",
            "10.0.20.3"
        ],
        "delta": "0:00:01.016097",
        "end": "2026-09-12 06:48:35.079247",
        "failed": false,
        "failed_when_result": false,
        "invocation": {
            "module_args": {
                "_raw_params": "ping -c 2 -W 3 10.0.20.3",
                "_uses_shell": false,
                "argv": null,
                "chdir": null,
                "creates": null,
                "executable": null,
                "expand_argument_vars": true,
                "removes": null,
                "stdin": null,
                "stdin_add_newline": true,
                "strip_empty_ends": true
            }
        },
        "item": "osh-ctrl-02",
        "msg": "",
        "rc": 0,
        "start": "2026-09-12 06:48:34.063150",
        "stderr": "",
        "stderr_lines": [],
        "stdout": "PING 10.0.20.3 (10.0.20.3) 56(84) bytes of data.\n64 bytes from 10.0.20.3: icmp_seq=1 ttl=61 time=6.18 ms\n64 bytes from 10.0.20.3: icmp_seq=2 ttl=61 time=5.54 ms\n\n--- 10.0.20.3 ping statistics ---\n2 packets transmitted, 2 received, 0% packet loss, time 1002ms\nrtt min/avg/max/mdev = 5.537/5.856/6.175/0.319 ms",
        "stdout_lines": [
            "PING 10.0.20.3 (10.0.20.3) 56(84) bytes of data.",
            "64 bytes from 10.0.20.3: icmp_seq=1 ttl=61 time=6.18 ms",
            "64 bytes from 10.0.20.3: icmp_seq=2 ttl=61 time=5.54 ms",
            "",
            "--- 10.0.20.3 ping statistics ---",
            "2 packets transmitted, 2 received, 0% packet loss, time 1002ms",
            "rtt min/avg/max/mdev = 5.537/5.856/6.175/0.319 ms"
        ]
    },
    "msg": "MonSrv reaches osh-ctrl-02 on the K8s cluster subnet"
}
failed: [osh-ctrl-03] (item=osh-net-01) => {
    "ansible_loop_var": "item",
    "assertion": "item.rc == 0",
    "changed": false,
    "evaluated_to": false,
    "item": {
        "ansible_loop_var": "item",
        "attempts": 6,
        "changed": false,
        "cmd": [
            "ping",
            "-c",
            "2",
            "-W",
            "3",
            "10.0.10.4"
        ],
        "delta": "0:00:04.023886",
        "end": "2026-09-12 06:39:15.057422",
        "failed": true,
        "failed_when_result": false,
        "invocation": {
            "module_args": {
                "_raw_params": "ping -c 2 -W 3 10.0.10.4",
                "_uses_shell": false,
                "argv": null,
                "chdir": null,
                "creates": null,
                "executable": null,
                "expand_argument_vars": true,
                "removes": null,
                "stdin": null,
                "stdin_add_newline": true,
                "strip_empty_ends": true
            }
        },
        "item": "osh-net-01",
        "msg": "non-zero return code",
        "rc": 1,
        "start": "2026-09-12 06:39:11.033536",
        "stderr": "",
        "stderr_lines": [],
        "stdout": "PING 10.0.10.4 (10.0.10.4) 56(84) bytes of data.\n\n--- 10.0.10.4 ping statistics ---\n2 packets transmitted, 0 received, 100% packet loss, time 1013ms",
        "stdout_lines": [
            "PING 10.0.10.4 (10.0.10.4) 56(84) bytes of data.",
            "",
            "--- 10.0.10.4 ping statistics ---",
            "2 packets transmitted, 0 received, 100% packet loss, time 1013ms"
        ]
    },
    "msg": "osh-ctrl-03 cannot reach cluster peer osh-net-01 at 10.0.10.4.\nThe BGP-advertised K8s network is not usable yet for etcd or control-plane traffic.\nVerify netplan, FRR adjacency, prefix-lists, and the exact peer-to-peer BGP session.\n"
}
failed: [osh-comp-01] (item=k8s-db-03) => {
    "ansible_loop_var": "item",
    "assertion": "item.rc == 0",
    "changed": false,
    "evaluated_to": false,
    "item": {
        "ansible_loop_var": "item",
        "attempts": 6,
        "changed": false,
        "cmd": [
            "ping",
            "-c",
            "2",
            "-W",
            "3",
            "10.0.30.2"
        ],
        "delta": "0:00:04.021092",
        "end": "2026-09-12 06:53:10.427957",
        "failed": true,
        "failed_when_result": false,
        "invocation": {
            "module_args": {
                "_raw_params": "ping -c 2 -W 3 10.0.30.2",
                "_uses_shell": false,
                "argv": null,
                "chdir": null,
                "creates": null,
                "executable": null,
                "expand_argument_vars": true,
                "removes": null,
                "stdin": null,
                "stdin_add_newline": true,
                "strip_empty_ends": true
            }
        },
        "item": "k8s-db-03",
        "msg": "non-zero return code",
        "rc": 1,
        "start": "2026-09-12 06:53:06.406865",
        "stderr": "",
        "stderr_lines": [],
        "stdout": "PING 10.0.30.2 (10.0.30.2) 56(84) bytes of data.\n\n--- 10.0.30.2 ping statistics ---\n2 packets transmitted, 0 received, 100% packet loss, time 1012ms",
        "stdout_lines": [
            "PING 10.0.30.2 (10.0.30.2) 56(84) bytes of data.",
            "",
            "--- 10.0.30.2 ping statistics ---",
            "2 packets transmitted, 0 received, 100% packet loss, time 1012ms"
        ]
    },
    "msg": "osh-comp-01 cannot reach cluster peer k8s-db-03 at 10.0.30.2.\nThe BGP-advertised K8s network is not usable yet for etcd or control-plane traffic.\nVerify netplan, FRR adjacency, prefix-lists, and the exact peer-to-peer BGP session.\n"
}
failed: [osh-net-02] (item=osh-ctrl-03) => {
    "ansible_loop_var": "item",
    "assertion": "item.rc == 0",
    "changed": false,
    "evaluated_to": false,
    "item": {
        "ansible_loop_var": "item",
        "attempts": 6,
        "changed": false,
        "cmd": [
            "ping",
            "-c",
            "2",
            "-W",
            "3",
            "10.0.30.3"
        ],
        "delta": "0:00:04.065722",
        "end": "2026-09-12 06:48:03.502305",
        "failed": true,
        "failed_when_result": false,
        "invocation": {
            "module_args": {
                "_raw_params": "ping -c 2 -W 3 10.0.30.3",
                "_uses_shell": false,
                "argv": null,
                "chdir": null,
                "creates": null,
                "executable": null,
                "expand_argument_vars": true,
                "removes": null,
                "stdin": null,
                "stdin_add_newline": true,
                "strip_empty_ends": true
            }
        },
        "item": "osh-ctrl-03",
        "msg": "non-zero return code",
        "rc": 1,
        "start": "2026-09-12 06:47:59.436583",
        "stderr": "",
        "stderr_lines": [],
        "stdout": "PING 10.0.30.3 (10.0.30.3) 56(84) bytes of data.\n\n--- 10.0.30.3 ping statistics ---\n2 packets transmitted, 0 received, 100% packet loss, time 1056ms",
        "stdout_lines": [
            "PING 10.0.30.3 (10.0.30.3) 56(84) bytes of data.",
            "",
            "--- 10.0.30.3 ping statistics ---",
            "2 packets transmitted, 0 received, 100% packet loss, time 1056ms"
        ]
    },
    "msg": "osh-net-02 cannot reach cluster peer osh-ctrl-03 at 10.0.30.3.\nThe BGP-advertised K8s network is not usable yet for etcd or control-plane traffic.\nVerify netplan, FRR adjacency, prefix-lists, and the exact peer-to-peer BGP session.\n"
}
failed: [osh-comp-03] (item=k8s-db-02) => {
    "ansible_loop_var": "item",
    "assertion": "item.rc == 0",
    "changed": false,
    "evaluated_to": false,
    "item": {
        "ansible_loop_var": "item",
        "attempts": 6,
        "changed": false,
        "cmd": [
            "ping",
            "-c",
            "2",
            "-W",
            "3",
            "10.0.20.2"
        ],
        "delta": "0:00:04.015624",
        "end": "2026-09-12 06:53:14.179160",
        "failed": true,
        "failed_when_result": false,
        "invocation": {
            "module_args": {
                "_raw_params": "ping -c 2 -W 3 10.0.20.2",
                "_uses_shell": false,
                "argv": null,
                "chdir": null,
                "creates": null,
                "executable": null,
                "expand_argument_vars": true,
                "removes": null,
                "stdin": null,
                "stdin_add_newline": true,
                "strip_empty_ends": true
            }
        },
        "item": "k8s-db-02",
        "msg": "non-zero return code",
        "rc": 1,
        "start": "2026-09-12 06:53:10.163536",
        "stderr": "",
        "stderr_lines": [],
        "stdout": "PING 10.0.20.2 (10.0.20.2) 56(84) bytes of data.\n\n--- 10.0.20.2 ping statistics ---\n2 packets transmitted, 0 received, 100% packet loss, time 1006ms",
        "stdout_lines": [
            "PING 10.0.20.2 (10.0.20.2) 56(84) bytes of data.",
            "",
            "--- 10.0.20.2 ping statistics ---",
            "2 packets transmitted, 0 received, 100% packet loss, time 1006ms"
        ]
    },
    "msg": "osh-comp-03 cannot reach cluster peer k8s-db-02 at 10.0.20.2.\nThe BGP-advertised K8s network is not usable yet for etcd or control-plane traffic.\nVerify netplan, FRR adjacency, prefix-lists, and the exact peer-to-peer BGP session.\n"
}
ok: [osh-ctrl-03] => (item=osh-net-02) => {
    "ansible_loop_var": "item",
    "changed": false,
    "item": {
        "ansible_loop_var": "item",
        "attempts": 1,
        "changed": false,
        "cmd": [
            "ping",
            "-c",
            "2",
            "-W",
            "3",
            "10.0.20.4"
        ],
        "delta": "0:00:01.019774",
        "end": "2026-09-12 06:39:18.442663",
        "failed": false,
        "failed_when_result": false,
        "invocation": {
            "module_args": {
                "_raw_params": "ping -c 2 -W 3 10.0.20.4",
                "_uses_shell": false,
                "argv": null,
                "chdir": null,
                "creates": null,
                "executable": null,
                "expand_argument_vars": true,
                "removes": null,
                "stdin": null,
                "stdin_add_newline": true,
                "strip_empty_ends": true
            }
        },
        "item": "osh-net-02",
        "msg": "",
        "rc": 0,
        "start": "2026-09-12 06:39:17.422889",
        "stderr": "",
        "stderr_lines": [],
        "stdout": "PING 10.0.20.4 (10.0.20.4) 56(84) bytes of data.\n64 bytes from 10.0.20.4: icmp_seq=1 ttl=61 time=6.22 ms\n64 bytes from 10.0.20.4: icmp_seq=2 ttl=61 time=7.34 ms\n\n--- 10.0.20.4 ping statistics ---\n2 packets transmitted, 2 received, 0% packet loss, time 1002ms\nrtt min/avg/max/mdev = 6.221/6.778/7.336/0.557 ms",
        "stdout_lines": [
            "PING 10.0.20.4 (10.0.20.4) 56(84) bytes of data.",
            "64 bytes from 10.0.20.4: icmp_seq=1 ttl=61 time=6.22 ms",
            "64 bytes from 10.0.20.4: icmp_seq=2 ttl=61 time=7.34 ms",
            "",
            "--- 10.0.20.4 ping statistics ---",
            "2 packets transmitted, 2 received, 0% packet loss, time 1002ms",
            "rtt min/avg/max/mdev = 6.221/6.778/7.336/0.557 ms"
        ]
    },
    "msg": "osh-ctrl-03 reaches osh-net-02 on the K8s cluster subnet"
}
ok: [MonSrv] => (item=osh-ctrl-03) => {
    "ansible_loop_var": "item",
    "changed": false,
    "item": {
        "ansible_loop_var": "item",
        "attempts": 1,
        "changed": false,
        "cmd": [
            "ping",
            "-c",
            "2",
            "-W",
            "3",
            "10.0.30.3"
        ],
        "delta": "0:00:01.014057",
        "end": "2026-09-12 06:48:39.506996",
        "failed": false,
        "failed_when_result": false,
        "invocation": {
            "module_args": {
                "_raw_params": "ping -c 2 -W 3 10.0.30.3",
                "_uses_shell": false,
                "argv": null,
                "chdir": null,
                "creates": null,
                "executable": null,
                "expand_argument_vars": true,
                "removes": null,
                "stdin": null,
                "stdin_add_newline": true,
                "strip_empty_ends": true
            }
        },
        "item": "osh-ctrl-03",
        "msg": "",
        "rc": 0,
        "start": "2026-09-12 06:48:38.492939",
        "stderr": "",
        "stderr_lines": [],
        "stdout": "PING 10.0.30.3 (10.0.30.3) 56(84) bytes of data.\n64 bytes from 10.0.30.3: icmp_seq=1 ttl=63 time=2.64 ms\n64 bytes from 10.0.30.3: icmp_seq=2 ttl=63 time=2.28 ms\n\n--- 10.0.30.3 ping statistics ---\n2 packets transmitted, 2 received, 0% packet loss, time 1002ms\nrtt min/avg/max/mdev = 2.284/2.462/2.641/0.178 ms",
        "stdout_lines": [
            "PING 10.0.30.3 (10.0.30.3) 56(84) bytes of data.",
            "64 bytes from 10.0.30.3: icmp_seq=1 ttl=63 time=2.64 ms",
            "64 bytes from 10.0.30.3: icmp_seq=2 ttl=63 time=2.28 ms",
            "",
            "--- 10.0.30.3 ping statistics ---",
            "2 packets transmitted, 2 received, 0% packet loss, time 1002ms",
            "rtt min/avg/max/mdev = 2.284/2.462/2.641/0.178 ms"
        ]
    },
    "msg": "MonSrv reaches osh-ctrl-03 on the K8s cluster subnet"
}
failed: [osh-comp-01] (item=osh-ctrl-01) => {
    "ansible_loop_var": "item",
    "assertion": "item.rc == 0",
    "changed": false,
    "evaluated_to": false,
    "item": {
        "ansible_loop_var": "item",
        "attempts": 6,
        "changed": false,
        "cmd": [
            "ping",
            "-c",
            "2",
            "-W",
            "3",
            "10.0.10.3"
        ],
        "delta": "0:00:04.053487",
        "end": "2026-09-12 06:54:52.315889",
        "failed": true,
        "failed_when_result": false,
        "invocation": {
            "module_args": {
                "_raw_params": "ping -c 2 -W 3 10.0.10.3",
                "_uses_shell": false,
                "argv": null,
                "chdir": null,
                "creates": null,
                "executable": null,
                "expand_argument_vars": true,
                "removes": null,
                "stdin": null,
                "stdin_add_newline": true,
                "strip_empty_ends": true
            }
        },
        "item": "osh-ctrl-01",
        "msg": "non-zero return code",
        "rc": 1,
        "start": "2026-09-12 06:54:48.262402",
        "stderr": "",
        "stderr_lines": [],
        "stdout": "PING 10.0.10.3 (10.0.10.3) 56(84) bytes of data.\n\n--- 10.0.10.3 ping statistics ---\n2 packets transmitted, 0 received, 100% packet loss, time 1045ms",
        "stdout_lines": [
            "PING 10.0.10.3 (10.0.10.3) 56(84) bytes of data.",
            "",
            "--- 10.0.10.3 ping statistics ---",
            "2 packets transmitted, 0 received, 100% packet loss, time 1045ms"
        ]
    },
    "msg": "osh-comp-01 cannot reach cluster peer osh-ctrl-01 at 10.0.10.3.\nThe BGP-advertised K8s network is not usable yet for etcd or control-plane traffic.\nVerify netplan, FRR adjacency, prefix-lists, and the exact peer-to-peer BGP session.\n"
}
ok: [osh-net-02] => (item=osh-net-01) => {
    "ansible_loop_var": "item",
    "changed": false,
    "item": {
        "ansible_loop_var": "item",
        "attempts": 1,
        "changed": false,
        "cmd": [
            "ping",
            "-c",
            "2",
            "-W",
            "3",
            "10.0.10.4"
        ],
        "delta": "0:00:01.016263",
        "end": "2026-09-12 06:48:06.797648",
        "failed": false,
        "failed_when_result": false,
        "invocation": {
            "module_args": {
                "_raw_params": "ping -c 2 -W 3 10.0.10.4",
                "_uses_shell": false,
                "argv": null,
                "chdir": null,
                "creates": null,
                "executable": null,
                "expand_argument_vars": true,
                "removes": null,
                "stdin": null,
                "stdin_add_newline": true,
                "strip_empty_ends": true
            }
        },
        "item": "osh-net-01",
        "msg": "",
        "rc": 0,
        "start": "2026-09-12 06:48:05.781385",
        "stderr": "",
        "stderr_lines": [],
        "stdout": "PING 10.0.10.4 (10.0.10.4) 56(84) bytes of data.\n64 bytes from 10.0.10.4: icmp_seq=1 ttl=61 time=5.16 ms\n64 bytes from 10.0.10.4: icmp_seq=2 ttl=61 time=5.66 ms\n\n--- 10.0.10.4 ping statistics ---\n2 packets transmitted, 2 received, 0% packet loss, time 1001ms\nrtt min/avg/max/mdev = 5.161/5.408/5.656/0.247 ms",
        "stdout_lines": [
            "PING 10.0.10.4 (10.0.10.4) 56(84) bytes of data.",
            "64 bytes from 10.0.10.4: icmp_seq=1 ttl=61 time=5.16 ms",
            "64 bytes from 10.0.10.4: icmp_seq=2 ttl=61 time=5.66 ms",
            "",
            "--- 10.0.10.4 ping statistics ---",
            "2 packets transmitted, 2 received, 0% packet loss, time 1001ms",
            "rtt min/avg/max/mdev = 5.161/5.408/5.656/0.247 ms"
        ]
    },
    "msg": "osh-net-02 reaches osh-net-01 on the K8s cluster subnet"
}
ok: [osh-comp-03] => (item=k8s-db-03) => {
    "ansible_loop_var": "item",
    "changed": false,
    "item": {
        "ansible_loop_var": "item",
        "attempts": 1,
        "changed": false,
        "cmd": [
            "ping",
            "-c",
            "2",
            "-W",
            "3",
            "10.0.30.2"
        ],
        "delta": "0:00:01.016804",
        "end": "2026-09-12 06:53:16.726453",
        "failed": false,
        "failed_when_result": false,
        "invocation": {
            "module_args": {
                "_raw_params": "ping -c 2 -W 3 10.0.30.2",
                "_uses_shell": false,
                "argv": null,
                "chdir": null,
                "creates": null,
                "executable": null,
                "expand_argument_vars": true,
                "removes": null,
                "stdin": null,
                "stdin_add_newline": true,
                "strip_empty_ends": true
            }
        },
        "item": "k8s-db-03",
        "msg": "",
        "rc": 0,
        "start": "2026-09-12 06:53:15.709649",
        "stderr": "",
        "stderr_lines": [],
        "stdout": "PING 10.0.30.2 (10.0.30.2) 56(84) bytes of data.\n64 bytes from 10.0.30.2: icmp_seq=1 ttl=63 time=3.87 ms\n64 bytes from 10.0.30.2: icmp_seq=2 ttl=63 time=2.99 ms\n\n--- 10.0.30.2 ping statistics ---\n2 packets transmitted, 2 received, 0% packet loss, time 1001ms\nrtt min/avg/max/mdev = 2.992/3.429/3.866/0.437 ms",
        "stdout_lines": [
            "PING 10.0.30.2 (10.0.30.2) 56(84) bytes of data.",
            "64 bytes from 10.0.30.2: icmp_seq=1 ttl=63 time=3.87 ms",
            "64 bytes from 10.0.30.2: icmp_seq=2 ttl=63 time=2.99 ms",
            "",
            "--- 10.0.30.2 ping statistics ---",
            "2 packets transmitted, 2 received, 0% packet loss, time 1001ms",
            "rtt min/avg/max/mdev = 2.992/3.429/3.866/0.437 ms"
        ]
    },
    "msg": "osh-comp-03 reaches k8s-db-03 on the K8s cluster subnet"
}
failed: [MonSrv] (item=osh-net-01) => {
    "ansible_loop_var": "item",
    "assertion": "item.rc == 0",
    "changed": false,
    "evaluated_to": false,
    "item": {
        "ansible_loop_var": "item",
        "attempts": 6,
        "changed": false,
        "cmd": [
            "ping",
            "-c",
            "2",
            "-W",
            "3",
            "10.0.10.4"
        ],
        "delta": "0:00:04.022011",
        "end": "2026-09-12 06:50:21.628311",
        "failed": true,
        "failed_when_result": false,
        "invocation": {
            "module_args": {
                "_raw_params": "ping -c 2 -W 3 10.0.10.4",
                "_uses_shell": false,
                "argv": null,
                "chdir": null,
                "creates": null,
                "executable": null,
                "expand_argument_vars": true,
                "removes": null,
                "stdin": null,
                "stdin_add_newline": true,
                "strip_empty_ends": true
            }
        },
        "item": "osh-net-01",
        "msg": "non-zero return code",
        "rc": 1,
        "start": "2026-09-12 06:50:17.606300",
        "stderr": "",
        "stderr_lines": [],
        "stdout": "PING 10.0.10.4 (10.0.10.4) 56(84) bytes of data.\n\n--- 10.0.10.4 ping statistics ---\n2 packets transmitted, 0 received, 100% packet loss, time 1014ms",
        "stdout_lines": [
            "PING 10.0.10.4 (10.0.10.4) 56(84) bytes of data.",
            "",
            "--- 10.0.10.4 ping statistics ---",
            "2 packets transmitted, 0 received, 100% packet loss, time 1014ms"
        ]
    },
    "msg": "MonSrv cannot reach cluster peer osh-net-01 at 10.0.10.4.\nThe BGP-advertised K8s network is not usable yet for etcd or control-plane traffic.\nVerify netplan, FRR adjacency, prefix-lists, and the exact peer-to-peer BGP session.\n"
}
ok: [osh-ctrl-03] => (item=MonSrv) => {
    "ansible_loop_var": "item",
    "changed": false,
    "item": {
        "ansible_loop_var": "item",
        "attempts": 1,
        "changed": false,
        "cmd": [
            "ping",
            "-c",
            "2",
            "-W",
            "3",
            "10.0.30.4"
        ],
        "delta": "0:00:01.014022",
        "end": "2026-09-12 06:39:24.897148",
        "failed": false,
        "failed_when_result": false,
        "invocation": {
            "module_args": {
                "_raw_params": "ping -c 2 -W 3 10.0.30.4",
                "_uses_shell": false,
                "argv": null,
                "chdir": null,
                "creates": null,
                "executable": null,
                "expand_argument_vars": true,
                "removes": null,
                "stdin": null,
                "stdin_add_newline": true,
                "strip_empty_ends": true
            }
        },
        "item": "MonSrv",
        "msg": "",
        "rc": 0,
        "start": "2026-09-12 06:39:23.883126",
        "stderr": "",
        "stderr_lines": [],
        "stdout": "PING 10.0.30.4 (10.0.30.4) 56(84) bytes of data.\n64 bytes from 10.0.30.4: icmp_seq=1 ttl=63 time=2.43 ms\n64 bytes from 10.0.30.4: icmp_seq=2 ttl=63 time=2.53 ms\n\n--- 10.0.30.4 ping statistics ---\n2 packets transmitted, 2 received, 0% packet loss, time 1002ms\nrtt min/avg/max/mdev = 2.429/2.478/2.528/0.049 ms",
        "stdout_lines": [
            "PING 10.0.30.4 (10.0.30.4) 56(84) bytes of data.",
            "64 bytes from 10.0.30.4: icmp_seq=1 ttl=63 time=2.43 ms",
            "64 bytes from 10.0.30.4: icmp_seq=2 ttl=63 time=2.53 ms",
            "",
            "--- 10.0.30.4 ping statistics ---",
            "2 packets transmitted, 2 received, 0% packet loss, time 1002ms",
            "rtt min/avg/max/mdev = 2.429/2.478/2.528/0.049 ms"
        ]
    },
    "msg": "osh-ctrl-03 reaches MonSrv on the K8s cluster subnet"
}
failed: [osh-comp-01] (item=osh-ctrl-02) => {
    "ansible_loop_var": "item",
    "assertion": "item.rc == 0",
    "changed": false,
    "evaluated_to": false,
    "item": {
        "ansible_loop_var": "item",
        "attempts": 6,
        "changed": false,
        "cmd": [
            "ping",
            "-c",
            "2",
            "-W",
            "3",
            "10.0.20.3"
        ],
        "delta": "0:00:04.027043",
        "end": "2026-09-12 06:56:32.603868",
        "failed": true,
        "failed_when_result": false,
        "invocation": {
            "module_args": {
                "_raw_params": "ping -c 2 -W 3 10.0.20.3",
                "_uses_shell": false,
                "argv": null,
                "chdir": null,
                "creates": null,
                "executable": null,
                "expand_argument_vars": true,
                "removes": null,
                "stdin": null,
                "stdin_add_newline": true,
                "strip_empty_ends": true
            }
        },
        "item": "osh-ctrl-02",
        "msg": "non-zero return code",
        "rc": 1,
        "start": "2026-09-12 06:56:28.576825",
        "stderr": "",
        "stderr_lines": [],
        "stdout": "PING 10.0.20.3 (10.0.20.3) 56(84) bytes of data.\n\n--- 10.0.20.3 ping statistics ---\n2 packets transmitted, 0 received, 100% packet loss, time 1018ms",
        "stdout_lines": [
            "PING 10.0.20.3 (10.0.20.3) 56(84) bytes of data.",
            "",
            "--- 10.0.20.3 ping statistics ---",
            "2 packets transmitted, 0 received, 100% packet loss, time 1018ms"
        ]
    },
    "msg": "osh-comp-01 cannot reach cluster peer osh-ctrl-02 at 10.0.20.3.\nThe BGP-advertised K8s network is not usable yet for etcd or control-plane traffic.\nVerify netplan, FRR adjacency, prefix-lists, and the exact peer-to-peer BGP session.\n"
}
failed: [MonSrv] (item=osh-net-02) => {
    "ansible_loop_var": "item",
    "assertion": "item.rc == 0",
    "changed": false,
    "evaluated_to": false,
    "item": {
        "ansible_loop_var": "item",
        "attempts": 6,
        "changed": false,
        "cmd": [
            "ping",
            "-c",
            "2",
            "-W",
            "3",
            "10.0.20.4"
        ],
        "delta": "0:00:04.041336",
        "end": "2026-09-12 06:52:06.204457",
        "failed": true,
        "failed_when_result": false,
        "invocation": {
            "module_args": {
                "_raw_params": "ping -c 2 -W 3 10.0.20.4",
                "_uses_shell": false,
                "argv": null,
                "chdir": null,
                "creates": null,
                "executable": null,
                "expand_argument_vars": true,
                "removes": null,
                "stdin": null,
                "stdin_add_newline": true,
                "strip_empty_ends": true
            }
        },
        "item": "osh-net-02",
        "msg": "non-zero return code",
        "rc": 1,
        "start": "2026-09-12 06:52:02.163121",
        "stderr": "",
        "stderr_lines": [],
        "stdout": "PING 10.0.20.4 (10.0.20.4) 56(84) bytes of data.\n\n--- 10.0.20.4 ping statistics ---\n2 packets transmitted, 0 received, 100% packet loss, time 1031ms",
        "stdout_lines": [
            "PING 10.0.20.4 (10.0.20.4) 56(84) bytes of data.",
            "",
            "--- 10.0.20.4 ping statistics ---",
            "2 packets transmitted, 0 received, 100% packet loss, time 1031ms"
        ]
    },
    "msg": "MonSrv cannot reach cluster peer osh-net-02 at 10.0.20.4.\nThe BGP-advertised K8s network is not usable yet for etcd or control-plane traffic.\nVerify netplan, FRR adjacency, prefix-lists, and the exact peer-to-peer BGP session.\n"
}
failed: [osh-comp-03] (item=osh-ctrl-01) => {
    "ansible_loop_var": "item",
    "assertion": "item.rc == 0",
    "changed": false,
    "evaluated_to": false,
    "item": {
        "ansible_loop_var": "item",
        "attempts": 6,
        "changed": false,
        "cmd": [
            "ping",
            "-c",
            "2",
            "-W",
            "3",
            "10.0.10.3"
        ],
        "delta": "0:00:04.056738",
        "end": "2026-09-12 06:54:59.395591",
        "failed": true,
        "failed_when_result": false,
        "invocation": {
            "module_args": {
                "_raw_params": "ping -c 2 -W 3 10.0.10.3",
                "_uses_shell": false,
                "argv": null,
                "chdir": null,
                "creates": null,
                "executable": null,
                "expand_argument_vars": true,
                "removes": null,
                "stdin": null,
                "stdin_add_newline": true,
                "strip_empty_ends": true
            }
        },
        "item": "osh-ctrl-01",
        "msg": "non-zero return code",
        "rc": 1,
        "start": "2026-09-12 06:54:55.338853",
        "stderr": "",
        "stderr_lines": [],
        "stdout": "PING 10.0.10.3 (10.0.10.3) 56(84) bytes of data.\n\n--- 10.0.10.3 ping statistics ---\n2 packets transmitted, 0 received, 100% packet loss, time 1030ms",
        "stdout_lines": [
            "PING 10.0.10.3 (10.0.10.3) 56(84) bytes of data.",
            "",
            "--- 10.0.10.3 ping statistics ---",
            "2 packets transmitted, 0 received, 100% packet loss, time 1030ms"
        ]
    },
    "msg": "osh-comp-03 cannot reach cluster peer osh-ctrl-01 at 10.0.10.3.\nThe BGP-advertised K8s network is not usable yet for etcd or control-plane traffic.\nVerify netplan, FRR adjacency, prefix-lists, and the exact peer-to-peer BGP session.\n"
}
failed: [osh-net-02] (item=MonSrv) => {
    "ansible_loop_var": "item",
    "assertion": "item.rc == 0",
    "changed": false,
    "evaluated_to": false,
    "item": {
        "ansible_loop_var": "item",
        "attempts": 6,
        "changed": false,
        "cmd": [
            "ping",
            "-c",
            "2",
            "-W",
            "3",
            "10.0.30.4"
        ],
        "delta": "0:00:04.068768",
        "end": "2026-09-12 06:49:48.462223",
        "failed": true,
        "failed_when_result": false,
        "invocation": {
            "module_args": {
                "_raw_params": "ping -c 2 -W 3 10.0.30.4",
                "_uses_shell": false,
                "argv": null,
                "chdir": null,
                "creates": null,
                "executable": null,
                "expand_argument_vars": true,
                "removes": null,
                "stdin": null,
                "stdin_add_newline": true,
                "strip_empty_ends": true
            }
        },
        "item": "MonSrv",
        "msg": "non-zero return code",
        "rc": 1,
        "start": "2026-09-12 06:49:44.393455",
        "stderr": "",
        "stderr_lines": [],
        "stdout": "PING 10.0.30.4 (10.0.30.4) 56(84) bytes of data.\n\n--- 10.0.30.4 ping statistics ---\n2 packets transmitted, 0 received, 100% packet loss, time 1058ms",
        "stdout_lines": [
            "PING 10.0.30.4 (10.0.30.4) 56(84) bytes of data.",
            "",
            "--- 10.0.30.4 ping statistics ---",
            "2 packets transmitted, 0 received, 100% packet loss, time 1058ms"
        ]
    },
    "msg": "osh-net-02 cannot reach cluster peer MonSrv at 10.0.30.4.\nThe BGP-advertised K8s network is not usable yet for etcd or control-plane traffic.\nVerify netplan, FRR adjacency, prefix-lists, and the exact peer-to-peer BGP session.\n"
}
failed: [osh-ctrl-03] (item=osh-comp-01) => {
    "ansible_loop_var": "item",
    "assertion": "item.rc == 0",
    "changed": false,
    "evaluated_to": false,
    "item": {
        "ansible_loop_var": "item",
        "attempts": 6,
        "changed": false,
        "cmd": [
            "ping",
            "-c",
            "2",
            "-W",
            "3",
            "10.0.10.5"
        ],
        "delta": "0:00:04.013512",
        "end": "2026-09-12 06:41:08.721864",
        "failed": true,
        "failed_when_result": false,
        "invocation": {
            "module_args": {
                "_raw_params": "ping -c 2 -W 3 10.0.10.5",
                "_uses_shell": false,
                "argv": null,
                "chdir": null,
                "creates": null,
                "executable": null,
                "expand_argument_vars": true,
                "removes": null,
                "stdin": null,
                "stdin_add_newline": true,
                "strip_empty_ends": true
            }
        },
        "item": "osh-comp-01",
        "msg": "non-zero return code",
        "rc": 1,
        "start": "2026-09-12 06:41:04.708352",
        "stderr": "",
        "stderr_lines": [],
        "stdout": "PING 10.0.10.5 (10.0.10.5) 56(84) bytes of data.\n\n--- 10.0.10.5 ping statistics ---\n2 packets transmitted, 0 received, 100% packet loss, time 1003ms",
        "stdout_lines": [
            "PING 10.0.10.5 (10.0.10.5) 56(84) bytes of data.",
            "",
            "--- 10.0.10.5 ping statistics ---",
            "2 packets transmitted, 0 received, 100% packet loss, time 1003ms"
        ]
    },
    "msg": "osh-ctrl-03 cannot reach cluster peer osh-comp-01 at 10.0.10.5.\nThe BGP-advertised K8s network is not usable yet for etcd or control-plane traffic.\nVerify netplan, FRR adjacency, prefix-lists, and the exact peer-to-peer BGP session.\n"
}
failed: [osh-comp-01] (item=osh-ctrl-03) => {
    "ansible_loop_var": "item",
    "assertion": "item.rc == 0",
    "changed": false,
    "evaluated_to": false,
    "item": {
        "ansible_loop_var": "item",
        "attempts": 6,
        "changed": false,
        "cmd": [
            "ping",
            "-c",
            "2",
            "-W",
            "3",
            "10.0.30.3"
        ],
        "delta": "0:00:04.024494",
        "end": "2026-09-12 06:58:14.812073",
        "failed": true,
        "failed_when_result": false,
        "invocation": {
            "module_args": {
                "_raw_params": "ping -c 2 -W 3 10.0.30.3",
                "_uses_shell": false,
                "argv": null,
                "chdir": null,
                "creates": null,
                "executable": null,
                "expand_argument_vars": true,
                "removes": null,
                "stdin": null,
                "stdin_add_newline": true,
                "strip_empty_ends": true
            }
        },
        "item": "osh-ctrl-03",
        "msg": "non-zero return code",
        "rc": 1,
        "start": "2026-09-12 06:58:10.787579",
        "stderr": "",
        "stderr_lines": [],
        "stdout": "PING 10.0.30.3 (10.0.30.3) 56(84) bytes of data.\n\n--- 10.0.30.3 ping statistics ---\n2 packets transmitted, 0 received, 100% packet loss, time 1014ms",
        "stdout_lines": [
            "PING 10.0.30.3 (10.0.30.3) 56(84) bytes of data.",
            "",
            "--- 10.0.30.3 ping statistics ---",
            "2 packets transmitted, 0 received, 100% packet loss, time 1014ms"
        ]
    },
    "msg": "osh-comp-01 cannot reach cluster peer osh-ctrl-03 at 10.0.30.3.\nThe BGP-advertised K8s network is not usable yet for etcd or control-plane traffic.\nVerify netplan, FRR adjacency, prefix-lists, and the exact peer-to-peer BGP session.\n"
}
failed: [osh-net-02] (item=osh-comp-01) => {
    "ansible_loop_var": "item",
    "assertion": "item.rc == 0",
    "changed": false,
    "evaluated_to": false,
    "item": {
        "ansible_loop_var": "item",
        "attempts": 6,
        "changed": false,
        "cmd": [
            "ping",
            "-c",
            "2",
            "-W",
            "3",
            "10.0.10.5"
        ],
        "delta": "0:00:04.068435",
        "end": "2026-09-12 06:51:27.662142",
        "failed": true,
        "failed_when_result": false,
        "invocation": {
            "module_args": {
                "_raw_params": "ping -c 2 -W 3 10.0.10.5",
                "_uses_shell": false,
                "argv": null,
                "chdir": null,
                "creates": null,
                "executable": null,
                "expand_argument_vars": true,
                "removes": null,
                "stdin": null,
                "stdin_add_newline": true,
                "strip_empty_ends": true
            }
        },
        "item": "osh-comp-01",
        "msg": "non-zero return code",
        "rc": 1,
        "start": "2026-09-12 06:51:23.593707",
        "stderr": "",
        "stderr_lines": [],
        "stdout": "PING 10.0.10.5 (10.0.10.5) 56(84) bytes of data.\n\n--- 10.0.10.5 ping statistics ---\n2 packets transmitted, 0 received, 100% packet loss, time 1059ms",
        "stdout_lines": [
            "PING 10.0.10.5 (10.0.10.5) 56(84) bytes of data.",
            "",
            "--- 10.0.10.5 ping statistics ---",
            "2 packets transmitted, 0 received, 100% packet loss, time 1059ms"
        ]
    },
    "msg": "osh-net-02 cannot reach cluster peer osh-comp-01 at 10.0.10.5.\nThe BGP-advertised K8s network is not usable yet for etcd or control-plane traffic.\nVerify netplan, FRR adjacency, prefix-lists, and the exact peer-to-peer BGP session.\n"
}
ok: [osh-comp-03] => (item=osh-ctrl-02) => {
    "ansible_loop_var": "item",
    "changed": false,
    "item": {
        "ansible_loop_var": "item",
        "attempts": 1,
        "changed": false,
        "cmd": [
            "ping",
            "-c",
            "2",
            "-W",
            "3",
            "10.0.20.3"
        ],
        "delta": "0:00:01.017696",
        "end": "2026-09-12 06:55:02.088438",
        "failed": false,
        "failed_when_result": false,
        "invocation": {
            "module_args": {
                "_raw_params": "ping -c 2 -W 3 10.0.20.3",
                "_uses_shell": false,
                "argv": null,
                "chdir": null,
                "creates": null,
                "executable": null,
                "expand_argument_vars": true,
                "removes": null,
                "stdin": null,
                "stdin_add_newline": true,
                "strip_empty_ends": true
            }
        },
        "item": "osh-ctrl-02",
        "msg": "",
        "rc": 0,
        "start": "2026-09-12 06:55:01.070742",
        "stderr": "",
        "stderr_lines": [],
        "stdout": "PING 10.0.20.3 (10.0.20.3) 56(84) bytes of data.\n64 bytes from 10.0.20.3: icmp_seq=1 ttl=61 time=5.99 ms\n64 bytes from 10.0.20.3: icmp_seq=2 ttl=61 time=6.13 ms\n\n--- 10.0.20.3 ping statistics ---\n2 packets transmitted, 2 received, 0% packet loss, time 1001ms\nrtt min/avg/max/mdev = 5.988/6.061/6.134/0.073 ms",
        "stdout_lines": [
            "PING 10.0.20.3 (10.0.20.3) 56(84) bytes of data.",
            "64 bytes from 10.0.20.3: icmp_seq=1 ttl=61 time=5.99 ms",
            "64 bytes from 10.0.20.3: icmp_seq=2 ttl=61 time=6.13 ms",
            "",
            "--- 10.0.20.3 ping statistics ---",
            "2 packets transmitted, 2 received, 0% packet loss, time 1001ms",
            "rtt min/avg/max/mdev = 5.988/6.061/6.134/0.073 ms"
        ]
    },
    "msg": "osh-comp-03 reaches osh-ctrl-02 on the K8s cluster subnet"
}
failed: [MonSrv] (item=osh-comp-01) => {
    "ansible_loop_var": "item",
    "assertion": "item.rc == 0",
    "changed": false,
    "evaluated_to": false,
    "item": {
        "ansible_loop_var": "item",
        "attempts": 6,
        "changed": false,
        "cmd": [
            "ping",
            "-c",
            "2",
            "-W",
            "3",
            "10.0.10.5"
        ],
        "delta": "0:00:04.030404",
        "end": "2026-09-12 06:53:46.300302",
        "failed": true,
        "failed_when_result": false,
        "invocation": {
            "module_args": {
                "_raw_params": "ping -c 2 -W 3 10.0.10.5",
                "_uses_shell": false,
                "argv": null,
                "chdir": null,
                "creates": null,
                "executable": null,
                "expand_argument_vars": true,
                "removes": null,
                "stdin": null,
                "stdin_add_newline": true,
                "strip_empty_ends": true
            }
        },
        "item": "osh-comp-01",
        "msg": "non-zero return code",
        "rc": 1,
        "start": "2026-09-12 06:53:42.269898",
        "stderr": "",
        "stderr_lines": [],
        "stdout": "PING 10.0.10.5 (10.0.10.5) 56(84) bytes of data.\n\n--- 10.0.10.5 ping statistics ---\n2 packets transmitted, 0 received, 100% packet loss, time 1021ms",
        "stdout_lines": [
            "PING 10.0.10.5 (10.0.10.5) 56(84) bytes of data.",
            "",
            "--- 10.0.10.5 ping statistics ---",
            "2 packets transmitted, 0 received, 100% packet loss, time 1021ms"
        ]
    },
    "msg": "MonSrv cannot reach cluster peer osh-comp-01 at 10.0.10.5.\nThe BGP-advertised K8s network is not usable yet for etcd or control-plane traffic.\nVerify netplan, FRR adjacency, prefix-lists, and the exact peer-to-peer BGP session.\n"
}
failed: [osh-comp-01] (item=osh-net-01) => {
    "ansible_loop_var": "item",
    "assertion": "item.rc == 0",
    "changed": false,
    "evaluated_to": false,
    "item": {
        "ansible_loop_var": "item",
        "attempts": 6,
        "changed": false,
        "cmd": [
            "ping",
            "-c",
            "2",
            "-W",
            "3",
            "10.0.10.4"
        ],
        "delta": "0:00:04.044195",
        "end": "2026-09-12 06:59:55.676001",
        "failed": true,
        "failed_when_result": false,
        "invocation": {
            "module_args": {
                "_raw_params": "ping -c 2 -W 3 10.0.10.4",
                "_uses_shell": false,
                "argv": null,
                "chdir": null,
                "creates": null,
                "executable": null,
                "expand_argument_vars": true,
                "removes": null,
                "stdin": null,
                "stdin_add_newline": true,
                "strip_empty_ends": true
            }
        },
        "item": "osh-net-01",
        "msg": "non-zero return code",
        "rc": 1,
        "start": "2026-09-12 06:59:51.631806",
        "stderr": "",
        "stderr_lines": [],
        "stdout": "PING 10.0.10.4 (10.0.10.4) 56(84) bytes of data.\n\n--- 10.0.10.4 ping statistics ---\n2 packets transmitted, 0 received, 100% packet loss, time 1035ms",
        "stdout_lines": [
            "PING 10.0.10.4 (10.0.10.4) 56(84) bytes of data.",
            "",
            "--- 10.0.10.4 ping statistics ---",
            "2 packets transmitted, 0 received, 100% packet loss, time 1035ms"
        ]
    },
    "msg": "osh-comp-01 cannot reach cluster peer osh-net-01 at 10.0.10.4.\nThe BGP-advertised K8s network is not usable yet for etcd or control-plane traffic.\nVerify netplan, FRR adjacency, prefix-lists, and the exact peer-to-peer BGP session.\n"
}
ok: [osh-net-02] => (item=osh-comp-02) => {
    "ansible_loop_var": "item",
    "changed": false,
    "item": {
        "ansible_loop_var": "item",
        "attempts": 1,
        "changed": false,
        "cmd": [
            "ping",
            "-c",
            "2",
            "-W",
            "3",
            "10.0.20.5"
        ],
        "delta": "0:00:01.012791",
        "end": "2026-09-12 06:51:31.347300",
        "failed": false,
        "failed_when_result": false,
        "invocation": {
            "module_args": {
                "_raw_params": "ping -c 2 -W 3 10.0.20.5",
                "_uses_shell": false,
                "argv": null,
                "chdir": null,
                "creates": null,
                "executable": null,
                "expand_argument_vars": true,
                "removes": null,
                "stdin": null,
                "stdin_add_newline": true,
                "strip_empty_ends": true
            }
        },
        "item": "osh-comp-02",
        "msg": "",
        "rc": 0,
        "start": "2026-09-12 06:51:30.334509",
        "stderr": "",
        "stderr_lines": [],
        "stdout": "PING 10.0.20.5 (10.0.20.5) 56(84) bytes of data.\n64 bytes from 10.0.20.5: icmp_seq=1 ttl=63 time=4.25 ms\n64 bytes from 10.0.20.5: icmp_seq=2 ttl=63 time=2.66 ms\n\n--- 10.0.20.5 ping statistics ---\n2 packets transmitted, 2 received, 0% packet loss, time 1002ms\nrtt min/avg/max/mdev = 2.660/3.453/4.246/0.793 ms",
        "stdout_lines": [
            "PING 10.0.20.5 (10.0.20.5) 56(84) bytes of data.",
            "64 bytes from 10.0.20.5: icmp_seq=1 ttl=63 time=4.25 ms",
            "64 bytes from 10.0.20.5: icmp_seq=2 ttl=63 time=2.66 ms",
            "",
            "--- 10.0.20.5 ping statistics ---",
            "2 packets transmitted, 2 received, 0% packet loss, time 1002ms",
            "rtt min/avg/max/mdev = 2.660/3.453/4.246/0.793 ms"
        ]
    },
    "msg": "osh-net-02 reaches osh-comp-02 on the K8s cluster subnet"
}
failed: [osh-ctrl-03] (item=osh-comp-02) => {
    "ansible_loop_var": "item",
    "assertion": "item.rc == 0",
    "changed": false,
    "evaluated_to": false,
    "item": {
        "ansible_loop_var": "item",
        "attempts": 6,
        "changed": false,
        "cmd": [
            "ping",
            "-c",
            "2",
            "-W",
            "3",
            "10.0.20.5"
        ],
        "delta": "0:00:04.056859",
        "end": "2026-09-12 06:42:49.841676",
        "failed": true,
        "failed_when_result": false,
        "invocation": {
            "module_args": {
                "_raw_params": "ping -c 2 -W 3 10.0.20.5",
                "_uses_shell": false,
                "argv": null,
                "chdir": null,
                "creates": null,
                "executable": null,
                "expand_argument_vars": true,
                "removes": null,
                "stdin": null,
                "stdin_add_newline": true,
                "strip_empty_ends": true
            }
        },
        "item": "osh-comp-02",
        "msg": "non-zero return code",
        "rc": 1,
        "start": "2026-09-12 06:42:45.784817",
        "stderr": "",
        "stderr_lines": [],
        "stdout": "PING 10.0.20.5 (10.0.20.5) 56(84) bytes of data.\n\n--- 10.0.20.5 ping statistics ---\n2 packets transmitted, 0 received, 100% packet loss, time 1046ms",
        "stdout_lines": [
            "PING 10.0.20.5 (10.0.20.5) 56(84) bytes of data.",
            "",
            "--- 10.0.20.5 ping statistics ---",
            "2 packets transmitted, 0 received, 100% packet loss, time 1046ms"
        ]
    },
    "msg": "osh-ctrl-03 cannot reach cluster peer osh-comp-02 at 10.0.20.5.\nThe BGP-advertised K8s network is not usable yet for etcd or control-plane traffic.\nVerify netplan, FRR adjacency, prefix-lists, and the exact peer-to-peer BGP session.\n"
}
ok: [osh-comp-03] => (item=osh-ctrl-03) => {
    "ansible_loop_var": "item",
    "changed": false,
    "item": {
        "ansible_loop_var": "item",
        "attempts": 1,
        "changed": false,
        "cmd": [
            "ping",
            "-c",
            "2",
            "-W",
            "3",
            "10.0.30.3"
        ],
        "delta": "0:00:01.013871",
        "end": "2026-09-12 06:55:04.944360",
        "failed": false,
        "failed_when_result": false,
        "invocation": {
            "module_args": {
                "_raw_params": "ping -c 2 -W 3 10.0.30.3",
                "_uses_shell": false,
                "argv": null,
                "chdir": null,
                "creates": null,
                "executable": null,
                "expand_argument_vars": true,
                "removes": null,
                "stdin": null,
                "stdin_add_newline": true,
                "strip_empty_ends": true
            }
        },
        "item": "osh-ctrl-03",
        "msg": "",
        "rc": 0,
        "start": "2026-09-12 06:55:03.930489",
        "stderr": "",
        "stderr_lines": [],
        "stdout": "PING 10.0.30.3 (10.0.30.3) 56(84) bytes of data.\n64 bytes from 10.0.30.3: icmp_seq=1 ttl=63 time=3.25 ms\n64 bytes from 10.0.30.3: icmp_seq=2 ttl=63 time=2.90 ms\n\n--- 10.0.30.3 ping statistics ---\n2 packets transmitted, 2 received, 0% packet loss, time 1001ms\nrtt min/avg/max/mdev = 2.897/3.075/3.253/0.178 ms",
        "stdout_lines": [
            "PING 10.0.30.3 (10.0.30.3) 56(84) bytes of data.",
            "64 bytes from 10.0.30.3: icmp_seq=1 ttl=63 time=3.25 ms",
            "64 bytes from 10.0.30.3: icmp_seq=2 ttl=63 time=2.90 ms",
            "",
            "--- 10.0.30.3 ping statistics ---",
            "2 packets transmitted, 2 received, 0% packet loss, time 1001ms",
            "rtt min/avg/max/mdev = 2.897/3.075/3.253/0.178 ms"
        ]
    },
    "msg": "osh-comp-03 reaches osh-ctrl-03 on the K8s cluster subnet"
}
failed: [MonSrv] (item=osh-comp-02) => {
    "ansible_loop_var": "item",
    "assertion": "item.rc == 0",
    "changed": false,
    "evaluated_to": false,
    "item": {
        "ansible_loop_var": "item",
        "attempts": 6,
        "changed": false,
        "cmd": [
            "ping",
            "-c",
            "2",
            "-W",
            "3",
            "10.0.20.5"
        ],
        "delta": "0:00:04.015838",
        "end": "2026-09-12 06:55:27.100215",
        "failed": true,
        "failed_when_result": false,
        "invocation": {
            "module_args": {
                "_raw_params": "ping -c 2 -W 3 10.0.20.5",
                "_uses_shell": false,
                "argv": null,
                "chdir": null,
                "creates": null,
                "executable": null,
                "expand_argument_vars": true,
                "removes": null,
                "stdin": null,
                "stdin_add_newline": true,
                "strip_empty_ends": true
            }
        },
        "item": "osh-comp-02",
        "msg": "non-zero return code",
        "rc": 1,
        "start": "2026-09-12 06:55:23.084377",
        "stderr": "",
        "stderr_lines": [],
        "stdout": "PING 10.0.20.5 (10.0.20.5) 56(84) bytes of data.\n\n--- 10.0.20.5 ping statistics ---\n2 packets transmitted, 0 received, 100% packet loss, time 1007ms",
        "stdout_lines": [
            "PING 10.0.20.5 (10.0.20.5) 56(84) bytes of data.",
            "",
            "--- 10.0.20.5 ping statistics ---",
            "2 packets transmitted, 0 received, 100% packet loss, time 1007ms"
        ]
    },
    "msg": "MonSrv cannot reach cluster peer osh-comp-02 at 10.0.20.5.\nThe BGP-advertised K8s network is not usable yet for etcd or control-plane traffic.\nVerify netplan, FRR adjacency, prefix-lists, and the exact peer-to-peer BGP session.\n"
}
failed: [osh-comp-03] (item=osh-net-01) => {
    "ansible_loop_var": "item",
    "assertion": "item.rc == 0",
    "changed": false,
    "evaluated_to": false,
    "item": {
        "ansible_loop_var": "item",
        "attempts": 6,
        "changed": false,
        "cmd": [
            "ping",
            "-c",
            "2",
            "-W",
            "3",
            "10.0.10.4"
        ],
        "delta": "0:00:04.051274",
        "end": "2026-09-12 06:56:48.963520",
        "failed": true,
        "failed_when_result": false,
        "invocation": {
            "module_args": {
                "_raw_params": "ping -c 2 -W 3 10.0.10.4",
                "_uses_shell": false,
                "argv": null,
                "chdir": null,
                "creates": null,
                "executable": null,
                "expand_argument_vars": true,
                "removes": null,
                "stdin": null,
                "stdin_add_newline": true,
                "strip_empty_ends": true
            }
        },
        "item": "osh-net-01",
        "msg": "non-zero return code",
        "rc": 1,
        "start": "2026-09-12 06:56:44.912246",
        "stderr": "",
        "stderr_lines": [],
        "stdout": "PING 10.0.10.4 (10.0.10.4) 56(84) bytes of data.\n\n--- 10.0.10.4 ping statistics ---\n2 packets transmitted, 0 received, 100% packet loss, time 1041ms",
        "stdout_lines": [
            "PING 10.0.10.4 (10.0.10.4) 56(84) bytes of data.",
            "",
            "--- 10.0.10.4 ping statistics ---",
            "2 packets transmitted, 0 received, 100% packet loss, time 1041ms"
        ]
    },
    "msg": "osh-comp-03 cannot reach cluster peer osh-net-01 at 10.0.10.4.\nThe BGP-advertised K8s network is not usable yet for etcd or control-plane traffic.\nVerify netplan, FRR adjacency, prefix-lists, and the exact peer-to-peer BGP session.\n"
}
failed: [osh-net-02] (item=osh-comp-03) => {
    "ansible_loop_var": "item",
    "assertion": "item.rc == 0",
    "changed": false,
    "evaluated_to": false,
    "item": {
        "ansible_loop_var": "item",
        "attempts": 6,
        "changed": false,
        "cmd": [
            "ping",
            "-c",
            "2",
            "-W",
            "3",
            "10.0.30.5"
        ],
        "delta": "0:00:04.071224",
        "end": "2026-09-12 06:53:12.302228",
        "failed": true,
        "failed_when_result": false,
        "invocation": {
            "module_args": {
                "_raw_params": "ping -c 2 -W 3 10.0.30.5",
                "_uses_shell": false,
                "argv": null,
                "chdir": null,
                "creates": null,
                "executable": null,
                "expand_argument_vars": true,
                "removes": null,
                "stdin": null,
                "stdin_add_newline": true,
                "strip_empty_ends": true
            }
        },
        "item": "osh-comp-03",
        "msg": "non-zero return code",
        "rc": 1,
        "start": "2026-09-12 06:53:08.231004",
        "stderr": "",
        "stderr_lines": [],
        "stdout": "PING 10.0.30.5 (10.0.30.5) 56(84) bytes of data.\n\n--- 10.0.30.5 ping statistics ---\n2 packets transmitted, 0 received, 100% packet loss, time 1062ms",
        "stdout_lines": [
            "PING 10.0.30.5 (10.0.30.5) 56(84) bytes of data.",
            "",
            "--- 10.0.30.5 ping statistics ---",
            "2 packets transmitted, 0 received, 100% packet loss, time 1062ms"
        ]
    },
    "msg": "osh-net-02 cannot reach cluster peer osh-comp-03 at 10.0.30.5.\nThe BGP-advertised K8s network is not usable yet for etcd or control-plane traffic.\nVerify netplan, FRR adjacency, prefix-lists, and the exact peer-to-peer BGP session.\n"
}
failed: [osh-comp-01] (item=osh-net-02) => {
    "ansible_loop_var": "item",
    "assertion": "item.rc == 0",
    "changed": false,
    "evaluated_to": false,
    "item": {
        "ansible_loop_var": "item",
        "attempts": 6,
        "changed": false,
        "cmd": [
            "ping",
            "-c",
            "2",
            "-W",
            "3",
            "10.0.20.4"
        ],
        "delta": "0:00:04.050330",
        "end": "2026-09-12 07:01:35.772030",
        "failed": true,
        "failed_when_result": false,
        "invocation": {
            "module_args": {
                "_raw_params": "ping -c 2 -W 3 10.0.20.4",
                "_uses_shell": false,
                "argv": null,
                "chdir": null,
                "creates": null,
                "executable": null,
                "expand_argument_vars": true,
                "removes": null,
                "stdin": null,
                "stdin_add_newline": true,
                "strip_empty_ends": true
            }
        },
        "item": "osh-net-02",
        "msg": "non-zero return code",
        "rc": 1,
        "start": "2026-09-12 07:01:31.721700",
        "stderr": "",
        "stderr_lines": [],
        "stdout": "PING 10.0.20.4 (10.0.20.4) 56(84) bytes of data.\n\n--- 10.0.20.4 ping statistics ---\n2 packets transmitted, 0 received, 100% packet loss, time 1042ms",
        "stdout_lines": [
            "PING 10.0.20.4 (10.0.20.4) 56(84) bytes of data.",
            "",
            "--- 10.0.20.4 ping statistics ---",
            "2 packets transmitted, 0 received, 100% packet loss, time 1042ms"
        ]
    },
    "msg": "osh-comp-01 cannot reach cluster peer osh-net-02 at 10.0.20.4.\nThe BGP-advertised K8s network is not usable yet for etcd or control-plane traffic.\nVerify netplan, FRR adjacency, prefix-lists, and the exact peer-to-peer BGP session.\n"
}
ok: [osh-ctrl-03] => (item=osh-comp-03) => {
    "ansible_loop_var": "item",
    "changed": false,
    "item": {
        "ansible_loop_var": "item",
        "attempts": 1,
        "changed": false,
        "cmd": [
            "ping",
            "-c",
            "2",
            "-W",
            "3",
            "10.0.30.5"
        ],
        "delta": "0:00:01.013932",
        "end": "2026-09-12 06:42:52.550532",
        "failed": false,
        "failed_when_result": false,
        "invocation": {
            "module_args": {
                "_raw_params": "ping -c 2 -W 3 10.0.30.5",
                "_uses_shell": false,
                "argv": null,
                "chdir": null,
                "creates": null,
                "executable": null,
                "expand_argument_vars": true,
                "removes": null,
                "stdin": null,
                "stdin_add_newline": true,
                "strip_empty_ends": true
            }
        },
        "item": "osh-comp-03",
        "msg": "",
        "rc": 0,
        "start": "2026-09-12 06:42:51.536600",
        "stderr": "",
        "stderr_lines": [],
        "stdout": "PING 10.0.30.5 (10.0.30.5) 56(84) bytes of data.\n64 bytes from 10.0.30.5: icmp_seq=1 ttl=63 time=5.40 ms\n64 bytes from 10.0.30.5: icmp_seq=2 ttl=63 time=3.44 ms\n\n--- 10.0.30.5 ping statistics ---\n2 packets transmitted, 2 received, 0% packet loss, time 1002ms\nrtt min/avg/max/mdev = 3.441/4.418/5.395/0.977 ms",
        "stdout_lines": [
            "PING 10.0.30.5 (10.0.30.5) 56(84) bytes of data.",
            "64 bytes from 10.0.30.5: icmp_seq=1 ttl=63 time=5.40 ms",
            "64 bytes from 10.0.30.5: icmp_seq=2 ttl=63 time=3.44 ms",
            "",
            "--- 10.0.30.5 ping statistics ---",
            "2 packets transmitted, 2 received, 0% packet loss, time 1002ms",
            "rtt min/avg/max/mdev = 3.441/4.418/5.395/0.977 ms"
        ]
    },
    "msg": "osh-ctrl-03 reaches osh-comp-03 on the K8s cluster subnet"
}
ok: [MonSrv] => (item=osh-comp-03) => {
    "ansible_loop_var": "item",
    "changed": false,
    "item": {
        "ansible_loop_var": "item",
        "attempts": 1,
        "changed": false,
        "cmd": [
            "ping",
            "-c",
            "2",
            "-W",
            "3",
            "10.0.30.5"
        ],
        "delta": "0:00:01.013060",
        "end": "2026-09-12 06:55:29.723227",
        "failed": false,
        "failed_when_result": false,
        "invocation": {
            "module_args": {
                "_raw_params": "ping -c 2 -W 3 10.0.30.5",
                "_uses_shell": false,
                "argv": null,
                "chdir": null,
                "creates": null,
                "executable": null,
                "expand_argument_vars": true,
                "removes": null,
                "stdin": null,
                "stdin_add_newline": true,
                "strip_empty_ends": true
            }
        },
        "item": "osh-comp-03",
        "msg": "",
        "rc": 0,
        "start": "2026-09-12 06:55:28.710167",
        "stderr": "",
        "stderr_lines": [],
        "stdout": "PING 10.0.30.5 (10.0.30.5) 56(84) bytes of data.\n64 bytes from 10.0.30.5: icmp_seq=1 ttl=63 time=2.74 ms\n64 bytes from 10.0.30.5: icmp_seq=2 ttl=63 time=2.25 ms\n\n--- 10.0.30.5 ping statistics ---\n2 packets transmitted, 2 received, 0% packet loss, time 1002ms\nrtt min/avg/max/mdev = 2.251/2.494/2.737/0.243 ms",
        "stdout_lines": [
            "PING 10.0.30.5 (10.0.30.5) 56(84) bytes of data.",
            "64 bytes from 10.0.30.5: icmp_seq=1 ttl=63 time=2.74 ms",
            "64 bytes from 10.0.30.5: icmp_seq=2 ttl=63 time=2.25 ms",
            "",
            "--- 10.0.30.5 ping statistics ---",
            "2 packets transmitted, 2 received, 0% packet loss, time 1002ms",
            "rtt min/avg/max/mdev = 2.251/2.494/2.737/0.243 ms"
        ]
    },
    "msg": "MonSrv reaches osh-comp-03 on the K8s cluster subnet"
}
failed: [osh-comp-01] (item=MonSrv) => {
    "ansible_loop_var": "item",
    "assertion": "item.rc == 0",
    "changed": false,
    "evaluated_to": false,
    "item": {
        "ansible_loop_var": "item",
        "attempts": 6,
        "changed": false,
        "cmd": [
            "ping",
            "-c",
            "2",
            "-W",
            "3",
            "10.0.30.4"
        ],
        "delta": "0:00:04.037051",
        "end": "2026-09-12 07:03:18.364983",
        "failed": true,
        "failed_when_result": false,
        "invocation": {
            "module_args": {
                "_raw_params": "ping -c 2 -W 3 10.0.30.4",
                "_uses_shell": false,
                "argv": null,
                "chdir": null,
                "creates": null,
                "executable": null,
                "expand_argument_vars": true,
                "removes": null,
                "stdin": null,
                "stdin_add_newline": true,
                "strip_empty_ends": true
            }
        },
        "item": "MonSrv",
        "msg": "non-zero return code",
        "rc": 1,
        "start": "2026-09-12 07:03:14.327932",
        "stderr": "",
        "stderr_lines": [],
        "stdout": "PING 10.0.30.4 (10.0.30.4) 56(84) bytes of data.\n\n--- 10.0.30.4 ping statistics ---\n2 packets transmitted, 0 received, 100% packet loss, time 1027ms",
        "stdout_lines": [
            "PING 10.0.30.4 (10.0.30.4) 56(84) bytes of data.",
            "",
            "--- 10.0.30.4 ping statistics ---",
            "2 packets transmitted, 0 received, 100% packet loss, time 1027ms"
        ]
    },
    "msg": "osh-comp-01 cannot reach cluster peer MonSrv at 10.0.30.4.\nThe BGP-advertised K8s network is not usable yet for etcd or control-plane traffic.\nVerify netplan, FRR adjacency, prefix-lists, and the exact peer-to-peer BGP session.\n"
}
ok: [osh-comp-03] => (item=osh-net-02) => {
    "ansible_loop_var": "item",
    "changed": false,
    "item": {
        "ansible_loop_var": "item",
        "attempts": 1,
        "changed": false,
        "cmd": [
            "ping",
            "-c",
            "2",
            "-W",
            "3",
            "10.0.20.4"
        ],
        "delta": "0:00:01.024715",
        "end": "2026-09-12 06:56:52.750178",
        "failed": false,
        "failed_when_result": false,
        "invocation": {
            "module_args": {
                "_raw_params": "ping -c 2 -W 3 10.0.20.4",
                "_uses_shell": false,
                "argv": null,
                "chdir": null,
                "creates": null,
                "executable": null,
                "expand_argument_vars": true,
                "removes": null,
                "stdin": null,
                "stdin_add_newline": true,
                "strip_empty_ends": true
            }
        },
        "item": "osh-net-02",
        "msg": "",
        "rc": 0,
        "start": "2026-09-12 06:56:51.725463",
        "stderr": "",
        "stderr_lines": [],
        "stdout": "PING 10.0.20.4 (10.0.20.4) 56(84) bytes of data.\n64 bytes from 10.0.20.4: icmp_seq=1 ttl=61 time=5.76 ms\n64 bytes from 10.0.20.4: icmp_seq=2 ttl=61 time=6.99 ms\n\n--- 10.0.20.4 ping statistics ---\n2 packets transmitted, 2 received, 0% packet loss, time 1001ms\nrtt min/avg/max/mdev = 5.756/6.371/6.986/0.615 ms",
        "stdout_lines": [
            "PING 10.0.20.4 (10.0.20.4) 56(84) bytes of data.",
            "64 bytes from 10.0.20.4: icmp_seq=1 ttl=61 time=5.76 ms",
            "64 bytes from 10.0.20.4: icmp_seq=2 ttl=61 time=6.99 ms",
            "",
            "--- 10.0.20.4 ping statistics ---",
            "2 packets transmitted, 2 received, 0% packet loss, time 1001ms",
            "rtt min/avg/max/mdev = 5.756/6.371/6.986/0.615 ms"
        ]
    },
    "msg": "osh-comp-03 reaches osh-net-02 on the K8s cluster subnet"
}
ok: [osh-net-02] => (item=osh-comp-04) => {
    "ansible_loop_var": "item",
    "changed": false,
    "item": {
        "ansible_loop_var": "item",
        "attempts": 1,
        "changed": false,
        "cmd": [
            "ping",
            "-c",
            "2",
            "-W",
            "3",
            "10.0.10.6"
        ],
        "delta": "0:00:01.021111",
        "end": "2026-09-12 06:53:14.985069",
        "failed": false,
        "failed_when_result": false,
        "invocation": {
            "module_args": {
                "_raw_params": "ping -c 2 -W 3 10.0.10.6",
                "_uses_shell": false,
                "argv": null,
                "chdir": null,
                "creates": null,
                "executable": null,
                "expand_argument_vars": true,
                "removes": null,
                "stdin": null,
                "stdin_add_newline": true,
                "strip_empty_ends": true
            }
        },
        "item": "osh-comp-04",
        "msg": "",
        "rc": 0,
        "start": "2026-09-12 06:53:13.963958",
        "stderr": "",
        "stderr_lines": [],
        "stdout": "PING 10.0.10.6 (10.0.10.6) 56(84) bytes of data.\n64 bytes from 10.0.10.6: icmp_seq=1 ttl=61 time=4.91 ms\n64 bytes from 10.0.10.6: icmp_seq=2 ttl=61 time=7.86 ms\n\n--- 10.0.10.6 ping statistics ---\n2 packets transmitted, 2 received, 0% packet loss, time 1001ms\nrtt min/avg/max/mdev = 4.914/6.387/7.861/1.473 ms",
        "stdout_lines": [
            "PING 10.0.10.6 (10.0.10.6) 56(84) bytes of data.",
            "64 bytes from 10.0.10.6: icmp_seq=1 ttl=61 time=4.91 ms",
            "64 bytes from 10.0.10.6: icmp_seq=2 ttl=61 time=7.86 ms",
            "",
            "--- 10.0.10.6 ping statistics ---",
            "2 packets transmitted, 2 received, 0% packet loss, time 1001ms",
            "rtt min/avg/max/mdev = 4.914/6.387/7.861/1.473 ms"
        ]
    },
    "msg": "osh-net-02 reaches osh-comp-04 on the K8s cluster subnet"
}
failed: [osh-ctrl-03] (item=osh-comp-04) => {
    "ansible_loop_var": "item",
    "assertion": "item.rc == 0",
    "changed": false,
    "evaluated_to": false,
    "item": {
        "ansible_loop_var": "item",
        "attempts": 6,
        "changed": false,
        "cmd": [
            "ping",
            "-c",
            "2",
            "-W",
            "3",
            "10.0.10.6"
        ],
        "delta": "0:00:04.050968",
        "end": "2026-09-12 06:44:35.121743",
        "failed": true,
        "failed_when_result": false,
        "invocation": {
            "module_args": {
                "_raw_params": "ping -c 2 -W 3 10.0.10.6",
                "_uses_shell": false,
                "argv": null,
                "chdir": null,
                "creates": null,
                "executable": null,
                "expand_argument_vars": true,
                "removes": null,
                "stdin": null,
                "stdin_add_newline": true,
                "strip_empty_ends": true
            }
        },
        "item": "osh-comp-04",
        "msg": "non-zero return code",
        "rc": 1,
        "start": "2026-09-12 06:44:31.070775",
        "stderr": "",
        "stderr_lines": [],
        "stdout": "PING 10.0.10.6 (10.0.10.6) 56(84) bytes of data.\n\n--- 10.0.10.6 ping statistics ---\n2 packets transmitted, 0 received, 100% packet loss, time 1040ms",
        "stdout_lines": [
            "PING 10.0.10.6 (10.0.10.6) 56(84) bytes of data.",
            "",
            "--- 10.0.10.6 ping statistics ---",
            "2 packets transmitted, 0 received, 100% packet loss, time 1040ms"
        ]
    },
    "msg": "osh-ctrl-03 cannot reach cluster peer osh-comp-04 at 10.0.10.6.\nThe BGP-advertised K8s network is not usable yet for etcd or control-plane traffic.\nVerify netplan, FRR adjacency, prefix-lists, and the exact peer-to-peer BGP session.\n"
}
ok: [MonSrv] => (item=osh-comp-04) => {
    "ansible_loop_var": "item",
    "changed": false,
    "item": {
        "ansible_loop_var": "item",
        "attempts": 1,
        "changed": false,
        "cmd": [
            "ping",
            "-c",
            "2",
            "-W",
            "3",
            "10.0.10.6"
        ],
        "delta": "0:00:01.016942",
        "end": "2026-09-12 06:55:32.356124",
        "failed": false,
        "failed_when_result": false,
        "invocation": {
            "module_args": {
                "_raw_params": "ping -c 2 -W 3 10.0.10.6",
                "_uses_shell": false,
                "argv": null,
                "chdir": null,
                "creates": null,
                "executable": null,
                "expand_argument_vars": true,
                "removes": null,
                "stdin": null,
                "stdin_add_newline": true,
                "strip_empty_ends": true
            }
        },
        "item": "osh-comp-04",
        "msg": "",
        "rc": 0,
        "start": "2026-09-12 06:55:31.339182",
        "stderr": "",
        "stderr_lines": [],
        "stdout": "PING 10.0.10.6 (10.0.10.6) 56(84) bytes of data.\n64 bytes from 10.0.10.6: icmp_seq=1 ttl=61 time=6.36 ms\n64 bytes from 10.0.10.6: icmp_seq=2 ttl=61 time=5.78 ms\n\n--- 10.0.10.6 ping statistics ---\n2 packets transmitted, 2 received, 0% packet loss, time 1002ms\nrtt min/avg/max/mdev = 5.777/6.069/6.361/0.292 ms",
        "stdout_lines": [
            "PING 10.0.10.6 (10.0.10.6) 56(84) bytes of data.",
            "64 bytes from 10.0.10.6: icmp_seq=1 ttl=61 time=6.36 ms",
            "64 bytes from 10.0.10.6: icmp_seq=2 ttl=61 time=5.78 ms",
            "",
            "--- 10.0.10.6 ping statistics ---",
            "2 packets transmitted, 2 received, 0% packet loss, time 1002ms",
            "rtt min/avg/max/mdev = 5.777/6.069/6.361/0.292 ms"
        ]
    },
    "msg": "MonSrv reaches osh-comp-04 on the K8s cluster subnet"
}
ok: [osh-comp-03] => (item=MonSrv) => {
    "ansible_loop_var": "item",
    "changed": false,
    "item": {
        "ansible_loop_var": "item",
        "attempts": 1,
        "changed": false,
        "cmd": [
            "ping",
            "-c",
            "2",
            "-W",
            "3",
            "10.0.30.4"
        ],
        "delta": "0:00:01.015137",
        "end": "2026-09-12 06:56:55.368354",
        "failed": false,
        "failed_when_result": false,
        "invocation": {
            "module_args": {
                "_raw_params": "ping -c 2 -W 3 10.0.30.4",
                "_uses_shell": false,
                "argv": null,
                "chdir": null,
                "creates": null,
                "executable": null,
                "expand_argument_vars": true,
                "removes": null,
                "stdin": null,
                "stdin_add_newline": true,
                "strip_empty_ends": true
            }
        },
        "item": "MonSrv",
        "msg": "",
        "rc": 0,
        "start": "2026-09-12 06:56:54.353217",
        "stderr": "",
        "stderr_lines": [],
        "stdout": "PING 10.0.30.4 (10.0.30.4) 56(84) bytes of data.\n64 bytes from 10.0.30.4: icmp_seq=1 ttl=63 time=2.93 ms\n64 bytes from 10.0.30.4: icmp_seq=2 ttl=63 time=2.43 ms\n\n--- 10.0.30.4 ping statistics ---\n2 packets transmitted, 2 received, 0% packet loss, time 1001ms\nrtt min/avg/max/mdev = 2.433/2.682/2.931/0.249 ms",
        "stdout_lines": [
            "PING 10.0.30.4 (10.0.30.4) 56(84) bytes of data.",
            "64 bytes from 10.0.30.4: icmp_seq=1 ttl=63 time=2.93 ms",
            "64 bytes from 10.0.30.4: icmp_seq=2 ttl=63 time=2.43 ms",
            "",
            "--- 10.0.30.4 ping statistics ---",
            "2 packets transmitted, 2 received, 0% packet loss, time 1001ms",
            "rtt min/avg/max/mdev = 2.433/2.682/2.931/0.249 ms"
        ]
    },
    "msg": "osh-comp-03 reaches MonSrv on the K8s cluster subnet"
}
failed: [osh-comp-01] (item=osh-comp-02) => {
    "ansible_loop_var": "item",
    "assertion": "item.rc == 0",
    "changed": false,
    "evaluated_to": false,
    "item": {
        "ansible_loop_var": "item",
        "attempts": 6,
        "changed": false,
        "cmd": [
            "ping",
            "-c",
            "2",
            "-W",
            "3",
            "10.0.20.5"
        ],
        "delta": "0:00:04.052195",
        "end": "2026-09-12 07:04:59.419962",
        "failed": true,
        "failed_when_result": false,
        "invocation": {
            "module_args": {
                "_raw_params": "ping -c 2 -W 3 10.0.20.5",
                "_uses_shell": false,
                "argv": null,
                "chdir": null,
                "creates": null,
                "executable": null,
                "expand_argument_vars": true,
                "removes": null,
                "stdin": null,
                "stdin_add_newline": true,
                "strip_empty_ends": true
            }
        },
        "item": "osh-comp-02",
        "msg": "non-zero return code",
        "rc": 1,
        "start": "2026-09-12 07:04:55.367767",
        "stderr": "",
        "stderr_lines": [],
        "stdout": "PING 10.0.20.5 (10.0.20.5) 56(84) bytes of data.\n\n--- 10.0.20.5 ping statistics ---\n2 packets transmitted, 0 received, 100% packet loss, time 1044ms",
        "stdout_lines": [
            "PING 10.0.20.5 (10.0.20.5) 56(84) bytes of data.",
            "",
            "--- 10.0.20.5 ping statistics ---",
            "2 packets transmitted, 0 received, 100% packet loss, time 1044ms"
        ]
    },
    "msg": "osh-comp-01 cannot reach cluster peer osh-comp-02 at 10.0.20.5.\nThe BGP-advertised K8s network is not usable yet for etcd or control-plane traffic.\nVerify netplan, FRR adjacency, prefix-lists, and the exact peer-to-peer BGP session.\n"
}
failed: [osh-comp-01] (item=osh-comp-03) => {
    "ansible_loop_var": "item",
    "assertion": "item.rc == 0",
    "changed": false,
    "evaluated_to": false,
    "item": {
        "ansible_loop_var": "item",
        "attempts": 6,
        "changed": false,
        "cmd": [
            "ping",
            "-c",
            "2",
            "-W",
            "3",
            "10.0.30.5"
        ],
        "delta": "0:00:04.067733",
        "end": "2026-09-12 07:06:39.708147",
        "failed": true,
        "failed_when_result": false,
        "invocation": {
            "module_args": {
                "_raw_params": "ping -c 2 -W 3 10.0.30.5",
                "_uses_shell": false,
                "argv": null,
                "chdir": null,
                "creates": null,
                "executable": null,
                "expand_argument_vars": true,
                "removes": null,
                "stdin": null,
                "stdin_add_newline": true,
                "strip_empty_ends": true
            }
        },
        "item": "osh-comp-03",
        "msg": "non-zero return code",
        "rc": 1,
        "start": "2026-09-12 07:06:35.640414",
        "stderr": "",
        "stderr_lines": [],
        "stdout": "PING 10.0.30.5 (10.0.30.5) 56(84) bytes of data.\n\n--- 10.0.30.5 ping statistics ---\n2 packets transmitted, 0 received, 100% packet loss, time 1059ms",
        "stdout_lines": [
            "PING 10.0.30.5 (10.0.30.5) 56(84) bytes of data.",
            "",
            "--- 10.0.30.5 ping statistics ---",
            "2 packets transmitted, 0 received, 100% packet loss, time 1059ms"
        ]
    },
    "msg": "osh-comp-01 cannot reach cluster peer osh-comp-03 at 10.0.30.5.\nThe BGP-advertised K8s network is not usable yet for etcd or control-plane traffic.\nVerify netplan, FRR adjacency, prefix-lists, and the exact peer-to-peer BGP session.\n"
}
failed: [osh-comp-03] (item=osh-comp-01) => {
    "ansible_loop_var": "item",
    "assertion": "item.rc == 0",
    "changed": false,
    "evaluated_to": false,
    "item": {
        "ansible_loop_var": "item",
        "attempts": 6,
        "changed": false,
        "cmd": [
            "ping",
            "-c",
            "2",
            "-W",
            "3",
            "10.0.10.5"
        ],
        "delta": "0:00:04.032292",
        "end": "2026-09-12 06:58:40.387707",
        "failed": true,
        "failed_when_result": false,
        "invocation": {
            "module_args": {
                "_raw_params": "ping -c 2 -W 3 10.0.10.5",
                "_uses_shell": false,
                "argv": null,
                "chdir": null,
                "creates": null,
                "executable": null,
                "expand_argument_vars": true,
                "removes": null,
                "stdin": null,
                "stdin_add_newline": true,
                "strip_empty_ends": true
            }
        },
        "item": "osh-comp-01",
        "msg": "non-zero return code",
        "rc": 1,
        "start": "2026-09-12 06:58:36.355415",
        "stderr": "",
        "stderr_lines": [],
        "stdout": "PING 10.0.10.5 (10.0.10.5) 56(84) bytes of data.\n\n--- 10.0.10.5 ping statistics ---\n2 packets transmitted, 0 received, 100% packet loss, time 1022ms",
        "stdout_lines": [
            "PING 10.0.10.5 (10.0.10.5) 56(84) bytes of data.",
            "",
            "--- 10.0.10.5 ping statistics ---",
            "2 packets transmitted, 0 received, 100% packet loss, time 1022ms"
        ]
    },
    "msg": "osh-comp-03 cannot reach cluster peer osh-comp-01 at 10.0.10.5.\nThe BGP-advertised K8s network is not usable yet for etcd or control-plane traffic.\nVerify netplan, FRR adjacency, prefix-lists, and the exact peer-to-peer BGP session.\n"
}
failed: [osh-comp-01] (item=osh-comp-04) => {
    "ansible_loop_var": "item",
    "assertion": "item.rc == 0",
    "changed": false,
    "evaluated_to": false,
    "item": {
        "ansible_loop_var": "item",
        "attempts": 6,
        "changed": false,
        "cmd": [
            "ping",
            "-c",
            "2",
            "-W",
            "3",
            "10.0.10.6"
        ],
        "delta": "0:00:04.030589",
        "end": "2026-09-12 07:08:21.148079",
        "failed": true,
        "failed_when_result": false,
        "invocation": {
            "module_args": {
                "_raw_params": "ping -c 2 -W 3 10.0.10.6",
                "_uses_shell": false,
                "argv": null,
                "chdir": null,
                "creates": null,
                "executable": null,
                "expand_argument_vars": true,
                "removes": null,
                "stdin": null,
                "stdin_add_newline": true,
                "strip_empty_ends": true
            }
        },
        "item": "osh-comp-04",
        "msg": "non-zero return code",
        "rc": 1,
        "start": "2026-09-12 07:08:17.117490",
        "stderr": "",
        "stderr_lines": [],
        "stdout": "PING 10.0.10.6 (10.0.10.6) 56(84) bytes of data.\n\n--- 10.0.10.6 ping statistics ---\n2 packets transmitted, 0 received, 100% packet loss, time 1021ms",
        "stdout_lines": [
            "PING 10.0.10.6 (10.0.10.6) 56(84) bytes of data.",
            "",
            "--- 10.0.10.6 ping statistics ---",
            "2 packets transmitted, 0 received, 100% packet loss, time 1021ms"
        ]
    },
    "msg": "osh-comp-01 cannot reach cluster peer osh-comp-04 at 10.0.10.6.\nThe BGP-advertised K8s network is not usable yet for etcd or control-plane traffic.\nVerify netplan, FRR adjacency, prefix-lists, and the exact peer-to-peer BGP session.\n"
}
failed: [osh-comp-03] (item=osh-comp-02) => {
    "ansible_loop_var": "item",
    "assertion": "item.rc == 0",
    "changed": false,
    "evaluated_to": false,
    "item": {
        "ansible_loop_var": "item",
        "attempts": 6,
        "changed": false,
        "cmd": [
            "ping",
            "-c",
            "2",
            "-W",
            "3",
            "10.0.20.5"
        ],
        "delta": "0:00:04.066976",
        "end": "2026-09-12 07:00:24.131578",
        "failed": true,
        "failed_when_result": false,
        "invocation": {
            "module_args": {
                "_raw_params": "ping -c 2 -W 3 10.0.20.5",
                "_uses_shell": false,
                "argv": null,
                "chdir": null,
                "creates": null,
                "executable": null,
                "expand_argument_vars": true,
                "removes": null,
                "stdin": null,
                "stdin_add_newline": true,
                "strip_empty_ends": true
            }
        },
        "item": "osh-comp-02",
        "msg": "non-zero return code",
        "rc": 1,
        "start": "2026-09-12 07:00:20.064602",
        "stderr": "",
        "stderr_lines": [],
        "stdout": "PING 10.0.20.5 (10.0.20.5) 56(84) bytes of data.\n\n--- 10.0.20.5 ping statistics ---\n2 packets transmitted, 0 received, 100% packet loss, time 1056ms",
        "stdout_lines": [
            "PING 10.0.20.5 (10.0.20.5) 56(84) bytes of data.",
            "",
            "--- 10.0.20.5 ping statistics ---",
            "2 packets transmitted, 0 received, 100% packet loss, time 1056ms"
        ]
    },
    "msg": "osh-comp-03 cannot reach cluster peer osh-comp-02 at 10.0.20.5.\nThe BGP-advertised K8s network is not usable yet for etcd or control-plane traffic.\nVerify netplan, FRR adjacency, prefix-lists, and the exact peer-to-peer BGP session.\n"
}
ok: [osh-comp-03] => (item=osh-comp-04) => {
    "ansible_loop_var": "item",
    "changed": false,
    "item": {
        "ansible_loop_var": "item",
        "attempts": 1,
        "changed": false,
        "cmd": [
            "ping",
            "-c",
            "2",
            "-W",
            "3",
            "10.0.10.6"
        ],
        "delta": "0:00:01.015854",
        "end": "2026-09-12 07:00:26.829446",
        "failed": false,
        "failed_when_result": false,
        "invocation": {
            "module_args": {
                "_raw_params": "ping -c 2 -W 3 10.0.10.6",
                "_uses_shell": false,
                "argv": null,
                "chdir": null,
                "creates": null,
                "executable": null,
                "expand_argument_vars": true,
                "removes": null,
                "stdin": null,
                "stdin_add_newline": true,
                "strip_empty_ends": true
            }
        },
        "item": "osh-comp-04",
        "msg": "",
        "rc": 0,
        "start": "2026-09-12 07:00:25.813592",
        "stderr": "",
        "stderr_lines": [],
        "stdout": "PING 10.0.10.6 (10.0.10.6) 56(84) bytes of data.\n64 bytes from 10.0.10.6: icmp_seq=1 ttl=61 time=11.3 ms\n64 bytes from 10.0.10.6: icmp_seq=2 ttl=61 time=5.27 ms\n\n--- 10.0.10.6 ping statistics ---\n2 packets transmitted, 2 received, 0% packet loss, time 1002ms\nrtt min/avg/max/mdev = 5.270/8.282/11.295/3.012 ms",
        "stdout_lines": [
            "PING 10.0.10.6 (10.0.10.6) 56(84) bytes of data.",
            "64 bytes from 10.0.10.6: icmp_seq=1 ttl=61 time=11.3 ms",
            "64 bytes from 10.0.10.6: icmp_seq=2 ttl=61 time=5.27 ms",
            "",
            "--- 10.0.10.6 ping statistics ---",
            "2 packets transmitted, 2 received, 0% packet loss, time 1002ms",
            "rtt min/avg/max/mdev = 5.270/8.282/11.295/3.012 ms"
        ]
    },
    "msg": "osh-comp-03 reaches osh-comp-04 on the K8s cluster subnet"
}
ok: [osh-comp-04] => (item=k8s-master-01) => {
    "ansible_loop_var": "item",
    "changed": false,
    "item": {
        "ansible_loop_var": "item",
        "attempts": 1,
        "changed": false,
        "cmd": [
            "ping",
            "-c",
            "2",
            "-W",
            "3",
            "10.0.10.1"
        ],
        "delta": "0:00:01.013319",
        "end": "2026-09-12 06:50:10.036517",
        "failed": false,
        "failed_when_result": false,
        "invocation": {
            "module_args": {
                "_raw_params": "ping -c 2 -W 3 10.0.10.1",
                "_uses_shell": false,
                "argv": null,
                "chdir": null,
                "creates": null,
                "executable": null,
                "expand_argument_vars": true,
                "removes": null,
                "stdin": null,
                "stdin_add_newline": true,
                "strip_empty_ends": true
            }
        },
        "item": "k8s-master-01",
        "msg": "",
        "rc": 0,
        "start": "2026-09-12 06:50:09.023198",
        "stderr": "",
        "stderr_lines": [],
        "stdout": "PING 10.0.10.1 (10.0.10.1) 56(84) bytes of data.\n64 bytes from 10.0.10.1: icmp_seq=1 ttl=63 time=2.92 ms\n64 bytes from 10.0.10.1: icmp_seq=2 ttl=63 time=2.64 ms\n\n--- 10.0.10.1 ping statistics ---\n2 packets transmitted, 2 received, 0% packet loss, time 1002ms\nrtt min/avg/max/mdev = 2.643/2.781/2.919/0.138 ms",
        "stdout_lines": [
            "PING 10.0.10.1 (10.0.10.1) 56(84) bytes of data.",
            "64 bytes from 10.0.10.1: icmp_seq=1 ttl=63 time=2.92 ms",
            "64 bytes from 10.0.10.1: icmp_seq=2 ttl=63 time=2.64 ms",
            "",
            "--- 10.0.10.1 ping statistics ---",
            "2 packets transmitted, 2 received, 0% packet loss, time 1002ms",
            "rtt min/avg/max/mdev = 2.643/2.781/2.919/0.138 ms"
        ]
    },
    "msg": "osh-comp-04 reaches k8s-master-01 on the K8s cluster subnet"
}
failed: [osh-comp-04] (item=k8s-master-02) => {
    "ansible_loop_var": "item",
    "assertion": "item.rc == 0",
    "changed": false,
    "evaluated_to": false,
    "item": {
        "ansible_loop_var": "item",
        "attempts": 6,
        "changed": false,
        "cmd": [
            "ping",
            "-c",
            "2",
            "-W",
            "3",
            "10.0.20.1"
        ],
        "delta": "0:00:04.018505",
        "end": "2026-09-12 06:51:54.159316",
        "failed": true,
        "failed_when_result": false,
        "invocation": {
            "module_args": {
                "_raw_params": "ping -c 2 -W 3 10.0.20.1",
                "_uses_shell": false,
                "argv": null,
                "chdir": null,
                "creates": null,
                "executable": null,
                "expand_argument_vars": true,
                "removes": null,
                "stdin": null,
                "stdin_add_newline": true,
                "strip_empty_ends": true
            }
        },
        "item": "k8s-master-02",
        "msg": "non-zero return code",
        "rc": 1,
        "start": "2026-09-12 06:51:50.140811",
        "stderr": "",
        "stderr_lines": [],
        "stdout": "PING 10.0.20.1 (10.0.20.1) 56(84) bytes of data.\n\n--- 10.0.20.1 ping statistics ---\n2 packets transmitted, 0 received, 100% packet loss, time 1010ms",
        "stdout_lines": [
            "PING 10.0.20.1 (10.0.20.1) 56(84) bytes of data.",
            "",
            "--- 10.0.20.1 ping statistics ---",
            "2 packets transmitted, 0 received, 100% packet loss, time 1010ms"
        ]
    },
    "msg": "osh-comp-04 cannot reach cluster peer k8s-master-02 at 10.0.20.1.\nThe BGP-advertised K8s network is not usable yet for etcd or control-plane traffic.\nVerify netplan, FRR adjacency, prefix-lists, and the exact peer-to-peer BGP session.\n"
}
failed: [osh-comp-04] (item=k8s-master-03) => {
    "ansible_loop_var": "item",
    "assertion": "item.rc == 0",
    "changed": false,
    "evaluated_to": false,
    "item": {
        "ansible_loop_var": "item",
        "attempts": 6,
        "changed": false,
        "cmd": [
            "ping",
            "-c",
            "2",
            "-W",
            "3",
            "10.0.30.1"
        ],
        "delta": "0:00:04.026660",
        "end": "2026-09-12 06:53:36.751257",
        "failed": true,
        "failed_when_result": false,
        "invocation": {
            "module_args": {
                "_raw_params": "ping -c 2 -W 3 10.0.30.1",
                "_uses_shell": false,
                "argv": null,
                "chdir": null,
                "creates": null,
                "executable": null,
                "expand_argument_vars": true,
                "removes": null,
                "stdin": null,
                "stdin_add_newline": true,
                "strip_empty_ends": true
            }
        },
        "item": "k8s-master-03",
        "msg": "non-zero return code",
        "rc": 1,
        "start": "2026-09-12 06:53:32.724597",
        "stderr": "",
        "stderr_lines": [],
        "stdout": "PING 10.0.30.1 (10.0.30.1) 56(84) bytes of data.\n\n--- 10.0.30.1 ping statistics ---\n2 packets transmitted, 0 received, 100% packet loss, time 1016ms",
        "stdout_lines": [
            "PING 10.0.30.1 (10.0.30.1) 56(84) bytes of data.",
            "",
            "--- 10.0.30.1 ping statistics ---",
            "2 packets transmitted, 0 received, 100% packet loss, time 1016ms"
        ]
    },
    "msg": "osh-comp-04 cannot reach cluster peer k8s-master-03 at 10.0.30.1.\nThe BGP-advertised K8s network is not usable yet for etcd or control-plane traffic.\nVerify netplan, FRR adjacency, prefix-lists, and the exact peer-to-peer BGP session.\n"
}
ok: [osh-comp-04] => (item=k8s-db-01) => {
    "ansible_loop_var": "item",
    "changed": false,
    "item": {
        "ansible_loop_var": "item",
        "attempts": 1,
        "changed": false,
        "cmd": [
            "ping",
            "-c",
            "2",
            "-W",
            "3",
            "10.0.10.2"
        ],
        "delta": "0:00:01.012650",
        "end": "2026-09-12 06:53:39.248225",
        "failed": false,
        "failed_when_result": false,
        "invocation": {
            "module_args": {
                "_raw_params": "ping -c 2 -W 3 10.0.10.2",
                "_uses_shell": false,
                "argv": null,
                "chdir": null,
                "creates": null,
                "executable": null,
                "expand_argument_vars": true,
                "removes": null,
                "stdin": null,
                "stdin_add_newline": true,
                "strip_empty_ends": true
            }
        },
        "item": "k8s-db-01",
        "msg": "",
        "rc": 0,
        "start": "2026-09-12 06:53:38.235575",
        "stderr": "",
        "stderr_lines": [],
        "stdout": "PING 10.0.10.2 (10.0.10.2) 56(84) bytes of data.\n64 bytes from 10.0.10.2: icmp_seq=1 ttl=63 time=3.30 ms\n64 bytes from 10.0.10.2: icmp_seq=2 ttl=63 time=2.66 ms\n\n--- 10.0.10.2 ping statistics ---\n2 packets transmitted, 2 received, 0% packet loss, time 1002ms\nrtt min/avg/max/mdev = 2.659/2.977/3.296/0.318 ms",
        "stdout_lines": [
            "PING 10.0.10.2 (10.0.10.2) 56(84) bytes of data.",
            "64 bytes from 10.0.10.2: icmp_seq=1 ttl=63 time=3.30 ms",
            "64 bytes from 10.0.10.2: icmp_seq=2 ttl=63 time=2.66 ms",
            "",
            "--- 10.0.10.2 ping statistics ---",
            "2 packets transmitted, 2 received, 0% packet loss, time 1002ms",
            "rtt min/avg/max/mdev = 2.659/2.977/3.296/0.318 ms"
        ]
    },
    "msg": "osh-comp-04 reaches k8s-db-01 on the K8s cluster subnet"
}
ok: [osh-comp-04] => (item=k8s-db-02) => {
    "ansible_loop_var": "item",
    "changed": false,
    "item": {
        "ansible_loop_var": "item",
        "attempts": 1,
        "changed": false,
        "cmd": [
            "ping",
            "-c",
            "2",
            "-W",
            "3",
            "10.0.20.2"
        ],
        "delta": "0:00:01.016391",
        "end": "2026-09-12 06:53:41.803462",
        "failed": false,
        "failed_when_result": false,
        "invocation": {
            "module_args": {
                "_raw_params": "ping -c 2 -W 3 10.0.20.2",
                "_uses_shell": false,
                "argv": null,
                "chdir": null,
                "creates": null,
                "executable": null,
                "expand_argument_vars": true,
                "removes": null,
                "stdin": null,
                "stdin_add_newline": true,
                "strip_empty_ends": true
            }
        },
        "item": "k8s-db-02",
        "msg": "",
        "rc": 0,
        "start": "2026-09-12 06:53:40.787071",
        "stderr": "",
        "stderr_lines": [],
        "stdout": "PING 10.0.20.2 (10.0.20.2) 56(84) bytes of data.\n64 bytes from 10.0.20.2: icmp_seq=1 ttl=61 time=7.01 ms\n64 bytes from 10.0.20.2: icmp_seq=2 ttl=61 time=6.41 ms\n\n--- 10.0.20.2 ping statistics ---\n2 packets transmitted, 2 received, 0% packet loss, time 1002ms\nrtt min/avg/max/mdev = 6.413/6.711/7.010/0.298 ms",
        "stdout_lines": [
            "PING 10.0.20.2 (10.0.20.2) 56(84) bytes of data.",
            "64 bytes from 10.0.20.2: icmp_seq=1 ttl=61 time=7.01 ms",
            "64 bytes from 10.0.20.2: icmp_seq=2 ttl=61 time=6.41 ms",
            "",
            "--- 10.0.20.2 ping statistics ---",
            "2 packets transmitted, 2 received, 0% packet loss, time 1002ms",
            "rtt min/avg/max/mdev = 6.413/6.711/7.010/0.298 ms"
        ]
    },
    "msg": "osh-comp-04 reaches k8s-db-02 on the K8s cluster subnet"
}
failed: [osh-comp-04] (item=k8s-db-03) => {
    "ansible_loop_var": "item",
    "assertion": "item.rc == 0",
    "changed": false,
    "evaluated_to": false,
    "item": {
        "ansible_loop_var": "item",
        "attempts": 6,
        "changed": false,
        "cmd": [
            "ping",
            "-c",
            "2",
            "-W",
            "3",
            "10.0.30.2"
        ],
        "delta": "0:00:04.063468",
        "end": "2026-09-12 06:55:25.359593",
        "failed": true,
        "failed_when_result": false,
        "invocation": {
            "module_args": {
                "_raw_params": "ping -c 2 -W 3 10.0.30.2",
                "_uses_shell": false,
                "argv": null,
                "chdir": null,
                "creates": null,
                "executable": null,
                "expand_argument_vars": true,
                "removes": null,
                "stdin": null,
                "stdin_add_newline": true,
                "strip_empty_ends": true
            }
        },
        "item": "k8s-db-03",
        "msg": "non-zero return code",
        "rc": 1,
        "start": "2026-09-12 06:55:21.296125",
        "stderr": "",
        "stderr_lines": [],
        "stdout": "PING 10.0.30.2 (10.0.30.2) 56(84) bytes of data.\n\n--- 10.0.30.2 ping statistics ---\n2 packets transmitted, 0 received, 100% packet loss, time 1053ms",
        "stdout_lines": [
            "PING 10.0.30.2 (10.0.30.2) 56(84) bytes of data.",
            "",
            "--- 10.0.30.2 ping statistics ---",
            "2 packets transmitted, 0 received, 100% packet loss, time 1053ms"
        ]
    },
    "msg": "osh-comp-04 cannot reach cluster peer k8s-db-03 at 10.0.30.2.\nThe BGP-advertised K8s network is not usable yet for etcd or control-plane traffic.\nVerify netplan, FRR adjacency, prefix-lists, and the exact peer-to-peer BGP session.\n"
}
ok: [osh-comp-04] => (item=osh-ctrl-01) => {
    "ansible_loop_var": "item",
    "changed": false,
    "item": {
        "ansible_loop_var": "item",
        "attempts": 1,
        "changed": false,
        "cmd": [
            "ping",
            "-c",
            "2",
            "-W",
            "3",
            "10.0.10.3"
        ],
        "delta": "0:00:01.012652",
        "end": "2026-09-12 06:55:28.484131",
        "failed": false,
        "failed_when_result": false,
        "invocation": {
            "module_args": {
                "_raw_params": "ping -c 2 -W 3 10.0.10.3",
                "_uses_shell": false,
                "argv": null,
                "chdir": null,
                "creates": null,
                "executable": null,
                "expand_argument_vars": true,
                "removes": null,
                "stdin": null,
                "stdin_add_newline": true,
                "strip_empty_ends": true
            }
        },
        "item": "osh-ctrl-01",
        "msg": "",
        "rc": 0,
        "start": "2026-09-12 06:55:27.471479",
        "stderr": "",
        "stderr_lines": [],
        "stdout": "PING 10.0.10.3 (10.0.10.3) 56(84) bytes of data.\n64 bytes from 10.0.10.3: icmp_seq=1 ttl=63 time=3.93 ms\n64 bytes from 10.0.10.3: icmp_seq=2 ttl=63 time=2.65 ms\n\n--- 10.0.10.3 ping statistics ---\n2 packets transmitted, 2 received, 0% packet loss, time 1001ms\nrtt min/avg/max/mdev = 2.651/3.288/3.925/0.637 ms",
        "stdout_lines": [
            "PING 10.0.10.3 (10.0.10.3) 56(84) bytes of data.",
            "64 bytes from 10.0.10.3: icmp_seq=1 ttl=63 time=3.93 ms",
            "64 bytes from 10.0.10.3: icmp_seq=2 ttl=63 time=2.65 ms",
            "",
            "--- 10.0.10.3 ping statistics ---",
            "2 packets transmitted, 2 received, 0% packet loss, time 1001ms",
            "rtt min/avg/max/mdev = 2.651/3.288/3.925/0.637 ms"
        ]
    },
    "msg": "osh-comp-04 reaches osh-ctrl-01 on the K8s cluster subnet"
}
failed: [osh-comp-04] (item=osh-ctrl-02) => {
    "ansible_loop_var": "item",
    "assertion": "item.rc == 0",
    "changed": false,
    "evaluated_to": false,
    "item": {
        "ansible_loop_var": "item",
        "attempts": 6,
        "changed": false,
        "cmd": [
            "ping",
            "-c",
            "2",
            "-W",
            "3",
            "10.0.20.3"
        ],
        "delta": "0:00:04.037977",
        "end": "2026-09-12 06:57:14.095392",
        "failed": true,
        "failed_when_result": false,
        "invocation": {
            "module_args": {
                "_raw_params": "ping -c 2 -W 3 10.0.20.3",
                "_uses_shell": false,
                "argv": null,
                "chdir": null,
                "creates": null,
                "executable": null,
                "expand_argument_vars": true,
                "removes": null,
                "stdin": null,
                "stdin_add_newline": true,
                "strip_empty_ends": true
            }
        },
        "item": "osh-ctrl-02",
        "msg": "non-zero return code",
        "rc": 1,
        "start": "2026-09-12 06:57:10.057415",
        "stderr": "",
        "stderr_lines": [],
        "stdout": "PING 10.0.20.3 (10.0.20.3) 56(84) bytes of data.\n\n--- 10.0.20.3 ping statistics ---\n2 packets transmitted, 0 received, 100% packet loss, time 1029ms",
        "stdout_lines": [
            "PING 10.0.20.3 (10.0.20.3) 56(84) bytes of data.",
            "",
            "--- 10.0.20.3 ping statistics ---",
            "2 packets transmitted, 0 received, 100% packet loss, time 1029ms"
        ]
    },
    "msg": "osh-comp-04 cannot reach cluster peer osh-ctrl-02 at 10.0.20.3.\nThe BGP-advertised K8s network is not usable yet for etcd or control-plane traffic.\nVerify netplan, FRR adjacency, prefix-lists, and the exact peer-to-peer BGP session.\n"
}
ok: [osh-comp-04] => (item=osh-ctrl-03) => {
    "ansible_loop_var": "item",
    "changed": false,
    "item": {
        "ansible_loop_var": "item",
        "attempts": 1,
        "changed": false,
        "cmd": [
            "ping",
            "-c",
            "2",
            "-W",
            "3",
            "10.0.30.3"
        ],
        "delta": "0:00:01.017178",
        "end": "2026-09-12 06:57:17.017195",
        "failed": false,
        "failed_when_result": false,
        "invocation": {
            "module_args": {
                "_raw_params": "ping -c 2 -W 3 10.0.30.3",
                "_uses_shell": false,
                "argv": null,
                "chdir": null,
                "creates": null,
                "executable": null,
                "expand_argument_vars": true,
                "removes": null,
                "stdin": null,
                "stdin_add_newline": true,
                "strip_empty_ends": true
            }
        },
        "item": "osh-ctrl-03",
        "msg": "",
        "rc": 0,
        "start": "2026-09-12 06:57:16.000017",
        "stderr": "",
        "stderr_lines": [],
        "stdout": "PING 10.0.30.3 (10.0.30.3) 56(84) bytes of data.\n64 bytes from 10.0.30.3: icmp_seq=1 ttl=61 time=6.04 ms\n64 bytes from 10.0.30.3: icmp_seq=2 ttl=61 time=7.51 ms\n\n--- 10.0.30.3 ping statistics ---\n2 packets transmitted, 2 received, 0% packet loss, time 1001ms\nrtt min/avg/max/mdev = 6.035/6.770/7.506/0.735 ms",
        "stdout_lines": [
            "PING 10.0.30.3 (10.0.30.3) 56(84) bytes of data.",
            "64 bytes from 10.0.30.3: icmp_seq=1 ttl=61 time=6.04 ms",
            "64 bytes from 10.0.30.3: icmp_seq=2 ttl=61 time=7.51 ms",
            "",
            "--- 10.0.30.3 ping statistics ---",
            "2 packets transmitted, 2 received, 0% packet loss, time 1001ms",
            "rtt min/avg/max/mdev = 6.035/6.770/7.506/0.735 ms"
        ]
    },
    "msg": "osh-comp-04 reaches osh-ctrl-03 on the K8s cluster subnet"
}
ok: [osh-comp-04] => (item=osh-net-01) => {
    "ansible_loop_var": "item",
    "changed": false,
    "item": {
        "ansible_loop_var": "item",
        "attempts": 1,
        "changed": false,
        "cmd": [
            "ping",
            "-c",
            "2",
            "-W",
            "3",
            "10.0.10.4"
        ],
        "delta": "0:00:01.013659",
        "end": "2026-09-12 06:57:19.895308",
        "failed": false,
        "failed_when_result": false,
        "invocation": {
            "module_args": {
                "_raw_params": "ping -c 2 -W 3 10.0.10.4",
                "_uses_shell": false,
                "argv": null,
                "chdir": null,
                "creates": null,
                "executable": null,
                "expand_argument_vars": true,
                "removes": null,
                "stdin": null,
                "stdin_add_newline": true,
                "strip_empty_ends": true
            }
        },
        "item": "osh-net-01",
        "msg": "",
        "rc": 0,
        "start": "2026-09-12 06:57:18.881649",
        "stderr": "",
        "stderr_lines": [],
        "stdout": "PING 10.0.10.4 (10.0.10.4) 56(84) bytes of data.\n64 bytes from 10.0.10.4: icmp_seq=1 ttl=63 time=2.66 ms\n64 bytes from 10.0.10.4: icmp_seq=2 ttl=63 time=2.96 ms\n\n--- 10.0.10.4 ping statistics ---\n2 packets transmitted, 2 received, 0% packet loss, time 1002ms\nrtt min/avg/max/mdev = 2.663/2.812/2.961/0.149 ms",
        "stdout_lines": [
            "PING 10.0.10.4 (10.0.10.4) 56(84) bytes of data.",
            "64 bytes from 10.0.10.4: icmp_seq=1 ttl=63 time=2.66 ms",
            "64 bytes from 10.0.10.4: icmp_seq=2 ttl=63 time=2.96 ms",
            "",
            "--- 10.0.10.4 ping statistics ---",
            "2 packets transmitted, 2 received, 0% packet loss, time 1002ms",
            "rtt min/avg/max/mdev = 2.663/2.812/2.961/0.149 ms"
        ]
    },
    "msg": "osh-comp-04 reaches osh-net-01 on the K8s cluster subnet"
}
failed: [osh-comp-04] (item=osh-net-02) => {
    "ansible_loop_var": "item",
    "assertion": "item.rc == 0",
    "changed": false,
    "evaluated_to": false,
    "item": {
        "ansible_loop_var": "item",
        "attempts": 6,
        "changed": false,
        "cmd": [
            "ping",
            "-c",
            "2",
            "-W",
            "3",
            "10.0.20.4"
        ],
        "delta": "0:00:04.041163",
        "end": "2026-09-12 06:59:02.639505",
        "failed": true,
        "failed_when_result": false,
        "invocation": {
            "module_args": {
                "_raw_params": "ping -c 2 -W 3 10.0.20.4",
                "_uses_shell": false,
                "argv": null,
                "chdir": null,
                "creates": null,
                "executable": null,
                "expand_argument_vars": true,
                "removes": null,
                "stdin": null,
                "stdin_add_newline": true,
                "strip_empty_ends": true
            }
        },
        "item": "osh-net-02",
        "msg": "non-zero return code",
        "rc": 1,
        "start": "2026-09-12 06:58:58.598342",
        "stderr": "",
        "stderr_lines": [],
        "stdout": "PING 10.0.20.4 (10.0.20.4) 56(84) bytes of data.\n\n--- 10.0.20.4 ping statistics ---\n2 packets transmitted, 0 received, 100% packet loss, time 1032ms",
        "stdout_lines": [
            "PING 10.0.20.4 (10.0.20.4) 56(84) bytes of data.",
            "",
            "--- 10.0.20.4 ping statistics ---",
            "2 packets transmitted, 0 received, 100% packet loss, time 1032ms"
        ]
    },
    "msg": "osh-comp-04 cannot reach cluster peer osh-net-02 at 10.0.20.4.\nThe BGP-advertised K8s network is not usable yet for etcd or control-plane traffic.\nVerify netplan, FRR adjacency, prefix-lists, and the exact peer-to-peer BGP session.\n"
}
failed: [osh-comp-04] (item=MonSrv) => {
    "ansible_loop_var": "item",
    "assertion": "item.rc == 0",
    "changed": false,
    "evaluated_to": false,
    "item": {
        "ansible_loop_var": "item",
        "attempts": 6,
        "changed": false,
        "cmd": [
            "ping",
            "-c",
            "2",
            "-W",
            "3",
            "10.0.30.4"
        ],
        "delta": "0:00:04.050822",
        "end": "2026-09-12 07:00:45.359444",
        "failed": true,
        "failed_when_result": false,
        "invocation": {
            "module_args": {
                "_raw_params": "ping -c 2 -W 3 10.0.30.4",
                "_uses_shell": false,
                "argv": null,
                "chdir": null,
                "creates": null,
                "executable": null,
                "expand_argument_vars": true,
                "removes": null,
                "stdin": null,
                "stdin_add_newline": true,
                "strip_empty_ends": true
            }
        },
        "item": "MonSrv",
        "msg": "non-zero return code",
        "rc": 1,
        "start": "2026-09-12 07:00:41.308622",
        "stderr": "",
        "stderr_lines": [],
        "stdout": "PING 10.0.30.4 (10.0.30.4) 56(84) bytes of data.\n\n--- 10.0.30.4 ping statistics ---\n2 packets transmitted, 0 received, 100% packet loss, time 1041ms",
        "stdout_lines": [
            "PING 10.0.30.4 (10.0.30.4) 56(84) bytes of data.",
            "",
            "--- 10.0.30.4 ping statistics ---",
            "2 packets transmitted, 0 received, 100% packet loss, time 1041ms"
        ]
    },
    "msg": "osh-comp-04 cannot reach cluster peer MonSrv at 10.0.30.4.\nThe BGP-advertised K8s network is not usable yet for etcd or control-plane traffic.\nVerify netplan, FRR adjacency, prefix-lists, and the exact peer-to-peer BGP session.\n"
}
failed: [osh-comp-04] (item=osh-comp-01) => {
    "ansible_loop_var": "item",
    "assertion": "item.rc == 0",
    "changed": false,
    "evaluated_to": false,
    "item": {
        "ansible_loop_var": "item",
        "attempts": 6,
        "changed": false,
        "cmd": [
            "ping",
            "-c",
            "2",
            "-W",
            "3",
            "10.0.10.5"
        ],
        "delta": "0:00:04.072570",
        "end": "2026-09-12 07:02:27.439254",
        "failed": true,
        "failed_when_result": false,
        "invocation": {
            "module_args": {
                "_raw_params": "ping -c 2 -W 3 10.0.10.5",
                "_uses_shell": false,
                "argv": null,
                "chdir": null,
                "creates": null,
                "executable": null,
                "expand_argument_vars": true,
                "removes": null,
                "stdin": null,
                "stdin_add_newline": true,
                "strip_empty_ends": true
            }
        },
        "item": "osh-comp-01",
        "msg": "non-zero return code",
        "rc": 1,
        "start": "2026-09-12 07:02:23.366684",
        "stderr": "",
        "stderr_lines": [],
        "stdout": "PING 10.0.10.5 (10.0.10.5) 56(84) bytes of data.\n\n--- 10.0.10.5 ping statistics ---\n2 packets transmitted, 0 received, 100% packet loss, time 1063ms",
        "stdout_lines": [
            "PING 10.0.10.5 (10.0.10.5) 56(84) bytes of data.",
            "",
            "--- 10.0.10.5 ping statistics ---",
            "2 packets transmitted, 0 received, 100% packet loss, time 1063ms"
        ]
    },
    "msg": "osh-comp-04 cannot reach cluster peer osh-comp-01 at 10.0.10.5.\nThe BGP-advertised K8s network is not usable yet for etcd or control-plane traffic.\nVerify netplan, FRR adjacency, prefix-lists, and the exact peer-to-peer BGP session.\n"
}
failed: [osh-comp-04] (item=osh-comp-02) => {
    "ansible_loop_var": "item",
    "assertion": "item.rc == 0",
    "changed": false,
    "evaluated_to": false,
    "item": {
        "ansible_loop_var": "item",
        "attempts": 6,
        "changed": false,
        "cmd": [
            "ping",
            "-c",
            "2",
            "-W",
            "3",
            "10.0.20.5"
        ],
        "delta": "0:00:04.061494",
        "end": "2026-09-12 07:04:10.671202",
        "failed": true,
        "failed_when_result": false,
        "invocation": {
            "module_args": {
                "_raw_params": "ping -c 2 -W 3 10.0.20.5",
                "_uses_shell": false,
                "argv": null,
                "chdir": null,
                "creates": null,
                "executable": null,
                "expand_argument_vars": true,
                "removes": null,
                "stdin": null,
                "stdin_add_newline": true,
                "strip_empty_ends": true
            }
        },
        "item": "osh-comp-02",
        "msg": "non-zero return code",
        "rc": 1,
        "start": "2026-09-12 07:04:06.609708",
        "stderr": "",
        "stderr_lines": [],
        "stdout": "PING 10.0.20.5 (10.0.20.5) 56(84) bytes of data.\n\n--- 10.0.20.5 ping statistics ---\n2 packets transmitted, 0 received, 100% packet loss, time 1051ms",
        "stdout_lines": [
            "PING 10.0.20.5 (10.0.20.5) 56(84) bytes of data.",
            "",
            "--- 10.0.20.5 ping statistics ---",
            "2 packets transmitted, 0 received, 100% packet loss, time 1051ms"
        ]
    },
    "msg": "osh-comp-04 cannot reach cluster peer osh-comp-02 at 10.0.20.5.\nThe BGP-advertised K8s network is not usable yet for etcd or control-plane traffic.\nVerify netplan, FRR adjacency, prefix-lists, and the exact peer-to-peer BGP session.\n"
}
failed: [osh-comp-04] (item=osh-comp-03) => {
    "ansible_loop_var": "item",
    "assertion": "item.rc == 0",
    "changed": false,
    "evaluated_to": false,
    "item": {
        "ansible_loop_var": "item",
        "attempts": 6,
        "changed": false,
        "cmd": [
            "ping",
            "-c",
            "2",
            "-W",
            "3",
            "10.0.30.5"
        ],
        "delta": "0:00:04.034082",
        "end": "2026-09-12 07:05:55.247712",
        "failed": true,
        "failed_when_result": false,
        "invocation": {
            "module_args": {
                "_raw_params": "ping -c 2 -W 3 10.0.30.5",
                "_uses_shell": false,
                "argv": null,
                "chdir": null,
                "creates": null,
                "executable": null,
                "expand_argument_vars": true,
                "removes": null,
                "stdin": null,
                "stdin_add_newline": true,
                "strip_empty_ends": true
            }
        },
        "item": "osh-comp-03",
        "msg": "non-zero return code",
        "rc": 1,
        "start": "2026-09-12 07:05:51.213630",
        "stderr": "",
        "stderr_lines": [],
        "stdout": "PING 10.0.30.5 (10.0.30.5) 56(84) bytes of data.\n\n--- 10.0.30.5 ping statistics ---\n2 packets transmitted, 0 received, 100% packet loss, time 1019ms",
        "stdout_lines": [
            "PING 10.0.30.5 (10.0.30.5) 56(84) bytes of data.",
            "",
            "--- 10.0.30.5 ping statistics ---",
            "2 packets transmitted, 0 received, 100% packet loss, time 1019ms"
        ]
    },
    "msg": "osh-comp-04 cannot reach cluster peer osh-comp-03 at 10.0.30.5.\nThe BGP-advertised K8s network is not usable yet for etcd or control-plane traffic.\nVerify netplan, FRR adjacency, prefix-lists, and the exact peer-to-peer BGP session.\n"
}

PLAY [Final pre-Kubespray fabric gate] *************************************************************************************************************************************************************************

PLAY [Pre-clean disk on all K8s nodes before any Ansible temp-file activity] ***********************************************************************************************************************************

PLAY [Prepare all K8s nodes for Kubespray deployment] **********************************************************************************************************************************************************

PLAY [Generate Kubespray inventory on control node] ************************************************************************************************************************************************************

TASK [Ensure kubespray destination directory exists] ***********************************************************************************************************************************************************
ok: [localhost]

TASK [Render kubespray hosts.yaml inventory] *******************************************************************************************************************************************************************
ok: [localhost]

TASK [Render kubespray group_vars override] ********************************************************************************************************************************************************************
changed: [localhost]

TASK [Capture active kernel storage mount configurations from cluster node] ************************************************************************************************************************************
ok: [localhost -> k8s-master-01(172.16.2.51)]

TASK [Verify OverlayFS is actively protecting high-volume directories] *****************************************************************************************************************************************
fatal: [localhost]: FAILED! => {
    "assertion": "'147G' in df_output.stdout or '150G' in df_output.stdout",
    "changed": false,
    "evaluated_to": false,
    "msg": "STORAGE VERIFICATION FAILED: The 150GB data disk overlay is not active. \nPlease check the remote machine's cloud-init log inside the VM using:\n'sudo journalctl -u cloud-init' or 'cat /var/log/cloud-init-output.log'\n"
}

PLAY RECAP *****************************************************************************************************************************************************************************************************
Border-Leaf1               : ok=121  changed=14   unreachable=0    failed=0    skipped=11   rescued=0    ignored=0
Border-Leaf2               : ok=121  changed=14   unreachable=0    failed=0    skipped=11   rescued=0    ignored=0
Exit-Router1               : ok=45   changed=16   unreachable=0    failed=0    skipped=6    rescued=0    ignored=0
Exit-Router2               : ok=44   changed=16   unreachable=0    failed=0    skipped=6    rescued=0    ignored=0
External-Router            : ok=15   changed=2    unreachable=0    failed=0    skipped=0    rescued=0    ignored=0
ISP-1                      : ok=17   changed=2    unreachable=0    failed=0    skipped=0    rescued=0    ignored=0
ISP-2                      : ok=16   changed=2    unreachable=0    failed=0    skipped=0    rescued=0    ignored=0
Leaf-L1                    : ok=122  changed=14   unreachable=0    failed=0    skipped=10   rescued=0    ignored=0
Leaf-L2                    : ok=122  changed=14   unreachable=0    failed=0    skipped=10   rescued=0    ignored=0
Leaf-L3                    : ok=121  changed=14   unreachable=0    failed=0    skipped=11   rescued=0    ignored=0
Leaf-L4                    : ok=121  changed=14   unreachable=0    failed=0    skipped=11   rescued=0    ignored=0
MonSrv                     : ok=50   changed=13   unreachable=0    failed=1    skipped=16   rescued=0    ignored=0
Spine-S1                   : ok=108  changed=14   unreachable=0    failed=0    skipped=17   rescued=0    ignored=0
Spine-S2                   : ok=108  changed=14   unreachable=0    failed=0    skipped=17   rescued=0    ignored=0
k8s-db-01                  : ok=41   changed=10   unreachable=1    failed=0    skipped=16   rescued=0    ignored=0
k8s-db-02                  : ok=42   changed=10   unreachable=0    failed=1    skipped=16   rescued=0    ignored=0
k8s-db-03                  : ok=50   changed=13   unreachable=0    failed=1    skipped=16   rescued=0    ignored=0
k8s-master-01              : ok=43   changed=10   unreachable=1    failed=0    skipped=16   rescued=0    ignored=0
k8s-master-02              : ok=41   changed=10   unreachable=1    failed=0    skipped=16   rescued=0    ignored=0
k8s-master-03              : ok=50   changed=13   unreachable=0    failed=1    skipped=16   rescued=0    ignored=0
localhost                  : ok=9    changed=2    unreachable=0    failed=1    skipped=5    rescued=0    ignored=0
oob-mgmt-node              : ok=7    changed=2    unreachable=0    failed=0    skipped=5    rescued=0    ignored=0
osh-comp-01                : ok=84   changed=16   unreachable=0    failed=1    skipped=18   rescued=0    ignored=1
osh-comp-02                : ok=57   changed=16   unreachable=1    failed=0    skipped=17   rescued=0    ignored=0
osh-comp-03                : ok=60   changed=16   unreachable=0    failed=1    skipped=17   rescued=0    ignored=0
osh-comp-04                : ok=42   changed=10   unreachable=0    failed=1    skipped=16   rescued=0    ignored=0
osh-ctrl-01                : ok=42   changed=10   unreachable=0    failed=1    skipped=16   rescued=0    ignored=0
osh-ctrl-02                : ok=42   changed=10   unreachable=0    failed=1    skipped=16   rescued=0    ignored=0
osh-ctrl-03                : ok=42   changed=10   unreachable=0    failed=1    skipped=16   rescued=0    ignored=0
osh-net-01                 : ok=21   changed=6    unreachable=0    failed=1    skipped=16   rescued=0    ignored=0
osh-net-02                 : ok=42   changed=10   unreachable=0    failed=1    skipped=16   rescued=0    ignored=0
poweredge_r810             : ok=26   changed=9    unreachable=0    failed=0    skipped=3    rescued=0    ignored=0

(venv) nh1221@Lab-ControlNode:/mnt/c/Users/nh1221/dc_lab/clab/sonic-clab$
C:\Users\nh1221>
