BGP Unnumbered relies strictly on automatically learned IPv6 Link-Local paths. We need strip all static IPv4 subnets from the interfaces
(Ethernet0, Ethernet4, etc.) so they do not override the link-local behavior and activate ipv6 such as     "INTERFACE": {
        "Ethernet0": {
            "ipv6_use_link_local_only": "enable"
        },
        "Ethernet4": {
            "ipv6_use_link_local_only": "enable"
        },
        "Ethernet8": {
            "ipv6_use_link_local_only": "enable"
        },
        "Ethernet12": {
            "ipv6_use_link_local_only": "enable"
        },
        "Ethernet16": {
            "ipv6_use_link_local_only": "enable"
        },
        "Ethernet20": {
            "ipv6_use_link_local_only": "enable"
        }
  }


Our Leaf-L2/L3 is not bringing up right interfaces, see below: admin@Leaf-L3:~$ show interfaces status
  Interface            Lanes    Speed    MTU    FEC         Alias    Vlan    Oper    Admin    Type    Asym PFC
-----------  ---------------  -------  -----  -----  ------------  ------  ------  -------  ------  ----------
  Ethernet0              125      10G   9100    N/A     Ethernet0  routed    down       up     N/A         N/A
  Ethernet1              126      10G   9100    N/A     Ethernet1  routed    down       up     N/A         N/A
  Ethernet2              127      10G   9100    N/A     Ethernet2  routed    down       up     N/A         N/A
  Ethernet3              128      10G   9100    N/A     Ethernet3  routed      up     down     N/A         N/A
  Ethernet4  121,122,123,124      40G   9100    N/A   Ethernet2/1  routed    down     down     N/A         N/A
  Ethernet8      13,14,15,16      40G   9100    N/A   Ethernet3/1  routed    down     down     N/A         N/A
 Ethernet12       9,10,11,12      40G   9100    N/A   Ethernet4/1  routed    down     down     N/A         N/A

Ethernet0/1/2 should have both Oper/Admin 'up', and Ethernet3 should have Oper/Admin both 'down' since in our relevant var files acess ports doesn't show any device 
connected at peer end. Also 'Alias' field is showing Interface/Alias same and not following the Alias field pattern which should be like Ethernet1/1, Ethernet1/2, 
Ethernet1/3, Ethernet1/4. We should be checking relevant port_config.ini file for understanding the Alias naming for all switch ports that's PORT breakout is happening...
I have in the individual var files ports added field 'alias', just going with that will work.
Leaf-L1:
# AS5712-54X: fabric on QSFP+ (Ethernet68=idx54, Ethernet64=idx53)
# Breakout: none (access ports are native SFP+ 10G)
switch_ports:
  Ethernet68: { speed: "40000", role: "fabric", alias: "tenGigE68", lanes: "77,78,79,80", index: "54", neighbor: "Spine-S1", rem_port: "Ethernet0", neighbor_asn: 65000 }
  Ethernet64: { speed: "40000", role: "fabric", alias: "tenGigE64", lanes: "109,110,111,112", index: "53", neighbor: "Spine-S2", rem_port: "Ethernet0", neighbor_asn: 65000 }

access_ports:
  Ethernet0: { speed: "10000", role: "server_access", alias: "tenGigE0", lanes: "13", index: "1", peer: "Host12-1", neighbor_asn: 65211 }
  Ethernet1: { speed: "10000", role: "server_access", alias: "tenGigE1", lanes: "14", index: "2", peer: "Host12-2", neighbor_asn: 65212 }
  Ethernet2: { speed: "10000", role: "server_access", alias: "tenGigE2", lanes: "15", index: "3", peer: "Host12-3", neighbor_asn: 65213 }
Leaf-L2:
# AS5712-54X: fabric on QSFP+ (Ethernet68=idx54, Ethernet64=idx53)
# Access ports are native SFP+ 10G (Ethernet0=lane13, Ethernet1=lane14, Ethernet2=lane15)
switch_ports:
  Ethernet68: { speed: "40000", role: "fabric", alias: "tenGigE68", lanes: "77,78,79,80", index: "54", neighbor: "Spine-S1", rem_port: "Ethernet4", neighbor_asn: 65000 }
  Ethernet64: { speed: "40000", role: "fabric", alias: "tenGigE64", lanes: "109,110,111,112", index: "53", neighbor: "Spine-S2", rem_port: "Ethernet4", neighbor_asn: 65000 }

access_ports:
  Ethernet0: { speed: "10000", role: "server_access", alias: "tenGigE0", lanes: "13", index: "1", peer: "Host12-1", neighbor_asn: 65211 }
  Ethernet1: { speed: "10000", role: "server_access", alias: "tenGigE1", lanes: "14", index: "2", peer: "Host12-2", neighbor_asn: 65212 }
  Ethernet2: { speed: "10000", role: "server_access", alias: "tenGigE2", lanes: "15", index: "3", peer: "Host12-3", neighbor_asn: 65213 }

Leaf-L3:
# 7050-QX32: fabric on last QSFP+ (Ethernet124=idx32, Ethernet120=idx31)
# Breakout: Ethernet0 (idx1) → 4x10G (Ethernet0/1/2 used)
switch_ports:
  Ethernet124: { speed: "40000", role: "fabric", alias: "Ethernet32, lanes: "1,2,3,4", index: "32", neighbor: "Spine-S1", rem_port: "Ethernet8", neighbor_asn: 65000 }
  Ethernet120: { speed: "40000", role: "fabric", alias: "Ethernet31", lanes: "5,6,7,8", index: "31", neighbor: "Spine-S2", rem_port: "Ethernet8", neighbor_asn: 65000 }

access_ports:
  Ethernet0:  { speed: "10000", role: "server_access", alias: "Ethernet1/1", lanes: "125", index: "1", peer: "Host34-1", neighbor_asn: 65221 }
  Ethernet1: { speed: "10000", role: "server_access", alias: "Ethernet1/2", lanes: "126", index: "1", peer: "Host34-2", neighbor_asn: 65222 }
  Ethernet2: { speed: "10000", role: "monitor_access", alias: "Ethernet1/3", lanes: "127", index: "1", peer: "MonSrv", neighbor_asn: 65223 }
  # ADD THIS placeholder to complete the 4-lane hardware block
  Ethernet3: { speed: "10000", role: "unused_breakout", alias: "Ethernet1/4", lanes: "128", index: "1", peer: "None" }

Leaf-L4:
# 7050-QX32: fabric on last QSFP+ (Ethernet124=idx32, Ethernet120=idx31)
# Breakout: Ethernet0 (idx1) → 4x10G (Ethernet0/1/2 used)
switch_ports:
  Ethernet124: { speed: "40000", role: "fabric", alias: "Ethernet32", lanes: "1,2,3,4", index: "32", neighbor: "Spine-S1", rem_port: "Ethernet12", neighbor_asn: 65000 }
  Ethernet120: { speed: "40000", role: "fabric", alias: "Ethernet31", lanes: "5,6,7,8", index: "31", neighbor: "Spine-S2", rem_port: "Ethernet12", neighbor_asn: 65000 }

access_ports:
  Ethernet0:  { speed: "10000", role: "server_access", alias: "Ethernet1/1", lanes: "125", index: "1", peer: "Host34-1", neighbor_asn: 65221 }
  Ethernet1: { speed: "10000", role: "server_access", alias: "Ethernet1/2", lanes: "126", index: "1", peer: "Host34-2", neighbor_asn: 65222 }
  Ethernet2: { speed: "10000", role: "monitor_access", alias: "Ethernet1/3", lanes: "127", index: "1", peer: "MonSrv", neighbor_asn: 65223 }
  # ADD THIS placeholder to complete the 4-lane hardware block
  Ethernet3: { speed: "10000", role: "unused_breakout", alias: "Ethernet1/4", lanes: "128", index: "1", peer: "None" }
Border-Leaf1:
# 7050-QX-32S: fabric on last QSFP+ (Ethernet124=idx36, Ethernet120=idx35)
# Breakout: Ethernet0 (idx5) → 4x10G (all 4 children used)
switch_ports:
  Ethernet124: { speed: "40000", role: "fabric", alias: "Ethernet36", lanes: "5,6,7,8", index: "36", neighbor: "Spine-S1", rem_port: "Ethernet16", neighbor_asn: 65000 }
  Ethernet120: { speed: "40000", role: "fabric", alias: "Ethernet35", lanes: "1,2,3,4", index: "35", neighbor: "Spine-S2", rem_port: "Ethernet16", neighbor_asn: 65000 }

access_ports:
  Ethernet0: { speed: "10000", role: "isp_uplink", alias: "Ethernet5/1", lanes: "9", index: "5", peer: "Exit-Router1", neighbor_asn: 65251 }
  Ethernet1: { speed: "10000", role: "isp_uplink", alias: "Ethernet5/2", lanes: "10", index: "5", peer: "Exit-Router2", neighbor_asn: 65252 }
  Ethernet2: { speed: "10000", role: "server_access", alias: "Ethernet5/3", lanes: "11", index: "5", peer: "HostB12-1", neighbor_asn: 65231 }
  Ethernet3: { speed: "10000", role: "server_access", alias: "Ethernet5/4", lanes: "12", index: "5", peer: "HostB12-2", neighbor_asn: 65232 }
Border-Leaf2:
# 7050-QX-32S: fabric on last QSFP+ (Ethernet124=idx36, Ethernet120=idx35)
# Breakout: Ethernet0 (idx5) → 4x10G (all 4 children used)
switch_ports:
  Ethernet124: { speed: "40000", role: "fabric", alias: "Ethernet36", lanes: "5,6,7,8", index: "36", neighbor: "Spine-S1", rem_port: "Ethernet20", neighbor_asn: 65000 }
  Ethernet120: { speed: "40000", role: "fabric", alias: "Ethernet35", lanes: "1,2,3,4", index: "35", neighbor: "Spine-S2", rem_port: "Ethernet20", neighbor_asn: 65000 }

access_ports:
  Ethernet0: { speed: "10000", role: "edge_uplink", alias: "Ethernet5/1", lanes: "9", index: "5", peer: "Exit-Router2", neighbor_asn: 65252 }
  Ethernet1: { speed: "10000", role: "edge_uplink", alias: "Ethernet5/2", lanes: "10", index: "5", peer: "Exit-Router1", neighbor_asn: 65251 }
  Ethernet2: { speed: "10000", role: "server_access", alias: "Ethernet5/3", lanes: "11", index: "5", peer: "HostB12-1" , neighbor_asn: 65231 }
  Ethernet3: { speed: "10000", role: "server_access", alias: "Ethernet5/4", lanes: "12", index: "5", peer: "HostB12-2", neighbor_asn: 65232 }

In regrds to mgmt this is what we have in Spine-S1 as an example does not have any "MGMT_INTERFACE"/"MGMT_VRF_CONFIG" keys. We need to insert them as patch for building
json with proper mgmt ip address:
"MGMT_INTERFACE": {
        "eth0|172.16.2.11/24": {
            "gwaddr": "172.16.2.254"
        }
    },
    "MGMT_VRF_CONFIG": {
        "vrf_global": {
            "mgmtVrfEnabled": "true"
        }

The bgp info we see for an example switch:
admin@Spine-S1:~$ show ip bgp neighbors
BGP neighbor on Ethernet0: 10.0.0.1, remote AS 0, local AS 65000, external link
  Local Role: undefined
  Remote Role: undefined
 Description: Leaf-L1
  BGP version 4, remote router ID 0.0.0.0, local router ID 10.0.0.1
  BGP state = Idle
  Last read 15:37:42, Last write 00:00:40
  Hold time is 180 seconds, keepalive interval is 60 seconds
  Configured hold time is 180 seconds, keepalive interval is 60 seconds
  Configured tcp-mss is 0, synced tcp-mss is 0
  Configured conditional advertisements interval is 60 seconds
  Graceful restart information:
    Local GR Mode: Helper*
    Remote GR Mode: NotApplicable

    R bit: False
    N bit: False
    Timers:
      Configured Restart Time(sec): 120
      Received Restart Time(sec): 0
      Configured LLGR Stale Path Time(sec): 0
  Message statistics:
    Inq depth is 0
    Outq depth is 0
                         Sent       Rcvd
    Opens:                480        493
    Notifications:        497          8
    Updates:                0          0
    Keepalives:             0          0
    Route Refresh:          0          0
    Capability:             0          0
    Total:                977        501

  Prefix statistics:
    Inbound filtered: 0
    AS-PATH loop: 0
    Originator loop: 0
    Cluster loop: 0
    Invalid next-hop: 0
    Withdrawn: 0
    Attributes discarded: 0

  Minimum time between advertisement runs is 0 seconds
  Update delay timer is 0 seconds (remaining: 0)

 For address family: IPv4 Unicast
  Not part of any update group
  Community attribute sent to this neighbor(all)
  Inbound updates discarded due to missing policy
  Outbound updates discarded due to missing policy
  0 accepted prefixes

 For address family: IPv6 Unicast
  Not part of any update group
  Community attribute sent to this neighbor(all)
  Inbound updates discarded due to missing policy
  Outbound updates discarded due to missing policy
  0 accepted prefixes

  Connections established 0; dropped 0
  Last reset 15:37:42,  Notification sent (OPEN Message Error/Bad Peer AS)
  Message received that caused BGP to send a NOTIFICATION:
    FFFFFFFF FFFFFFFF FFFFFFFF FFFFFFFF
    00810104 FDE800B4 0A000001 64020601
    04000100 01020601 04000200 01020202
    00020246 00020641 040000FD E8020206
    00020A45 08000101 01000201 01020C4C
    0A000101 00000002 01000002 0C490A08
    5370696E 652D5331 00020440 02407802
    10470E00 01018000 00000002 01800000
    00
  External BGP neighbor may be up to 1 hops away.
Local host: 10.0.0.1, Local port: 37472
Foreign host: 10.0.0.1, Foreign port: 179
Nexthop: 10.0.0.1
Nexthop global: fe80::bc0e:7aff:feec:fb76
Nexthop local: fe80::bc0e:7aff:feec:fb76
BGP connection: shared network
BGP Connect Retry Timer in Seconds: 30
Next start timer due in 80 seconds
Read thread: off  Write thread: off  FD used: -1

BGP neighbor on Ethernet4: 10.0.0.3, remote AS 0, local AS 65000, external link
  Local Role: undefined
  Remote Role: undefined
 Description: Leaf-L2
  BGP version 4, remote router ID 0.0.0.0, local router ID 10.0.0.1
  BGP state = Active
  Last read 15:37:42, Last write never
  Hold time is 180 seconds, keepalive interval is 60 seconds
  Configured hold time is 180 seconds, keepalive interval is 60 seconds
  Configured tcp-mss is 0, synced tcp-mss is 0
  Configured conditional advertisements interval is 60 seconds
  Graceful restart information:
    Local GR Mode: Helper*
    Remote GR Mode: NotApplicable

    R bit: False
    N bit: False
    Timers:
      Configured Restart Time(sec): 120
      Received Restart Time(sec): 0
      Configured LLGR Stale Path Time(sec): 0
  Message statistics:
    Inq depth is 0
    Outq depth is 0
                         Sent       Rcvd
    Opens:                  0          0
    Notifications:          0          0
    Updates:                0          0
    Keepalives:             0          0
    Route Refresh:          0          0
    Capability:             0          0
    Total:                  0          0

  Prefix statistics:
    Inbound filtered: 0
    AS-PATH loop: 0
    Originator loop: 0
    Cluster loop: 0
    Invalid next-hop: 0
    Withdrawn: 0
    Attributes discarded: 0

  Minimum time between advertisement runs is 0 seconds
  Update delay timer is 0 seconds (remaining: 0)

 For address family: IPv4 Unicast
  Not part of any update group
  Community attribute sent to this neighbor(all)
  Inbound updates discarded due to missing policy
  Outbound updates discarded due to missing policy
  0 accepted prefixes

 For address family: IPv6 Unicast
  Not part of any update group
  Community attribute sent to this neighbor(all)
  Inbound updates discarded due to missing policy
  Outbound updates discarded due to missing policy
  0 accepted prefixes

  Connections established 0; dropped 0
  Last reset 15:37:42,  No path to specified Neighbor (n/a)
  External BGP neighbor may be up to 1 hops away.
Local host: 10.0.0.2, Local port: 40818
Foreign host: 10.0.0.3, Foreign port: 179
Nexthop: 0.0.0.0
Nexthop global: ::
Nexthop local: ::
BGP connection: non shared network
BGP Connect Retry Timer in Seconds: 120
Next connect timer due in 80 seconds
Read thread: off  Write thread: off  FD used: -1

BGP neighbor on Ethernet8: 10.0.0.5, remote AS 0, local AS 65000, external link
  Local Role: undefined
  Remote Role: undefined
 Description: Leaf-L3
  BGP version 4, remote router ID 0.0.0.0, local router ID 10.0.0.1
  BGP state = Active
  Last read 15:37:42, Last write never
  Hold time is 180 seconds, keepalive interval is 60 seconds
  Configured hold time is 180 seconds, keepalive interval is 60 seconds
  Configured tcp-mss is 0, synced tcp-mss is 0
  Configured conditional advertisements interval is 60 seconds
  Graceful restart information:
    Local GR Mode: Helper*
    Remote GR Mode: NotApplicable

    R bit: False
    N bit: False
    Timers:
      Configured Restart Time(sec): 120
      Received Restart Time(sec): 0
      Configured LLGR Stale Path Time(sec): 0
  Message statistics:
    Inq depth is 0
    Outq depth is 0
                         Sent       Rcvd
    Opens:                  0          0
    Notifications:          0          0
    Updates:                0          0
    Keepalives:             0          0
    Route Refresh:          0          0
    Capability:             0          0
    Total:                  0          0

  Prefix statistics:
    Inbound filtered: 0
    AS-PATH loop: 0
    Originator loop: 0
    Cluster loop: 0
    Invalid next-hop: 0
    Withdrawn: 0
    Attributes discarded: 0

  Minimum time between advertisement runs is 0 seconds
  Update delay timer is 0 seconds (remaining: 0)

 For address family: IPv4 Unicast
  Not part of any update group
  Community attribute sent to this neighbor(all)
  Inbound updates discarded due to missing policy
  Outbound updates discarded due to missing policy
  0 accepted prefixes

 For address family: IPv6 Unicast
  Not part of any update group
  Community attribute sent to this neighbor(all)
  Inbound updates discarded due to missing policy
  Outbound updates discarded due to missing policy
  0 accepted prefixes

  Connections established 0; dropped 0
  Last reset 15:37:42,  No path to specified Neighbor (n/a)
  External BGP neighbor may be up to 1 hops away.
Local host: 10.0.0.4, Local port: 40116
Foreign host: 10.0.0.5, Foreign port: 179
Nexthop: 0.0.0.0
Nexthop global: ::
Nexthop local: ::
BGP connection: non shared network
BGP Connect Retry Timer in Seconds: 120
Next connect timer due in 80 seconds
Read thread: off  Write thread: off  FD used: -1

BGP neighbor on Ethernet12: 10.0.0.7, remote AS 0, local AS 65000, external link
  Local Role: undefined
  Remote Role: undefined
 Description: Leaf-L4
  BGP version 4, remote router ID 0.0.0.0, local router ID 10.0.0.1
  BGP state = Active
  Last read 15:37:42, Last write never
  Hold time is 180 seconds, keepalive interval is 60 seconds
  Configured hold time is 180 seconds, keepalive interval is 60 seconds
  Configured tcp-mss is 0, synced tcp-mss is 0
  Configured conditional advertisements interval is 60 seconds
  Graceful restart information:
    Local GR Mode: Helper*
    Remote GR Mode: NotApplicable

    R bit: False
    N bit: False
    Timers:
      Configured Restart Time(sec): 120
      Received Restart Time(sec): 0
      Configured LLGR Stale Path Time(sec): 0
  Message statistics:
    Inq depth is 0
    Outq depth is 0
                         Sent       Rcvd
    Opens:                  0          0
    Notifications:          0          0
    Updates:                0          0
    Keepalives:             0          0
    Route Refresh:          0          0
    Capability:             0          0
    Total:                  0          0

  Prefix statistics:
    Inbound filtered: 0
    AS-PATH loop: 0
    Originator loop: 0
    Cluster loop: 0
    Invalid next-hop: 0
    Withdrawn: 0
    Attributes discarded: 0

  Minimum time between advertisement runs is 0 seconds
  Update delay timer is 0 seconds (remaining: 0)

 For address family: IPv4 Unicast
  Not part of any update group
  Community attribute sent to this neighbor(all)
  Inbound updates discarded due to missing policy
  Outbound updates discarded due to missing policy
  0 accepted prefixes

 For address family: IPv6 Unicast
  Not part of any update group
  Community attribute sent to this neighbor(all)
  Inbound updates discarded due to missing policy
  Outbound updates discarded due to missing policy
  0 accepted prefixes

  Connections established 0; dropped 0
  Last reset 15:37:42,  No path to specified Neighbor (n/a)
  External BGP neighbor may be up to 1 hops away.
Local host: 10.0.0.6, Local port: 38850
Foreign host: 10.0.0.7, Foreign port: 179
Nexthop: 0.0.0.0
Nexthop global: ::
Nexthop local: ::
BGP connection: non shared network
BGP Connect Retry Timer in Seconds: 120
Next connect timer due in 80 seconds
Read thread: off  Write thread: off  FD used: -1

BGP neighbor on Ethernet16: 10.0.0.9, remote AS 0, local AS 65000, external link
  Local Role: undefined
  Remote Role: undefined
 Description: Border-Leaf1
  BGP version 4, remote router ID 0.0.0.0, local router ID 10.0.0.1
  BGP state = Active
  Last read 15:37:42, Last write never
  Hold time is 180 seconds, keepalive interval is 60 seconds
  Configured hold time is 180 seconds, keepalive interval is 60 seconds
  Configured tcp-mss is 0, synced tcp-mss is 0
  Configured conditional advertisements interval is 60 seconds
  Graceful restart information:
    Local GR Mode: Helper*
    Remote GR Mode: NotApplicable

    R bit: False
    N bit: False
    Timers:
      Configured Restart Time(sec): 120
      Received Restart Time(sec): 0
      Configured LLGR Stale Path Time(sec): 0
  Message statistics:
    Inq depth is 0
    Outq depth is 0
                         Sent       Rcvd
    Opens:                  0          0
    Notifications:          0          0
    Updates:                0          0
    Keepalives:             0          0
    Route Refresh:          0          0
    Capability:             0          0
    Total:                  0          0

  Prefix statistics:
    Inbound filtered: 0
    AS-PATH loop: 0
    Originator loop: 0
    Cluster loop: 0
    Invalid next-hop: 0
    Withdrawn: 0
    Attributes discarded: 0

  Minimum time between advertisement runs is 0 seconds
  Update delay timer is 0 seconds (remaining: 0)

 For address family: IPv4 Unicast
  Not part of any update group
  Community attribute sent to this neighbor(all)
  Inbound updates discarded due to missing policy
  Outbound updates discarded due to missing policy
  0 accepted prefixes

 For address family: IPv6 Unicast
  Not part of any update group
  Community attribute sent to this neighbor(all)
  Inbound updates discarded due to missing policy
  Outbound updates discarded due to missing policy
  0 accepted prefixes

  Connections established 0; dropped 0
  Last reset 15:37:42,  No path to specified Neighbor (n/a)
  External BGP neighbor may be up to 1 hops away.
Local host: 10.0.0.8, Local port: 35316
Foreign host: 10.0.0.9, Foreign port: 179
Nexthop: 0.0.0.0
Nexthop global: ::
Nexthop local: ::
BGP connection: non shared network
BGP Connect Retry Timer in Seconds: 120
Next connect timer due in 80 seconds
Read thread: off  Write thread: off  FD used: -1

BGP neighbor on Ethernet20: 10.0.0.11, remote AS 0, local AS 65000, external link
  Local Role: undefined
  Remote Role: undefined
 Description: Border-Leaf2
  BGP version 4, remote router ID 0.0.0.0, local router ID 10.0.0.1
  BGP state = Active
  Last read 15:37:42, Last write never
  Hold time is 180 seconds, keepalive interval is 60 seconds
  Configured hold time is 180 seconds, keepalive interval is 60 seconds
  Configured tcp-mss is 0, synced tcp-mss is 0
  Configured conditional advertisements interval is 60 seconds
  Graceful restart information:
    Local GR Mode: Helper*
    Remote GR Mode: NotApplicable

    R bit: False
    N bit: False
    Timers:
      Configured Restart Time(sec): 120
      Received Restart Time(sec): 0
      Configured LLGR Stale Path Time(sec): 0
  Message statistics:
    Inq depth is 0
    Outq depth is 0
                         Sent       Rcvd
    Opens:                  0          0
    Notifications:          0          0
    Updates:                0          0
    Keepalives:             0          0
    Route Refresh:          0          0
    Capability:             0          0
    Total:                  0          0

  Prefix statistics:
    Inbound filtered: 0
    AS-PATH loop: 0
    Originator loop: 0
    Cluster loop: 0
    Invalid next-hop: 0
    Withdrawn: 0
    Attributes discarded: 0

  Minimum time between advertisement runs is 0 seconds
  Update delay timer is 0 seconds (remaining: 0)

 For address family: IPv4 Unicast
  Not part of any update group
  Community attribute sent to this neighbor(all)
  Inbound updates discarded due to missing policy
  Outbound updates discarded due to missing policy
  0 accepted prefixes

 For address family: IPv6 Unicast
  Not part of any update group
  Community attribute sent to this neighbor(all)
  Inbound updates discarded due to missing policy
  Outbound updates discarded due to missing policy
  0 accepted prefixes

  Connections established 0; dropped 0
  Last reset 15:37:42,  No path to specified Neighbor (n/a)
  External BGP neighbor may be up to 1 hops away.
Local host: 10.0.0.10, Local port: 43878
Foreign host: 10.0.0.11, Foreign port: 179
Nexthop: 0.0.0.0
Nexthop global: ::
Nexthop local: ::
BGP connection: non shared network
BGP Connect Retry Timer in Seconds: 120
Next connect timer due in 80 seconds
Read thread: off  Write thread: off  FD used: -1
admin@Spine-S1:~$ sudo vtysh

Hello, this is FRRouting (version 10.5.4).
Copyright 1996-2005 Kunihiro Ishiguro, et al.

Spine-S1# show bgp neighbor Ethernet0
BGP neighbor on Ethernet0: 10.0.0.1, remote AS 0, local AS 65000, external link
  Local Role: undefined
  Remote Role: undefined
 Description: Leaf-L1
  BGP version 4, remote router ID 0.0.0.0, local router ID 10.0.0.1
  BGP state = Idle
  Last read 15:39:34, Last write 00:00:32
  Hold time is 180 seconds, keepalive interval is 60 seconds
  Configured hold time is 180 seconds, keepalive interval is 60 seconds
  Configured tcp-mss is 0, synced tcp-mss is 0
  Configured conditional advertisements interval is 60 seconds
  Graceful restart information:
    Local GR Mode: Helper*
    Remote GR Mode: NotApplicable

    R bit: False
    N bit: False
    Timers:
      Configured Restart Time(sec): 120
      Received Restart Time(sec): 0
      Configured LLGR Stale Path Time(sec): 0
  Message statistics:
    Inq depth is 0
    Outq depth is 0
                         Sent       Rcvd
    Opens:                481        494
    Notifications:        498          8
    Updates:                0          0
    Keepalives:             0          0
    Route Refresh:          0          0
    Capability:             0          0
    Total:                979        502

  Prefix statistics:
    Inbound filtered: 0
    AS-PATH loop: 0
    Originator loop: 0
    Cluster loop: 0
    Invalid next-hop: 0
    Withdrawn: 0
    Attributes discarded: 0

  Minimum time between advertisement runs is 0 seconds
  Update delay timer is 0 seconds (remaining: 0)

 For address family: IPv4 Unicast
  Not part of any update group
  Community attribute sent to this neighbor(all)
  Inbound updates discarded due to missing policy
  Outbound updates discarded due to missing policy
  0 accepted prefixes

 For address family: IPv6 Unicast
  Not part of any update group
  Community attribute sent to this neighbor(all)
  Inbound updates discarded due to missing policy
  Outbound updates discarded due to missing policy
  0 accepted prefixes

  Connections established 0; dropped 0
  Last reset 15:39:34,  Notification sent (OPEN Message Error/Bad Peer AS)
  Message received that caused BGP to send a NOTIFICATION:
    FFFFFFFF FFFFFFFF FFFFFFFF FFFFFFFF
    00810104 FDE800B4 0A000001 64020601
    04000100 01020601 04000200 01020202
    00020246 00020641 040000FD E8020206
    00020A45 08000101 01000201 01020C4C
    0A000101 00000002 01000002 0C490A08
    5370696E 652D5331 00020440 02407802
    10470E00 01018000 00000002 01800000
    00
  External BGP neighbor may be up to 1 hops away.
Local host: 10.0.0.1, Local port: 35556
Foreign host: 10.0.0.1, Foreign port: 179
Nexthop: 10.0.0.1
Nexthop global: fe80::bc0e:7aff:feec:fb76
Nexthop local: fe80::bc0e:7aff:feec:fb76
BGP connection: shared network
BGP Connect Retry Timer in Seconds: 30
Next start timer due in 88 seconds
Read thread: off  Write thread: off  FD used: -1


Spine-S1# show bgp neighbor Ethernet4
BGP neighbor on Ethernet4: 10.0.0.3, remote AS 0, local AS 65000, external link
  Local Role: undefined
  Remote Role: undefined
 Description: Leaf-L2
  BGP version 4, remote router ID 0.0.0.0, local router ID 10.0.0.1
  BGP state = Active
  Last read 15:40:16, Last write never
  Hold time is 180 seconds, keepalive interval is 60 seconds
  Configured hold time is 180 seconds, keepalive interval is 60 seconds
  Configured tcp-mss is 0, synced tcp-mss is 0
  Configured conditional advertisements interval is 60 seconds
  Graceful restart information:
    Local GR Mode: Helper*
    Remote GR Mode: NotApplicable

    R bit: False
    N bit: False
    Timers:
      Configured Restart Time(sec): 120
      Received Restart Time(sec): 0
      Configured LLGR Stale Path Time(sec): 0
  Message statistics:
    Inq depth is 0
    Outq depth is 0
                         Sent       Rcvd
    Opens:                  0          0
    Notifications:          0          0
    Updates:                0          0
    Keepalives:             0          0
    Route Refresh:          0          0
    Capability:             0          0
    Total:                  0          0

  Prefix statistics:
    Inbound filtered: 0
    AS-PATH loop: 0
    Originator loop: 0
    Cluster loop: 0
    Invalid next-hop: 0
    Withdrawn: 0
    Attributes discarded: 0

  Minimum time between advertisement runs is 0 seconds
  Update delay timer is 0 seconds (remaining: 0)

 For address family: IPv4 Unicast
  Not part of any update group
  Community attribute sent to this neighbor(all)
  Inbound updates discarded due to missing policy
  Outbound updates discarded due to missing policy
  0 accepted prefixes

 For address family: IPv6 Unicast
  Not part of any update group
  Community attribute sent to this neighbor(all)
  Inbound updates discarded due to missing policy
  Outbound updates discarded due to missing policy
  0 accepted prefixes

  Connections established 0; dropped 0
  Last reset 15:40:16,  No path to specified Neighbor (n/a)
  External BGP neighbor may be up to 1 hops away.
Local host: 10.0.0.2, Local port: 37272
Foreign host: 10.0.0.3, Foreign port: 179
Nexthop: 0.0.0.0
Nexthop global: ::
Nexthop local: ::
BGP connection: non shared network
BGP Connect Retry Timer in Seconds: 120
Next connect timer due in 48 seconds
Read thread: off  Write thread: off  FD used: -1


Spine-S1# show bgp neighbor Ethernet16
BGP neighbor on Ethernet16: 10.0.0.9, remote AS 0, local AS 65000, external link
  Local Role: undefined
  Remote Role: undefined
 Description: Border-Leaf1
  BGP version 4, remote router ID 0.0.0.0, local router ID 10.0.0.1
  BGP state = Active
  Last read 15:40:33, Last write never
  Hold time is 180 seconds, keepalive interval is 60 seconds
  Configured hold time is 180 seconds, keepalive interval is 60 seconds
  Configured tcp-mss is 0, synced tcp-mss is 0
  Configured conditional advertisements interval is 60 seconds
  Graceful restart information:
    Local GR Mode: Helper*
    Remote GR Mode: NotApplicable

    R bit: False
    N bit: False
    Timers:
      Configured Restart Time(sec): 120
      Received Restart Time(sec): 0
      Configured LLGR Stale Path Time(sec): 0
  Message statistics:
    Inq depth is 0
    Outq depth is 0
                         Sent       Rcvd
    Opens:                  0          0
    Notifications:          0          0
    Updates:                0          0
    Keepalives:             0          0
    Route Refresh:          0          0
    Capability:             0          0
    Total:                  0          0

  Prefix statistics:
    Inbound filtered: 0
    AS-PATH loop: 0
    Originator loop: 0
    Cluster loop: 0
    Invalid next-hop: 0
    Withdrawn: 0
    Attributes discarded: 0

  Minimum time between advertisement runs is 0 seconds
  Update delay timer is 0 seconds (remaining: 0)

 For address family: IPv4 Unicast
  Not part of any update group
  Community attribute sent to this neighbor(all)
  Inbound updates discarded due to missing policy
  Outbound updates discarded due to missing policy
  0 accepted prefixes

 For address family: IPv6 Unicast
  Not part of any update group
  Community attribute sent to this neighbor(all)
  Inbound updates discarded due to missing policy
  Outbound updates discarded due to missing policy
  0 accepted prefixes

  Connections established 0; dropped 0
  Last reset 15:40:33,  No path to specified Neighbor (n/a)
  External BGP neighbor may be up to 1 hops away.
Local host: 10.0.0.8, Local port: 45386
Foreign host: 10.0.0.9, Foreign port: 179
Nexthop: 0.0.0.0
Nexthop global: ::
Nexthop local: ::
BGP connection: non shared network
BGP Connect Retry Timer in Seconds: 120
Next connect timer due in 31 seconds
Read thread: off  Write thread: off  FD used: -1


Spine-S1# show bgp neighbor Ethernet20
BGP neighbor on Ethernet20: 10.0.0.11, remote AS 0, local AS 65000, external link
  Local Role: undefined
  Remote Role: undefined
 Description: Border-Leaf2
  BGP version 4, remote router ID 0.0.0.0, local router ID 10.0.0.1
  BGP state = Active
  Last read 15:40:46, Last write never
  Hold time is 180 seconds, keepalive interval is 60 seconds
  Configured hold time is 180 seconds, keepalive interval is 60 seconds
  Configured tcp-mss is 0, synced tcp-mss is 0
  Configured conditional advertisements interval is 60 seconds
  Graceful restart information:
    Local GR Mode: Helper*
    Remote GR Mode: NotApplicable

    R bit: False
    N bit: False
    Timers:
      Configured Restart Time(sec): 120
      Received Restart Time(sec): 0
      Configured LLGR Stale Path Time(sec): 0
  Message statistics:
    Inq depth is 0
    Outq depth is 0
                         Sent       Rcvd
    Opens:                  0          0
    Notifications:          0          0
    Updates:                0          0
    Keepalives:             0          0
    Route Refresh:          0          0
    Capability:             0          0
    Total:                  0          0

  Prefix statistics:
    Inbound filtered: 0
    AS-PATH loop: 0
    Originator loop: 0
    Cluster loop: 0
    Invalid next-hop: 0
    Withdrawn: 0
    Attributes discarded: 0

  Minimum time between advertisement runs is 0 seconds
  Update delay timer is 0 seconds (remaining: 0)

 For address family: IPv4 Unicast
  Not part of any update group
  Community attribute sent to this neighbor(all)
  Inbound updates discarded due to missing policy
  Outbound updates discarded due to missing policy
  0 accepted prefixes

 For address family: IPv6 Unicast
  Not part of any update group
  Community attribute sent to this neighbor(all)
  Inbound updates discarded due to missing policy
  Outbound updates discarded due to missing policy
  0 accepted prefixes

  Connections established 0; dropped 0
  Last reset 15:40:46,  No path to specified Neighbor (n/a)
  External BGP neighbor may be up to 1 hops away.
Local host: 10.0.0.10, Local port: 39066
Foreign host: 10.0.0.11, Foreign port: 179
Nexthop: 0.0.0.0
Nexthop global: ::
Nexthop local: ::
BGP connection: non shared network
BGP Connect Retry Timer in Seconds: 120
Next connect timer due in 19 seconds
Read thread: off  Write thread: off  FD used: -1


Spine-S1# show bgp neighbor Ethernet8
BGP neighbor on Ethernet8: 10.0.0.5, remote AS 0, local AS 65000, external link
  Local Role: undefined
  Remote Role: undefined
 Description: Leaf-L3
  BGP version 4, remote router ID 0.0.0.0, local router ID 10.0.0.1
  BGP state = Active
  Last read 15:40:53, Last write never
  Hold time is 180 seconds, keepalive interval is 60 seconds
  Configured hold time is 180 seconds, keepalive interval is 60 seconds
  Configured tcp-mss is 0, synced tcp-mss is 0
  Configured conditional advertisements interval is 60 seconds
  Graceful restart information:
    Local GR Mode: Helper*
    Remote GR Mode: NotApplicable

    R bit: False
    N bit: False
    Timers:
      Configured Restart Time(sec): 120
      Received Restart Time(sec): 0
      Configured LLGR Stale Path Time(sec): 0
  Message statistics:
    Inq depth is 0
    Outq depth is 0
                         Sent       Rcvd
    Opens:                  0          0
    Notifications:          0          0
    Updates:                0          0
    Keepalives:             0          0
    Route Refresh:          0          0
    Capability:             0          0
    Total:                  0          0

  Prefix statistics:
    Inbound filtered: 0
    AS-PATH loop: 0
    Originator loop: 0
    Cluster loop: 0
    Invalid next-hop: 0
    Withdrawn: 0
    Attributes discarded: 0

  Minimum time between advertisement runs is 0 seconds
  Update delay timer is 0 seconds (remaining: 0)

 For address family: IPv4 Unicast
  Not part of any update group
  Community attribute sent to this neighbor(all)
  Inbound updates discarded due to missing policy
  Outbound updates discarded due to missing policy
  0 accepted prefixes

 For address family: IPv6 Unicast
  Not part of any update group
  Community attribute sent to this neighbor(all)
  Inbound updates discarded due to missing policy
  Outbound updates discarded due to missing policy
  0 accepted prefixes

  Connections established 0; dropped 0
  Last reset 15:40:53,  No path to specified Neighbor (n/a)
  External BGP neighbor may be up to 1 hops away.
Local host: 10.0.0.4, Local port: 35410
Foreign host: 10.0.0.5, Foreign port: 179
Nexthop: 0.0.0.0
Nexthop global: ::
Nexthop local: ::
BGP connection: non shared network
BGP Connect Retry Timer in Seconds: 120
Next connect timer due in 11 seconds
Read thread: off  Write thread: off  FD used: -1


Spine-S1# show bgp neighbor Ethernet12
BGP neighbor on Ethernet12: 10.0.0.7, remote AS 0, local AS 65000, external link
  Local Role: undefined
  Remote Role: undefined
 Description: Leaf-L4
  BGP version 4, remote router ID 0.0.0.0, local router ID 10.0.0.1
  BGP state = Active
  Last read 15:40:59, Last write never
  Hold time is 180 seconds, keepalive interval is 60 seconds
  Configured hold time is 180 seconds, keepalive interval is 60 seconds
  Configured tcp-mss is 0, synced tcp-mss is 0
  Configured conditional advertisements interval is 60 seconds
  Graceful restart information:
    Local GR Mode: Helper*
    Remote GR Mode: NotApplicable

    R bit: False
    N bit: False
    Timers:
      Configured Restart Time(sec): 120
      Received Restart Time(sec): 0
      Configured LLGR Stale Path Time(sec): 0
  Message statistics:
    Inq depth is 0
    Outq depth is 0
                         Sent       Rcvd
    Opens:                  0          0
    Notifications:          0          0
    Updates:                0          0
    Keepalives:             0          0
    Route Refresh:          0          0
    Capability:             0          0
    Total:                  0          0

  Prefix statistics:
    Inbound filtered: 0
    AS-PATH loop: 0
    Originator loop: 0
    Cluster loop: 0
    Invalid next-hop: 0
    Withdrawn: 0
    Attributes discarded: 0

  Minimum time between advertisement runs is 0 seconds
  Update delay timer is 0 seconds (remaining: 0)

 For address family: IPv4 Unicast
  Not part of any update group
  Community attribute sent to this neighbor(all)
  Inbound updates discarded due to missing policy
  Outbound updates discarded due to missing policy
  0 accepted prefixes

 For address family: IPv6 Unicast
  Not part of any update group
  Community attribute sent to this neighbor(all)
  Inbound updates discarded due to missing policy
  Outbound updates discarded due to missing policy
  0 accepted prefixes

  Connections established 0; dropped 0
  Last reset 15:40:59,  No path to specified Neighbor (n/a)
  External BGP neighbor may be up to 1 hops away.
Local host: 10.0.0.6, Local port: 33508
Foreign host: 10.0.0.7, Foreign port: 179
Nexthop: 0.0.0.0
Nexthop global: ::
Nexthop local: ::
BGP connection: non shared network
BGP Connect Retry Timer in Seconds: 120
Next connect timer due in 6 seconds
Read thread: off  Write thread: off  FD used: -1


Spine-S1# 

Following is few run logs which also showing more failures:

(venv) nh1221@Lab-ControlNode:/mnt/c/Users/nh1221/dc_lab/clab/sonic-clab$ ansible-playbook playbooks/provision.yml

PLAY [Provision SONiC leaf-spine fabric] *******************************************************************************************************************

TASK [sonic_provision : Assert access_ports do not overlap fabric switch_ports] ****************************************************************************
skipping: [Spine-S1]
skipping: [Spine-S2]
ok: [Leaf-L1] => {
    "changed": false,
    "msg": "All assertions passed"
}
ok: [Leaf-L2] => {
    "changed": false,
    "msg": "All assertions passed"
}
ok: [Leaf-L3] => {
    "changed": false,
    "msg": "All assertions passed"
}
ok: [Leaf-L4] => {
    "changed": false,
    "msg": "All assertions passed"
}
ok: [Border-Leaf1] => {
    "changed": false,
    "msg": "All assertions passed"
}
ok: [Border-Leaf2] => {
    "changed": false,
    "msg": "All assertions passed"
}

TASK [sonic_provision : Wait for SONiC DB metadata file to be available] ***********************************************************************************
[WARNING]: Host 'Leaf-L1' is using the discovered Python interpreter at '/usr/bin/python3.13', but future installation of another Python interpreter could cause a different interpreter to be discovered. See https://docs.ansible.com/ansible-core/2.20/reference_appendices/interpreter_discovery.html for more information.
ok: [Leaf-L1]
[WARNING]: Host 'Leaf-L3' is using the discovered Python interpreter at '/usr/bin/python3.13', but future installation of another Python interpreter could cause a different interpreter to be discovered. See https://docs.ansible.com/ansible-core/2.20/reference_appendices/interpreter_discovery.html for more information.
ok: [Leaf-L3]
[WARNING]: Host 'Leaf-L2' is using the discovered Python interpreter at '/usr/bin/python3.13', but future installation of another Python interpreter could cause a different interpreter to be discovered. See https://docs.ansible.com/ansible-core/2.20/reference_appendices/interpreter_discovery.html for more information.
ok: [Leaf-L2]
[WARNING]: Host 'Spine-S1' is using the discovered Python interpreter at '/usr/bin/python3.13', but future installation of another Python interpreter could cause a different interpreter to be discovered. See https://docs.ansible.com/ansible-core/2.20/reference_appendices/interpreter_discovery.html for more information.
ok: [Spine-S1]
[WARNING]: Host 'Spine-S2' is using the discovered Python interpreter at '/usr/bin/python3.13', but future installation of another Python interpreter could cause a different interpreter to be discovered. See https://docs.ansible.com/ansible-core/2.20/reference_appendices/interpreter_discovery.html for more information.
ok: [Spine-S2]
[WARNING]: Host 'Leaf-L4' is using the discovered Python interpreter at '/usr/bin/python3.13', but future installation of another Python interpreter could cause a different interpreter to be discovered. See https://docs.ansible.com/ansible-core/2.20/reference_appendices/interpreter_discovery.html for more information.
ok: [Leaf-L4]
[WARNING]: Host 'Border-Leaf1' is using the discovered Python interpreter at '/usr/bin/python3.13', but future installation of another Python interpreter could cause a different interpreter to be discovered. See https://docs.ansible.com/ansible-core/2.20/reference_appendices/interpreter_discovery.html for more information.
ok: [Border-Leaf1]
[WARNING]: Host 'Border-Leaf2' is using the discovered Python interpreter at '/usr/bin/python3.13', but future installation of another Python interpreter could cause a different interpreter to be discovered. See https://docs.ansible.com/ansible-core/2.20/reference_appendices/interpreter_discovery.html for more information.
ok: [Border-Leaf2]

TASK [sonic_provision : Wait for CONFIG_DB access to become available] *************************************************************************************
ok: [Spine-S1]
ok: [Leaf-L1]
ok: [Leaf-L2]
ok: [Spine-S2]
ok: [Leaf-L3]
ok: [Border-Leaf1]
ok: [Leaf-L4]
ok: [Border-Leaf2]

TASK [sonic_provision : Write port data for config generation] *********************************************************************************************
ok: [Leaf-L1]
ok: [Spine-S1]
ok: [Leaf-L3]
ok: [Spine-S2]
ok: [Leaf-L2]
ok: [Leaf-L4]
ok: [Border-Leaf1]
ok: [Border-Leaf2]

TASK [sonic_provision : Generate raw config_db from platform port_config.ini] ******************************************************************************
changed: [Spine-S2]
changed: [Spine-S1]
changed: [Leaf-L2]
changed: [Leaf-L1]
changed: [Leaf-L3]
changed: [Leaf-L4]
changed: [Border-Leaf1]
changed: [Border-Leaf2]

TASK [sonic_provision : Copy customization script to target] ***********************************************************************************************
ok: [Spine-S1]
ok: [Leaf-L1]
ok: [Spine-S2]
ok: [Leaf-L2]
ok: [Leaf-L3]
ok: [Leaf-L4]
ok: [Border-Leaf1]
ok: [Border-Leaf2]

TASK [sonic_provision : Customize raw_config_db.json for this node] ****************************************************************************************
changed: [Spine-S1]
changed: [Spine-S2]
changed: [Leaf-L1]
changed: [Leaf-L3]
changed: [Leaf-L2]
changed: [Leaf-L4]
changed: [Border-Leaf1]
changed: [Border-Leaf2]

TASK [sonic_provision : Safely merge init configuration structures with custom breakout maps] **************************************************************
changed: [Leaf-L2]
changed: [Spine-S1]
changed: [Spine-S2]
changed: [Leaf-L3]
changed: [Leaf-L1]
changed: [Border-Leaf2]
changed: [Leaf-L4]
changed: [Border-Leaf1]

TASK [sonic_provision : Load consolidated config into Redis CONFIG_DB] *************************************************************************************
changed: [Spine-S1]
changed: [Spine-S2]
changed: [Leaf-L1]
changed: [Leaf-L2]
changed: [Leaf-L3]
changed: [Leaf-L4]
changed: [Border-Leaf2]
changed: [Border-Leaf1]

TASK [sonic_provision : Render configuration overlay] ******************************************************************************************************
[WARNING]: Host 'Spine-S1' is using the discovered Python interpreter at '/mnt/c/Users/nh1221/data-center/venv/bin/python3.12', but future installation of another Python interpreter could cause a different interpreter to be discovered. See https://docs.ansible.com/ansible-core/2.20/reference_appendices/interpreter_discovery.html for more information.
ok: [Spine-S1 -> localhost]
[WARNING]: Host 'Spine-S2' is using the discovered Python interpreter at '/mnt/c/Users/nh1221/data-center/venv/bin/python3.12', but future installation of another Python interpreter could cause a different interpreter to be discovered. See https://docs.ansible.com/ansible-core/2.20/reference_appendices/interpreter_discovery.html for more information.
ok: [Spine-S2 -> localhost]
[WARNING]: Host 'Leaf-L2' is using the discovered Python interpreter at '/mnt/c/Users/nh1221/data-center/venv/bin/python3.12', but future installation of another Python interpreter could cause a different interpreter to be discovered. See https://docs.ansible.com/ansible-core/2.20/reference_appendices/interpreter_discovery.html for more information.
ok: [Leaf-L2 -> localhost]
[WARNING]: Host 'Leaf-L1' is using the discovered Python interpreter at '/mnt/c/Users/nh1221/data-center/venv/bin/python3.12', but future installation of another Python interpreter could cause a different interpreter to be discovered. See https://docs.ansible.com/ansible-core/2.20/reference_appendices/interpreter_discovery.html for more information.
ok: [Leaf-L1 -> localhost]
[WARNING]: Host 'Leaf-L3' is using the discovered Python interpreter at '/mnt/c/Users/nh1221/data-center/venv/bin/python3.12', but future installation of another Python interpreter could cause a different interpreter to be discovered. See https://docs.ansible.com/ansible-core/2.20/reference_appendices/interpreter_discovery.html for more information.
ok: [Leaf-L3 -> localhost]
[WARNING]: Host 'Leaf-L4' is using the discovered Python interpreter at '/mnt/c/Users/nh1221/data-center/venv/bin/python3.12', but future installation of another Python interpreter could cause a different interpreter to be discovered. See https://docs.ansible.com/ansible-core/2.20/reference_appendices/interpreter_discovery.html for more information.
ok: [Leaf-L4 -> localhost]
[WARNING]: Host 'Border-Leaf1' is using the discovered Python interpreter at '/mnt/c/Users/nh1221/data-center/venv/bin/python3.12', but future installation of another Python interpreter could cause a different interpreter to be discovered. See https://docs.ansible.com/ansible-core/2.20/reference_appendices/interpreter_discovery.html for more information.
ok: [Border-Leaf1 -> localhost]
[WARNING]: Host 'Border-Leaf2' is using the discovered Python interpreter at '/mnt/c/Users/nh1221/data-center/venv/bin/python3.12', but future installation of another Python interpreter could cause a different interpreter to be discovered. See https://docs.ansible.com/ansible-core/2.20/reference_appendices/interpreter_discovery.html for more information.
ok: [Border-Leaf2 -> localhost]

TASK [sonic_provision : Copy rendered overlay to target SONiC node] ****************************************************************************************
ok: [Spine-S1]
ok: [Leaf-L3]
ok: [Spine-S2]
ok: [Leaf-L2]
ok: [Leaf-L1]
ok: [Leaf-L4]
ok: [Border-Leaf2]
ok: [Border-Leaf1]

TASK [sonic_provision : Apply configuration overlay to CONFIG_DB] ******************************************************************************************
changed: [Leaf-L2]
changed: [Spine-S2]
changed: [Leaf-L1]
changed: [Spine-S1]
[ERROR]: Task failed: Data could not be sent to remote host "172.16.2.24". Make sure this host can be reached over ssh: Connection timed out during banner exchange
Connection to UNKNOWN port 65535 timed out
Origin: /mnt/c/Users/nh1221/dc_lab/clab/sonic-clab/roles/sonic_provision/tasks/main.yml:85:3

83   when: switch_ports is defined
84
85 - name: Apply configuration overlay to CONFIG_DB
     ^ column 3

fatal: [Leaf-L4]: UNREACHABLE! => {"changed": false, "msg": "Task failed: Data could not be sent to remote host \"172.16.2.24\". Make sure this host can be reached over ssh: Connection timed out during banner exchange\r\nConnection to UNKNOWN port 65535 timed out", "unreachable": true}
[ERROR]: Task failed: Data could not be sent to remote host "172.16.2.31". Make sure this host can be reached over ssh: Connection timed out during banner exchange
Connection to UNKNOWN port 65535 timed out
Origin: /mnt/c/Users/nh1221/dc_lab/clab/sonic-clab/roles/sonic_provision/tasks/main.yml:85:3

83   when: switch_ports is defined
84
85 - name: Apply configuration overlay to CONFIG_DB
     ^ column 3

fatal: [Border-Leaf1]: UNREACHABLE! => {"changed": false, "msg": "Task failed: Data could not be sent to remote host \"172.16.2.31\". Make sure this host can be reached over ssh: Connection timed out during banner exchange\r\nConnection to UNKNOWN port 65535 timed out", "unreachable": true}
[ERROR]: Task failed: Data could not be sent to remote host "172.16.2.32". Make sure this host can be reached over ssh: Connection timed out during banner exchange
Connection to UNKNOWN port 65535 timed out
Origin: /mnt/c/Users/nh1221/dc_lab/clab/sonic-clab/roles/sonic_provision/tasks/main.yml:85:3

83   when: switch_ports is defined
84
85 - name: Apply configuration overlay to CONFIG_DB
     ^ column 3

fatal: [Border-Leaf2]: UNREACHABLE! => {"changed": false, "msg": "Task failed: Data could not be sent to remote host \"172.16.2.32\". Make sure this host can be reached over ssh: Connection timed out during banner exchange\r\nConnection to UNKNOWN port 65535 timed out", "unreachable": true}
changed: [Leaf-L3]

TASK [sonic_provision : Save running configuration to startup config] **************************************************************************************
changed: [Spine-S1]
changed: [Spine-S2]
changed: [Leaf-L3]
changed: [Leaf-L2]
changed: [Leaf-L1]

TASK [sonic_provision : Construct Unified Target Interface Port Map] ***************************************************************************************
ok: [Spine-S2]
ok: [Spine-S1]
ok: [Leaf-L1]
ok: [Leaf-L2]
ok: [Leaf-L3]

TASK [sonic_provision : Trigger config reload to reconcile PORT table into kernel interfaces] **************************************************************
changed: [Spine-S2]
changed: [Leaf-L3]
changed: [Spine-S1]
changed: [Leaf-L1]
changed: [Leaf-L2]

TASK [sonic_provision : Wait for SONiC to come back after config reload] ***********************************************************************************
ok: [Spine-S1]
ok: [Leaf-L3]
ok: [Spine-S2]
ok: [Leaf-L1]
ok: [Leaf-L2]

TASK [sonic_provision : Wait until breakout interfaces exist in CONFIG_DB] *********************************************************************************
ok: [Spine-S1]
ok: [Spine-S2]
ok: [Leaf-L3]
ok: [Leaf-L1]
ok: [Leaf-L2]

TASK [sonic_provision : Administratively bring up all configured topology interfaces] **********************************************************************
changed: [Leaf-L2] => (item={'key': 'Ethernet68', 'value': {'speed': '40000', 'role': 'fabric', 'lanes': '77,78,79,80', 'index': '54', 'neighbor': 'Spine-S1', 'rem_port': 'Ethernet4', 'neighbor_asn': 65000}})
changed: [Spine-S1] => (item={'key': 'Ethernet0', 'value': {'speed': '40000', 'role': 'fabric', 'lanes': '65,66,67,68', 'index': '1', 'neighbor': 'Leaf-L1', 'rem_port': 'Ethernet68', 'neighbor_asn': 65011}})
changed: [Spine-S2] => (item={'key': 'Ethernet0', 'value': {'speed': '40000', 'role': 'fabric', 'lanes': '65,66,67,68', 'index': '1', 'neighbor': 'Leaf-L1', 'rem_port': 'Ethernet64', 'neighbor_asn': 65011}})
changed: [Leaf-L3] => (item={'key': 'Ethernet124', 'value': {'speed': '40000', 'role': 'fabric', 'lanes': '1,2,3,4', 'index': '32', 'neighbor': 'Spine-S1', 'rem_port': 'Ethernet8', 'neighbor_asn': 65000}})
changed: [Leaf-L1] => (item={'key': 'Ethernet68', 'value': {'speed': '40000', 'role': 'fabric', 'lanes': '77,78,79,80', 'index': '54', 'neighbor': 'Spine-S1', 'rem_port': 'Ethernet0', 'neighbor_asn': 65000}})
changed: [Spine-S2] => (item={'key': 'Ethernet4', 'value': {'speed': '40000', 'role': 'fabric', 'lanes': '69,70,71,72', 'index': '2', 'neighbor': 'Leaf-L2', 'rem_port': 'Ethernet64', 'neighbor_asn': 65012}})
changed: [Leaf-L3] => (item={'key': 'Ethernet120', 'value': {'speed': '40000', 'role': 'fabric', 'lanes': '5,6,7,8', 'index': '31', 'neighbor': 'Spine-S2', 'rem_port': 'Ethernet8', 'neighbor_asn': 65000}})
changed: [Spine-S1] => (item={'key': 'Ethernet4', 'value': {'speed': '40000', 'role': 'fabric', 'lanes': '69,70,71,72', 'index': '2', 'neighbor': 'Leaf-L2', 'rem_port': 'Ethernet68', 'neighbor_asn': 65012}})
changed: [Leaf-L2] => (item={'key': 'Ethernet64', 'value': {'speed': '40000', 'role': 'fabric', 'lanes': '109,110,111,112', 'index': '53', 'neighbor': 'Spine-S2', 'rem_port': 'Ethernet4', 'neighbor_asn': 65000}})
changed: [Leaf-L1] => (item={'key': 'Ethernet64', 'value': {'speed': '40000', 'role': 'fabric', 'lanes': '109,110,111,112', 'index': '53', 'neighbor': 'Spine-S2', 'rem_port': 'Ethernet0', 'neighbor_asn': 65000}})
changed: [Spine-S1] => (item={'key': 'Ethernet8', 'value': {'speed': '40000', 'role': 'fabric', 'lanes': '73,74,75,76', 'index': '3', 'neighbor': 'Leaf-L3', 'rem_port': 'Ethernet124', 'neighbor_asn': 65021}})
changed: [Leaf-L3] => (item={'key': 'Ethernet0', 'value': {'speed': '10000', 'role': 'server_access', 'lanes': '125', 'index': '1', 'peer': 'Host34-1', 'neighbor_asn': 65221}})
changed: [Spine-S2] => (item={'key': 'Ethernet8', 'value': {'speed': '40000', 'role': 'fabric', 'lanes': '73,74,75,76', 'index': '3', 'neighbor': 'Leaf-L3', 'rem_port': 'Ethernet120', 'neighbor_asn': 65021}})
changed: [Leaf-L2] => (item={'key': 'Ethernet0', 'value': {'speed': '10000', 'role': 'server_access', 'lanes': '13', 'index': '1', 'peer': 'Host12-1', 'neighbor_asn': 65211}})
changed: [Leaf-L1] => (item={'key': 'Ethernet0', 'value': {'speed': '10000', 'role': 'server_access', 'lanes': '13', 'index': '1', 'peer': 'Host12-1', 'neighbor_asn': 65211}})
changed: [Spine-S1] => (item={'key': 'Ethernet12', 'value': {'speed': '40000', 'role': 'fabric', 'lanes': '77,78,79,80', 'index': '4', 'neighbor': 'Leaf-L4', 'rem_port': 'Ethernet124', 'neighbor_asn': 65022}})
changed: [Leaf-L3] => (item={'key': 'Ethernet1', 'value': {'speed': '10000', 'role': 'server_access', 'lanes': '126', 'index': '1', 'peer': 'Host34-2', 'neighbor_asn': 65222}})
changed: [Spine-S2] => (item={'key': 'Ethernet12', 'value': {'speed': '40000', 'role': 'fabric', 'lanes': '77,78,79,80', 'index': '4', 'neighbor': 'Leaf-L4', 'rem_port': 'Ethernet120', 'neighbor_asn': 65022}})
changed: [Leaf-L2] => (item={'key': 'Ethernet1', 'value': {'speed': '10000', 'role': 'server_access', 'lanes': '14', 'index': '2', 'peer': 'Host12-2', 'neighbor_asn': 65212}})
changed: [Leaf-L1] => (item={'key': 'Ethernet1', 'value': {'speed': '10000', 'role': 'server_access', 'lanes': '14', 'index': '2', 'peer': 'Host12-2', 'neighbor_asn': 65212}})
changed: [Spine-S1] => (item={'key': 'Ethernet16', 'value': {'speed': '40000', 'role': 'fabric', 'lanes': '33,34,35,36', 'index': '5', 'neighbor': 'Border-Leaf1', 'rem_port': 'Ethernet124', 'neighbor_asn': 65031}})
changed: [Leaf-L3] => (item={'key': 'Ethernet2', 'value': {'speed': '10000', 'role': 'monitor_access', 'lanes': '127', 'index': '1', 'peer': 'MonSrv', 'neighbor_asn': 65223}})
skipping: [Leaf-L3] => (item={'key': 'Ethernet3', 'value': {'speed': '10000', 'role': 'unused_breakout', 'lanes': '128', 'index': '1', 'peer': 'None'}})
changed: [Spine-S2] => (item={'key': 'Ethernet16', 'value': {'speed': '40000', 'role': 'fabric', 'lanes': '33,34,35,36', 'index': '5', 'neighbor': 'Border-Leaf1', 'rem_port': 'Ethernet120', 'neighbor_asn': 65031}})
changed: [Leaf-L2] => (item={'key': 'Ethernet2', 'value': {'speed': '10000', 'role': 'server_access', 'lanes': '15', 'index': '3', 'peer': 'Host12-3', 'neighbor_asn': 65213}})
changed: [Leaf-L1] => (item={'key': 'Ethernet2', 'value': {'speed': '10000', 'role': 'server_access', 'lanes': '15', 'index': '3', 'peer': 'Host12-3', 'neighbor_asn': 65213}})
changed: [Spine-S1] => (item={'key': 'Ethernet20', 'value': {'speed': '40000', 'role': 'fabric', 'lanes': '37,38,39,40', 'index': '6', 'neighbor': 'Border-Leaf2', 'rem_port': 'Ethernet124', 'neighbor_asn': 65032}})
changed: [Spine-S2] => (item={'key': 'Ethernet20', 'value': {'speed': '40000', 'role': 'fabric', 'lanes': '37,38,39,40', 'index': '6', 'neighbor': 'Border-Leaf2', 'rem_port': 'Ethernet120', 'neighbor_asn': 65032}})

TASK [sonic_provision : Persist final interface states to startup config] **********************************************************************************
changed: [Spine-S2]
changed: [Leaf-L1]
changed: [Leaf-L3]
changed: [Spine-S1]
changed: [Leaf-L2]

PLAY RECAP *************************************************************************************************************************************************
Border-Leaf1               : ok=11   changed=4    unreachable=1    failed=0    skipped=0    rescued=0    ignored=0
Border-Leaf2               : ok=11   changed=4    unreachable=1    failed=0    skipped=0    rescued=0    ignored=0
Leaf-L1                    : ok=19   changed=9    unreachable=0    failed=0    skipped=0    rescued=0    ignored=0
Leaf-L2                    : ok=19   changed=9    unreachable=0    failed=0    skipped=0    rescued=0    ignored=0
Leaf-L3                    : ok=19   changed=9    unreachable=0    failed=0    skipped=0    rescued=0    ignored=0
Leaf-L4                    : ok=11   changed=4    unreachable=1    failed=0    skipped=0    rescued=0    ignored=0
Spine-S1                   : ok=18   changed=9    unreachable=0    failed=0    skipped=1    rescued=0    ignored=0
Spine-S2                   : ok=18   changed=9    unreachable=0    failed=0    skipped=1    rescued=0    ignored=0

(venv) nh1221@Lab-ControlNode:/mnt/c/Users/nh1221/dc_lab/clab/sonic-clab$ ansible-playbook playbooks/lab/deploy.yml

PLAY [Deploy containerlab topology on R810] ****************************************************************************************************************

TASK [Gathering Facts] *************************************************************************************************************************************
[WARNING]: Host 'poweredge_r810' is using the discovered Python interpreter at '/usr/bin/python3.14', but future installation of another Python interpreter could cause a different interpreter to be discovered. See https://docs.ansible.com/ansible-core/2.20/reference_appendices/interpreter_discovery.html for more information.
ok: [poweredge_r810]

TASK [Ensure containerlab is installed] ********************************************************************************************************************
ok: [poweredge_r810]

TASK [Ensure remote lab directory exists] ******************************************************************************************************************
ok: [poweredge_r810]

TASK [Sync project tree to R810] ***************************************************************************************************************************
changed: [poweredge_r810]

TASK [Destroy existing topology if present] ****************************************************************************************************************
changed: [poweredge_r810]

TASK [Remove stale containerlab state directories] *********************************************************************************************************
changed: [poweredge_r810]

TASK [Deploy topology on R810] *****************************************************************************************************************************
changed: [poweredge_r810]

TASK [Wait for SONiC management SSH from R810 side] ********************************************************************************************************
ok: [poweredge_r810] => (item=Spine-S1 -> 172.16.2.11)
ok: [poweredge_r810] => (item=Spine-S2 -> 172.16.2.12)
ok: [poweredge_r810] => (item=Leaf-L1 -> 172.16.2.21)
ok: [poweredge_r810] => (item=Leaf-L2 -> 172.16.2.22)
ok: [poweredge_r810] => (item=Leaf-L3 -> 172.16.2.23)
ok: [poweredge_r810] => (item=Leaf-L4 -> 172.16.2.24)
ok: [poweredge_r810] => (item=Border-Leaf1 -> 172.16.2.31)
ok: [poweredge_r810] => (item=Border-Leaf2 -> 172.16.2.32)

PLAY RECAP *************************************************************************************************************************************************
poweredge_r810             : ok=8    changed=4    unreachable=0    failed=0    skipped=0    rescued=0    ignored=0

(venv) nh1221@Lab-ControlNode:/mnt/c/Users/nh1221/dc_lab/clab/sonic-clab$ ansible-playbook playbooks/preflight.yml

PLAY [Preflight - wait for SONiC nodes to be ready] ********************************************************************************************************

TASK [Wait for SSH transport] ******************************************************************************************************************************
[WARNING]: Host 'Spine-S2' is using the discovered Python interpreter at '/usr/bin/python3.13', but future installation of another Python interpreter could cause a different interpreter to be discovered. See https://docs.ansible.com/ansible-core/2.20/reference_appendices/interpreter_discovery.html for more information.
ok: [Spine-S2]
[WARNING]: Host 'Leaf-L4' is using the discovered Python interpreter at '/usr/bin/python3.13', but future installation of another Python interpreter could cause a different interpreter to be discovered. See https://docs.ansible.com/ansible-core/2.20/reference_appendices/interpreter_discovery.html for more information.
ok: [Leaf-L4]
[WARNING]: Host 'Border-Leaf1' is using the discovered Python interpreter at '/usr/bin/python3.13', but future installation of another Python interpreter could cause a different interpreter to be discovered. See https://docs.ansible.com/ansible-core/2.20/reference_appendices/interpreter_discovery.html for more information.
ok: [Border-Leaf1]
[WARNING]: Host 'Border-Leaf2' is using the discovered Python interpreter at '/usr/bin/python3.13', but future installation of another Python interpreter could cause a different interpreter to be discovered. See https://docs.ansible.com/ansible-core/2.20/reference_appendices/interpreter_discovery.html for more information.
ok: [Border-Leaf2]
[WARNING]: Host 'Spine-S1' is using the discovered Python interpreter at '/usr/bin/python3.13', but future installation of another Python interpreter could cause a different interpreter to be discovered. See https://docs.ansible.com/ansible-core/2.20/reference_appendices/interpreter_discovery.html for more information.
ok: [Spine-S1]
[WARNING]: Host 'Leaf-L1' is using the discovered Python interpreter at '/usr/bin/python3.13', but future installation of another Python interpreter could cause a different interpreter to be discovered. See https://docs.ansible.com/ansible-core/2.20/reference_appendices/interpreter_discovery.html for more information.
ok: [Leaf-L1]
[WARNING]: Host 'Leaf-L2' is using the discovered Python interpreter at '/usr/bin/python3.13', but future installation of another Python interpreter could cause a different interpreter to be discovered. See https://docs.ansible.com/ansible-core/2.20/reference_appendices/interpreter_discovery.html for more information.
ok: [Leaf-L2]
[WARNING]: Host 'Leaf-L3' is using the discovered Python interpreter at '/usr/bin/python3.13', but future installation of another Python interpreter could cause a different interpreter to be discovered. See https://docs.ansible.com/ansible-core/2.20/reference_appendices/interpreter_discovery.html for more information.
ok: [Leaf-L3]

TASK [Wait for base config_db.json to be present] **********************************************************************************************************
ok: [Leaf-L2]
ok: [Leaf-L3]
ok: [Spine-S2]
ok: [Leaf-L1]
ok: [Spine-S1]
ok: [Border-Leaf2]
ok: [Border-Leaf1]
ok: [Leaf-L4]

TASK [Wait for SONiC DB metadata file to be created] *******************************************************************************************************
ok: [Leaf-L2]
ok: [Leaf-L3]
ok: [Spine-S1]
ok: [Spine-S2]
ok: [Leaf-L1]
ok: [Border-Leaf1]
ok: [Leaf-L4]
ok: [Border-Leaf2]

TASK [Wait for CONFIG_DB access to become available] *******************************************************************************************************
ok: [Spine-S2]
ok: [Spine-S1]
ok: [Leaf-L1]
ok: [Leaf-L3]
ok: [Leaf-L2]
ok: [Border-Leaf1]
ok: [Leaf-L4]
ok: [Border-Leaf2]

PLAY RECAP *************************************************************************************************************************************************
Border-Leaf1               : ok=4    changed=0    unreachable=0    failed=0    skipped=0    rescued=0    ignored=0
Border-Leaf2               : ok=4    changed=0    unreachable=0    failed=0    skipped=0    rescued=0    ignored=0
Leaf-L1                    : ok=4    changed=0    unreachable=0    failed=0    skipped=0    rescued=0    ignored=0
Leaf-L2                    : ok=4    changed=0    unreachable=0    failed=0    skipped=0    rescued=0    ignored=0
Leaf-L3                    : ok=4    changed=0    unreachable=0    failed=0    skipped=0    rescued=0    ignored=0
Leaf-L4                    : ok=4    changed=0    unreachable=0    failed=0    skipped=0    rescued=0    ignored=0
Spine-S1                   : ok=4    changed=0    unreachable=0    failed=0    skipped=0    rescued=0    ignored=0
Spine-S2                   : ok=4    changed=0    unreachable=0    failed=0    skipped=0    rescued=0    ignored=0

(venv) nh1221@Lab-ControlNode:/mnt/c/Users/nh1221/dc_lab/clab/sonic-clab$ ansible-playbook playbooks/provision.yml

PLAY [Provision SONiC leaf-spine fabric] *******************************************************************************************************************

TASK [sonic_provision : Assert access_ports do not overlap fabric switch_ports] ****************************************************************************
skipping: [Spine-S1]
skipping: [Spine-S2]
ok: [Leaf-L1] => {
    "changed": false,
    "msg": "All assertions passed"
}
ok: [Leaf-L2] => {
    "changed": false,
    "msg": "All assertions passed"
}
ok: [Leaf-L3] => {
    "changed": false,
    "msg": "All assertions passed"
}
ok: [Leaf-L4] => {
    "changed": false,
    "msg": "All assertions passed"
}
ok: [Border-Leaf1] => {
    "changed": false,
    "msg": "All assertions passed"
}
ok: [Border-Leaf2] => {
    "changed": false,
    "msg": "All assertions passed"
}

TASK [sonic_provision : Wait for SONiC DB metadata file to be available] ***********************************************************************************
[WARNING]: Host 'Leaf-L2' is using the discovered Python interpreter at '/usr/bin/python3.13', but future installation of another Python interpreter could cause a different interpreter to be discovered. See https://docs.ansible.com/ansible-core/2.20/reference_appendices/interpreter_discovery.html for more information.
ok: [Leaf-L2]
[WARNING]: Host 'Leaf-L1' is using the discovered Python interpreter at '/usr/bin/python3.13', but future installation of another Python interpreter could cause a different interpreter to be discovered. See https://docs.ansible.com/ansible-core/2.20/reference_appendices/interpreter_discovery.html for more information.
ok: [Leaf-L1]
[WARNING]: Host 'Spine-S2' is using the discovered Python interpreter at '/usr/bin/python3.13', but future installation of another Python interpreter could cause a different interpreter to be discovered. See https://docs.ansible.com/ansible-core/2.20/reference_appendices/interpreter_discovery.html for more information.
ok: [Spine-S2]
[WARNING]: Host 'Spine-S1' is using the discovered Python interpreter at '/usr/bin/python3.13', but future installation of another Python interpreter could cause a different interpreter to be discovered. See https://docs.ansible.com/ansible-core/2.20/reference_appendices/interpreter_discovery.html for more information.
ok: [Spine-S1]
[WARNING]: Host 'Leaf-L3' is using the discovered Python interpreter at '/usr/bin/python3.13', but future installation of another Python interpreter could cause a different interpreter to be discovered. See https://docs.ansible.com/ansible-core/2.20/reference_appendices/interpreter_discovery.html for more information.
ok: [Leaf-L3]
[WARNING]: Host 'Border-Leaf1' is using the discovered Python interpreter at '/usr/bin/python3.13', but future installation of another Python interpreter could cause a different interpreter to be discovered. See https://docs.ansible.com/ansible-core/2.20/reference_appendices/interpreter_discovery.html for more information.
ok: [Border-Leaf1]
[WARNING]: Host 'Leaf-L4' is using the discovered Python interpreter at '/usr/bin/python3.13', but future installation of another Python interpreter could cause a different interpreter to be discovered. See https://docs.ansible.com/ansible-core/2.20/reference_appendices/interpreter_discovery.html for more information.
ok: [Leaf-L4]
[WARNING]: Host 'Border-Leaf2' is using the discovered Python interpreter at '/usr/bin/python3.13', but future installation of another Python interpreter could cause a different interpreter to be discovered. See https://docs.ansible.com/ansible-core/2.20/reference_appendices/interpreter_discovery.html for more information.
ok: [Border-Leaf2]

TASK [sonic_provision : Wait for CONFIG_DB access to become available] *************************************************************************************
ok: [Leaf-L2]
ok: [Spine-S1]
ok: [Spine-S2]
ok: [Leaf-L3]
ok: [Leaf-L1]
ok: [Border-Leaf2]
ok: [Border-Leaf1]
ok: [Leaf-L4]

TASK [sonic_provision : Write port data for config generation] *********************************************************************************************
changed: [Spine-S1]
changed: [Spine-S2]
changed: [Leaf-L3]
changed: [Leaf-L2]
changed: [Leaf-L1]
changed: [Border-Leaf1]
changed: [Leaf-L4]
changed: [Border-Leaf2]

TASK [sonic_provision : Generate raw config_db from platform port_config.ini] ******************************************************************************
changed: [Spine-S2]
changed: [Spine-S1]
changed: [Leaf-L3]
changed: [Leaf-L1]
changed: [Leaf-L2]
changed: [Leaf-L4]
changed: [Border-Leaf1]
changed: [Border-Leaf2]

TASK [sonic_provision : Copy customization script to target] ***********************************************************************************************
changed: [Spine-S2]
changed: [Spine-S1]
changed: [Leaf-L1]
changed: [Leaf-L2]
changed: [Leaf-L3]
changed: [Leaf-L4]
changed: [Border-Leaf1]
changed: [Border-Leaf2]

TASK [sonic_provision : Customize raw_config_db.json for this node] ****************************************************************************************
changed: [Spine-S1]
changed: [Leaf-L1]
changed: [Spine-S2]
changed: [Leaf-L3]
changed: [Leaf-L2]
changed: [Leaf-L4]
changed: [Border-Leaf1]
changed: [Border-Leaf2]

TASK [sonic_provision : Safely merge init configuration structures with custom breakout maps] **************************************************************
changed: [Spine-S2]
changed: [Spine-S1]
changed: [Leaf-L2]
changed: [Leaf-L1]
changed: [Leaf-L3]
changed: [Leaf-L4]
changed: [Border-Leaf1]
changed: [Border-Leaf2]

TASK [sonic_provision : Load consolidated config into Redis CONFIG_DB] *************************************************************************************
changed: [Spine-S2]
changed: [Spine-S1]
changed: [Leaf-L1]
changed: [Leaf-L2]
changed: [Leaf-L3]
changed: [Leaf-L4]
changed: [Border-Leaf1]
changed: [Border-Leaf2]

TASK [sonic_provision : Render configuration overlay] ******************************************************************************************************
[WARNING]: Host 'Spine-S2' is using the discovered Python interpreter at '/mnt/c/Users/nh1221/data-center/venv/bin/python3.12', but future installation of another Python interpreter could cause a different interpreter to be discovered. See https://docs.ansible.com/ansible-core/2.20/reference_appendices/interpreter_discovery.html for more information.
ok: [Spine-S2 -> localhost]
[WARNING]: Host 'Spine-S1' is using the discovered Python interpreter at '/mnt/c/Users/nh1221/data-center/venv/bin/python3.12', but future installation of another Python interpreter could cause a different interpreter to be discovered. See https://docs.ansible.com/ansible-core/2.20/reference_appendices/interpreter_discovery.html for more information.
ok: [Spine-S1 -> localhost]
[WARNING]: Host 'Leaf-L3' is using the discovered Python interpreter at '/mnt/c/Users/nh1221/data-center/venv/bin/python3.12', but future installation of another Python interpreter could cause a different interpreter to be discovered. See https://docs.ansible.com/ansible-core/2.20/reference_appendices/interpreter_discovery.html for more information.
ok: [Leaf-L3 -> localhost]
[WARNING]: Host 'Leaf-L1' is using the discovered Python interpreter at '/mnt/c/Users/nh1221/data-center/venv/bin/python3.12', but future installation of another Python interpreter could cause a different interpreter to be discovered. See https://docs.ansible.com/ansible-core/2.20/reference_appendices/interpreter_discovery.html for more information.
ok: [Leaf-L1 -> localhost]
[WARNING]: Host 'Leaf-L2' is using the discovered Python interpreter at '/mnt/c/Users/nh1221/data-center/venv/bin/python3.12', but future installation of another Python interpreter could cause a different interpreter to be discovered. See https://docs.ansible.com/ansible-core/2.20/reference_appendices/interpreter_discovery.html for more information.
ok: [Leaf-L2 -> localhost]
[WARNING]: Host 'Border-Leaf1' is using the discovered Python interpreter at '/mnt/c/Users/nh1221/data-center/venv/bin/python3.12', but future installation of another Python interpreter could cause a different interpreter to be discovered. See https://docs.ansible.com/ansible-core/2.20/reference_appendices/interpreter_discovery.html for more information.
ok: [Border-Leaf1 -> localhost]
[WARNING]: Host 'Leaf-L4' is using the discovered Python interpreter at '/mnt/c/Users/nh1221/data-center/venv/bin/python3.12', but future installation of another Python interpreter could cause a different interpreter to be discovered. See https://docs.ansible.com/ansible-core/2.20/reference_appendices/interpreter_discovery.html for more information.
ok: [Leaf-L4 -> localhost]
[WARNING]: Host 'Border-Leaf2' is using the discovered Python interpreter at '/mnt/c/Users/nh1221/data-center/venv/bin/python3.12', but future installation of another Python interpreter could cause a different interpreter to be discovered. See https://docs.ansible.com/ansible-core/2.20/reference_appendices/interpreter_discovery.html for more information.
ok: [Border-Leaf2 -> localhost]

TASK [sonic_provision : Copy rendered overlay to target SONiC node] ****************************************************************************************
changed: [Spine-S2]
changed: [Spine-S1]
changed: [Leaf-L2]
changed: [Leaf-L1]
changed: [Leaf-L3]
changed: [Border-Leaf2]
changed: [Border-Leaf1]
changed: [Leaf-L4]

TASK [sonic_provision : Apply configuration overlay to CONFIG_DB] ******************************************************************************************
changed: [Spine-S2]
changed: [Leaf-L1]
changed: [Leaf-L3]
changed: [Spine-S1]
changed: [Leaf-L2]
changed: [Border-Leaf1]
changed: [Leaf-L4]
changed: [Border-Leaf2]

TASK [sonic_provision : Save running configuration to startup config] **************************************************************************************
changed: [Spine-S1]
changed: [Spine-S2]
changed: [Leaf-L1]
changed: [Leaf-L2]
changed: [Leaf-L3]
changed: [Leaf-L4]
changed: [Border-Leaf1]
changed: [Border-Leaf2]

TASK [sonic_provision : Construct Unified Target Interface Port Map] ***************************************************************************************
ok: [Spine-S1]
ok: [Spine-S2]
ok: [Leaf-L1]
ok: [Leaf-L2]
ok: [Leaf-L3]
ok: [Leaf-L4]
ok: [Border-Leaf1]
ok: [Border-Leaf2]

TASK [sonic_provision : Trigger config reload to reconcile PORT table into kernel interfaces] **************************************************************
changed: [Spine-S2]
changed: [Spine-S1]
changed: [Leaf-L1]
changed: [Leaf-L2]
changed: [Leaf-L3]
changed: [Border-Leaf1]
changed: [Border-Leaf2]
changed: [Leaf-L4]

TASK [sonic_provision : Wait for SONiC to come back after config reload] ***********************************************************************************
ok: [Leaf-L1]
ok: [Leaf-L2]
ok: [Spine-S1]
ok: [Spine-S2]
ok: [Leaf-L3]
ok: [Border-Leaf1]
ok: [Leaf-L4]
ok: [Border-Leaf2]

TASK [sonic_provision : Wait until breakout interfaces exist in CONFIG_DB] *********************************************************************************
ok: [Leaf-L1]
ok: [Spine-S2]
ok: [Spine-S1]
ok: [Leaf-L2]
ok: [Leaf-L3]
ok: [Border-Leaf1]
ok: [Leaf-L4]
ok: [Border-Leaf2]

TASK [sonic_provision : Administratively bring up all configured topology interfaces] **********************************************************************
changed: [Spine-S2] => (item={'key': 'Ethernet0', 'value': {'speed': '40000', 'role': 'fabric', 'lanes': '65,66,67,68', 'index': '1', 'neighbor': 'Leaf-L1', 'rem_port': 'Ethernet64', 'neighbor_asn': 65011}})
changed: [Spine-S1] => (item={'key': 'Ethernet0', 'value': {'speed': '40000', 'role': 'fabric', 'lanes': '65,66,67,68', 'index': '1', 'neighbor': 'Leaf-L1', 'rem_port': 'Ethernet68', 'neighbor_asn': 65011}})
changed: [Leaf-L1] => (item={'key': 'Ethernet68', 'value': {'speed': '40000', 'role': 'fabric', 'lanes': '77,78,79,80', 'index': '54', 'neighbor': 'Spine-S1', 'rem_port': 'Ethernet0', 'neighbor_asn': 65000}})
changed: [Leaf-L2] => (item={'key': 'Ethernet68', 'value': {'speed': '40000', 'role': 'fabric', 'lanes': '77,78,79,80', 'index': '54', 'neighbor': 'Spine-S1', 'rem_port': 'Ethernet4', 'neighbor_asn': 65000}})
changed: [Leaf-L3] => (item={'key': 'Ethernet124', 'value': {'speed': '40000', 'role': 'fabric', 'lanes': '1,2,3,4', 'index': '32', 'neighbor': 'Spine-S1', 'rem_port': 'Ethernet8', 'neighbor_asn': 65000}})
changed: [Spine-S2] => (item={'key': 'Ethernet4', 'value': {'speed': '40000', 'role': 'fabric', 'lanes': '69,70,71,72', 'index': '2', 'neighbor': 'Leaf-L2', 'rem_port': 'Ethernet64', 'neighbor_asn': 65012}})
changed: [Spine-S1] => (item={'key': 'Ethernet4', 'value': {'speed': '40000', 'role': 'fabric', 'lanes': '69,70,71,72', 'index': '2', 'neighbor': 'Leaf-L2', 'rem_port': 'Ethernet68', 'neighbor_asn': 65012}})
changed: [Leaf-L1] => (item={'key': 'Ethernet64', 'value': {'speed': '40000', 'role': 'fabric', 'lanes': '109,110,111,112', 'index': '53', 'neighbor': 'Spine-S2', 'rem_port': 'Ethernet0', 'neighbor_asn': 65000}})
changed: [Leaf-L2] => (item={'key': 'Ethernet64', 'value': {'speed': '40000', 'role': 'fabric', 'lanes': '109,110,111,112', 'index': '53', 'neighbor': 'Spine-S2', 'rem_port': 'Ethernet4', 'neighbor_asn': 65000}})
changed: [Leaf-L3] => (item={'key': 'Ethernet120', 'value': {'speed': '40000', 'role': 'fabric', 'lanes': '5,6,7,8', 'index': '31', 'neighbor': 'Spine-S2', 'rem_port': 'Ethernet8', 'neighbor_asn': 65000}})
changed: [Spine-S2] => (item={'key': 'Ethernet8', 'value': {'speed': '40000', 'role': 'fabric', 'lanes': '73,74,75,76', 'index': '3', 'neighbor': 'Leaf-L3', 'rem_port': 'Ethernet120', 'neighbor_asn': 65021}})
changed: [Spine-S1] => (item={'key': 'Ethernet8', 'value': {'speed': '40000', 'role': 'fabric', 'lanes': '73,74,75,76', 'index': '3', 'neighbor': 'Leaf-L3', 'rem_port': 'Ethernet124', 'neighbor_asn': 65021}})
changed: [Leaf-L1] => (item={'key': 'Ethernet0', 'value': {'speed': '10000', 'role': 'server_access', 'lanes': '13', 'index': '1', 'peer': 'Host12-1', 'neighbor_asn': 65211}})
changed: [Leaf-L3] => (item={'key': 'Ethernet0', 'value': {'speed': '10000', 'role': 'server_access', 'lanes': '125', 'index': '1', 'peer': 'Host34-1', 'neighbor_asn': 65221}})
changed: [Leaf-L2] => (item={'key': 'Ethernet0', 'value': {'speed': '10000', 'role': 'server_access', 'lanes': '13', 'index': '1', 'peer': 'Host12-1', 'neighbor_asn': 65211}})
changed: [Spine-S2] => (item={'key': 'Ethernet12', 'value': {'speed': '40000', 'role': 'fabric', 'lanes': '77,78,79,80', 'index': '4', 'neighbor': 'Leaf-L4', 'rem_port': 'Ethernet120', 'neighbor_asn': 65022}})
changed: [Spine-S1] => (item={'key': 'Ethernet12', 'value': {'speed': '40000', 'role': 'fabric', 'lanes': '77,78,79,80', 'index': '4', 'neighbor': 'Leaf-L4', 'rem_port': 'Ethernet124', 'neighbor_asn': 65022}})
changed: [Leaf-L1] => (item={'key': 'Ethernet1', 'value': {'speed': '10000', 'role': 'server_access', 'lanes': '14', 'index': '2', 'peer': 'Host12-2', 'neighbor_asn': 65212}})
changed: [Leaf-L3] => (item={'key': 'Ethernet1', 'value': {'speed': '10000', 'role': 'server_access', 'lanes': '126', 'index': '1', 'peer': 'Host34-2', 'neighbor_asn': 65222}})
changed: [Leaf-L2] => (item={'key': 'Ethernet1', 'value': {'speed': '10000', 'role': 'server_access', 'lanes': '14', 'index': '2', 'peer': 'Host12-2', 'neighbor_asn': 65212}})
changed: [Spine-S2] => (item={'key': 'Ethernet16', 'value': {'speed': '40000', 'role': 'fabric', 'lanes': '33,34,35,36', 'index': '5', 'neighbor': 'Border-Leaf1', 'rem_port': 'Ethernet120', 'neighbor_asn': 65031}})
changed: [Spine-S1] => (item={'key': 'Ethernet16', 'value': {'speed': '40000', 'role': 'fabric', 'lanes': '33,34,35,36', 'index': '5', 'neighbor': 'Border-Leaf1', 'rem_port': 'Ethernet124', 'neighbor_asn': 65031}})
changed: [Leaf-L3] => (item={'key': 'Ethernet2', 'value': {'speed': '10000', 'role': 'monitor_access', 'lanes': '127', 'index': '1', 'peer': 'MonSrv', 'neighbor_asn': 65223}})
skipping: [Leaf-L3] => (item={'key': 'Ethernet3', 'value': {'speed': '10000', 'role': 'unused_breakout', 'lanes': '128', 'index': '1', 'peer': 'None'}})
changed: [Leaf-L1] => (item={'key': 'Ethernet2', 'value': {'speed': '10000', 'role': 'server_access', 'lanes': '15', 'index': '3', 'peer': 'Host12-3', 'neighbor_asn': 65213}})
changed: [Leaf-L2] => (item={'key': 'Ethernet2', 'value': {'speed': '10000', 'role': 'server_access', 'lanes': '15', 'index': '3', 'peer': 'Host12-3', 'neighbor_asn': 65213}})
changed: [Spine-S1] => (item={'key': 'Ethernet20', 'value': {'speed': '40000', 'role': 'fabric', 'lanes': '37,38,39,40', 'index': '6', 'neighbor': 'Border-Leaf2', 'rem_port': 'Ethernet124', 'neighbor_asn': 65032}})
changed: [Spine-S2] => (item={'key': 'Ethernet20', 'value': {'speed': '40000', 'role': 'fabric', 'lanes': '37,38,39,40', 'index': '6', 'neighbor': 'Border-Leaf2', 'rem_port': 'Ethernet120', 'neighbor_asn': 65032}})
changed: [Border-Leaf1] => (item={'key': 'Ethernet124', 'value': {'speed': '40000', 'role': 'fabric', 'lanes': '5,6,7,8', 'index': '36', 'neighbor': 'Spine-S1', 'rem_port': 'Ethernet16', 'neighbor_asn': 65000}})
changed: [Leaf-L4] => (item={'key': 'Ethernet124', 'value': {'speed': '40000', 'role': 'fabric', 'lanes': '1,2,3,4', 'index': '32', 'neighbor': 'Spine-S1', 'rem_port': 'Ethernet12', 'neighbor_asn': 65000}})
changed: [Border-Leaf2] => (item={'key': 'Ethernet124', 'value': {'speed': '40000', 'role': 'fabric', 'lanes': '5,6,7,8', 'index': '36', 'neighbor': 'Spine-S1', 'rem_port': 'Ethernet20', 'neighbor_asn': 65000}})
changed: [Border-Leaf1] => (item={'key': 'Ethernet120', 'value': {'speed': '40000', 'role': 'fabric', 'lanes': '1,2,3,4', 'index': '35', 'neighbor': 'Spine-S2', 'rem_port': 'Ethernet16', 'neighbor_asn': 65000}})
changed: [Leaf-L4] => (item={'key': 'Ethernet120', 'value': {'speed': '40000', 'role': 'fabric', 'lanes': '5,6,7,8', 'index': '31', 'neighbor': 'Spine-S2', 'rem_port': 'Ethernet12', 'neighbor_asn': 65000}})
changed: [Border-Leaf1] => (item={'key': 'Ethernet0', 'value': {'speed': '10000', 'role': 'isp_uplink', 'lanes': '9', 'index': '5', 'peer': 'Exit-Router1', 'neighbor_asn': 65251}})
changed: [Border-Leaf2] => (item={'key': 'Ethernet120', 'value': {'speed': '40000', 'role': 'fabric', 'lanes': '1,2,3,4', 'index': '35', 'neighbor': 'Spine-S2', 'rem_port': 'Ethernet20', 'neighbor_asn': 65000}})
changed: [Leaf-L4] => (item={'key': 'Ethernet0', 'value': {'speed': '10000', 'role': 'server_access', 'lanes': '125', 'index': '1', 'peer': 'Host34-1', 'neighbor_asn': 65221}})
changed: [Border-Leaf1] => (item={'key': 'Ethernet1', 'value': {'speed': '10000', 'role': 'isp_uplink', 'lanes': '10', 'index': '5', 'peer': 'Exit-Router2', 'neighbor_asn': 65252}})
changed: [Border-Leaf2] => (item={'key': 'Ethernet0', 'value': {'speed': '10000', 'role': 'edge_uplink', 'lanes': '9', 'index': '5', 'peer': 'Exit-Router2', 'neighbor_asn': 65252}})
changed: [Border-Leaf1] => (item={'key': 'Ethernet2', 'value': {'speed': '10000', 'role': 'server_access', 'lanes': '11', 'index': '5', 'peer': 'HostB12-1', 'neighbor_asn': 65231}})
changed: [Leaf-L4] => (item={'key': 'Ethernet1', 'value': {'speed': '10000', 'role': 'server_access', 'lanes': '126', 'index': '1', 'peer': 'Host34-2', 'neighbor_asn': 65222}})
changed: [Border-Leaf2] => (item={'key': 'Ethernet1', 'value': {'speed': '10000', 'role': 'edge_uplink', 'lanes': '10', 'index': '5', 'peer': 'Exit-Router1', 'neighbor_asn': 65251}})
changed: [Border-Leaf1] => (item={'key': 'Ethernet3', 'value': {'speed': '10000', 'role': 'server_access', 'lanes': '12', 'index': '5', 'peer': 'HostB12-2', 'neighbor_asn': 65232}})
changed: [Leaf-L4] => (item={'key': 'Ethernet2', 'value': {'speed': '10000', 'role': 'monitor_access', 'lanes': '127', 'index': '1', 'peer': 'MonSrv', 'neighbor_asn': 65223}})
skipping: [Leaf-L4] => (item={'key': 'Ethernet3', 'value': {'speed': '10000', 'role': 'unused_breakout', 'lanes': '128', 'index': '1', 'peer': 'None'}})
changed: [Border-Leaf2] => (item={'key': 'Ethernet2', 'value': {'speed': '10000', 'role': 'server_access', 'lanes': '11', 'index': '5', 'peer': 'HostB12-1', 'neighbor_asn': 65231}})
changed: [Border-Leaf2] => (item={'key': 'Ethernet3', 'value': {'speed': '10000', 'role': 'server_access', 'lanes': '12', 'index': '5', 'peer': 'HostB12-2', 'neighbor_asn': 65232}})

TASK [sonic_provision : Persist final interface states to startup config] **********************************************************************************
changed: [Spine-S2]
changed: [Leaf-L1]
changed: [Spine-S1]
changed: [Leaf-L2]
changed: [Leaf-L3]
changed: [Leaf-L4]
changed: [Border-Leaf1]
changed: [Border-Leaf2]

PLAY RECAP *************************************************************************************************************************************************
Border-Leaf1               : ok=19   changed=12   unreachable=0    failed=0    skipped=0    rescued=0    ignored=0
Border-Leaf2               : ok=19   changed=12   unreachable=0    failed=0    skipped=0    rescued=0    ignored=0
Leaf-L1                    : ok=19   changed=12   unreachable=0    failed=0    skipped=0    rescued=0    ignored=0
Leaf-L2                    : ok=19   changed=12   unreachable=0    failed=0    skipped=0    rescued=0    ignored=0
Leaf-L3                    : ok=19   changed=12   unreachable=0    failed=0    skipped=0    rescued=0    ignored=0
Leaf-L4                    : ok=19   changed=12   unreachable=0    failed=0    skipped=0    rescued=0    ignored=0
Spine-S1                   : ok=18   changed=12   unreachable=0    failed=0    skipped=1    rescued=0    ignored=0
Spine-S2                   : ok=18   changed=12   unreachable=0    failed=0    skipped=1    rescued=0    ignored=0

(venv) nh1221@Lab-ControlNode:/mnt/c/Users/nh1221/dc_lab/clab/sonic-clab$ ansible-playbook playbooks/bgp-unnumbered.yml

PLAY [Configure SONiC eBGP unnumbered on fabric links] *****************************************************************************************************

TASK [sonic_bgp_unnumbered : Assert required variables exist] **********************************************************************************************
ok: [Spine-S1] => {
    "changed": false,
    "msg": "All assertions passed"
}
ok: [Spine-S2] => {
    "changed": false,
    "msg": "All assertions passed"
}
ok: [Leaf-L1] => {
    "changed": false,
    "msg": "All assertions passed"
}
ok: [Leaf-L2] => {
    "changed": false,
    "msg": "All assertions passed"
}
ok: [Leaf-L3] => {
    "changed": false,
    "msg": "All assertions passed"
}
ok: [Leaf-L4] => {
    "changed": false,
    "msg": "All assertions passed"
}
ok: [Border-Leaf1] => {
    "changed": false,
    "msg": "All assertions passed"
}
ok: [Border-Leaf2] => {
    "changed": false,
    "msg": "All assertions passed"
}

TASK [sonic_bgp_unnumbered : Build BGP_NEIGHBOR map from fabric switch_ports] ******************************************************************************
ok: [Spine-S1] => (item={'key': 'Ethernet0', 'value': {'speed': '40000', 'role': 'fabric', 'lanes': '65,66,67,68', 'index': '1', 'neighbor': 'Leaf-L1', 'rem_port': 'Ethernet68', 'neighbor_asn': 65011}})
ok: [Spine-S2] => (item={'key': 'Ethernet0', 'value': {'speed': '40000', 'role': 'fabric', 'lanes': '65,66,67,68', 'index': '1', 'neighbor': 'Leaf-L1', 'rem_port': 'Ethernet64', 'neighbor_asn': 65011}})
ok: [Leaf-L1] => (item={'key': 'Ethernet68', 'value': {'speed': '40000', 'role': 'fabric', 'lanes': '77,78,79,80', 'index': '54', 'neighbor': 'Spine-S1', 'rem_port': 'Ethernet0', 'neighbor_asn': 65000}})
ok: [Spine-S1] => (item={'key': 'Ethernet4', 'value': {'speed': '40000', 'role': 'fabric', 'lanes': '69,70,71,72', 'index': '2', 'neighbor': 'Leaf-L2', 'rem_port': 'Ethernet68', 'neighbor_asn': 65012}})
ok: [Leaf-L2] => (item={'key': 'Ethernet68', 'value': {'speed': '40000', 'role': 'fabric', 'lanes': '77,78,79,80', 'index': '54', 'neighbor': 'Spine-S1', 'rem_port': 'Ethernet4', 'neighbor_asn': 65000}})
ok: [Spine-S2] => (item={'key': 'Ethernet4', 'value': {'speed': '40000', 'role': 'fabric', 'lanes': '69,70,71,72', 'index': '2', 'neighbor': 'Leaf-L2', 'rem_port': 'Ethernet64', 'neighbor_asn': 65012}})
ok: [Leaf-L1] => (item={'key': 'Ethernet64', 'value': {'speed': '40000', 'role': 'fabric', 'lanes': '109,110,111,112', 'index': '53', 'neighbor': 'Spine-S2', 'rem_port': 'Ethernet0', 'neighbor_asn': 65000}})
ok: [Spine-S1] => (item={'key': 'Ethernet8', 'value': {'speed': '40000', 'role': 'fabric', 'lanes': '73,74,75,76', 'index': '3', 'neighbor': 'Leaf-L3', 'rem_port': 'Ethernet124', 'neighbor_asn': 65021}})
ok: [Spine-S2] => (item={'key': 'Ethernet8', 'value': {'speed': '40000', 'role': 'fabric', 'lanes': '73,74,75,76', 'index': '3', 'neighbor': 'Leaf-L3', 'rem_port': 'Ethernet120', 'neighbor_asn': 65021}})
ok: [Leaf-L2] => (item={'key': 'Ethernet64', 'value': {'speed': '40000', 'role': 'fabric', 'lanes': '109,110,111,112', 'index': '53', 'neighbor': 'Spine-S2', 'rem_port': 'Ethernet4', 'neighbor_asn': 65000}})
ok: [Leaf-L3] => (item={'key': 'Ethernet124', 'value': {'speed': '40000', 'role': 'fabric', 'lanes': '1,2,3,4', 'index': '32', 'neighbor': 'Spine-S1', 'rem_port': 'Ethernet8', 'neighbor_asn': 65000}})
ok: [Spine-S1] => (item={'key': 'Ethernet12', 'value': {'speed': '40000', 'role': 'fabric', 'lanes': '77,78,79,80', 'index': '4', 'neighbor': 'Leaf-L4', 'rem_port': 'Ethernet124', 'neighbor_asn': 65022}})
ok: [Spine-S2] => (item={'key': 'Ethernet12', 'value': {'speed': '40000', 'role': 'fabric', 'lanes': '77,78,79,80', 'index': '4', 'neighbor': 'Leaf-L4', 'rem_port': 'Ethernet120', 'neighbor_asn': 65022}})
ok: [Leaf-L3] => (item={'key': 'Ethernet120', 'value': {'speed': '40000', 'role': 'fabric', 'lanes': '5,6,7,8', 'index': '31', 'neighbor': 'Spine-S2', 'rem_port': 'Ethernet8', 'neighbor_asn': 65000}})
ok: [Spine-S1] => (item={'key': 'Ethernet16', 'value': {'speed': '40000', 'role': 'fabric', 'lanes': '33,34,35,36', 'index': '5', 'neighbor': 'Border-Leaf1', 'rem_port': 'Ethernet124', 'neighbor_asn': 65031}})
ok: [Spine-S2] => (item={'key': 'Ethernet16', 'value': {'speed': '40000', 'role': 'fabric', 'lanes': '33,34,35,36', 'index': '5', 'neighbor': 'Border-Leaf1', 'rem_port': 'Ethernet120', 'neighbor_asn': 65031}})
ok: [Spine-S1] => (item={'key': 'Ethernet20', 'value': {'speed': '40000', 'role': 'fabric', 'lanes': '37,38,39,40', 'index': '6', 'neighbor': 'Border-Leaf2', 'rem_port': 'Ethernet124', 'neighbor_asn': 65032}})
ok: [Spine-S2] => (item={'key': 'Ethernet20', 'value': {'speed': '40000', 'role': 'fabric', 'lanes': '37,38,39,40', 'index': '6', 'neighbor': 'Border-Leaf2', 'rem_port': 'Ethernet120', 'neighbor_asn': 65032}})
ok: [Leaf-L4] => (item={'key': 'Ethernet124', 'value': {'speed': '40000', 'role': 'fabric', 'lanes': '1,2,3,4', 'index': '32', 'neighbor': 'Spine-S1', 'rem_port': 'Ethernet12', 'neighbor_asn': 65000}})
ok: [Border-Leaf1] => (item={'key': 'Ethernet124', 'value': {'speed': '40000', 'role': 'fabric', 'lanes': '5,6,7,8', 'index': '36', 'neighbor': 'Spine-S1', 'rem_port': 'Ethernet16', 'neighbor_asn': 65000}})
ok: [Leaf-L4] => (item={'key': 'Ethernet120', 'value': {'speed': '40000', 'role': 'fabric', 'lanes': '5,6,7,8', 'index': '31', 'neighbor': 'Spine-S2', 'rem_port': 'Ethernet12', 'neighbor_asn': 65000}})
ok: [Border-Leaf1] => (item={'key': 'Ethernet120', 'value': {'speed': '40000', 'role': 'fabric', 'lanes': '1,2,3,4', 'index': '35', 'neighbor': 'Spine-S2', 'rem_port': 'Ethernet16', 'neighbor_asn': 65000}})
ok: [Border-Leaf2] => (item={'key': 'Ethernet124', 'value': {'speed': '40000', 'role': 'fabric', 'lanes': '5,6,7,8', 'index': '36', 'neighbor': 'Spine-S1', 'rem_port': 'Ethernet20', 'neighbor_asn': 65000}})
ok: [Border-Leaf2] => (item={'key': 'Ethernet120', 'value': {'speed': '40000', 'role': 'fabric', 'lanes': '1,2,3,4', 'index': '35', 'neighbor': 'Spine-S2', 'rem_port': 'Ethernet20', 'neighbor_asn': 65000}})

TASK [sonic_bgp_unnumbered : Build BGP_NEIGHBOR map from access_ports] *************************************************************************************
skipping: [Spine-S2]
skipping: [Spine-S1]
ok: [Leaf-L1] => (item={'key': 'Ethernet0', 'value': {'speed': '10000', 'role': 'server_access', 'lanes': '13', 'index': '1', 'peer': 'Host12-1', 'neighbor_asn': 65211}})
ok: [Leaf-L2] => (item={'key': 'Ethernet0', 'value': {'speed': '10000', 'role': 'server_access', 'lanes': '13', 'index': '1', 'peer': 'Host12-1', 'neighbor_asn': 65211}})
ok: [Leaf-L1] => (item={'key': 'Ethernet1', 'value': {'speed': '10000', 'role': 'server_access', 'lanes': '14', 'index': '2', 'peer': 'Host12-2', 'neighbor_asn': 65212}})
ok: [Leaf-L2] => (item={'key': 'Ethernet1', 'value': {'speed': '10000', 'role': 'server_access', 'lanes': '14', 'index': '2', 'peer': 'Host12-2', 'neighbor_asn': 65212}})
ok: [Leaf-L1] => (item={'key': 'Ethernet2', 'value': {'speed': '10000', 'role': 'server_access', 'lanes': '15', 'index': '3', 'peer': 'Host12-3', 'neighbor_asn': 65213}})
ok: [Leaf-L3] => (item={'key': 'Ethernet0', 'value': {'speed': '10000', 'role': 'server_access', 'lanes': '125', 'index': '1', 'peer': 'Host34-1', 'neighbor_asn': 65221}})
ok: [Leaf-L2] => (item={'key': 'Ethernet2', 'value': {'speed': '10000', 'role': 'server_access', 'lanes': '15', 'index': '3', 'peer': 'Host12-3', 'neighbor_asn': 65213}})
ok: [Leaf-L3] => (item={'key': 'Ethernet1', 'value': {'speed': '10000', 'role': 'server_access', 'lanes': '126', 'index': '1', 'peer': 'Host34-2', 'neighbor_asn': 65222}})
ok: [Leaf-L3] => (item={'key': 'Ethernet2', 'value': {'speed': '10000', 'role': 'monitor_access', 'lanes': '127', 'index': '1', 'peer': 'MonSrv', 'neighbor_asn': 65223}})
ok: [Leaf-L4] => (item={'key': 'Ethernet0', 'value': {'speed': '10000', 'role': 'server_access', 'lanes': '125', 'index': '1', 'peer': 'Host34-1', 'neighbor_asn': 65221}})
skipping: [Leaf-L3] => (item={'key': 'Ethernet3', 'value': {'speed': '10000', 'role': 'unused_breakout', 'lanes': '128', 'index': '1', 'peer': 'None'}})
ok: [Border-Leaf1] => (item={'key': 'Ethernet0', 'value': {'speed': '10000', 'role': 'isp_uplink', 'lanes': '9', 'index': '5', 'peer': 'Exit-Router1', 'neighbor_asn': 65251}})
ok: [Leaf-L4] => (item={'key': 'Ethernet1', 'value': {'speed': '10000', 'role': 'server_access', 'lanes': '126', 'index': '1', 'peer': 'Host34-2', 'neighbor_asn': 65222}})
ok: [Border-Leaf1] => (item={'key': 'Ethernet1', 'value': {'speed': '10000', 'role': 'isp_uplink', 'lanes': '10', 'index': '5', 'peer': 'Exit-Router2', 'neighbor_asn': 65252}})
ok: [Leaf-L4] => (item={'key': 'Ethernet2', 'value': {'speed': '10000', 'role': 'monitor_access', 'lanes': '127', 'index': '1', 'peer': 'MonSrv', 'neighbor_asn': 65223}})
skipping: [Leaf-L4] => (item={'key': 'Ethernet3', 'value': {'speed': '10000', 'role': 'unused_breakout', 'lanes': '128', 'index': '1', 'peer': 'None'}})
ok: [Border-Leaf1] => (item={'key': 'Ethernet2', 'value': {'speed': '10000', 'role': 'server_access', 'lanes': '11', 'index': '5', 'peer': 'HostB12-1', 'neighbor_asn': 65231}})
ok: [Border-Leaf1] => (item={'key': 'Ethernet3', 'value': {'speed': '10000', 'role': 'server_access', 'lanes': '12', 'index': '5', 'peer': 'HostB12-2', 'neighbor_asn': 65232}})
ok: [Border-Leaf2] => (item={'key': 'Ethernet0', 'value': {'speed': '10000', 'role': 'edge_uplink', 'lanes': '9', 'index': '5', 'peer': 'Exit-Router2', 'neighbor_asn': 65252}})
ok: [Border-Leaf2] => (item={'key': 'Ethernet1', 'value': {'speed': '10000', 'role': 'edge_uplink', 'lanes': '10', 'index': '5', 'peer': 'Exit-Router1', 'neighbor_asn': 65251}})
ok: [Border-Leaf2] => (item={'key': 'Ethernet2', 'value': {'speed': '10000', 'role': 'server_access', 'lanes': '11', 'index': '5', 'peer': 'HostB12-1', 'neighbor_asn': 65231}})
ok: [Border-Leaf2] => (item={'key': 'Ethernet3', 'value': {'speed': '10000', 'role': 'server_access', 'lanes': '12', 'index': '5', 'peer': 'HostB12-2', 'neighbor_asn': 65232}})

TASK [sonic_bgp_unnumbered : Ensure frr_mgmt_framework_config is enabled] **********************************************************************************
[WARNING]: Host 'Spine-S1' is using the discovered Python interpreter at '/usr/bin/python3.13', but future installation of another Python interpreter could cause a different interpreter to be discovered. See https://docs.ansible.com/ansible-core/2.20/reference_appendices/interpreter_discovery.html for more information.
ok: [Spine-S1]
[WARNING]: Host 'Spine-S2' is using the discovered Python interpreter at '/usr/bin/python3.13', but future installation of another Python interpreter could cause a different interpreter to be discovered. See https://docs.ansible.com/ansible-core/2.20/reference_appendices/interpreter_discovery.html for more information.
ok: [Spine-S2]
[WARNING]: Host 'Leaf-L1' is using the discovered Python interpreter at '/usr/bin/python3.13', but future installation of another Python interpreter could cause a different interpreter to be discovered. See https://docs.ansible.com/ansible-core/2.20/reference_appendices/interpreter_discovery.html for more information.
ok: [Leaf-L1]
[WARNING]: Host 'Leaf-L3' is using the discovered Python interpreter at '/usr/bin/python3.13', but future installation of another Python interpreter could cause a different interpreter to be discovered. See https://docs.ansible.com/ansible-core/2.20/reference_appendices/interpreter_discovery.html for more information.
ok: [Leaf-L3]
[WARNING]: Host 'Leaf-L2' is using the discovered Python interpreter at '/usr/bin/python3.13', but future installation of another Python interpreter could cause a different interpreter to be discovered. See https://docs.ansible.com/ansible-core/2.20/reference_appendices/interpreter_discovery.html for more information.
ok: [Leaf-L2]
[WARNING]: Host 'Leaf-L4' is using the discovered Python interpreter at '/usr/bin/python3.13', but future installation of another Python interpreter could cause a different interpreter to be discovered. See https://docs.ansible.com/ansible-core/2.20/reference_appendices/interpreter_discovery.html for more information.
ok: [Leaf-L4]
[WARNING]: Host 'Border-Leaf1' is using the discovered Python interpreter at '/usr/bin/python3.13', but future installation of another Python interpreter could cause a different interpreter to be discovered. See https://docs.ansible.com/ansible-core/2.20/reference_appendices/interpreter_discovery.html for more information.
ok: [Border-Leaf1]
[WARNING]: Host 'Border-Leaf2' is using the discovered Python interpreter at '/usr/bin/python3.13', but future installation of another Python interpreter could cause a different interpreter to be discovered. See https://docs.ansible.com/ansible-core/2.20/reference_appendices/interpreter_discovery.html for more information.
ok: [Border-Leaf2]

TASK [sonic_bgp_unnumbered : Ensure docker_routing_config_mode is unified] *********************************************************************************
ok: [Spine-S1]
ok: [Leaf-L1]
ok: [Spine-S2]
ok: [Leaf-L2]
ok: [Leaf-L3]
ok: [Leaf-L4]
ok: [Border-Leaf1]
ok: [Border-Leaf2]

TASK [sonic_bgp_unnumbered : Ensure INTERFACE table entries exist for BGP peers (enables IPv6 LL)] *********************************************************
ok: [Spine-S2] => (item={'key': 'Ethernet0', 'value': {'speed': '40000', 'role': 'fabric', 'lanes': '65,66,67,68', 'index': '1', 'neighbor': 'Leaf-L1', 'rem_port': 'Ethernet64', 'neighbor_asn': 65011}})
ok: [Spine-S1] => (item={'key': 'Ethernet0', 'value': {'speed': '40000', 'role': 'fabric', 'lanes': '65,66,67,68', 'index': '1', 'neighbor': 'Leaf-L1', 'rem_port': 'Ethernet68', 'neighbor_asn': 65011}})
ok: [Leaf-L2] => (item={'key': 'Ethernet68', 'value': {'speed': '40000', 'role': 'fabric', 'lanes': '77,78,79,80', 'index': '54', 'neighbor': 'Spine-S1', 'rem_port': 'Ethernet4', 'neighbor_asn': 65000}})
ok: [Leaf-L1] => (item={'key': 'Ethernet68', 'value': {'speed': '40000', 'role': 'fabric', 'lanes': '77,78,79,80', 'index': '54', 'neighbor': 'Spine-S1', 'rem_port': 'Ethernet0', 'neighbor_asn': 65000}})
ok: [Leaf-L3] => (item={'key': 'Ethernet124', 'value': {'speed': '40000', 'role': 'fabric', 'lanes': '1,2,3,4', 'index': '32', 'neighbor': 'Spine-S1', 'rem_port': 'Ethernet8', 'neighbor_asn': 65000}})
ok: [Spine-S2] => (item={'key': 'Ethernet4', 'value': {'speed': '40000', 'role': 'fabric', 'lanes': '69,70,71,72', 'index': '2', 'neighbor': 'Leaf-L2', 'rem_port': 'Ethernet64', 'neighbor_asn': 65012}})
ok: [Leaf-L2] => (item={'key': 'Ethernet64', 'value': {'speed': '40000', 'role': 'fabric', 'lanes': '109,110,111,112', 'index': '53', 'neighbor': 'Spine-S2', 'rem_port': 'Ethernet4', 'neighbor_asn': 65000}})
ok: [Spine-S1] => (item={'key': 'Ethernet4', 'value': {'speed': '40000', 'role': 'fabric', 'lanes': '69,70,71,72', 'index': '2', 'neighbor': 'Leaf-L2', 'rem_port': 'Ethernet68', 'neighbor_asn': 65012}})
ok: [Leaf-L1] => (item={'key': 'Ethernet64', 'value': {'speed': '40000', 'role': 'fabric', 'lanes': '109,110,111,112', 'index': '53', 'neighbor': 'Spine-S2', 'rem_port': 'Ethernet0', 'neighbor_asn': 65000}})
ok: [Leaf-L3] => (item={'key': 'Ethernet120', 'value': {'speed': '40000', 'role': 'fabric', 'lanes': '5,6,7,8', 'index': '31', 'neighbor': 'Spine-S2', 'rem_port': 'Ethernet8', 'neighbor_asn': 65000}})
ok: [Spine-S2] => (item={'key': 'Ethernet8', 'value': {'speed': '40000', 'role': 'fabric', 'lanes': '73,74,75,76', 'index': '3', 'neighbor': 'Leaf-L3', 'rem_port': 'Ethernet120', 'neighbor_asn': 65021}})
ok: [Leaf-L4] => (item={'key': 'Ethernet124', 'value': {'speed': '40000', 'role': 'fabric', 'lanes': '1,2,3,4', 'index': '32', 'neighbor': 'Spine-S1', 'rem_port': 'Ethernet12', 'neighbor_asn': 65000}})
ok: [Spine-S2] => (item={'key': 'Ethernet12', 'value': {'speed': '40000', 'role': 'fabric', 'lanes': '77,78,79,80', 'index': '4', 'neighbor': 'Leaf-L4', 'rem_port': 'Ethernet120', 'neighbor_asn': 65022}})
ok: [Border-Leaf1] => (item={'key': 'Ethernet124', 'value': {'speed': '40000', 'role': 'fabric', 'lanes': '5,6,7,8', 'index': '36', 'neighbor': 'Spine-S1', 'rem_port': 'Ethernet16', 'neighbor_asn': 65000}})
ok: [Spine-S1] => (item={'key': 'Ethernet8', 'value': {'speed': '40000', 'role': 'fabric', 'lanes': '73,74,75,76', 'index': '3', 'neighbor': 'Leaf-L3', 'rem_port': 'Ethernet124', 'neighbor_asn': 65021}})
ok: [Border-Leaf2] => (item={'key': 'Ethernet124', 'value': {'speed': '40000', 'role': 'fabric', 'lanes': '5,6,7,8', 'index': '36', 'neighbor': 'Spine-S1', 'rem_port': 'Ethernet20', 'neighbor_asn': 65000}})
ok: [Leaf-L4] => (item={'key': 'Ethernet120', 'value': {'speed': '40000', 'role': 'fabric', 'lanes': '5,6,7,8', 'index': '31', 'neighbor': 'Spine-S2', 'rem_port': 'Ethernet12', 'neighbor_asn': 65000}})
ok: [Spine-S2] => (item={'key': 'Ethernet16', 'value': {'speed': '40000', 'role': 'fabric', 'lanes': '33,34,35,36', 'index': '5', 'neighbor': 'Border-Leaf1', 'rem_port': 'Ethernet120', 'neighbor_asn': 65031}})
ok: [Border-Leaf1] => (item={'key': 'Ethernet120', 'value': {'speed': '40000', 'role': 'fabric', 'lanes': '1,2,3,4', 'index': '35', 'neighbor': 'Spine-S2', 'rem_port': 'Ethernet16', 'neighbor_asn': 65000}})
ok: [Spine-S1] => (item={'key': 'Ethernet12', 'value': {'speed': '40000', 'role': 'fabric', 'lanes': '77,78,79,80', 'index': '4', 'neighbor': 'Leaf-L4', 'rem_port': 'Ethernet124', 'neighbor_asn': 65022}})
ok: [Border-Leaf2] => (item={'key': 'Ethernet120', 'value': {'speed': '40000', 'role': 'fabric', 'lanes': '1,2,3,4', 'index': '35', 'neighbor': 'Spine-S2', 'rem_port': 'Ethernet20', 'neighbor_asn': 65000}})
ok: [Spine-S2] => (item={'key': 'Ethernet20', 'value': {'speed': '40000', 'role': 'fabric', 'lanes': '37,38,39,40', 'index': '6', 'neighbor': 'Border-Leaf2', 'rem_port': 'Ethernet120', 'neighbor_asn': 65032}})
ok: [Spine-S1] => (item={'key': 'Ethernet16', 'value': {'speed': '40000', 'role': 'fabric', 'lanes': '33,34,35,36', 'index': '5', 'neighbor': 'Border-Leaf1', 'rem_port': 'Ethernet124', 'neighbor_asn': 65031}})
ok: [Spine-S1] => (item={'key': 'Ethernet20', 'value': {'speed': '40000', 'role': 'fabric', 'lanes': '37,38,39,40', 'index': '6', 'neighbor': 'Border-Leaf2', 'rem_port': 'Ethernet124', 'neighbor_asn': 65032}})

TASK [sonic_bgp_unnumbered : Ensure INTERFACE entries for access BGP peers] ********************************************************************************
skipping: [Spine-S2]
skipping: [Spine-S1]
ok: [Leaf-L2] => (item={'key': 'Ethernet0', 'value': {'speed': '10000', 'role': 'server_access', 'lanes': '13', 'index': '1', 'peer': 'Host12-1', 'neighbor_asn': 65211}})
ok: [Leaf-L1] => (item={'key': 'Ethernet0', 'value': {'speed': '10000', 'role': 'server_access', 'lanes': '13', 'index': '1', 'peer': 'Host12-1', 'neighbor_asn': 65211}})
ok: [Border-Leaf1] => (item={'key': 'Ethernet0', 'value': {'speed': '10000', 'role': 'isp_uplink', 'lanes': '9', 'index': '5', 'peer': 'Exit-Router1', 'neighbor_asn': 65251}})
ok: [Leaf-L4] => (item={'key': 'Ethernet0', 'value': {'speed': '10000', 'role': 'server_access', 'lanes': '125', 'index': '1', 'peer': 'Host34-1', 'neighbor_asn': 65221}})
ok: [Leaf-L3] => (item={'key': 'Ethernet0', 'value': {'speed': '10000', 'role': 'server_access', 'lanes': '125', 'index': '1', 'peer': 'Host34-1', 'neighbor_asn': 65221}})
ok: [Leaf-L2] => (item={'key': 'Ethernet1', 'value': {'speed': '10000', 'role': 'server_access', 'lanes': '14', 'index': '2', 'peer': 'Host12-2', 'neighbor_asn': 65212}})
ok: [Leaf-L1] => (item={'key': 'Ethernet1', 'value': {'speed': '10000', 'role': 'server_access', 'lanes': '14', 'index': '2', 'peer': 'Host12-2', 'neighbor_asn': 65212}})
ok: [Leaf-L4] => (item={'key': 'Ethernet1', 'value': {'speed': '10000', 'role': 'server_access', 'lanes': '126', 'index': '1', 'peer': 'Host34-2', 'neighbor_asn': 65222}})
ok: [Border-Leaf1] => (item={'key': 'Ethernet1', 'value': {'speed': '10000', 'role': 'isp_uplink', 'lanes': '10', 'index': '5', 'peer': 'Exit-Router2', 'neighbor_asn': 65252}})
ok: [Leaf-L3] => (item={'key': 'Ethernet1', 'value': {'speed': '10000', 'role': 'server_access', 'lanes': '126', 'index': '1', 'peer': 'Host34-2', 'neighbor_asn': 65222}})
ok: [Leaf-L1] => (item={'key': 'Ethernet2', 'value': {'speed': '10000', 'role': 'server_access', 'lanes': '15', 'index': '3', 'peer': 'Host12-3', 'neighbor_asn': 65213}})
ok: [Leaf-L2] => (item={'key': 'Ethernet2', 'value': {'speed': '10000', 'role': 'server_access', 'lanes': '15', 'index': '3', 'peer': 'Host12-3', 'neighbor_asn': 65213}})
ok: [Leaf-L4] => (item={'key': 'Ethernet2', 'value': {'speed': '10000', 'role': 'monitor_access', 'lanes': '127', 'index': '1', 'peer': 'MonSrv', 'neighbor_asn': 65223}})
skipping: [Leaf-L4] => (item={'key': 'Ethernet3', 'value': {'speed': '10000', 'role': 'unused_breakout', 'lanes': '128', 'index': '1', 'peer': 'None'}})
ok: [Leaf-L3] => (item={'key': 'Ethernet2', 'value': {'speed': '10000', 'role': 'monitor_access', 'lanes': '127', 'index': '1', 'peer': 'MonSrv', 'neighbor_asn': 65223}})
skipping: [Leaf-L3] => (item={'key': 'Ethernet3', 'value': {'speed': '10000', 'role': 'unused_breakout', 'lanes': '128', 'index': '1', 'peer': 'None'}})
ok: [Border-Leaf1] => (item={'key': 'Ethernet2', 'value': {'speed': '10000', 'role': 'server_access', 'lanes': '11', 'index': '5', 'peer': 'HostB12-1', 'neighbor_asn': 65231}})
ok: [Border-Leaf2] => (item={'key': 'Ethernet0', 'value': {'speed': '10000', 'role': 'edge_uplink', 'lanes': '9', 'index': '5', 'peer': 'Exit-Router2', 'neighbor_asn': 65252}})
ok: [Border-Leaf1] => (item={'key': 'Ethernet3', 'value': {'speed': '10000', 'role': 'server_access', 'lanes': '12', 'index': '5', 'peer': 'HostB12-2', 'neighbor_asn': 65232}})
ok: [Border-Leaf2] => (item={'key': 'Ethernet1', 'value': {'speed': '10000', 'role': 'edge_uplink', 'lanes': '10', 'index': '5', 'peer': 'Exit-Router1', 'neighbor_asn': 65251}})
ok: [Border-Leaf2] => (item={'key': 'Ethernet2', 'value': {'speed': '10000', 'role': 'server_access', 'lanes': '11', 'index': '5', 'peer': 'HostB12-1', 'neighbor_asn': 65231}})
ok: [Border-Leaf2] => (item={'key': 'Ethernet3', 'value': {'speed': '10000', 'role': 'server_access', 'lanes': '12', 'index': '5', 'peer': 'HostB12-2', 'neighbor_asn': 65232}})

TASK [sonic_bgp_unnumbered : Enable IPv6 on all BGP interfaces via sysctl] *********************************************************************************
ok: [Spine-S1]
ok: [Spine-S2]
ok: [Leaf-L1]
ok: [Leaf-L2]
ok: [Leaf-L3]
ok: [Leaf-L4]
ok: [Border-Leaf1]
ok: [Border-Leaf2]

TASK [sonic_bgp_unnumbered : Wait for IPv6 link-local addresses to appear] *********************************************************************************
ok: [Spine-S2]
ok: [Spine-S1]
ok: [Leaf-L1]
ok: [Leaf-L2]
ok: [Leaf-L3]
ok: [Leaf-L4]
ok: [Border-Leaf1]
ok: [Border-Leaf2]

TASK [sonic_bgp_unnumbered : Program BGP_GLOBALS (creates BGP instance)] ***********************************************************************************
ok: [Spine-S2]
ok: [Spine-S1]
ok: [Leaf-L1]
ok: [Leaf-L3]
ok: [Leaf-L2]
ok: [Border-Leaf1]
ok: [Leaf-L4]
ok: [Border-Leaf2]

TASK [sonic_bgp_unnumbered : Program BGP_GLOBALS_AF for IPv4 unicast] **************************************************************************************
ok: [Spine-S2]
ok: [Spine-S1]
ok: [Leaf-L2]
ok: [Leaf-L3]
ok: [Leaf-L1]
ok: [Border-Leaf1]
ok: [Leaf-L4]
ok: [Border-Leaf2]

TASK [sonic_bgp_unnumbered : Program BGP_GLOBALS_AF for IPv6 unicast] **************************************************************************************
ok: [Spine-S2]
ok: [Spine-S1]
ok: [Leaf-L1]
ok: [Leaf-L2]
ok: [Leaf-L3]
ok: [Leaf-L4]
ok: [Border-Leaf1]
ok: [Border-Leaf2]

TASK [sonic_bgp_unnumbered : Redistribute connected routes into BGP (IPv4)] ********************************************************************************
ok: [Spine-S1]
ok: [Leaf-L1]
ok: [Leaf-L2]
ok: [Leaf-L3]
ok: [Spine-S2]
ok: [Leaf-L4]
ok: [Border-Leaf1]
ok: [Border-Leaf2]

TASK [sonic_bgp_unnumbered : Redistribute connected routes into BGP (IPv6)] ********************************************************************************
ok: [Spine-S1]
ok: [Spine-S2]
ok: [Leaf-L1]
ok: [Leaf-L2]
ok: [Leaf-L3]
ok: [Leaf-L4]
ok: [Border-Leaf1]
ok: [Border-Leaf2]

TASK [sonic_bgp_unnumbered : Remove stale BGP_NEIGHBOR entries] ********************************************************************************************
ok: [Spine-S2]
ok: [Leaf-L2]
ok: [Spine-S1]
ok: [Leaf-L1]
ok: [Leaf-L3]
ok: [Leaf-L4]
ok: [Border-Leaf1]
ok: [Border-Leaf2]

TASK [sonic_bgp_unnumbered : Remove stale BGP_NEIGHBOR_AF entries] *****************************************************************************************
ok: [Spine-S1]
ok: [Spine-S2]
ok: [Leaf-L1]
ok: [Leaf-L2]
ok: [Leaf-L3]
ok: [Leaf-L4]
ok: [Border-Leaf1]
ok: [Border-Leaf2]

TASK [sonic_bgp_unnumbered : Program BGP_NEIGHBOR for each interface] **************************************************************************************
ok: [Spine-S2] => (item={'key': 'Ethernet0', 'value': {'asn': '65011', 'name': 'Leaf-L1'}})
ok: [Spine-S1] => (item={'key': 'Ethernet0', 'value': {'asn': '65011', 'name': 'Leaf-L1'}})
ok: [Leaf-L1] => (item={'key': 'Ethernet68', 'value': {'asn': '65000', 'name': 'Spine-S1'}})
ok: [Leaf-L2] => (item={'key': 'Ethernet68', 'value': {'asn': '65000', 'name': 'Spine-S1'}})
ok: [Leaf-L3] => (item={'key': 'Ethernet124', 'value': {'asn': '65000', 'name': 'Spine-S1'}})
ok: [Spine-S2] => (item={'key': 'Ethernet4', 'value': {'asn': '65012', 'name': 'Leaf-L2'}})
ok: [Leaf-L1] => (item={'key': 'Ethernet64', 'value': {'asn': '65000', 'name': 'Spine-S2'}})
ok: [Spine-S1] => (item={'key': 'Ethernet4', 'value': {'asn': '65012', 'name': 'Leaf-L2'}})
ok: [Leaf-L2] => (item={'key': 'Ethernet64', 'value': {'asn': '65000', 'name': 'Spine-S2'}})
ok: [Leaf-L3] => (item={'key': 'Ethernet120', 'value': {'asn': '65000', 'name': 'Spine-S2'}})
ok: [Spine-S2] => (item={'key': 'Ethernet8', 'value': {'asn': '65021', 'name': 'Leaf-L3'}})
ok: [Leaf-L1] => (item={'key': 'Ethernet0', 'value': {'asn': '65211', 'name': 'Host12-1'}})
ok: [Spine-S1] => (item={'key': 'Ethernet8', 'value': {'asn': '65021', 'name': 'Leaf-L3'}})
ok: [Leaf-L2] => (item={'key': 'Ethernet0', 'value': {'asn': '65211', 'name': 'Host12-1'}})
ok: [Leaf-L3] => (item={'key': 'Ethernet0', 'value': {'asn': '65221', 'name': 'Host34-1'}})
ok: [Spine-S2] => (item={'key': 'Ethernet12', 'value': {'asn': '65022', 'name': 'Leaf-L4'}})
ok: [Leaf-L1] => (item={'key': 'Ethernet1', 'value': {'asn': '65212', 'name': 'Host12-2'}})
ok: [Spine-S1] => (item={'key': 'Ethernet12', 'value': {'asn': '65022', 'name': 'Leaf-L4'}})
ok: [Leaf-L2] => (item={'key': 'Ethernet1', 'value': {'asn': '65212', 'name': 'Host12-2'}})
ok: [Leaf-L3] => (item={'key': 'Ethernet1', 'value': {'asn': '65222', 'name': 'Host34-2'}})
ok: [Spine-S2] => (item={'key': 'Ethernet16', 'value': {'asn': '65031', 'name': 'Border-Leaf1'}})
ok: [Leaf-L1] => (item={'key': 'Ethernet2', 'value': {'asn': '65213', 'name': 'Host12-3'}})
ok: [Leaf-L2] => (item={'key': 'Ethernet2', 'value': {'asn': '65213', 'name': 'Host12-3'}})
ok: [Spine-S1] => (item={'key': 'Ethernet16', 'value': {'asn': '65031', 'name': 'Border-Leaf1'}})
ok: [Leaf-L3] => (item={'key': 'Ethernet2', 'value': {'asn': '65223', 'name': 'MonSrv'}})
ok: [Spine-S2] => (item={'key': 'Ethernet20', 'value': {'asn': '65032', 'name': 'Border-Leaf2'}})
ok: [Leaf-L4] => (item={'key': 'Ethernet124', 'value': {'asn': '65000', 'name': 'Spine-S1'}})
ok: [Spine-S1] => (item={'key': 'Ethernet20', 'value': {'asn': '65032', 'name': 'Border-Leaf2'}})
ok: [Border-Leaf1] => (item={'key': 'Ethernet124', 'value': {'asn': '65000', 'name': 'Spine-S1'}})
ok: [Border-Leaf2] => (item={'key': 'Ethernet124', 'value': {'asn': '65000', 'name': 'Spine-S1'}})
ok: [Leaf-L4] => (item={'key': 'Ethernet120', 'value': {'asn': '65000', 'name': 'Spine-S2'}})
ok: [Border-Leaf1] => (item={'key': 'Ethernet120', 'value': {'asn': '65000', 'name': 'Spine-S2'}})
ok: [Border-Leaf2] => (item={'key': 'Ethernet120', 'value': {'asn': '65000', 'name': 'Spine-S2'}})
ok: [Leaf-L4] => (item={'key': 'Ethernet0', 'value': {'asn': '65221', 'name': 'Host34-1'}})
ok: [Border-Leaf1] => (item={'key': 'Ethernet0', 'value': {'asn': '65251', 'name': 'Exit-Router1'}})
ok: [Border-Leaf2] => (item={'key': 'Ethernet0', 'value': {'asn': '65252', 'name': 'Exit-Router2'}})
ok: [Leaf-L4] => (item={'key': 'Ethernet1', 'value': {'asn': '65222', 'name': 'Host34-2'}})
ok: [Border-Leaf2] => (item={'key': 'Ethernet1', 'value': {'asn': '65251', 'name': 'Exit-Router1'}})
ok: [Border-Leaf1] => (item={'key': 'Ethernet1', 'value': {'asn': '65252', 'name': 'Exit-Router2'}})
ok: [Leaf-L4] => (item={'key': 'Ethernet2', 'value': {'asn': '65223', 'name': 'MonSrv'}})
ok: [Border-Leaf2] => (item={'key': 'Ethernet2', 'value': {'asn': '65231', 'name': 'HostB12-1'}})
ok: [Border-Leaf1] => (item={'key': 'Ethernet2', 'value': {'asn': '65231', 'name': 'HostB12-1'}})
ok: [Border-Leaf2] => (item={'key': 'Ethernet3', 'value': {'asn': '65232', 'name': 'HostB12-2'}})
ok: [Border-Leaf1] => (item={'key': 'Ethernet3', 'value': {'asn': '65232', 'name': 'HostB12-2'}})

TASK [sonic_bgp_unnumbered : Activate BGP neighbor address families] ***************************************************************************************
ok: [Leaf-L1] => (item={'key': 'Ethernet68', 'value': {'asn': '65000', 'name': 'Spine-S1'}})
ok: [Spine-S1] => (item={'key': 'Ethernet0', 'value': {'asn': '65011', 'name': 'Leaf-L1'}})
ok: [Leaf-L2] => (item={'key': 'Ethernet68', 'value': {'asn': '65000', 'name': 'Spine-S1'}})
ok: [Leaf-L3] => (item={'key': 'Ethernet124', 'value': {'asn': '65000', 'name': 'Spine-S1'}})
ok: [Spine-S2] => (item={'key': 'Ethernet0', 'value': {'asn': '65011', 'name': 'Leaf-L1'}})
ok: [Leaf-L1] => (item={'key': 'Ethernet64', 'value': {'asn': '65000', 'name': 'Spine-S2'}})
ok: [Spine-S1] => (item={'key': 'Ethernet4', 'value': {'asn': '65012', 'name': 'Leaf-L2'}})
ok: [Leaf-L2] => (item={'key': 'Ethernet64', 'value': {'asn': '65000', 'name': 'Spine-S2'}})
ok: [Leaf-L3] => (item={'key': 'Ethernet120', 'value': {'asn': '65000', 'name': 'Spine-S2'}})
ok: [Spine-S2] => (item={'key': 'Ethernet4', 'value': {'asn': '65012', 'name': 'Leaf-L2'}})
ok: [Leaf-L1] => (item={'key': 'Ethernet0', 'value': {'asn': '65211', 'name': 'Host12-1'}})
ok: [Leaf-L2] => (item={'key': 'Ethernet0', 'value': {'asn': '65211', 'name': 'Host12-1'}})
ok: [Leaf-L3] => (item={'key': 'Ethernet0', 'value': {'asn': '65221', 'name': 'Host34-1'}})
ok: [Spine-S2] => (item={'key': 'Ethernet8', 'value': {'asn': '65021', 'name': 'Leaf-L3'}})
ok: [Spine-S1] => (item={'key': 'Ethernet8', 'value': {'asn': '65021', 'name': 'Leaf-L3'}})
ok: [Leaf-L1] => (item={'key': 'Ethernet1', 'value': {'asn': '65212', 'name': 'Host12-2'}})
ok: [Leaf-L2] => (item={'key': 'Ethernet1', 'value': {'asn': '65212', 'name': 'Host12-2'}})
ok: [Leaf-L3] => (item={'key': 'Ethernet1', 'value': {'asn': '65222', 'name': 'Host34-2'}})
ok: [Spine-S2] => (item={'key': 'Ethernet12', 'value': {'asn': '65022', 'name': 'Leaf-L4'}})
ok: [Spine-S1] => (item={'key': 'Ethernet12', 'value': {'asn': '65022', 'name': 'Leaf-L4'}})
ok: [Leaf-L1] => (item={'key': 'Ethernet2', 'value': {'asn': '65213', 'name': 'Host12-3'}})
ok: [Leaf-L2] => (item={'key': 'Ethernet2', 'value': {'asn': '65213', 'name': 'Host12-3'}})
ok: [Leaf-L3] => (item={'key': 'Ethernet2', 'value': {'asn': '65223', 'name': 'MonSrv'}})
ok: [Spine-S2] => (item={'key': 'Ethernet16', 'value': {'asn': '65031', 'name': 'Border-Leaf1'}})
ok: [Spine-S1] => (item={'key': 'Ethernet16', 'value': {'asn': '65031', 'name': 'Border-Leaf1'}})
ok: [Leaf-L4] => (item={'key': 'Ethernet124', 'value': {'asn': '65000', 'name': 'Spine-S1'}})
ok: [Border-Leaf1] => (item={'key': 'Ethernet124', 'value': {'asn': '65000', 'name': 'Spine-S1'}})
ok: [Spine-S2] => (item={'key': 'Ethernet20', 'value': {'asn': '65032', 'name': 'Border-Leaf2'}})
ok: [Spine-S1] => (item={'key': 'Ethernet20', 'value': {'asn': '65032', 'name': 'Border-Leaf2'}})
ok: [Border-Leaf2] => (item={'key': 'Ethernet124', 'value': {'asn': '65000', 'name': 'Spine-S1'}})
ok: [Leaf-L4] => (item={'key': 'Ethernet120', 'value': {'asn': '65000', 'name': 'Spine-S2'}})
ok: [Border-Leaf1] => (item={'key': 'Ethernet120', 'value': {'asn': '65000', 'name': 'Spine-S2'}})
ok: [Border-Leaf2] => (item={'key': 'Ethernet120', 'value': {'asn': '65000', 'name': 'Spine-S2'}})
ok: [Border-Leaf1] => (item={'key': 'Ethernet0', 'value': {'asn': '65251', 'name': 'Exit-Router1'}})
ok: [Leaf-L4] => (item={'key': 'Ethernet0', 'value': {'asn': '65221', 'name': 'Host34-1'}})
ok: [Border-Leaf2] => (item={'key': 'Ethernet0', 'value': {'asn': '65252', 'name': 'Exit-Router2'}})
ok: [Border-Leaf1] => (item={'key': 'Ethernet1', 'value': {'asn': '65252', 'name': 'Exit-Router2'}})
ok: [Leaf-L4] => (item={'key': 'Ethernet1', 'value': {'asn': '65222', 'name': 'Host34-2'}})
ok: [Border-Leaf2] => (item={'key': 'Ethernet1', 'value': {'asn': '65251', 'name': 'Exit-Router1'}})
ok: [Border-Leaf1] => (item={'key': 'Ethernet2', 'value': {'asn': '65231', 'name': 'HostB12-1'}})
ok: [Leaf-L4] => (item={'key': 'Ethernet2', 'value': {'asn': '65223', 'name': 'MonSrv'}})
ok: [Border-Leaf2] => (item={'key': 'Ethernet2', 'value': {'asn': '65231', 'name': 'HostB12-1'}})
ok: [Border-Leaf1] => (item={'key': 'Ethernet3', 'value': {'asn': '65232', 'name': 'HostB12-2'}})
ok: [Border-Leaf2] => (item={'key': 'Ethernet3', 'value': {'asn': '65232', 'name': 'HostB12-2'}})

TASK [sonic_bgp_unnumbered : Enable BGP feature] ***********************************************************************************************************
ok: [Spine-S1]
ok: [Spine-S2]
ok: [Leaf-L1]
ok: [Leaf-L2]
ok: [Leaf-L3]
ok: [Leaf-L4]
ok: [Border-Leaf1]
ok: [Border-Leaf2]

TASK [sonic_bgp_unnumbered : Save SONiC config after BGP programming] **************************************************************************************
ok: [Spine-S2]
ok: [Leaf-L1]
ok: [Spine-S1]
ok: [Leaf-L2]
ok: [Leaf-L3]
ok: [Leaf-L4]
ok: [Border-Leaf1]
ok: [Border-Leaf2]

TASK [sonic_bgp_unnumbered : Restart BGP container to re-sync frrcfgd with CONFIG_DB] **********************************************************************
ok: [Leaf-L2]
ok: [Leaf-L3]
ok: [Spine-S2]
ok: [Spine-S1]
ok: [Leaf-L1]
ok: [Leaf-L4]
ok: [Border-Leaf1]
ok: [Border-Leaf2]

TASK [sonic_bgp_unnumbered : Wait for BGP container to be ready] *******************************************************************************************
ok: [Spine-S2]
ok: [Spine-S1]
ok: [Leaf-L1]
ok: [Leaf-L3]
ok: [Leaf-L2]
ok: [Leaf-L4]
ok: [Border-Leaf2]
ok: [Border-Leaf1]

PLAY RECAP *************************************************************************************************************************************************
Border-Leaf1               : ok=22   changed=0    unreachable=0    failed=0    skipped=0    rescued=0    ignored=0
Border-Leaf2               : ok=22   changed=0    unreachable=0    failed=0    skipped=0    rescued=0    ignored=0
Leaf-L1                    : ok=22   changed=0    unreachable=0    failed=0    skipped=0    rescued=0    ignored=0
Leaf-L2                    : ok=22   changed=0    unreachable=0    failed=0    skipped=0    rescued=0    ignored=0
Leaf-L3                    : ok=22   changed=0    unreachable=0    failed=0    skipped=0    rescued=0    ignored=0
Leaf-L4                    : ok=22   changed=0    unreachable=0    failed=0    skipped=0    rescued=0    ignored=0
Spine-S1                   : ok=20   changed=0    unreachable=0    failed=0    skipped=2    rescued=0    ignored=0
Spine-S2                   : ok=20   changed=0    unreachable=0    failed=0    skipped=2    rescued=0    ignored=0

(venv) nh1221@Lab-ControlNode:/mnt/c/Users/nh1221/dc_lab/clab/sonic-clab$ ansible-playbook playbooks/linux-netplan-stages.yml

PLAY [Stage 1 - Linux management subnet netplan] ***********************************************************************************************************

TASK [Gathering Facts] *************************************************************************************************************************************
[WARNING]: Host 'Host34-2' is using the discovered Python interpreter at '/usr/bin/python3.14', but future installation of another Python interpreter could cause a different interpreter to be discovered. See https://docs.ansible.com/ansible-core/2.20/reference_appendices/interpreter_discovery.html for more information.
ok: [Host34-2]
[WARNING]: Host 'Host12-3' is using the discovered Python interpreter at '/usr/bin/python3.14', but future installation of another Python interpreter could cause a different interpreter to be discovered. See https://docs.ansible.com/ansible-core/2.20/reference_appendices/interpreter_discovery.html for more information.
ok: [Host12-3]
[WARNING]: Host 'Host34-1' is using the discovered Python interpreter at '/usr/bin/python3.14', but future installation of another Python interpreter could cause a different interpreter to be discovered. See https://docs.ansible.com/ansible-core/2.20/reference_appendices/interpreter_discovery.html for more information.
ok: [Host34-1]
[WARNING]: Host 'Host12-2' is using the discovered Python interpreter at '/usr/bin/python3.14', but future installation of another Python interpreter could cause a different interpreter to be discovered. See https://docs.ansible.com/ansible-core/2.20/reference_appendices/interpreter_discovery.html for more information.
ok: [Host12-2]
[WARNING]: Host 'Host12-1' is using the discovered Python interpreter at '/usr/bin/python3.14', but future installation of another Python interpreter could cause a different interpreter to be discovered. See https://docs.ansible.com/ansible-core/2.20/reference_appendices/interpreter_discovery.html for more information.
ok: [Host12-1]
[WARNING]: Host 'HostB12-1' is using the discovered Python interpreter at '/usr/bin/python3.14', but future installation of another Python interpreter could cause a different interpreter to be discovered. See https://docs.ansible.com/ansible-core/2.20/reference_appendices/interpreter_discovery.html for more information.
ok: [HostB12-1]
[WARNING]: Host 'MonSrv' is using the discovered Python interpreter at '/usr/bin/python3.14', but future installation of another Python interpreter could cause a different interpreter to be discovered. See https://docs.ansible.com/ansible-core/2.20/reference_appendices/interpreter_discovery.html for more information.
ok: [MonSrv]
[WARNING]: Host 'HostB12-2' is using the discovered Python interpreter at '/usr/bin/python3.14', but future installation of another Python interpreter could cause a different interpreter to be discovered. See https://docs.ansible.com/ansible-core/2.20/reference_appendices/interpreter_discovery.html for more information.
ok: [HostB12-2]

TASK [linux_netplan_staged : Assert stage variable is valid] ***********************************************************************************************
ok: [Host12-1] => {
    "changed": false,
    "msg": "All assertions passed"
}
ok: [Host12-2] => {
    "changed": false,
    "msg": "All assertions passed"
}
ok: [Host12-3] => {
    "changed": false,
    "msg": "All assertions passed"
}
ok: [Host34-1] => {
    "changed": false,
    "msg": "All assertions passed"
}
ok: [Host34-2] => {
    "changed": false,
    "msg": "All assertions passed"
}
ok: [MonSrv] => {
    "changed": false,
    "msg": "All assertions passed"
}
ok: [HostB12-1] => {
    "changed": false,
    "msg": "All assertions passed"
}
ok: [HostB12-2] => {
    "changed": false,
    "msg": "All assertions passed"
}

TASK [linux_netplan_staged : Assert management vars for stage 1] *******************************************************************************************
ok: [Host12-1] => {
    "changed": false,
    "msg": "All assertions passed"
}
ok: [Host12-2] => {
    "changed": false,
    "msg": "All assertions passed"
}
ok: [Host12-3] => {
    "changed": false,
    "msg": "All assertions passed"
}
ok: [Host34-1] => {
    "changed": false,
    "msg": "All assertions passed"
}
ok: [Host34-2] => {
    "changed": false,
    "msg": "All assertions passed"
}
ok: [MonSrv] => {
    "changed": false,
    "msg": "All assertions passed"
}
ok: [HostB12-1] => {
    "changed": false,
    "msg": "All assertions passed"
}
ok: [HostB12-2] => {
    "changed": false,
    "msg": "All assertions passed"
}

TASK [linux_netplan_staged : Assert ceph vars for stage 3] *************************************************************************************************
skipping: [Host12-1]
skipping: [Host12-2]
skipping: [Host12-3]
skipping: [Host34-1]
skipping: [Host34-2]
skipping: [MonSrv]
skipping: [HostB12-1]
skipping: [HostB12-2]

TASK [linux_netplan_staged : Deploy stage 1 management netplan] ********************************************************************************************
changed: [Host34-1]
changed: [Host12-3]
changed: [Host12-2]
changed: [Host34-2]
changed: [Host12-1]
changed: [MonSrv]
changed: [HostB12-1]
changed: [HostB12-2]

TASK [linux_netplan_staged : Apply stage 1 management netplan] *********************************************************************************************
changed: [Host34-1]
changed: [Host12-1]
changed: [Host12-3]
changed: [Host12-2]
changed: [Host34-2]
changed: [MonSrv]
changed: [HostB12-2]
changed: [HostB12-1]

TASK [linux_netplan_staged : Deploy stage 2 multihoming netplan] *******************************************************************************************
skipping: [Host12-1]
skipping: [Host12-2]
skipping: [Host12-3]
skipping: [Host34-1]
skipping: [Host34-2]
skipping: [MonSrv]
skipping: [HostB12-1]
skipping: [HostB12-2]

TASK [linux_netplan_staged : Apply stage 2 multihoming netplan] ********************************************************************************************
skipping: [Host12-1]
skipping: [Host12-2]
skipping: [Host12-3]
skipping: [Host34-1]
skipping: [Host34-2]
skipping: [MonSrv]
skipping: [HostB12-1]
skipping: [HostB12-2]

TASK [linux_netplan_staged : Deploy stage 3 ceph dummy netplan] ********************************************************************************************
skipping: [Host12-1]
skipping: [Host12-2]
skipping: [Host12-3]
skipping: [Host34-1]
skipping: [Host34-2]
skipping: [MonSrv]
skipping: [HostB12-1]
skipping: [HostB12-2]

TASK [linux_netplan_staged : Apply stage 3 ceph dummy netplan] *********************************************************************************************
skipping: [Host12-1]
skipping: [Host12-2]
skipping: [Host12-3]
skipping: [Host34-1]
skipping: [Host34-2]
skipping: [MonSrv]
skipping: [HostB12-1]
skipping: [HostB12-2]

PLAY [Stage 2 - Linux server multihoming netplan] **********************************************************************************************************

TASK [Gathering Facts] *************************************************************************************************************************************
ok: [Host12-1]
ok: [Host12-2]
ok: [Host12-3]
ok: [Host34-1]
ok: [Host34-2]
ok: [HostB12-1]
ok: [MonSrv]
ok: [HostB12-2]

TASK [linux_netplan_staged : Assert stage variable is valid] ***********************************************************************************************
ok: [Host12-1] => {
    "changed": false,
    "msg": "All assertions passed"
}
ok: [Host12-2] => {
    "changed": false,
    "msg": "All assertions passed"
}
ok: [Host12-3] => {
    "changed": false,
    "msg": "All assertions passed"
}
ok: [Host34-1] => {
    "changed": false,
    "msg": "All assertions passed"
}
ok: [Host34-2] => {
    "changed": false,
    "msg": "All assertions passed"
}
ok: [MonSrv] => {
    "changed": false,
    "msg": "All assertions passed"
}
ok: [HostB12-1] => {
    "changed": false,
    "msg": "All assertions passed"
}
ok: [HostB12-2] => {
    "changed": false,
    "msg": "All assertions passed"
}

TASK [linux_netplan_staged : Assert management vars for stage 1] *******************************************************************************************
skipping: [Host12-1]
skipping: [Host12-2]
skipping: [Host12-3]
skipping: [Host34-1]
skipping: [Host34-2]
skipping: [MonSrv]
skipping: [HostB12-1]
skipping: [HostB12-2]

TASK [linux_netplan_staged : Assert ceph vars for stage 3] *************************************************************************************************
skipping: [Host12-1]
skipping: [Host12-2]
skipping: [Host12-3]
skipping: [Host34-1]
skipping: [Host34-2]
skipping: [MonSrv]
skipping: [HostB12-1]
skipping: [HostB12-2]

TASK [linux_netplan_staged : Deploy stage 1 management netplan] ********************************************************************************************
skipping: [Host12-1]
skipping: [Host12-2]
skipping: [Host12-3]
skipping: [Host34-1]
skipping: [Host34-2]
skipping: [MonSrv]
skipping: [HostB12-1]
skipping: [HostB12-2]

TASK [linux_netplan_staged : Apply stage 1 management netplan] *********************************************************************************************
skipping: [Host12-1]
skipping: [Host12-2]
skipping: [Host12-3]
skipping: [Host34-1]
skipping: [Host34-2]
skipping: [MonSrv]
skipping: [HostB12-1]
skipping: [HostB12-2]

TASK [linux_netplan_staged : Deploy stage 2 multihoming netplan] *******************************************************************************************
changed: [Host12-3]
changed: [Host12-1]
changed: [Host34-2]
changed: [Host34-1]
changed: [Host12-2]
changed: [HostB12-1]
changed: [MonSrv]
changed: [HostB12-2]

TASK [linux_netplan_staged : Apply stage 2 multihoming netplan] ********************************************************************************************
changed: [Host12-2]
changed: [Host12-1]
changed: [Host34-2]
changed: [Host34-1]
changed: [Host12-3]
changed: [MonSrv]
changed: [HostB12-1]
changed: [HostB12-2]

TASK [linux_netplan_staged : Deploy stage 3 ceph dummy netplan] ********************************************************************************************
skipping: [Host12-1]
skipping: [Host12-2]
skipping: [Host12-3]
skipping: [Host34-1]
skipping: [Host34-2]
skipping: [MonSrv]
skipping: [HostB12-1]
skipping: [HostB12-2]

TASK [linux_netplan_staged : Apply stage 3 ceph dummy netplan] *********************************************************************************************
skipping: [Host12-1]
skipping: [Host12-2]
skipping: [Host12-3]
skipping: [Host34-1]
skipping: [Host34-2]
skipping: [MonSrv]
skipping: [HostB12-1]
skipping: [HostB12-2]

PLAY [Stage 3 - Linux ceph dummy interface netplan] ********************************************************************************************************

TASK [Gathering Facts] *************************************************************************************************************************************
ok: [Host12-2]
ok: [Host12-1]
ok: [Host12-3]
ok: [Host34-1]
ok: [Host34-2]
ok: [MonSrv]
ok: [HostB12-1]
ok: [HostB12-2]

TASK [linux_netplan_staged : Assert stage variable is valid] ***********************************************************************************************
ok: [Host12-1] => {
    "changed": false,
    "msg": "All assertions passed"
}
ok: [Host12-2] => {
    "changed": false,
    "msg": "All assertions passed"
}
ok: [Host12-3] => {
    "changed": false,
    "msg": "All assertions passed"
}
ok: [Host34-1] => {
    "changed": false,
    "msg": "All assertions passed"
}
ok: [Host34-2] => {
    "changed": false,
    "msg": "All assertions passed"
}
ok: [MonSrv] => {
    "changed": false,
    "msg": "All assertions passed"
}
ok: [HostB12-1] => {
    "changed": false,
    "msg": "All assertions passed"
}
ok: [HostB12-2] => {
    "changed": false,
    "msg": "All assertions passed"
}

TASK [linux_netplan_staged : Assert management vars for stage 1] *******************************************************************************************
skipping: [Host12-1]
skipping: [Host12-2]
skipping: [Host12-3]
skipping: [Host34-1]
skipping: [Host34-2]
skipping: [MonSrv]
skipping: [HostB12-1]
skipping: [HostB12-2]

TASK [linux_netplan_staged : Assert ceph vars for stage 3] *************************************************************************************************
ok: [Host12-1] => {
    "changed": false,
    "msg": "All assertions passed"
}
ok: [Host12-2] => {
    "changed": false,
    "msg": "All assertions passed"
}
ok: [Host12-3] => {
    "changed": false,
    "msg": "All assertions passed"
}
ok: [Host34-1] => {
    "changed": false,
    "msg": "All assertions passed"
}
ok: [Host34-2] => {
    "changed": false,
    "msg": "All assertions passed"
}
[ERROR]: Task failed: Action failed: Assertion failed
Origin: /mnt/c/Users/nh1221/dc_lab/clab/sonic-clab/roles/linux_netplan_staged/tasks/main.yml:14:3

12   when: netplan_stage == 'mgmt'
13
14 - name: Assert ceph vars for stage 3
     ^ column 3

fatal: [MonSrv]: FAILED! => {
    "assertion": "ceph_dummy_ip is defined",
    "changed": false,
    "evaluated_to": false,
    "msg": "Assertion failed"
}
ok: [HostB12-1] => {
    "changed": false,
    "msg": "All assertions passed"
}
ok: [HostB12-2] => {
    "changed": false,
    "msg": "All assertions passed"
}

TASK [linux_netplan_staged : Deploy stage 1 management netplan] ********************************************************************************************
skipping: [Host12-1]
skipping: [Host12-2]
skipping: [Host12-3]
skipping: [Host34-1]
skipping: [Host34-2]
skipping: [HostB12-1]
skipping: [HostB12-2]

TASK [linux_netplan_staged : Apply stage 1 management netplan] *********************************************************************************************
skipping: [Host12-1]
skipping: [Host12-2]
skipping: [Host12-3]
skipping: [Host34-1]
skipping: [Host34-2]
skipping: [HostB12-1]
skipping: [HostB12-2]

TASK [linux_netplan_staged : Deploy stage 2 multihoming netplan] *******************************************************************************************
skipping: [Host12-1]
skipping: [Host12-2]
skipping: [Host12-3]
skipping: [Host34-1]
skipping: [Host34-2]
skipping: [HostB12-1]
skipping: [HostB12-2]

TASK [linux_netplan_staged : Apply stage 2 multihoming netplan] ********************************************************************************************
skipping: [Host12-1]
skipping: [Host12-2]
skipping: [Host12-3]
skipping: [Host34-1]
skipping: [Host34-2]
skipping: [HostB12-1]
skipping: [HostB12-2]

TASK [linux_netplan_staged : Deploy stage 3 ceph dummy netplan] ********************************************************************************************
changed: [Host12-1]
changed: [Host34-2]
changed: [Host34-1]
changed: [Host12-3]
changed: [Host12-2]
changed: [HostB12-1]
changed: [HostB12-2]

TASK [linux_netplan_staged : Apply stage 3 ceph dummy netplan] *********************************************************************************************
[ERROR]: Task failed: Module failed: non-zero return code
Origin: /mnt/c/Users/nh1221/dc_lab/clab/sonic-clab/roles/linux_netplan_staged/tasks/main.yml:49:3

47   when: netplan_stage == 'ceph'
48
49 - name: Apply stage 3 ceph dummy netplan
     ^ column 3

fatal: [Host12-2]: FAILED! => {"changed": true, "cmd": ["netplan", "apply"], "delta": "0:00:00.300712", "end": "2026-08-07 02:55:27.312354", "msg": "non-zero return code", "rc": 78, "start": "2026-08-07 02:55:27.011642", "stderr": "\n** (configure:4200): WARNING **: 02:55:27.269: Permissions for /etc/netplan/01-mgmt.yaml are too open. Netplan configuration should NOT be accessible by others.\n\n** (configure:4200): WARNING **: 02:55:27.269: Permissions for /etc/netplan/20-multihoming.yaml are too open. Netplan configuration should NOT be accessible by others.\n\n** (configure:4200): WARNING **: 02:55:27.270: Permissions for /etc/netplan/30-ceph-dummy.yaml are too open. Netplan configuration should NOT be accessible by others.\n/etc/netplan/30-ceph-dummy.yaml:3:3: Error in network definition: unknown key 'dummies'\n  dummies:\n  ^", "stderr_lines": ["", "** (configure:4200): WARNING **: 02:55:27.269: Permissions for /etc/netplan/01-mgmt.yaml are too open. Netplan configuration should NOT be accessible by others.", "", "** (configure:4200): WARNING **: 02:55:27.269: Permissions for /etc/netplan/20-multihoming.yaml are too open. Netplan configuration should NOT be accessible by others.", "", "** (configure:4200): WARNING **: 02:55:27.270: Permissions for /etc/netplan/30-ceph-dummy.yaml are too open. Netplan configuration should NOT be accessible by others.", "/etc/netplan/30-ceph-dummy.yaml:3:3: Error in network definition: unknown key 'dummies'", "  dummies:", "  ^"], "stdout": "", "stdout_lines": []}
fatal: [Host34-2]: FAILED! => {"changed": true, "cmd": ["netplan", "apply"], "delta": "0:00:00.316650", "end": "2026-08-07 02:55:40.371403", "msg": "non-zero return code", "rc": 78, "start": "2026-08-07 02:55:40.054753", "stderr": "\n** (configure:4133): WARNING **: 02:55:40.326: Permissions for /etc/netplan/01-mgmt.yaml are too open. Netplan configuration should NOT be accessible by others.\n\n** (configure:4133): WARNING **: 02:55:40.327: Permissions for /etc/netplan/20-multihoming.yaml are too open. Netplan configuration should NOT be accessible by others.\n\n** (configure:4133): WARNING **: 02:55:40.327: Permissions for /etc/netplan/30-ceph-dummy.yaml are too open. Netplan configuration should NOT be accessible by others.\n/etc/netplan/30-ceph-dummy.yaml:3:3: Error in network definition: unknown key 'dummies'\n  dummies:\n  ^", "stderr_lines": ["", "** (configure:4133): WARNING **: 02:55:40.326: Permissions for /etc/netplan/01-mgmt.yaml are too open. Netplan configuration should NOT be accessible by others.", "", "** (configure:4133): WARNING **: 02:55:40.327: Permissions for /etc/netplan/20-multihoming.yaml are too open. Netplan configuration should NOT be accessible by others.", "", "** (configure:4133): WARNING **: 02:55:40.327: Permissions for /etc/netplan/30-ceph-dummy.yaml are too open. Netplan configuration should NOT be accessible by others.", "/etc/netplan/30-ceph-dummy.yaml:3:3: Error in network definition: unknown key 'dummies'", "  dummies:", "  ^"], "stdout": "", "stdout_lines": []}
fatal: [Host12-1]: FAILED! => {"changed": true, "cmd": ["netplan", "apply"], "delta": "0:00:00.425358", "end": "2026-08-07 02:55:40.597573", "msg": "non-zero return code", "rc": 78, "start": "2026-08-07 02:55:40.172215", "stderr": "\n** (configure:4208): WARNING **: 02:55:40.557: Permissions for /etc/netplan/01-mgmt.yaml are too open. Netplan configuration should NOT be accessible by others.\n\n** (configure:4208): WARNING **: 02:55:40.557: Permissions for /etc/netplan/20-multihoming.yaml are too open. Netplan configuration should NOT be accessible by others.\n\n** (configure:4208): WARNING **: 02:55:40.557: Permissions for /etc/netplan/30-ceph-dummy.yaml are too open. Netplan configuration should NOT be accessible by others.\n/etc/netplan/30-ceph-dummy.yaml:3:3: Error in network definition: unknown key 'dummies'\n  dummies:\n  ^", "stderr_lines": ["", "** (configure:4208): WARNING **: 02:55:40.557: Permissions for /etc/netplan/01-mgmt.yaml are too open. Netplan configuration should NOT be accessible by others.", "", "** (configure:4208): WARNING **: 02:55:40.557: Permissions for /etc/netplan/20-multihoming.yaml are too open. Netplan configuration should NOT be accessible by others.", "", "** (configure:4208): WARNING **: 02:55:40.557: Permissions for /etc/netplan/30-ceph-dummy.yaml are too open. Netplan configuration should NOT be accessible by others.", "/etc/netplan/30-ceph-dummy.yaml:3:3: Error in network definition: unknown key 'dummies'", "  dummies:", "  ^"], "stdout": "", "stdout_lines": []}
fatal: [Host12-3]: FAILED! => {"changed": true, "cmd": ["netplan", "apply"], "delta": "0:00:00.334521", "end": "2026-08-07 02:55:44.903489", "msg": "non-zero return code", "rc": 78, "start": "2026-08-07 02:55:44.568968", "stderr": "\n** (configure:4163): WARNING **: 02:55:44.859: Permissions for /etc/netplan/01-mgmt.yaml are too open. Netplan configuration should NOT be accessible by others.\n\n** (configure:4163): WARNING **: 02:55:44.859: Permissions for /etc/netplan/20-multihoming.yaml are too open. Netplan configuration should NOT be accessible by others.\n\n** (configure:4163): WARNING **: 02:55:44.859: Permissions for /etc/netplan/30-ceph-dummy.yaml are too open. Netplan configuration should NOT be accessible by others.\n/etc/netplan/30-ceph-dummy.yaml:3:3: Error in network definition: unknown key 'dummies'\n  dummies:\n  ^", "stderr_lines": ["", "** (configure:4163): WARNING **: 02:55:44.859: Permissions for /etc/netplan/01-mgmt.yaml are too open. Netplan configuration should NOT be accessible by others.", "", "** (configure:4163): WARNING **: 02:55:44.859: Permissions for /etc/netplan/20-multihoming.yaml are too open. Netplan configuration should NOT be accessible by others.", "", "** (configure:4163): WARNING **: 02:55:44.859: Permissions for /etc/netplan/30-ceph-dummy.yaml are too open. Netplan configuration should NOT be accessible by others.", "/etc/netplan/30-ceph-dummy.yaml:3:3: Error in network definition: unknown key 'dummies'", "  dummies:", "  ^"], "stdout": "", "stdout_lines": []}
fatal: [Host34-1]: FAILED! => {"changed": true, "cmd": ["netplan", "apply"], "delta": "0:00:00.324761", "end": "2026-08-07 02:55:46.167410", "msg": "non-zero return code", "rc": 78, "start": "2026-08-07 02:55:45.842649", "stderr": "\n** (configure:4124): WARNING **: 02:55:46.124: Permissions for /etc/netplan/01-mgmt.yaml are too open. Netplan configuration should NOT be accessible by others.\n\n** (configure:4124): WARNING **: 02:55:46.124: Permissions for /etc/netplan/20-multihoming.yaml are too open. Netplan configuration should NOT be accessible by others.\n\n** (configure:4124): WARNING **: 02:55:46.124: Permissions for /etc/netplan/30-ceph-dummy.yaml are too open. Netplan configuration should NOT be accessible by others.\n/etc/netplan/30-ceph-dummy.yaml:3:3: Error in network definition: unknown key 'dummies'\n  dummies:\n  ^", "stderr_lines": ["", "** (configure:4124): WARNING **: 02:55:46.124: Permissions for /etc/netplan/01-mgmt.yaml are too open. Netplan configuration should NOT be accessible by others.", "", "** (configure:4124): WARNING **: 02:55:46.124: Permissions for /etc/netplan/20-multihoming.yaml are too open. Netplan configuration should NOT be accessible by others.", "", "** (configure:4124): WARNING **: 02:55:46.124: Permissions for /etc/netplan/30-ceph-dummy.yaml are too open. Netplan configuration should NOT be accessible by others.", "/etc/netplan/30-ceph-dummy.yaml:3:3: Error in network definition: unknown key 'dummies'", "  dummies:", "  ^"], "stdout": "", "stdout_lines": []}
fatal: [HostB12-2]: FAILED! => {"changed": true, "cmd": ["netplan", "apply"], "delta": "0:00:00.302918", "end": "2026-08-07 02:55:54.219926", "msg": "non-zero return code", "rc": 78, "start": "2026-08-07 02:55:53.917008", "stderr": "\n** (configure:4173): WARNING **: 02:55:54.179: Permissions for /etc/netplan/01-mgmt.yaml are too open. Netplan configuration should NOT be accessible by others.\n\n** (configure:4173): WARNING **: 02:55:54.179: Permissions for /etc/netplan/20-multihoming.yaml are too open. Netplan configuration should NOT be accessible by others.\n\n** (configure:4173): WARNING **: 02:55:54.179: Permissions for /etc/netplan/30-ceph-dummy.yaml are too open. Netplan configuration should NOT be accessible by others.\n/etc/netplan/30-ceph-dummy.yaml:3:3: Error in network definition: unknown key 'dummies'\n  dummies:\n  ^", "stderr_lines": ["", "** (configure:4173): WARNING **: 02:55:54.179: Permissions for /etc/netplan/01-mgmt.yaml are too open. Netplan configuration should NOT be accessible by others.", "", "** (configure:4173): WARNING **: 02:55:54.179: Permissions for /etc/netplan/20-multihoming.yaml are too open. Netplan configuration should NOT be accessible by others.", "", "** (configure:4173): WARNING **: 02:55:54.179: Permissions for /etc/netplan/30-ceph-dummy.yaml are too open. Netplan configuration should NOT be accessible by others.", "/etc/netplan/30-ceph-dummy.yaml:3:3: Error in network definition: unknown key 'dummies'", "  dummies:", "  ^"], "stdout": "", "stdout_lines": []}
fatal: [HostB12-1]: FAILED! => {"changed": true, "cmd": ["netplan", "apply"], "delta": "0:00:00.301491", "end": "2026-08-07 02:55:56.530258", "msg": "non-zero return code", "rc": 78, "start": "2026-08-07 02:55:56.228767", "stderr": "\n** (configure:4176): WARNING **: 02:55:56.486: Permissions for /etc/netplan/01-mgmt.yaml are too open. Netplan configuration should NOT be accessible by others.\n\n** (configure:4176): WARNING **: 02:55:56.487: Permissions for /etc/netplan/20-multihoming.yaml are too open. Netplan configuration should NOT be accessible by others.\n\n** (configure:4176): WARNING **: 02:55:56.487: Permissions for /etc/netplan/30-ceph-dummy.yaml are too open. Netplan configuration should NOT be accessible by others.\n/etc/netplan/30-ceph-dummy.yaml:3:3: Error in network definition: unknown key 'dummies'\n  dummies:\n  ^", "stderr_lines": ["", "** (configure:4176): WARNING **: 02:55:56.486: Permissions for /etc/netplan/01-mgmt.yaml are too open. Netplan configuration should NOT be accessible by others.", "", "** (configure:4176): WARNING **: 02:55:56.487: Permissions for /etc/netplan/20-multihoming.yaml are too open. Netplan configuration should NOT be accessible by others.", "", "** (configure:4176): WARNING **: 02:55:56.487: Permissions for /etc/netplan/30-ceph-dummy.yaml are too open. Netplan configuration should NOT be accessible by others.", "/etc/netplan/30-ceph-dummy.yaml:3:3: Error in network definition: unknown key 'dummies'", "  dummies:", "  ^"], "stdout": "", "stdout_lines": []}

PLAY RECAP *************************************************************************************************************************************************
Host12-1                   : ok=13   changed=5    unreachable=0    failed=1    skipped=16   rescued=0    ignored=0
Host12-2                   : ok=13   changed=5    unreachable=0    failed=1    skipped=16   rescued=0    ignored=0
Host12-3                   : ok=13   changed=5    unreachable=0    failed=1    skipped=16   rescued=0    ignored=0
Host34-1                   : ok=13   changed=5    unreachable=0    failed=1    skipped=16   rescued=0    ignored=0
Host34-2                   : ok=13   changed=5    unreachable=0    failed=1    skipped=16   rescued=0    ignored=0
HostB12-1                  : ok=13   changed=5    unreachable=0    failed=1    skipped=16   rescued=0    ignored=0
HostB12-2                  : ok=13   changed=5    unreachable=0    failed=1    skipped=16   rescued=0    ignored=0
MonSrv                     : ok=11   changed=4    unreachable=0    failed=1    skipped=12   rescued=0    ignored=0

(venv) nh1221@Lab-ControlNode:/mnt/c/Users/nh1221/dc_lab/clab/sonic-clab$ ansible-playbook playbooks/linux-bgp.yml

PLAY [Configure eBGP unnumbered on Linux endpoint servers via FRR] *****************************************************************************************

TASK [linux_frr_bgp : Assert BGP vars are present] *********************************************************************************************************
ok: [Host12-1] => {
    "changed": false,
    "msg": "All assertions passed"
}
ok: [Host12-2] => {
    "changed": false,
    "msg": "All assertions passed"
}
ok: [Host12-3] => {
    "changed": false,
    "msg": "All assertions passed"
}
ok: [Host34-1] => {
    "changed": false,
    "msg": "All assertions passed"
}
ok: [Host34-2] => {
    "changed": false,
    "msg": "All assertions passed"
}
ok: [MonSrv] => {
    "changed": false,
    "msg": "All assertions passed"
}
ok: [HostB12-1] => {
    "changed": false,
    "msg": "All assertions passed"
}
ok: [HostB12-2] => {
    "changed": false,
    "msg": "All assertions passed"
}

TASK [linux_frr_bgp : Install FRR] *************************************************************************************************************************
[WARNING]: Host 'Host12-2' is using the discovered Python interpreter at '/usr/bin/python3.14', but future installation of another Python interpreter could cause a different interpreter to be discovered. See https://docs.ansible.com/ansible-core/2.20/reference_appendices/interpreter_discovery.html for more information.
changed: [Host12-2]
[WARNING]: Host 'Host12-1' is using the discovered Python interpreter at '/usr/bin/python3.14', but future installation of another Python interpreter could cause a different interpreter to be discovered. See https://docs.ansible.com/ansible-core/2.20/reference_appendices/interpreter_discovery.html for more information.
changed: [Host12-1]
[WARNING]: Host 'Host34-2' is using the discovered Python interpreter at '/usr/bin/python3.14', but future installation of another Python interpreter could cause a different interpreter to be discovered. See https://docs.ansible.com/ansible-core/2.20/reference_appendices/interpreter_discovery.html for more information.
changed: [Host34-2]
[WARNING]: Host 'Host12-3' is using the discovered Python interpreter at '/usr/bin/python3.14', but future installation of another Python interpreter could cause a different interpreter to be discovered. See https://docs.ansible.com/ansible-core/2.20/reference_appendices/interpreter_discovery.html for more information.
changed: [Host12-3]
[WARNING]: Host 'Host34-1' is using the discovered Python interpreter at '/usr/bin/python3.14', but future installation of another Python interpreter could cause a different interpreter to be discovered. See https://docs.ansible.com/ansible-core/2.20/reference_appendices/interpreter_discovery.html for more information.
changed: [Host34-1]
[WARNING]: Host 'HostB12-1' is using the discovered Python interpreter at '/usr/bin/python3.14', but future installation of another Python interpreter could cause a different interpreter to be discovered. See https://docs.ansible.com/ansible-core/2.20/reference_appendices/interpreter_discovery.html for more information.
changed: [HostB12-1]
[WARNING]: Host 'MonSrv' is using the discovered Python interpreter at '/usr/bin/python3.14', but future installation of another Python interpreter could cause a different interpreter to be discovered. See https://docs.ansible.com/ansible-core/2.20/reference_appendices/interpreter_discovery.html for more information.
changed: [MonSrv]
[WARNING]: Host 'HostB12-2' is using the discovered Python interpreter at '/usr/bin/python3.14', but future installation of another Python interpreter could cause a different interpreter to be discovered. See https://docs.ansible.com/ansible-core/2.20/reference_appendices/interpreter_discovery.html for more information.
changed: [HostB12-2]

TASK [linux_frr_bgp : Enable bgpd in FRR daemons file] *****************************************************************************************************
changed: [Host34-2]
changed: [Host34-1]
changed: [Host12-3]
changed: [Host12-1]
changed: [Host12-2]
changed: [MonSrv]
changed: [HostB12-1]
changed: [HostB12-2]

TASK [linux_frr_bgp : Deploy FRR BGP configuration] ********************************************************************************************************
changed: [Host34-1]
changed: [Host34-2]
changed: [Host12-1]
changed: [Host12-2]
changed: [Host12-3]
[ERROR]: Task failed: Failed to connect to the host via ssh: Connection timed out during banner exchange
Connection to UNKNOWN port 65535 timed out

Task failed.
Origin: /mnt/c/Users/nh1221/dc_lab/clab/sonic-clab/roles/linux_frr_bgp/tasks/main.yml:23:3

21   become: true
22
23 - name: Deploy FRR BGP configuration
     ^ column 3

<<< caused by >>>

Failed to connect to the host via ssh: Connection timed out during banner exchange
Connection to UNKNOWN port 65535 timed out

fatal: [HostB12-2]: UNREACHABLE! => {"changed": false, "msg": "Task failed: Failed to connect to the host via ssh: Connection timed out during banner exchange\r\nConnection to UNKNOWN port 65535 timed out", "unreachable": true}
fatal: [HostB12-1]: UNREACHABLE! => {"changed": false, "msg": "Task failed: Failed to connect to the host via ssh: Connection timed out during banner exchange\r\nConnection to UNKNOWN port 65535 timed out", "unreachable": true}
fatal: [MonSrv]: UNREACHABLE! => {"changed": false, "msg": "Task failed: Failed to connect to the host via ssh: Connection timed out during banner exchange\r\nConnection to UNKNOWN port 65535 timed out", "unreachable": true}

TASK [linux_frr_bgp : Ensure FRR is enabled and restarted to pick up config] *******************************************************************************
[ERROR]: Task failed: Timeout (62s) waiting for privilege escalation prompt:
Origin: /mnt/c/Users/nh1221/dc_lab/clab/sonic-clab/roles/linux_frr_bgp/tasks/main.yml:32:3

30   become: true
31
32 - name: Ensure FRR is enabled and restarted to pick up config
     ^ column 3

fatal: [Host12-3]: UNREACHABLE! => {"changed": false, "msg": "Task failed: Timeout (62s) waiting for privilege escalation prompt:", "unreachable": true}
fatal: [Host12-2]: UNREACHABLE! => {"changed": false, "msg": "Task failed: Timeout (62s) waiting for privilege escalation prompt:", "unreachable": true}
changed: [Host34-1]
changed: [Host34-2]
changed: [Host12-1]

TASK [linux_frr_bgp : Wait for BGP to initialise] **********************************************************************************************************
Pausing for 10 seconds
(ctrl+C then 'C' = continue early, ctrl+C then 'A' = abort)
ok: [Host12-1]

TASK [linux_frr_bgp : Verify BGP summary is reachable] *****************************************************************************************************
ok: [Host34-1]
ok: [Host34-2]
ok: [Host12-1]

PLAY RECAP *************************************************************************************************************************************************
Host12-1                   : ok=7    changed=4    unreachable=0    failed=0    skipped=0    rescued=0    ignored=0
Host12-2                   : ok=4    changed=3    unreachable=1    failed=0    skipped=0    rescued=0    ignored=0
Host12-3                   : ok=4    changed=3    unreachable=1    failed=0    skipped=0    rescued=0    ignored=0
Host34-1                   : ok=6    changed=4    unreachable=0    failed=0    skipped=0    rescued=0    ignored=0
Host34-2                   : ok=6    changed=4    unreachable=0    failed=0    skipped=0    rescued=0    ignored=0
HostB12-1                  : ok=3    changed=2    unreachable=1    failed=0    skipped=0    rescued=0    ignored=0
HostB12-2                  : ok=3    changed=2    unreachable=1    failed=0    skipped=0    rescued=0    ignored=0
MonSrv                     : ok=3    changed=2    unreachable=1    failed=0    skipped=0    rescued=0    ignored=0

(venv) nh1221@Lab-ControlNode:/mnt/c/Users/nh1221/dc_lab/clab/sonic-clab$ ansible-playbook playbooks/verify.yml

PLAY [Verify routing framework settings and platform identity] *********************************************************************************************

TASK [Verify frr_mgmt_framework_config is enabled] *********************************************************************************************************
[WARNING]: Host 'Leaf-L1' is using the discovered Python interpreter at '/usr/bin/python3.13', but future installation of another Python interpreter could cause a different interpreter to be discovered. See https://docs.ansible.com/ansible-core/2.20/reference_appendices/interpreter_discovery.html for more information.
ok: [Leaf-L1]
[WARNING]: Host 'Spine-S1' is using the discovered Python interpreter at '/usr/bin/python3.13', but future installation of another Python interpreter could cause a different interpreter to be discovered. See https://docs.ansible.com/ansible-core/2.20/reference_appendices/interpreter_discovery.html for more information.
ok: [Spine-S1]
[WARNING]: Host 'Leaf-L3' is using the discovered Python interpreter at '/usr/bin/python3.13', but future installation of another Python interpreter could cause a different interpreter to be discovered. See https://docs.ansible.com/ansible-core/2.20/reference_appendices/interpreter_discovery.html for more information.
ok: [Leaf-L3]
[WARNING]: Host 'Leaf-L2' is using the discovered Python interpreter at '/usr/bin/python3.13', but future installation of another Python interpreter could cause a different interpreter to be discovered. See https://docs.ansible.com/ansible-core/2.20/reference_appendices/interpreter_discovery.html for more information.
ok: [Leaf-L2]
[WARNING]: Host 'Spine-S2' is using the discovered Python interpreter at '/usr/bin/python3.13', but future installation of another Python interpreter could cause a different interpreter to be discovered. See https://docs.ansible.com/ansible-core/2.20/reference_appendices/interpreter_discovery.html for more information.
ok: [Spine-S2]
[WARNING]: Host 'Leaf-L4' is using the discovered Python interpreter at '/usr/bin/python3.13', but future installation of another Python interpreter could cause a different interpreter to be discovered. See https://docs.ansible.com/ansible-core/2.20/reference_appendices/interpreter_discovery.html for more information.
ok: [Leaf-L4]
[WARNING]: Host 'Border-Leaf1' is using the discovered Python interpreter at '/usr/bin/python3.13', but future installation of another Python interpreter could cause a different interpreter to be discovered. See https://docs.ansible.com/ansible-core/2.20/reference_appendices/interpreter_discovery.html for more information.
ok: [Border-Leaf1]
[WARNING]: Host 'Border-Leaf2' is using the discovered Python interpreter at '/usr/bin/python3.13', but future installation of another Python interpreter could cause a different interpreter to be discovered. See https://docs.ansible.com/ansible-core/2.20/reference_appendices/interpreter_discovery.html for more information.
ok: [Border-Leaf2]

TASK [Verify docker_routing_config_mode is unified] ********************************************************************************************************
ok: [Spine-S1]
ok: [Spine-S2]
ok: [Leaf-L1]
ok: [Leaf-L2]
ok: [Leaf-L3]
ok: [Leaf-L4]
ok: [Border-Leaf1]
ok: [Border-Leaf2]

TASK [Verify expected HWSKU is active] *********************************************************************************************************************
ok: [Spine-S2]
ok: [Spine-S1]
ok: [Leaf-L1]
ok: [Leaf-L2]
ok: [Leaf-L3]
ok: [Leaf-L4]
ok: [Border-Leaf1]
ok: [Border-Leaf2]

TASK [Verify BGP_GLOBALS exists in CONFIG_DB] **************************************************************************************************************
ok: [Spine-S2]
ok: [Spine-S1]
ok: [Leaf-L2]
ok: [Leaf-L1]
ok: [Leaf-L3]
ok: [Leaf-L4]
ok: [Border-Leaf2]
ok: [Border-Leaf1]

TASK [Get BGP summary] *************************************************************************************************************************************
ok: [Spine-S1]
ok: [Leaf-L1]
ok: [Spine-S2]
ok: [Leaf-L2]
ok: [Leaf-L3]
ok: [Leaf-L4]
ok: [Border-Leaf1]
ok: [Border-Leaf2]

TASK [Display BGP summary] *********************************************************************************************************************************
ok: [Spine-S1] => {
    "msg": "{\n\"ipv4Unicast\":{\n  \"routerId\":\"10.0.0.1\",\n  \"as\":65000,\n  \"vrfId\":0,\n  \"vrfName\":\"default\",\n  \"tableVersion\":9,\n  \"ribCount\":15,\n  \"ribMemory\":1920,\n  \"peerCount\":6,\n  \"peerMemory\":144432,\n  \"peers\":{\n    \"Ethernet0\":{\n      \"softwareVersion\":\"n/a\",\n      \"remoteAs\":0,\n      \"localAs\":65000,\n      \"version\":4,\n      \"msgRcvd\":27,\n      \"msgSent\":53,\n      \"tableVersion\":0,\n      \"outq\":0,\n      \"inq\":0,\n      \"peerUptime\":\"never\",\n      \"peerUptimeMsec\":0,\n      \"pfxRcd\":0,\n      \"pfxSnt\":0,\n      \"state\":\"Idle\",\n      \"peerState\":\"Policy\",\n      \"connectionsEstablished\":0,\n      \"connectionsDropped\":0,\n      \"desc\":\"Leaf-L1\",\n      \"idType\":\"interface\"\n    },\n    \"Ethernet4\":{\n      \"softwareVersion\":\"n/a\",\n      \"remoteAs\":0,\n      \"localAs\":65000,\n      \"version\":4,\n      \"msgRcvd\":0,\n      \"msgSent\":0,\n      \"tableVersion\":0,\n      \"outq\":0,\n      \"inq\":0,\n      \"peerUptime\":\"never\",\n      \"peerUptimeMsec\":0,\n      \"pfxRcd\":0,\n      \"pfxSnt\":0,\n      \"state\":\"Active\",\n      \"peerState\":\"Policy\",\n      \"connectionsEstablished\":0,\n      \"connectionsDropped\":0,\n      \"desc\":\"Leaf-L2\",\n      \"idType\":\"interface\"\n    },\n    \"Ethernet8\":{\n      \"softwareVersion\":\"n/a\",\n      \"remoteAs\":0,\n      \"localAs\":65000,\n      \"version\":4,\n      \"msgRcvd\":0,\n      \"msgSent\":0,\n      \"tableVersion\":0,\n      \"outq\":0,\n      \"inq\":0,\n      \"peerUptime\":\"never\",\n      \"peerUptimeMsec\":0,\n      \"pfxRcd\":0,\n      \"pfxSnt\":0,\n      \"state\":\"Active\",\n      \"peerState\":\"Policy\",\n      \"connectionsEstablished\":0,\n      \"connectionsDropped\":0,\n      \"desc\":\"Leaf-L3\",\n      \"idType\":\"interface\"\n    },\n    \"Ethernet12\":{\n      \"softwareVersion\":\"n/a\",\n      \"remoteAs\":0,\n      \"localAs\":65000,\n      \"version\":4,\n      \"msgRcvd\":0,\n      \"msgSent\":0,\n      \"tableVersion\":0,\n      \"outq\":0,\n      \"inq\":0,\n      \"peerUptime\":\"never\",\n      \"peerUptimeMsec\":0,\n      \"pfxRcd\":0,\n      \"pfxSnt\":0,\n      \"state\":\"Active\",\n      \"peerState\":\"Policy\",\n      \"connectionsEstablished\":0,\n      \"connectionsDropped\":0,\n      \"desc\":\"Leaf-L4\",\n      \"idType\":\"interface\"\n    },\n    \"Ethernet16\":{\n      \"softwareVersion\":\"n/a\",\n      \"remoteAs\":0,\n      \"localAs\":65000,\n      \"version\":4,\n      \"msgRcvd\":0,\n      \"msgSent\":0,\n      \"tableVersion\":0,\n      \"outq\":0,\n      \"inq\":0,\n      \"peerUptime\":\"never\",\n      \"peerUptimeMsec\":0,\n      \"pfxRcd\":0,\n      \"pfxSnt\":0,\n      \"state\":\"Active\",\n      \"peerState\":\"Policy\",\n      \"connectionsEstablished\":0,\n      \"connectionsDropped\":0,\n      \"desc\":\"Border-Leaf1\",\n      \"idType\":\"interface\"\n    },\n    \"Ethernet20\":{\n      \"softwareVersion\":\"n/a\",\n      \"remoteAs\":0,\n      \"localAs\":65000,\n      \"version\":4,\n      \"msgRcvd\":0,\n      \"msgSent\":0,\n      \"tableVersion\":0,\n      \"outq\":0,\n      \"inq\":0,\n      \"peerUptime\":\"never\",\n      \"peerUptimeMsec\":0,\n      \"pfxRcd\":0,\n      \"pfxSnt\":0,\n      \"state\":\"Active\",\n      \"peerState\":\"Policy\",\n      \"connectionsEstablished\":0,\n      \"connectionsDropped\":0,\n      \"desc\":\"Border-Leaf2\",\n      \"idType\":\"interface\"\n    }\n  },\n  \"failedPeers\":6,\n  \"displayedPeers\":6,\n  \"totalPeers\":6,\n  \"dynamicPeers\":0,\n  \"bestPath\":{\n    \"multiPathRelax\":\"false\"\n  }\n}\n,\n\"ipv6Unicast\":{\n  \"routerId\":\"10.0.0.1\",\n  \"as\":65000,\n  \"vrfId\":0,\n  \"vrfName\":\"default\",\n  \"tableVersion\":1,\n  \"ribCount\":1,\n  \"ribMemory\":128,\n  \"peerCount\":6,\n  \"peerMemory\":144432,\n  \"peers\":{\n    \"Ethernet0\":{\n      \"softwareVersion\":\"n/a\",\n      \"remoteAs\":0,\n      \"localAs\":65000,\n      \"version\":4,\n      \"msgRcvd\":27,\n      \"msgSent\":53,\n      \"tableVersion\":0,\n      \"outq\":0,\n      \"inq\":0,\n      \"peerUptime\":\"never\",\n      \"peerUptimeMsec\":0,\n      \"pfxRcd\":0,\n      \"pfxSnt\":0,\n      \"state\":\"Idle\",\n      \"peerState\":\"Policy\",\n      \"connectionsEstablished\":0,\n      \"connectionsDropped\":0,\n      \"desc\":\"Leaf-L1\",\n      \"idType\":\"interface\"\n    },\n    \"Ethernet4\":{\n      \"softwareVersion\":\"n/a\",\n      \"remoteAs\":0,\n      \"localAs\":65000,\n      \"version\":4,\n      \"msgRcvd\":0,\n      \"msgSent\":0,\n      \"tableVersion\":0,\n      \"outq\":0,\n      \"inq\":0,\n      \"peerUptime\":\"never\",\n      \"peerUptimeMsec\":0,\n      \"pfxRcd\":0,\n      \"pfxSnt\":0,\n      \"state\":\"Active\",\n      \"peerState\":\"Policy\",\n      \"connectionsEstablished\":0,\n      \"connectionsDropped\":0,\n      \"desc\":\"Leaf-L2\",\n      \"idType\":\"interface\"\n    },\n    \"Ethernet8\":{\n      \"softwareVersion\":\"n/a\",\n      \"remoteAs\":0,\n      \"localAs\":65000,\n      \"version\":4,\n      \"msgRcvd\":0,\n      \"msgSent\":0,\n      \"tableVersion\":0,\n      \"outq\":0,\n      \"inq\":0,\n      \"peerUptime\":\"never\",\n      \"peerUptimeMsec\":0,\n      \"pfxRcd\":0,\n      \"pfxSnt\":0,\n      \"state\":\"Active\",\n      \"peerState\":\"Policy\",\n      \"connectionsEstablished\":0,\n      \"connectionsDropped\":0,\n      \"desc\":\"Leaf-L3\",\n      \"idType\":\"interface\"\n    },\n    \"Ethernet12\":{\n      \"softwareVersion\":\"n/a\",\n      \"remoteAs\":0,\n      \"localAs\":65000,\n      \"version\":4,\n      \"msgRcvd\":0,\n      \"msgSent\":0,\n      \"tableVersion\":0,\n      \"outq\":0,\n      \"inq\":0,\n      \"peerUptime\":\"never\",\n      \"peerUptimeMsec\":0,\n      \"pfxRcd\":0,\n      \"pfxSnt\":0,\n      \"state\":\"Active\",\n      \"peerState\":\"Policy\",\n      \"connectionsEstablished\":0,\n      \"connectionsDropped\":0,\n      \"desc\":\"Leaf-L4\",\n      \"idType\":\"interface\"\n    },\n    \"Ethernet16\":{\n      \"softwareVersion\":\"n/a\",\n      \"remoteAs\":0,\n      \"localAs\":65000,\n      \"version\":4,\n      \"msgRcvd\":0,\n      \"msgSent\":0,\n      \"tableVersion\":0,\n      \"outq\":0,\n      \"inq\":0,\n      \"peerUptime\":\"never\",\n      \"peerUptimeMsec\":0,\n      \"pfxRcd\":0,\n      \"pfxSnt\":0,\n      \"state\":\"Active\",\n      \"peerState\":\"Policy\",\n      \"connectionsEstablished\":0,\n      \"connectionsDropped\":0,\n      \"desc\":\"Border-Leaf1\",\n      \"idType\":\"interface\"\n    },\n    \"Ethernet20\":{\n      \"softwareVersion\":\"n/a\",\n      \"remoteAs\":0,\n      \"localAs\":65000,\n      \"version\":4,\n      \"msgRcvd\":0,\n      \"msgSent\":0,\n      \"tableVersion\":0,\n      \"outq\":0,\n      \"inq\":0,\n      \"peerUptime\":\"never\",\n      \"peerUptimeMsec\":0,\n      \"pfxRcd\":0,\n      \"pfxSnt\":0,\n      \"state\":\"Active\",\n      \"peerState\":\"Policy\",\n      \"connectionsEstablished\":0,\n      \"connectionsDropped\":0,\n      \"desc\":\"Border-Leaf2\",\n      \"idType\":\"interface\"\n    }\n  },\n  \"failedPeers\":6,\n  \"displayedPeers\":6,\n  \"totalPeers\":6,\n  \"dynamicPeers\":0,\n  \"bestPath\":{\n    \"multiPathRelax\":\"false\"\n  }\n}\n}"
}
ok: [Spine-S2] => {
    "msg": "{\n\"ipv4Unicast\":{\n  \"routerId\":\"10.0.0.2\",\n  \"as\":65000,\n  \"vrfId\":0,\n  \"vrfName\":\"default\",\n  \"tableVersion\":9,\n  \"ribCount\":15,\n  \"ribMemory\":1920,\n  \"peerCount\":6,\n  \"peerMemory\":144432,\n  \"peers\":{\n    \"Ethernet0\":{\n      \"softwareVersion\":\"n/a\",\n      \"remoteAs\":0,\n      \"localAs\":65000,\n      \"version\":4,\n      \"msgRcvd\":0,\n      \"msgSent\":0,\n      \"tableVersion\":0,\n      \"outq\":0,\n      \"inq\":0,\n      \"peerUptime\":\"never\",\n      \"peerUptimeMsec\":0,\n      \"pfxRcd\":0,\n      \"pfxSnt\":0,\n      \"state\":\"Active\",\n      \"peerState\":\"Policy\",\n      \"connectionsEstablished\":0,\n      \"connectionsDropped\":0,\n      \"desc\":\"Leaf-L1\",\n      \"idType\":\"interface\"\n    },\n    \"Ethernet4\":{\n      \"softwareVersion\":\"n/a\",\n      \"remoteAs\":0,\n      \"localAs\":65000,\n      \"version\":4,\n      \"msgRcvd\":0,\n      \"msgSent\":0,\n      \"tableVersion\":0,\n      \"outq\":0,\n      \"inq\":0,\n      \"peerUptime\":\"never\",\n      \"peerUptimeMsec\":0,\n      \"pfxRcd\":0,\n      \"pfxSnt\":0,\n      \"state\":\"Active\",\n      \"peerState\":\"Policy\",\n      \"connectionsEstablished\":0,\n      \"connectionsDropped\":0,\n      \"desc\":\"Leaf-L2\",\n      \"idType\":\"interface\"\n    },\n    \"Ethernet8\":{\n      \"softwareVersion\":\"n/a\",\n      \"remoteAs\":0,\n      \"localAs\":65000,\n      \"version\":4,\n      \"msgRcvd\":0,\n      \"msgSent\":0,\n      \"tableVersion\":0,\n      \"outq\":0,\n      \"inq\":0,\n      \"peerUptime\":\"never\",\n      \"peerUptimeMsec\":0,\n      \"pfxRcd\":0,\n      \"pfxSnt\":0,\n      \"state\":\"Active\",\n      \"peerState\":\"Policy\",\n      \"connectionsEstablished\":0,\n      \"connectionsDropped\":0,\n      \"desc\":\"Leaf-L3\",\n      \"idType\":\"interface\"\n    },\n    \"Ethernet12\":{\n      \"softwareVersion\":\"n/a\",\n      \"remoteAs\":0,\n      \"localAs\":65000,\n      \"version\":4,\n      \"msgRcvd\":0,\n      \"msgSent\":0,\n      \"tableVersion\":0,\n      \"outq\":0,\n      \"inq\":0,\n      \"peerUptime\":\"never\",\n      \"peerUptimeMsec\":0,\n      \"pfxRcd\":0,\n      \"pfxSnt\":0,\n      \"state\":\"Active\",\n      \"peerState\":\"Policy\",\n      \"connectionsEstablished\":0,\n      \"connectionsDropped\":0,\n      \"desc\":\"Leaf-L4\",\n      \"idType\":\"interface\"\n    },\n    \"Ethernet16\":{\n      \"softwareVersion\":\"n/a\",\n      \"remoteAs\":0,\n      \"localAs\":65000,\n      \"version\":4,\n      \"msgRcvd\":0,\n      \"msgSent\":0,\n      \"tableVersion\":0,\n      \"outq\":0,\n      \"inq\":0,\n      \"peerUptime\":\"never\",\n      \"peerUptimeMsec\":0,\n      \"pfxRcd\":0,\n      \"pfxSnt\":0,\n      \"state\":\"Active\",\n      \"peerState\":\"Policy\",\n      \"connectionsEstablished\":0,\n      \"connectionsDropped\":0,\n      \"desc\":\"Border-Leaf1\",\n      \"idType\":\"interface\"\n    },\n    \"Ethernet20\":{\n      \"softwareVersion\":\"n/a\",\n      \"remoteAs\":0,\n      \"localAs\":65000,\n      \"version\":4,\n      \"msgRcvd\":0,\n      \"msgSent\":0,\n      \"tableVersion\":0,\n      \"outq\":0,\n      \"inq\":0,\n      \"peerUptime\":\"never\",\n      \"peerUptimeMsec\":0,\n      \"pfxRcd\":0,\n      \"pfxSnt\":0,\n      \"state\":\"Active\",\n      \"peerState\":\"Policy\",\n      \"connectionsEstablished\":0,\n      \"connectionsDropped\":0,\n      \"desc\":\"Border-Leaf2\",\n      \"idType\":\"interface\"\n    }\n  },\n  \"failedPeers\":6,\n  \"displayedPeers\":6,\n  \"totalPeers\":6,\n  \"dynamicPeers\":0,\n  \"bestPath\":{\n    \"multiPathRelax\":\"false\"\n  }\n}\n,\n\"ipv6Unicast\":{\n  \"routerId\":\"10.0.0.2\",\n  \"as\":65000,\n  \"vrfId\":0,\n  \"vrfName\":\"default\",\n  \"tableVersion\":1,\n  \"ribCount\":1,\n  \"ribMemory\":128,\n  \"peerCount\":6,\n  \"peerMemory\":144432,\n  \"peers\":{\n    \"Ethernet0\":{\n      \"softwareVersion\":\"n/a\",\n      \"remoteAs\":0,\n      \"localAs\":65000,\n      \"version\":4,\n      \"msgRcvd\":0,\n      \"msgSent\":0,\n      \"tableVersion\":0,\n      \"outq\":0,\n      \"inq\":0,\n      \"peerUptime\":\"never\",\n      \"peerUptimeMsec\":0,\n      \"pfxRcd\":0,\n      \"pfxSnt\":0,\n      \"state\":\"Active\",\n      \"peerState\":\"Policy\",\n      \"connectionsEstablished\":0,\n      \"connectionsDropped\":0,\n      \"desc\":\"Leaf-L1\",\n      \"idType\":\"interface\"\n    },\n    \"Ethernet4\":{\n      \"softwareVersion\":\"n/a\",\n      \"remoteAs\":0,\n      \"localAs\":65000,\n      \"version\":4,\n      \"msgRcvd\":0,\n      \"msgSent\":0,\n      \"tableVersion\":0,\n      \"outq\":0,\n      \"inq\":0,\n      \"peerUptime\":\"never\",\n      \"peerUptimeMsec\":0,\n      \"pfxRcd\":0,\n      \"pfxSnt\":0,\n      \"state\":\"Active\",\n      \"peerState\":\"Policy\",\n      \"connectionsEstablished\":0,\n      \"connectionsDropped\":0,\n      \"desc\":\"Leaf-L2\",\n      \"idType\":\"interface\"\n    },\n    \"Ethernet8\":{\n      \"softwareVersion\":\"n/a\",\n      \"remoteAs\":0,\n      \"localAs\":65000,\n      \"version\":4,\n      \"msgRcvd\":0,\n      \"msgSent\":0,\n      \"tableVersion\":0,\n      \"outq\":0,\n      \"inq\":0,\n      \"peerUptime\":\"never\",\n      \"peerUptimeMsec\":0,\n      \"pfxRcd\":0,\n      \"pfxSnt\":0,\n      \"state\":\"Active\",\n      \"peerState\":\"Policy\",\n      \"connectionsEstablished\":0,\n      \"connectionsDropped\":0,\n      \"desc\":\"Leaf-L3\",\n      \"idType\":\"interface\"\n    },\n    \"Ethernet12\":{\n      \"softwareVersion\":\"n/a\",\n      \"remoteAs\":0,\n      \"localAs\":65000,\n      \"version\":4,\n      \"msgRcvd\":0,\n      \"msgSent\":0,\n      \"tableVersion\":0,\n      \"outq\":0,\n      \"inq\":0,\n      \"peerUptime\":\"never\",\n      \"peerUptimeMsec\":0,\n      \"pfxRcd\":0,\n      \"pfxSnt\":0,\n      \"state\":\"Active\",\n      \"peerState\":\"Policy\",\n      \"connectionsEstablished\":0,\n      \"connectionsDropped\":0,\n      \"desc\":\"Leaf-L4\",\n      \"idType\":\"interface\"\n    },\n    \"Ethernet16\":{\n      \"softwareVersion\":\"n/a\",\n      \"remoteAs\":0,\n      \"localAs\":65000,\n      \"version\":4,\n      \"msgRcvd\":0,\n      \"msgSent\":0,\n      \"tableVersion\":0,\n      \"outq\":0,\n      \"inq\":0,\n      \"peerUptime\":\"never\",\n      \"peerUptimeMsec\":0,\n      \"pfxRcd\":0,\n      \"pfxSnt\":0,\n      \"state\":\"Active\",\n      \"peerState\":\"Policy\",\n      \"connectionsEstablished\":0,\n      \"connectionsDropped\":0,\n      \"desc\":\"Border-Leaf1\",\n      \"idType\":\"interface\"\n    },\n    \"Ethernet20\":{\n      \"softwareVersion\":\"n/a\",\n      \"remoteAs\":0,\n      \"localAs\":65000,\n      \"version\":4,\n      \"msgRcvd\":0,\n      \"msgSent\":0,\n      \"tableVersion\":0,\n      \"outq\":0,\n      \"inq\":0,\n      \"peerUptime\":\"never\",\n      \"peerUptimeMsec\":0,\n      \"pfxRcd\":0,\n      \"pfxSnt\":0,\n      \"state\":\"Active\",\n      \"peerState\":\"Policy\",\n      \"connectionsEstablished\":0,\n      \"connectionsDropped\":0,\n      \"desc\":\"Border-Leaf2\",\n      \"idType\":\"interface\"\n    }\n  },\n  \"failedPeers\":6,\n  \"displayedPeers\":6,\n  \"totalPeers\":6,\n  \"dynamicPeers\":0,\n  \"bestPath\":{\n    \"multiPathRelax\":\"false\"\n  }\n}\n}"
}
ok: [Leaf-L1] => {
    "msg": "{\n\"ipv4Unicast\":{\n  \"routerId\":\"10.0.1.1\",\n  \"as\":65011,\n  \"vrfId\":0,\n  \"vrfName\":\"default\",\n  \"tableVersion\":6,\n  \"ribCount\":10,\n  \"ribMemory\":1280,\n  \"peerCount\":5,\n  \"peerMemory\":120360,\n  \"peers\":{\n    \"Ethernet0\":{\n      \"softwareVersion\":\"n/a\",\n      \"remoteAs\":0,\n      \"localAs\":65011,\n      \"version\":4,\n      \"msgRcvd\":0,\n      \"msgSent\":0,\n      \"tableVersion\":0,\n      \"outq\":0,\n      \"inq\":0,\n      \"peerUptime\":\"never\",\n      \"peerUptimeMsec\":0,\n      \"pfxRcd\":0,\n      \"pfxSnt\":0,\n      \"state\":\"Active\",\n      \"peerState\":\"Policy\",\n      \"connectionsEstablished\":0,\n      \"connectionsDropped\":0,\n      \"desc\":\"Host12-1\",\n      \"idType\":\"interface\"\n    },\n    \"Ethernet1\":{\n      \"softwareVersion\":\"n/a\",\n      \"remoteAs\":0,\n      \"localAs\":65011,\n      \"version\":4,\n      \"msgRcvd\":0,\n      \"msgSent\":0,\n      \"tableVersion\":0,\n      \"outq\":0,\n      \"inq\":0,\n      \"peerUptime\":\"never\",\n      \"peerUptimeMsec\":0,\n      \"pfxRcd\":0,\n      \"pfxSnt\":0,\n      \"state\":\"Idle\",\n      \"peerState\":\"Policy\",\n      \"connectionsEstablished\":0,\n      \"connectionsDropped\":0,\n      \"desc\":\"Host12-2\",\n      \"idType\":\"interface\"\n    },\n    \"Ethernet2\":{\n      \"softwareVersion\":\"n/a\",\n      \"remoteAs\":0,\n      \"localAs\":65011,\n      \"version\":4,\n      \"msgRcvd\":0,\n      \"msgSent\":0,\n      \"tableVersion\":0,\n      \"outq\":0,\n      \"inq\":0,\n      \"peerUptime\":\"never\",\n      \"peerUptimeMsec\":0,\n      \"pfxRcd\":0,\n      \"pfxSnt\":0,\n      \"state\":\"Idle\",\n      \"peerState\":\"Policy\",\n      \"connectionsEstablished\":0,\n      \"connectionsDropped\":0,\n      \"desc\":\"Host12-3\",\n      \"idType\":\"interface\"\n    },\n    \"Ethernet64\":{\n      \"softwareVersion\":\"n/a\",\n      \"remoteAs\":0,\n      \"localAs\":65011,\n      \"version\":4,\n      \"msgRcvd\":0,\n      \"msgSent\":0,\n      \"tableVersion\":0,\n      \"outq\":0,\n      \"inq\":0,\n      \"peerUptime\":\"never\",\n      \"peerUptimeMsec\":0,\n      \"pfxRcd\":0,\n      \"pfxSnt\":0,\n      \"state\":\"Active\",\n      \"peerState\":\"Policy\",\n      \"connectionsEstablished\":0,\n      \"connectionsDropped\":0,\n      \"desc\":\"Spine-S2\",\n      \"idType\":\"interface\"\n    },\n    \"Ethernet68\":{\n      \"softwareVersion\":\"n/a\",\n      \"remoteAs\":0,\n      \"localAs\":65011,\n      \"version\":4,\n      \"msgRcvd\":0,\n      \"msgSent\":0,\n      \"tableVersion\":0,\n      \"outq\":0,\n      \"inq\":0,\n      \"peerUptime\":\"never\",\n      \"peerUptimeMsec\":0,\n      \"pfxRcd\":0,\n      \"pfxSnt\":0,\n      \"state\":\"Active\",\n      \"peerState\":\"Policy\",\n      \"connectionsEstablished\":0,\n      \"connectionsDropped\":0,\n      \"desc\":\"Spine-S1\",\n      \"idType\":\"interface\"\n    }\n  },\n  \"failedPeers\":5,\n  \"displayedPeers\":5,\n  \"totalPeers\":5,\n  \"dynamicPeers\":0,\n  \"bestPath\":{\n    \"multiPathRelax\":\"false\"\n  }\n}\n,\n\"ipv6Unicast\":{\n  \"routerId\":\"10.0.1.1\",\n  \"as\":65011,\n  \"vrfId\":0,\n  \"vrfName\":\"default\",\n  \"tableVersion\":1,\n  \"ribCount\":1,\n  \"ribMemory\":128,\n  \"peerCount\":5,\n  \"peerMemory\":120360,\n  \"peers\":{\n    \"Ethernet0\":{\n      \"softwareVersion\":\"n/a\",\n      \"remoteAs\":0,\n      \"localAs\":65011,\n      \"version\":4,\n      \"msgRcvd\":0,\n      \"msgSent\":0,\n      \"tableVersion\":0,\n      \"outq\":0,\n      \"inq\":0,\n      \"peerUptime\":\"never\",\n      \"peerUptimeMsec\":0,\n      \"pfxRcd\":0,\n      \"pfxSnt\":0,\n      \"state\":\"Active\",\n      \"peerState\":\"Policy\",\n      \"connectionsEstablished\":0,\n      \"connectionsDropped\":0,\n      \"desc\":\"Host12-1\",\n      \"idType\":\"interface\"\n    },\n    \"Ethernet1\":{\n      \"softwareVersion\":\"n/a\",\n      \"remoteAs\":0,\n      \"localAs\":65011,\n      \"version\":4,\n      \"msgRcvd\":0,\n      \"msgSent\":0,\n      \"tableVersion\":0,\n      \"outq\":0,\n      \"inq\":0,\n      \"peerUptime\":\"never\",\n      \"peerUptimeMsec\":0,\n      \"pfxRcd\":0,\n      \"pfxSnt\":0,\n      \"state\":\"Idle\",\n      \"peerState\":\"Policy\",\n      \"connectionsEstablished\":0,\n      \"connectionsDropped\":0,\n      \"desc\":\"Host12-2\",\n      \"idType\":\"interface\"\n    },\n    \"Ethernet2\":{\n      \"softwareVersion\":\"n/a\",\n      \"remoteAs\":0,\n      \"localAs\":65011,\n      \"version\":4,\n      \"msgRcvd\":0,\n      \"msgSent\":0,\n      \"tableVersion\":0,\n      \"outq\":0,\n      \"inq\":0,\n      \"peerUptime\":\"never\",\n      \"peerUptimeMsec\":0,\n      \"pfxRcd\":0,\n      \"pfxSnt\":0,\n      \"state\":\"Idle\",\n      \"peerState\":\"Policy\",\n      \"connectionsEstablished\":0,\n      \"connectionsDropped\":0,\n      \"desc\":\"Host12-3\",\n      \"idType\":\"interface\"\n    },\n    \"Ethernet64\":{\n      \"softwareVersion\":\"n/a\",\n      \"remoteAs\":0,\n      \"localAs\":65011,\n      \"version\":4,\n      \"msgRcvd\":0,\n      \"msgSent\":0,\n      \"tableVersion\":0,\n      \"outq\":0,\n      \"inq\":0,\n      \"peerUptime\":\"never\",\n      \"peerUptimeMsec\":0,\n      \"pfxRcd\":0,\n      \"pfxSnt\":0,\n      \"state\":\"Active\",\n      \"peerState\":\"Policy\",\n      \"connectionsEstablished\":0,\n      \"connectionsDropped\":0,\n      \"desc\":\"Spine-S2\",\n      \"idType\":\"interface\"\n    },\n    \"Ethernet68\":{\n      \"softwareVersion\":\"n/a\",\n      \"remoteAs\":0,\n      \"localAs\":65011,\n      \"version\":4,\n      \"msgRcvd\":0,\n      \"msgSent\":0,\n      \"tableVersion\":0,\n      \"outq\":0,\n      \"inq\":0,\n      \"peerUptime\":\"never\",\n      \"peerUptimeMsec\":0,\n      \"pfxRcd\":0,\n      \"pfxSnt\":0,\n      \"state\":\"Active\",\n      \"peerState\":\"Policy\",\n      \"connectionsEstablished\":0,\n      \"connectionsDropped\":0,\n      \"desc\":\"Spine-S1\",\n      \"idType\":\"interface\"\n    }\n  },\n  \"failedPeers\":5,\n  \"displayedPeers\":5,\n  \"totalPeers\":5,\n  \"dynamicPeers\":0,\n  \"bestPath\":{\n    \"multiPathRelax\":\"false\"\n  }\n}\n}"
}
ok: [Leaf-L2] => {
    "msg": "{\n\"ipv4Unicast\":{\n  \"routerId\":\"10.0.1.2\",\n  \"as\":65012,\n  \"vrfId\":0,\n  \"vrfName\":\"default\",\n  \"tableVersion\":6,\n  \"ribCount\":10,\n  \"ribMemory\":1280,\n  \"peerCount\":5,\n  \"peerMemory\":120360,\n  \"peers\":{\n    \"Ethernet0\":{\n      \"softwareVersion\":\"n/a\",\n      \"remoteAs\":0,\n      \"localAs\":65012,\n      \"version\":4,\n      \"msgRcvd\":0,\n      \"msgSent\":0,\n      \"tableVersion\":0,\n      \"outq\":0,\n      \"inq\":0,\n      \"peerUptime\":\"never\",\n      \"peerUptimeMsec\":0,\n      \"pfxRcd\":0,\n      \"pfxSnt\":0,\n      \"state\":\"Active\",\n      \"peerState\":\"Policy\",\n      \"connectionsEstablished\":0,\n      \"connectionsDropped\":0,\n      \"desc\":\"Host12-1\",\n      \"idType\":\"interface\"\n    },\n    \"Ethernet1\":{\n      \"softwareVersion\":\"n/a\",\n      \"remoteAs\":0,\n      \"localAs\":65012,\n      \"version\":4,\n      \"msgRcvd\":0,\n      \"msgSent\":0,\n      \"tableVersion\":0,\n      \"outq\":0,\n      \"inq\":0,\n      \"peerUptime\":\"never\",\n      \"peerUptimeMsec\":0,\n      \"pfxRcd\":0,\n      \"pfxSnt\":0,\n      \"state\":\"Idle\",\n      \"peerState\":\"Policy\",\n      \"connectionsEstablished\":0,\n      \"connectionsDropped\":0,\n      \"desc\":\"Host12-2\",\n      \"idType\":\"interface\"\n    },\n    \"Ethernet2\":{\n      \"softwareVersion\":\"n/a\",\n      \"remoteAs\":0,\n      \"localAs\":65012,\n      \"version\":4,\n      \"msgRcvd\":0,\n      \"msgSent\":0,\n      \"tableVersion\":0,\n      \"outq\":0,\n      \"inq\":0,\n      \"peerUptime\":\"never\",\n      \"peerUptimeMsec\":0,\n      \"pfxRcd\":0,\n      \"pfxSnt\":0,\n      \"state\":\"Idle\",\n      \"peerState\":\"Policy\",\n      \"connectionsEstablished\":0,\n      \"connectionsDropped\":0,\n      \"desc\":\"Host12-3\",\n      \"idType\":\"interface\"\n    },\n    \"Ethernet64\":{\n      \"softwareVersion\":\"n/a\",\n      \"remoteAs\":0,\n      \"localAs\":65012,\n      \"version\":4,\n      \"msgRcvd\":0,\n      \"msgSent\":0,\n      \"tableVersion\":0,\n      \"outq\":0,\n      \"inq\":0,\n      \"peerUptime\":\"never\",\n      \"peerUptimeMsec\":0,\n      \"pfxRcd\":0,\n      \"pfxSnt\":0,\n      \"state\":\"Active\",\n      \"peerState\":\"Policy\",\n      \"connectionsEstablished\":0,\n      \"connectionsDropped\":0,\n      \"desc\":\"Spine-S2\",\n      \"idType\":\"interface\"\n    },\n    \"Ethernet68\":{\n      \"softwareVersion\":\"n/a\",\n      \"remoteAs\":0,\n      \"localAs\":65012,\n      \"version\":4,\n      \"msgRcvd\":0,\n      \"msgSent\":0,\n      \"tableVersion\":0,\n      \"outq\":0,\n      \"inq\":0,\n      \"peerUptime\":\"never\",\n      \"peerUptimeMsec\":0,\n      \"pfxRcd\":0,\n      \"pfxSnt\":0,\n      \"state\":\"Active\",\n      \"peerState\":\"Policy\",\n      \"connectionsEstablished\":0,\n      \"connectionsDropped\":0,\n      \"desc\":\"Spine-S1\",\n      \"idType\":\"interface\"\n    }\n  },\n  \"failedPeers\":5,\n  \"displayedPeers\":5,\n  \"totalPeers\":5,\n  \"dynamicPeers\":0,\n  \"bestPath\":{\n    \"multiPathRelax\":\"false\"\n  }\n}\n,\n\"ipv6Unicast\":{\n  \"routerId\":\"10.0.1.2\",\n  \"as\":65012,\n  \"vrfId\":0,\n  \"vrfName\":\"default\",\n  \"tableVersion\":1,\n  \"ribCount\":1,\n  \"ribMemory\":128,\n  \"peerCount\":5,\n  \"peerMemory\":120360,\n  \"peers\":{\n    \"Ethernet0\":{\n      \"softwareVersion\":\"n/a\",\n      \"remoteAs\":0,\n      \"localAs\":65012,\n      \"version\":4,\n      \"msgRcvd\":0,\n      \"msgSent\":0,\n      \"tableVersion\":0,\n      \"outq\":0,\n      \"inq\":0,\n      \"peerUptime\":\"never\",\n      \"peerUptimeMsec\":0,\n      \"pfxRcd\":0,\n      \"pfxSnt\":0,\n      \"state\":\"Active\",\n      \"peerState\":\"Policy\",\n      \"connectionsEstablished\":0,\n      \"connectionsDropped\":0,\n      \"desc\":\"Host12-1\",\n      \"idType\":\"interface\"\n    },\n    \"Ethernet1\":{\n      \"softwareVersion\":\"n/a\",\n      \"remoteAs\":0,\n      \"localAs\":65012,\n      \"version\":4,\n      \"msgRcvd\":0,\n      \"msgSent\":0,\n      \"tableVersion\":0,\n      \"outq\":0,\n      \"inq\":0,\n      \"peerUptime\":\"never\",\n      \"peerUptimeMsec\":0,\n      \"pfxRcd\":0,\n      \"pfxSnt\":0,\n      \"state\":\"Idle\",\n      \"peerState\":\"Policy\",\n      \"connectionsEstablished\":0,\n      \"connectionsDropped\":0,\n      \"desc\":\"Host12-2\",\n      \"idType\":\"interface\"\n    },\n    \"Ethernet2\":{\n      \"softwareVersion\":\"n/a\",\n      \"remoteAs\":0,\n      \"localAs\":65012,\n      \"version\":4,\n      \"msgRcvd\":0,\n      \"msgSent\":0,\n      \"tableVersion\":0,\n      \"outq\":0,\n      \"inq\":0,\n      \"peerUptime\":\"never\",\n      \"peerUptimeMsec\":0,\n      \"pfxRcd\":0,\n      \"pfxSnt\":0,\n      \"state\":\"Idle\",\n      \"peerState\":\"Policy\",\n      \"connectionsEstablished\":0,\n      \"connectionsDropped\":0,\n      \"desc\":\"Host12-3\",\n      \"idType\":\"interface\"\n    },\n    \"Ethernet64\":{\n      \"softwareVersion\":\"n/a\",\n      \"remoteAs\":0,\n      \"localAs\":65012,\n      \"version\":4,\n      \"msgRcvd\":0,\n      \"msgSent\":0,\n      \"tableVersion\":0,\n      \"outq\":0,\n      \"inq\":0,\n      \"peerUptime\":\"never\",\n      \"peerUptimeMsec\":0,\n      \"pfxRcd\":0,\n      \"pfxSnt\":0,\n      \"state\":\"Active\",\n      \"peerState\":\"Policy\",\n      \"connectionsEstablished\":0,\n      \"connectionsDropped\":0,\n      \"desc\":\"Spine-S2\",\n      \"idType\":\"interface\"\n    },\n    \"Ethernet68\":{\n      \"softwareVersion\":\"n/a\",\n      \"remoteAs\":0,\n      \"localAs\":65012,\n      \"version\":4,\n      \"msgRcvd\":0,\n      \"msgSent\":0,\n      \"tableVersion\":0,\n      \"outq\":0,\n      \"inq\":0,\n      \"peerUptime\":\"never\",\n      \"peerUptimeMsec\":0,\n      \"pfxRcd\":0,\n      \"pfxSnt\":0,\n      \"state\":\"Active\",\n      \"peerState\":\"Policy\",\n      \"connectionsEstablished\":0,\n      \"connectionsDropped\":0,\n      \"desc\":\"Spine-S1\",\n      \"idType\":\"interface\"\n    }\n  },\n  \"failedPeers\":5,\n  \"displayedPeers\":5,\n  \"totalPeers\":5,\n  \"dynamicPeers\":0,\n  \"bestPath\":{\n    \"multiPathRelax\":\"false\"\n  }\n}\n}"
}
ok: [Leaf-L3] => {
    "msg": "{\n\"ipv4Unicast\":{\n  \"routerId\":\"10.0.1.3\",\n  \"as\":65021,\n  \"vrfId\":0,\n  \"vrfName\":\"default\",\n  \"tableVersion\":6,\n  \"ribCount\":10,\n  \"ribMemory\":1280,\n  \"peerCount\":5,\n  \"peerMemory\":120360,\n  \"peers\":{\n    \"Ethernet0\":{\n      \"softwareVersion\":\"n/a\",\n      \"remoteAs\":0,\n      \"localAs\":65021,\n      \"version\":4,\n      \"msgRcvd\":0,\n      \"msgSent\":0,\n      \"tableVersion\":0,\n      \"outq\":0,\n      \"inq\":0,\n      \"peerUptime\":\"never\",\n      \"peerUptimeMsec\":0,\n      \"pfxRcd\":0,\n      \"pfxSnt\":0,\n      \"state\":\"Active\",\n      \"peerState\":\"Policy\",\n      \"connectionsEstablished\":0,\n      \"connectionsDropped\":0,\n      \"desc\":\"Host34-1\",\n      \"idType\":\"interface\"\n    },\n    \"Ethernet1\":{\n      \"softwareVersion\":\"n/a\",\n      \"remoteAs\":0,\n      \"localAs\":65021,\n      \"version\":4,\n      \"msgRcvd\":27,\n      \"msgSent\":53,\n      \"tableVersion\":0,\n      \"outq\":0,\n      \"inq\":0,\n      \"peerUptime\":\"never\",\n      \"peerUptimeMsec\":0,\n      \"pfxRcd\":0,\n      \"pfxSnt\":0,\n      \"state\":\"Idle\",\n      \"peerState\":\"Policy\",\n      \"connectionsEstablished\":0,\n      \"connectionsDropped\":0,\n      \"desc\":\"Host34-2\",\n      \"idType\":\"interface\"\n    },\n    \"Ethernet2\":{\n      \"softwareVersion\":\"n/a\",\n      \"remoteAs\":0,\n      \"localAs\":65021,\n      \"version\":4,\n      \"msgRcvd\":29,\n      \"msgSent\":56,\n      \"tableVersion\":0,\n      \"outq\":0,\n      \"inq\":0,\n      \"peerUptime\":\"never\",\n      \"peerUptimeMsec\":0,\n      \"pfxRcd\":0,\n      \"pfxSnt\":0,\n      \"state\":\"Idle\",\n      \"peerState\":\"Policy\",\n      \"connectionsEstablished\":0,\n      \"connectionsDropped\":0,\n      \"desc\":\"MonSrv\",\n      \"idType\":\"interface\"\n    },\n    \"Ethernet120\":{\n      \"softwareVersion\":\"n/a\",\n      \"remoteAs\":0,\n      \"localAs\":65021,\n      \"version\":4,\n      \"msgRcvd\":0,\n      \"msgSent\":0,\n      \"tableVersion\":0,\n      \"outq\":0,\n      \"inq\":0,\n      \"peerUptime\":\"never\",\n      \"peerUptimeMsec\":0,\n      \"pfxRcd\":0,\n      \"pfxSnt\":0,\n      \"state\":\"Active\",\n      \"peerState\":\"Policy\",\n      \"connectionsEstablished\":0,\n      \"connectionsDropped\":0,\n      \"desc\":\"Spine-S2\",\n      \"idType\":\"interface\"\n    },\n    \"Ethernet124\":{\n      \"softwareVersion\":\"n/a\",\n      \"remoteAs\":0,\n      \"localAs\":65021,\n      \"version\":4,\n      \"msgRcvd\":0,\n      \"msgSent\":0,\n      \"tableVersion\":0,\n      \"outq\":0,\n      \"inq\":0,\n      \"peerUptime\":\"never\",\n      \"peerUptimeMsec\":0,\n      \"pfxRcd\":0,\n      \"pfxSnt\":0,\n      \"state\":\"Active\",\n      \"peerState\":\"Policy\",\n      \"connectionsEstablished\":0,\n      \"connectionsDropped\":0,\n      \"desc\":\"Spine-S1\",\n      \"idType\":\"interface\"\n    }\n  },\n  \"failedPeers\":5,\n  \"displayedPeers\":5,\n  \"totalPeers\":5,\n  \"dynamicPeers\":0,\n  \"bestPath\":{\n    \"multiPathRelax\":\"false\"\n  }\n}\n,\n\"ipv6Unicast\":{\n  \"routerId\":\"10.0.1.3\",\n  \"as\":65021,\n  \"vrfId\":0,\n  \"vrfName\":\"default\",\n  \"tableVersion\":1,\n  \"ribCount\":1,\n  \"ribMemory\":128,\n  \"peerCount\":5,\n  \"peerMemory\":120360,\n  \"peers\":{\n    \"Ethernet0\":{\n      \"softwareVersion\":\"n/a\",\n      \"remoteAs\":0,\n      \"localAs\":65021,\n      \"version\":4,\n      \"msgRcvd\":0,\n      \"msgSent\":0,\n      \"tableVersion\":0,\n      \"outq\":0,\n      \"inq\":0,\n      \"peerUptime\":\"never\",\n      \"peerUptimeMsec\":0,\n      \"pfxRcd\":0,\n      \"pfxSnt\":0,\n      \"state\":\"Active\",\n      \"peerState\":\"Policy\",\n      \"connectionsEstablished\":0,\n      \"connectionsDropped\":0,\n      \"desc\":\"Host34-1\",\n      \"idType\":\"interface\"\n    },\n    \"Ethernet1\":{\n      \"softwareVersion\":\"n/a\",\n      \"remoteAs\":0,\n      \"localAs\":65021,\n      \"version\":4,\n      \"msgRcvd\":27,\n      \"msgSent\":53,\n      \"tableVersion\":0,\n      \"outq\":0,\n      \"inq\":0,\n      \"peerUptime\":\"never\",\n      \"peerUptimeMsec\":0,\n      \"pfxRcd\":0,\n      \"pfxSnt\":0,\n      \"state\":\"Idle\",\n      \"peerState\":\"Policy\",\n      \"connectionsEstablished\":0,\n      \"connectionsDropped\":0,\n      \"desc\":\"Host34-2\",\n      \"idType\":\"interface\"\n    },\n    \"Ethernet2\":{\n      \"softwareVersion\":\"n/a\",\n      \"remoteAs\":0,\n      \"localAs\":65021,\n      \"version\":4,\n      \"msgRcvd\":29,\n      \"msgSent\":56,\n      \"tableVersion\":0,\n      \"outq\":0,\n      \"inq\":0,\n      \"peerUptime\":\"never\",\n      \"peerUptimeMsec\":0,\n      \"pfxRcd\":0,\n      \"pfxSnt\":0,\n      \"state\":\"Idle\",\n      \"peerState\":\"Policy\",\n      \"connectionsEstablished\":0,\n      \"connectionsDropped\":0,\n      \"desc\":\"MonSrv\",\n      \"idType\":\"interface\"\n    },\n    \"Ethernet120\":{\n      \"softwareVersion\":\"n/a\",\n      \"remoteAs\":0,\n      \"localAs\":65021,\n      \"version\":4,\n      \"msgRcvd\":0,\n      \"msgSent\":0,\n      \"tableVersion\":0,\n      \"outq\":0,\n      \"inq\":0,\n      \"peerUptime\":\"never\",\n      \"peerUptimeMsec\":0,\n      \"pfxRcd\":0,\n      \"pfxSnt\":0,\n      \"state\":\"Active\",\n      \"peerState\":\"Policy\",\n      \"connectionsEstablished\":0,\n      \"connectionsDropped\":0,\n      \"desc\":\"Spine-S2\",\n      \"idType\":\"interface\"\n    },\n    \"Ethernet124\":{\n      \"softwareVersion\":\"n/a\",\n      \"remoteAs\":0,\n      \"localAs\":65021,\n      \"version\":4,\n      \"msgRcvd\":0,\n      \"msgSent\":0,\n      \"tableVersion\":0,\n      \"outq\":0,\n      \"inq\":0,\n      \"peerUptime\":\"never\",\n      \"peerUptimeMsec\":0,\n      \"pfxRcd\":0,\n      \"pfxSnt\":0,\n      \"state\":\"Active\",\n      \"peerState\":\"Policy\",\n      \"connectionsEstablished\":0,\n      \"connectionsDropped\":0,\n      \"desc\":\"Spine-S1\",\n      \"idType\":\"interface\"\n    }\n  },\n  \"failedPeers\":5,\n  \"displayedPeers\":5,\n  \"totalPeers\":5,\n  \"dynamicPeers\":0,\n  \"bestPath\":{\n    \"multiPathRelax\":\"false\"\n  }\n}\n}"
}
ok: [Leaf-L4] => {
    "msg": "{\n\"ipv4Unicast\":{\n  \"routerId\":\"10.0.1.4\",\n  \"as\":65022,\n  \"vrfId\":0,\n  \"vrfName\":\"default\",\n  \"tableVersion\":6,\n  \"ribCount\":10,\n  \"ribMemory\":1280,\n  \"peerCount\":5,\n  \"peerMemory\":120360,\n  \"peers\":{\n    \"Ethernet0\":{\n      \"softwareVersion\":\"n/a\",\n      \"remoteAs\":0,\n      \"localAs\":65022,\n      \"version\":4,\n      \"msgRcvd\":0,\n      \"msgSent\":0,\n      \"tableVersion\":0,\n      \"outq\":0,\n      \"inq\":0,\n      \"peerUptime\":\"never\",\n      \"peerUptimeMsec\":0,\n      \"pfxRcd\":0,\n      \"pfxSnt\":0,\n      \"state\":\"Active\",\n      \"peerState\":\"Policy\",\n      \"connectionsEstablished\":0,\n      \"connectionsDropped\":0,\n      \"desc\":\"Host34-1\",\n      \"idType\":\"interface\"\n    },\n    \"Ethernet1\":{\n      \"softwareVersion\":\"n/a\",\n      \"remoteAs\":0,\n      \"localAs\":65022,\n      \"version\":4,\n      \"msgRcvd\":40,\n      \"msgSent\":73,\n      \"tableVersion\":0,\n      \"outq\":0,\n      \"inq\":0,\n      \"peerUptime\":\"never\",\n      \"peerUptimeMsec\":0,\n      \"pfxRcd\":0,\n      \"pfxSnt\":0,\n      \"state\":\"Idle\",\n      \"peerState\":\"Policy\",\n      \"connectionsEstablished\":0,\n      \"connectionsDropped\":0,\n      \"desc\":\"Host34-2\",\n      \"idType\":\"interface\"\n    },\n    \"Ethernet2\":{\n      \"softwareVersion\":\"n/a\",\n      \"remoteAs\":0,\n      \"localAs\":65022,\n      \"version\":4,\n      \"msgRcvd\":33,\n      \"msgSent\":64,\n      \"tableVersion\":0,\n      \"outq\":0,\n      \"inq\":0,\n      \"peerUptime\":\"never\",\n      \"peerUptimeMsec\":0,\n      \"pfxRcd\":0,\n      \"pfxSnt\":0,\n      \"state\":\"Idle\",\n      \"peerState\":\"Policy\",\n      \"connectionsEstablished\":0,\n      \"connectionsDropped\":0,\n      \"desc\":\"MonSrv\",\n      \"idType\":\"interface\"\n    },\n    \"Ethernet120\":{\n      \"softwareVersion\":\"n/a\",\n      \"remoteAs\":0,\n      \"localAs\":65022,\n      \"version\":4,\n      \"msgRcvd\":0,\n      \"msgSent\":0,\n      \"tableVersion\":0,\n      \"outq\":0,\n      \"inq\":0,\n      \"peerUptime\":\"never\",\n      \"peerUptimeMsec\":0,\n      \"pfxRcd\":0,\n      \"pfxSnt\":0,\n      \"state\":\"Active\",\n      \"peerState\":\"Policy\",\n      \"connectionsEstablished\":0,\n      \"connectionsDropped\":0,\n      \"desc\":\"Spine-S2\",\n      \"idType\":\"interface\"\n    },\n    \"Ethernet124\":{\n      \"softwareVersion\":\"n/a\",\n      \"remoteAs\":0,\n      \"localAs\":65022,\n      \"version\":4,\n      \"msgRcvd\":0,\n      \"msgSent\":0,\n      \"tableVersion\":0,\n      \"outq\":0,\n      \"inq\":0,\n      \"peerUptime\":\"never\",\n      \"peerUptimeMsec\":0,\n      \"pfxRcd\":0,\n      \"pfxSnt\":0,\n      \"state\":\"Active\",\n      \"peerState\":\"Policy\",\n      \"connectionsEstablished\":0,\n      \"connectionsDropped\":0,\n      \"desc\":\"Spine-S1\",\n      \"idType\":\"interface\"\n    }\n  },\n  \"failedPeers\":5,\n  \"displayedPeers\":5,\n  \"totalPeers\":5,\n  \"dynamicPeers\":0,\n  \"bestPath\":{\n    \"multiPathRelax\":\"false\"\n  }\n}\n,\n\"ipv6Unicast\":{\n  \"routerId\":\"10.0.1.4\",\n  \"as\":65022,\n  \"vrfId\":0,\n  \"vrfName\":\"default\",\n  \"tableVersion\":1,\n  \"ribCount\":1,\n  \"ribMemory\":128,\n  \"peerCount\":5,\n  \"peerMemory\":120360,\n  \"peers\":{\n    \"Ethernet0\":{\n      \"softwareVersion\":\"n/a\",\n      \"remoteAs\":0,\n      \"localAs\":65022,\n      \"version\":4,\n      \"msgRcvd\":0,\n      \"msgSent\":0,\n      \"tableVersion\":0,\n      \"outq\":0,\n      \"inq\":0,\n      \"peerUptime\":\"never\",\n      \"peerUptimeMsec\":0,\n      \"pfxRcd\":0,\n      \"pfxSnt\":0,\n      \"state\":\"Active\",\n      \"peerState\":\"Policy\",\n      \"connectionsEstablished\":0,\n      \"connectionsDropped\":0,\n      \"desc\":\"Host34-1\",\n      \"idType\":\"interface\"\n    },\n    \"Ethernet1\":{\n      \"softwareVersion\":\"n/a\",\n      \"remoteAs\":0,\n      \"localAs\":65022,\n      \"version\":4,\n      \"msgRcvd\":40,\n      \"msgSent\":73,\n      \"tableVersion\":0,\n      \"outq\":0,\n      \"inq\":0,\n      \"peerUptime\":\"never\",\n      \"peerUptimeMsec\":0,\n      \"pfxRcd\":0,\n      \"pfxSnt\":0,\n      \"state\":\"Idle\",\n      \"peerState\":\"Policy\",\n      \"connectionsEstablished\":0,\n      \"connectionsDropped\":0,\n      \"desc\":\"Host34-2\",\n      \"idType\":\"interface\"\n    },\n    \"Ethernet2\":{\n      \"softwareVersion\":\"n/a\",\n      \"remoteAs\":0,\n      \"localAs\":65022,\n      \"version\":4,\n      \"msgRcvd\":33,\n      \"msgSent\":64,\n      \"tableVersion\":0,\n      \"outq\":0,\n      \"inq\":0,\n      \"peerUptime\":\"never\",\n      \"peerUptimeMsec\":0,\n      \"pfxRcd\":0,\n      \"pfxSnt\":0,\n      \"state\":\"Idle\",\n      \"peerState\":\"Policy\",\n      \"connectionsEstablished\":0,\n      \"connectionsDropped\":0,\n      \"desc\":\"MonSrv\",\n      \"idType\":\"interface\"\n    },\n    \"Ethernet120\":{\n      \"softwareVersion\":\"n/a\",\n      \"remoteAs\":0,\n      \"localAs\":65022,\n      \"version\":4,\n      \"msgRcvd\":0,\n      \"msgSent\":0,\n      \"tableVersion\":0,\n      \"outq\":0,\n      \"inq\":0,\n      \"peerUptime\":\"never\",\n      \"peerUptimeMsec\":0,\n      \"pfxRcd\":0,\n      \"pfxSnt\":0,\n      \"state\":\"Active\",\n      \"peerState\":\"Policy\",\n      \"connectionsEstablished\":0,\n      \"connectionsDropped\":0,\n      \"desc\":\"Spine-S2\",\n      \"idType\":\"interface\"\n    },\n    \"Ethernet124\":{\n      \"softwareVersion\":\"n/a\",\n      \"remoteAs\":0,\n      \"localAs\":65022,\n      \"version\":4,\n      \"msgRcvd\":0,\n      \"msgSent\":0,\n      \"tableVersion\":0,\n      \"outq\":0,\n      \"inq\":0,\n      \"peerUptime\":\"never\",\n      \"peerUptimeMsec\":0,\n      \"pfxRcd\":0,\n      \"pfxSnt\":0,\n      \"state\":\"Active\",\n      \"peerState\":\"Policy\",\n      \"connectionsEstablished\":0,\n      \"connectionsDropped\":0,\n      \"desc\":\"Spine-S1\",\n      \"idType\":\"interface\"\n    }\n  },\n  \"failedPeers\":5,\n  \"displayedPeers\":5,\n  \"totalPeers\":5,\n  \"dynamicPeers\":0,\n  \"bestPath\":{\n    \"multiPathRelax\":\"false\"\n  }\n}\n}"
}
ok: [Border-Leaf1] => {
    "msg": "{\n\"ipv4Unicast\":{\n  \"routerId\":\"10.0.2.1\",\n  \"as\":65031,\n  \"vrfId\":0,\n  \"vrfName\":\"default\",\n  \"tableVersion\":6,\n  \"ribCount\":10,\n  \"ribMemory\":1280,\n  \"peerCount\":6,\n  \"peerMemory\":144432,\n  \"peers\":{\n    \"Ethernet0\":{\n      \"softwareVersion\":\"n/a\",\n      \"remoteAs\":0,\n      \"localAs\":65031,\n      \"version\":4,\n      \"msgRcvd\":0,\n      \"msgSent\":0,\n      \"tableVersion\":0,\n      \"outq\":0,\n      \"inq\":0,\n      \"peerUptime\":\"never\",\n      \"peerUptimeMsec\":0,\n      \"pfxRcd\":0,\n      \"pfxSnt\":0,\n      \"state\":\"Active\",\n      \"peerState\":\"Policy\",\n      \"connectionsEstablished\":0,\n      \"connectionsDropped\":0,\n      \"desc\":\"Exit-Router1\",\n      \"idType\":\"interface\"\n    },\n    \"Ethernet1\":{\n      \"softwareVersion\":\"n/a\",\n      \"remoteAs\":0,\n      \"localAs\":65031,\n      \"version\":4,\n      \"msgRcvd\":0,\n      \"msgSent\":0,\n      \"tableVersion\":0,\n      \"outq\":0,\n      \"inq\":0,\n      \"peerUptime\":\"never\",\n      \"peerUptimeMsec\":0,\n      \"pfxRcd\":0,\n      \"pfxSnt\":0,\n      \"state\":\"Idle\",\n      \"peerState\":\"Policy\",\n      \"connectionsEstablished\":0,\n      \"connectionsDropped\":0,\n      \"desc\":\"Exit-Router2\",\n      \"idType\":\"interface\"\n    },\n    \"Ethernet2\":{\n      \"softwareVersion\":\"n/a\",\n      \"remoteAs\":0,\n      \"localAs\":65031,\n      \"version\":4,\n      \"msgRcvd\":0,\n      \"msgSent\":0,\n      \"tableVersion\":0,\n      \"outq\":0,\n      \"inq\":0,\n      \"peerUptime\":\"never\",\n      \"peerUptimeMsec\":0,\n      \"pfxRcd\":0,\n      \"pfxSnt\":0,\n      \"state\":\"Idle\",\n      \"peerState\":\"Policy\",\n      \"connectionsEstablished\":0,\n      \"connectionsDropped\":0,\n      \"desc\":\"HostB12-1\",\n      \"idType\":\"interface\"\n    },\n    \"Ethernet3\":{\n      \"softwareVersion\":\"n/a\",\n      \"remoteAs\":0,\n      \"localAs\":65031,\n      \"version\":4,\n      \"msgRcvd\":0,\n      \"msgSent\":0,\n      \"tableVersion\":0,\n      \"outq\":0,\n      \"inq\":0,\n      \"peerUptime\":\"never\",\n      \"peerUptimeMsec\":0,\n      \"pfxRcd\":0,\n      \"pfxSnt\":0,\n      \"state\":\"Idle\",\n      \"peerState\":\"Policy\",\n      \"connectionsEstablished\":0,\n      \"connectionsDropped\":0,\n      \"desc\":\"HostB12-2\",\n      \"idType\":\"interface\"\n    },\n    \"Ethernet120\":{\n      \"softwareVersion\":\"n/a\",\n      \"remoteAs\":0,\n      \"localAs\":65031,\n      \"version\":4,\n      \"msgRcvd\":0,\n      \"msgSent\":0,\n      \"tableVersion\":0,\n      \"outq\":0,\n      \"inq\":0,\n      \"peerUptime\":\"never\",\n      \"peerUptimeMsec\":0,\n      \"pfxRcd\":0,\n      \"pfxSnt\":0,\n      \"state\":\"Active\",\n      \"peerState\":\"Policy\",\n      \"connectionsEstablished\":0,\n      \"connectionsDropped\":0,\n      \"desc\":\"Spine-S2\",\n      \"idType\":\"interface\"\n    },\n    \"Ethernet124\":{\n      \"softwareVersion\":\"n/a\",\n      \"remoteAs\":0,\n      \"localAs\":65031,\n      \"version\":4,\n      \"msgRcvd\":0,\n      \"msgSent\":0,\n      \"tableVersion\":0,\n      \"outq\":0,\n      \"inq\":0,\n      \"peerUptime\":\"never\",\n      \"peerUptimeMsec\":0,\n      \"pfxRcd\":0,\n      \"pfxSnt\":0,\n      \"state\":\"Active\",\n      \"peerState\":\"Policy\",\n      \"connectionsEstablished\":0,\n      \"connectionsDropped\":0,\n      \"desc\":\"Spine-S1\",\n      \"idType\":\"interface\"\n    }\n  },\n  \"failedPeers\":6,\n  \"displayedPeers\":6,\n  \"totalPeers\":6,\n  \"dynamicPeers\":0,\n  \"bestPath\":{\n    \"multiPathRelax\":\"false\"\n  }\n}\n,\n\"ipv6Unicast\":{\n  \"routerId\":\"10.0.2.1\",\n  \"as\":65031,\n  \"vrfId\":0,\n  \"vrfName\":\"default\",\n  \"tableVersion\":1,\n  \"ribCount\":1,\n  \"ribMemory\":128,\n  \"peerCount\":6,\n  \"peerMemory\":144432,\n  \"peers\":{\n    \"Ethernet0\":{\n      \"softwareVersion\":\"n/a\",\n      \"remoteAs\":0,\n      \"localAs\":65031,\n      \"version\":4,\n      \"msgRcvd\":0,\n      \"msgSent\":0,\n      \"tableVersion\":0,\n      \"outq\":0,\n      \"inq\":0,\n      \"peerUptime\":\"never\",\n      \"peerUptimeMsec\":0,\n      \"pfxRcd\":0,\n      \"pfxSnt\":0,\n      \"state\":\"Active\",\n      \"peerState\":\"Policy\",\n      \"connectionsEstablished\":0,\n      \"connectionsDropped\":0,\n      \"desc\":\"Exit-Router1\",\n      \"idType\":\"interface\"\n    },\n    \"Ethernet1\":{\n      \"softwareVersion\":\"n/a\",\n      \"remoteAs\":0,\n      \"localAs\":65031,\n      \"version\":4,\n      \"msgRcvd\":0,\n      \"msgSent\":0,\n      \"tableVersion\":0,\n      \"outq\":0,\n      \"inq\":0,\n      \"peerUptime\":\"never\",\n      \"peerUptimeMsec\":0,\n      \"pfxRcd\":0,\n      \"pfxSnt\":0,\n      \"state\":\"Idle\",\n      \"peerState\":\"Policy\",\n      \"connectionsEstablished\":0,\n      \"connectionsDropped\":0,\n      \"desc\":\"Exit-Router2\",\n      \"idType\":\"interface\"\n    },\n    \"Ethernet2\":{\n      \"softwareVersion\":\"n/a\",\n      \"remoteAs\":0,\n      \"localAs\":65031,\n      \"version\":4,\n      \"msgRcvd\":0,\n      \"msgSent\":0,\n      \"tableVersion\":0,\n      \"outq\":0,\n      \"inq\":0,\n      \"peerUptime\":\"never\",\n      \"peerUptimeMsec\":0,\n      \"pfxRcd\":0,\n      \"pfxSnt\":0,\n      \"state\":\"Idle\",\n      \"peerState\":\"Policy\",\n      \"connectionsEstablished\":0,\n      \"connectionsDropped\":0,\n      \"desc\":\"HostB12-1\",\n      \"idType\":\"interface\"\n    },\n    \"Ethernet3\":{\n      \"softwareVersion\":\"n/a\",\n      \"remoteAs\":0,\n      \"localAs\":65031,\n      \"version\":4,\n      \"msgRcvd\":0,\n      \"msgSent\":0,\n      \"tableVersion\":0,\n      \"outq\":0,\n      \"inq\":0,\n      \"peerUptime\":\"never\",\n      \"peerUptimeMsec\":0,\n      \"pfxRcd\":0,\n      \"pfxSnt\":0,\n      \"state\":\"Idle\",\n      \"peerState\":\"Policy\",\n      \"connectionsEstablished\":0,\n      \"connectionsDropped\":0,\n      \"desc\":\"HostB12-2\",\n      \"idType\":\"interface\"\n    },\n    \"Ethernet120\":{\n      \"softwareVersion\":\"n/a\",\n      \"remoteAs\":0,\n      \"localAs\":65031,\n      \"version\":4,\n      \"msgRcvd\":0,\n      \"msgSent\":0,\n      \"tableVersion\":0,\n      \"outq\":0,\n      \"inq\":0,\n      \"peerUptime\":\"never\",\n      \"peerUptimeMsec\":0,\n      \"pfxRcd\":0,\n      \"pfxSnt\":0,\n      \"state\":\"Active\",\n      \"peerState\":\"Policy\",\n      \"connectionsEstablished\":0,\n      \"connectionsDropped\":0,\n      \"desc\":\"Spine-S2\",\n      \"idType\":\"interface\"\n    },\n    \"Ethernet124\":{\n      \"softwareVersion\":\"n/a\",\n      \"remoteAs\":0,\n      \"localAs\":65031,\n      \"version\":4,\n      \"msgRcvd\":0,\n      \"msgSent\":0,\n      \"tableVersion\":0,\n      \"outq\":0,\n      \"inq\":0,\n      \"peerUptime\":\"never\",\n      \"peerUptimeMsec\":0,\n      \"pfxRcd\":0,\n      \"pfxSnt\":0,\n      \"state\":\"Active\",\n      \"peerState\":\"Policy\",\n      \"connectionsEstablished\":0,\n      \"connectionsDropped\":0,\n      \"desc\":\"Spine-S1\",\n      \"idType\":\"interface\"\n    }\n  },\n  \"failedPeers\":6,\n  \"displayedPeers\":6,\n  \"totalPeers\":6,\n  \"dynamicPeers\":0,\n  \"bestPath\":{\n    \"multiPathRelax\":\"false\"\n  }\n}\n}"
}
ok: [Border-Leaf2] => {
    "msg": "{\n\"ipv4Unicast\":{\n  \"routerId\":\"10.0.2.2\",\n  \"as\":65032,\n  \"vrfId\":0,\n  \"vrfName\":\"default\",\n  \"tableVersion\":6,\n  \"ribCount\":10,\n  \"ribMemory\":1280,\n  \"peerCount\":6,\n  \"peerMemory\":144432,\n  \"peers\":{\n    \"Ethernet0\":{\n      \"softwareVersion\":\"n/a\",\n      \"remoteAs\":0,\n      \"localAs\":65032,\n      \"version\":4,\n      \"msgRcvd\":0,\n      \"msgSent\":0,\n      \"tableVersion\":0,\n      \"outq\":0,\n      \"inq\":0,\n      \"peerUptime\":\"never\",\n      \"peerUptimeMsec\":0,\n      \"pfxRcd\":0,\n      \"pfxSnt\":0,\n      \"state\":\"Active\",\n      \"peerState\":\"Policy\",\n      \"connectionsEstablished\":0,\n      \"connectionsDropped\":0,\n      \"desc\":\"Exit-Router2\",\n      \"idType\":\"interface\"\n    },\n    \"Ethernet1\":{\n      \"softwareVersion\":\"n/a\",\n      \"remoteAs\":0,\n      \"localAs\":65032,\n      \"version\":4,\n      \"msgRcvd\":0,\n      \"msgSent\":0,\n      \"tableVersion\":0,\n      \"outq\":0,\n      \"inq\":0,\n      \"peerUptime\":\"never\",\n      \"peerUptimeMsec\":0,\n      \"pfxRcd\":0,\n      \"pfxSnt\":0,\n      \"state\":\"Idle\",\n      \"peerState\":\"Policy\",\n      \"connectionsEstablished\":0,\n      \"connectionsDropped\":0,\n      \"desc\":\"Exit-Router1\",\n      \"idType\":\"interface\"\n    },\n    \"Ethernet2\":{\n      \"softwareVersion\":\"n/a\",\n      \"remoteAs\":0,\n      \"localAs\":65032,\n      \"version\":4,\n      \"msgRcvd\":0,\n      \"msgSent\":0,\n      \"tableVersion\":0,\n      \"outq\":0,\n      \"inq\":0,\n      \"peerUptime\":\"never\",\n      \"peerUptimeMsec\":0,\n      \"pfxRcd\":0,\n      \"pfxSnt\":0,\n      \"state\":\"Idle\",\n      \"peerState\":\"Policy\",\n      \"connectionsEstablished\":0,\n      \"connectionsDropped\":0,\n      \"desc\":\"HostB12-1\",\n      \"idType\":\"interface\"\n    },\n    \"Ethernet3\":{\n      \"softwareVersion\":\"n/a\",\n      \"remoteAs\":0,\n      \"localAs\":65032,\n      \"version\":4,\n      \"msgRcvd\":0,\n      \"msgSent\":0,\n      \"tableVersion\":0,\n      \"outq\":0,\n      \"inq\":0,\n      \"peerUptime\":\"never\",\n      \"peerUptimeMsec\":0,\n      \"pfxRcd\":0,\n      \"pfxSnt\":0,\n      \"state\":\"Idle\",\n      \"peerState\":\"Policy\",\n      \"connectionsEstablished\":0,\n      \"connectionsDropped\":0,\n      \"desc\":\"HostB12-2\",\n      \"idType\":\"interface\"\n    },\n    \"Ethernet120\":{\n      \"softwareVersion\":\"n/a\",\n      \"remoteAs\":0,\n      \"localAs\":65032,\n      \"version\":4,\n      \"msgRcvd\":0,\n      \"msgSent\":0,\n      \"tableVersion\":0,\n      \"outq\":0,\n      \"inq\":0,\n      \"peerUptime\":\"never\",\n      \"peerUptimeMsec\":0,\n      \"pfxRcd\":0,\n      \"pfxSnt\":0,\n      \"state\":\"Active\",\n      \"peerState\":\"Policy\",\n      \"connectionsEstablished\":0,\n      \"connectionsDropped\":0,\n      \"desc\":\"Spine-S2\",\n      \"idType\":\"interface\"\n    },\n    \"Ethernet124\":{\n      \"softwareVersion\":\"n/a\",\n      \"remoteAs\":0,\n      \"localAs\":65032,\n      \"version\":4,\n      \"msgRcvd\":0,\n      \"msgSent\":0,\n      \"tableVersion\":0,\n      \"outq\":0,\n      \"inq\":0,\n      \"peerUptime\":\"never\",\n      \"peerUptimeMsec\":0,\n      \"pfxRcd\":0,\n      \"pfxSnt\":0,\n      \"state\":\"Active\",\n      \"peerState\":\"Policy\",\n      \"connectionsEstablished\":0,\n      \"connectionsDropped\":0,\n      \"desc\":\"Spine-S1\",\n      \"idType\":\"interface\"\n    }\n  },\n  \"failedPeers\":6,\n  \"displayedPeers\":6,\n  \"totalPeers\":6,\n  \"dynamicPeers\":0,\n  \"bestPath\":{\n    \"multiPathRelax\":\"false\"\n  }\n}\n,\n\"ipv6Unicast\":{\n  \"routerId\":\"10.0.2.2\",\n  \"as\":65032,\n  \"vrfId\":0,\n  \"vrfName\":\"default\",\n  \"tableVersion\":1,\n  \"ribCount\":1,\n  \"ribMemory\":128,\n  \"peerCount\":6,\n  \"peerMemory\":144432,\n  \"peers\":{\n    \"Ethernet0\":{\n      \"softwareVersion\":\"n/a\",\n      \"remoteAs\":0,\n      \"localAs\":65032,\n      \"version\":4,\n      \"msgRcvd\":0,\n      \"msgSent\":0,\n      \"tableVersion\":0,\n      \"outq\":0,\n      \"inq\":0,\n      \"peerUptime\":\"never\",\n      \"peerUptimeMsec\":0,\n      \"pfxRcd\":0,\n      \"pfxSnt\":0,\n      \"state\":\"Active\",\n      \"peerState\":\"Policy\",\n      \"connectionsEstablished\":0,\n      \"connectionsDropped\":0,\n      \"desc\":\"Exit-Router2\",\n      \"idType\":\"interface\"\n    },\n    \"Ethernet1\":{\n      \"softwareVersion\":\"n/a\",\n      \"remoteAs\":0,\n      \"localAs\":65032,\n      \"version\":4,\n      \"msgRcvd\":0,\n      \"msgSent\":0,\n      \"tableVersion\":0,\n      \"outq\":0,\n      \"inq\":0,\n      \"peerUptime\":\"never\",\n      \"peerUptimeMsec\":0,\n      \"pfxRcd\":0,\n      \"pfxSnt\":0,\n      \"state\":\"Idle\",\n      \"peerState\":\"Policy\",\n      \"connectionsEstablished\":0,\n      \"connectionsDropped\":0,\n      \"desc\":\"Exit-Router1\",\n      \"idType\":\"interface\"\n    },\n    \"Ethernet2\":{\n      \"softwareVersion\":\"n/a\",\n      \"remoteAs\":0,\n      \"localAs\":65032,\n      \"version\":4,\n      \"msgRcvd\":0,\n      \"msgSent\":0,\n      \"tableVersion\":0,\n      \"outq\":0,\n      \"inq\":0,\n      \"peerUptime\":\"never\",\n      \"peerUptimeMsec\":0,\n      \"pfxRcd\":0,\n      \"pfxSnt\":0,\n      \"state\":\"Idle\",\n      \"peerState\":\"Policy\",\n      \"connectionsEstablished\":0,\n      \"connectionsDropped\":0,\n      \"desc\":\"HostB12-1\",\n      \"idType\":\"interface\"\n    },\n    \"Ethernet3\":{\n      \"softwareVersion\":\"n/a\",\n      \"remoteAs\":0,\n      \"localAs\":65032,\n      \"version\":4,\n      \"msgRcvd\":0,\n      \"msgSent\":0,\n      \"tableVersion\":0,\n      \"outq\":0,\n      \"inq\":0,\n      \"peerUptime\":\"never\",\n      \"peerUptimeMsec\":0,\n      \"pfxRcd\":0,\n      \"pfxSnt\":0,\n      \"state\":\"Idle\",\n      \"peerState\":\"Policy\",\n      \"connectionsEstablished\":0,\n      \"connectionsDropped\":0,\n      \"desc\":\"HostB12-2\",\n      \"idType\":\"interface\"\n    },\n    \"Ethernet120\":{\n      \"softwareVersion\":\"n/a\",\n      \"remoteAs\":0,\n      \"localAs\":65032,\n      \"version\":4,\n      \"msgRcvd\":0,\n      \"msgSent\":0,\n      \"tableVersion\":0,\n      \"outq\":0,\n      \"inq\":0,\n      \"peerUptime\":\"never\",\n      \"peerUptimeMsec\":0,\n      \"pfxRcd\":0,\n      \"pfxSnt\":0,\n      \"state\":\"Active\",\n      \"peerState\":\"Policy\",\n      \"connectionsEstablished\":0,\n      \"connectionsDropped\":0,\n      \"desc\":\"Spine-S2\",\n      \"idType\":\"interface\"\n    },\n    \"Ethernet124\":{\n      \"softwareVersion\":\"n/a\",\n      \"remoteAs\":0,\n      \"localAs\":65032,\n      \"version\":4,\n      \"msgRcvd\":0,\n      \"msgSent\":0,\n      \"tableVersion\":0,\n      \"outq\":0,\n      \"inq\":0,\n      \"peerUptime\":\"never\",\n      \"peerUptimeMsec\":0,\n      \"pfxRcd\":0,\n      \"pfxSnt\":0,\n      \"state\":\"Active\",\n      \"peerState\":\"Policy\",\n      \"connectionsEstablished\":0,\n      \"connectionsDropped\":0,\n      \"desc\":\"Spine-S1\",\n      \"idType\":\"interface\"\n    }\n  },\n  \"failedPeers\":6,\n  \"displayedPeers\":6,\n  \"totalPeers\":6,\n  \"dynamicPeers\":0,\n  \"bestPath\":{\n    \"multiPathRelax\":\"false\"\n  }\n}\n}"
}

TASK [Verify IPv6 link-local on fabric interfaces] *********************************************************************************************************
ok: [Spine-S2] => (item=Ethernet0)
ok: [Leaf-L2] => (item=Ethernet68)
ok: [Leaf-L1] => (item=Ethernet68)
ok: [Spine-S1] => (item=Ethernet0)
ok: [Leaf-L3] => (item=Ethernet124)
ok: [Spine-S2] => (item=Ethernet4)
ok: [Leaf-L2] => (item=Ethernet64)
ok: [Leaf-L1] => (item=Ethernet64)
ok: [Spine-S1] => (item=Ethernet4)
ok: [Leaf-L3] => (item=Ethernet120)
ok: [Spine-S2] => (item=Ethernet8)
ok: [Leaf-L4] => (item=Ethernet124)
ok: [Spine-S1] => (item=Ethernet8)
ok: [Border-Leaf1] => (item=Ethernet124)
ok: [Border-Leaf2] => (item=Ethernet124)
ok: [Spine-S2] => (item=Ethernet12)
ok: [Leaf-L4] => (item=Ethernet120)
ok: [Spine-S1] => (item=Ethernet12)
ok: [Border-Leaf1] => (item=Ethernet120)
ok: [Border-Leaf2] => (item=Ethernet120)
ok: [Spine-S2] => (item=Ethernet16)
ok: [Spine-S1] => (item=Ethernet16)
ok: [Spine-S2] => (item=Ethernet20)
ok: [Spine-S1] => (item=Ethernet20)

TASK [Check fabric port oper status] ***********************************************************************************************************************
ok: [Spine-S2] => (item=Ethernet0)
ok: [Spine-S1] => (item=Ethernet0)
ok: [Leaf-L1] => (item=Ethernet68)
ok: [Leaf-L2] => (item=Ethernet68)
ok: [Leaf-L3] => (item=Ethernet124)
ok: [Spine-S2] => (item=Ethernet4)
ok: [Spine-S1] => (item=Ethernet4)
ok: [Leaf-L1] => (item=Ethernet64)
ok: [Leaf-L2] => (item=Ethernet64)
ok: [Leaf-L3] => (item=Ethernet120)
ok: [Spine-S2] => (item=Ethernet8)
ok: [Spine-S1] => (item=Ethernet8)
ok: [Leaf-L4] => (item=Ethernet124)
ok: [Spine-S2] => (item=Ethernet12)
ok: [Border-Leaf1] => (item=Ethernet124)
ok: [Border-Leaf2] => (item=Ethernet124)
ok: [Spine-S1] => (item=Ethernet12)
ok: [Spine-S2] => (item=Ethernet16)
ok: [Leaf-L4] => (item=Ethernet120)
ok: [Border-Leaf1] => (item=Ethernet120)
ok: [Border-Leaf2] => (item=Ethernet120)
ok: [Spine-S1] => (item=Ethernet16)
ok: [Spine-S2] => (item=Ethernet20)
ok: [Spine-S1] => (item=Ethernet20)

TASK [Check BGP neighbor state for fabric interfaces] ******************************************************************************************************
ok: [Spine-S2] => (item=Ethernet0)
ok: [Leaf-L3] => (item=Ethernet124)
ok: [Spine-S1] => (item=Ethernet0)
ok: [Leaf-L2] => (item=Ethernet68)
ok: [Leaf-L1] => (item=Ethernet68)
ok: [Leaf-L3] => (item=Ethernet120)
ok: [Spine-S2] => (item=Ethernet4)
ok: [Spine-S1] => (item=Ethernet4)
ok: [Leaf-L2] => (item=Ethernet64)
ok: [Leaf-L1] => (item=Ethernet64)
ok: [Spine-S2] => (item=Ethernet8)
ok: [Spine-S1] => (item=Ethernet8)
ok: [Leaf-L4] => (item=Ethernet124)
ok: [Border-Leaf1] => (item=Ethernet124)
ok: [Border-Leaf2] => (item=Ethernet124)
ok: [Spine-S2] => (item=Ethernet12)
ok: [Spine-S1] => (item=Ethernet12)
ok: [Leaf-L4] => (item=Ethernet120)
ok: [Border-Leaf1] => (item=Ethernet120)
ok: [Border-Leaf2] => (item=Ethernet120)
ok: [Spine-S2] => (item=Ethernet16)
ok: [Spine-S1] => (item=Ethernet16)
ok: [Spine-S2] => (item=Ethernet20)
ok: [Spine-S1] => (item=Ethernet20)

TASK [Report BGP neighbor status] **************************************************************************************************************************
ok: [Spine-S1] => (item=Ethernet0) => {
    "msg": "Ethernet0: Idle"
}
ok: [Spine-S2] => (item=Ethernet0) => {
    "msg": "Ethernet0: Active"
}
ok: [Leaf-L1] => (item=Ethernet68) => {
    "msg": "Ethernet68: Active"
}
ok: [Leaf-L2] => (item=Ethernet68) => {
    "msg": "Ethernet68: Active"
}
ok: [Leaf-L3] => (item=Ethernet124) => {
    "msg": "Ethernet124: Active"
}
ok: [Spine-S1] => (item=Ethernet4) => {
    "msg": "Ethernet4: Active"
}
ok: [Spine-S2] => (item=Ethernet4) => {
    "msg": "Ethernet4: Active"
}
ok: [Leaf-L1] => (item=Ethernet64) => {
    "msg": "Ethernet64: Active"
}
ok: [Leaf-L2] => (item=Ethernet64) => {
    "msg": "Ethernet64: Active"
}
ok: [Spine-S1] => (item=Ethernet8) => {
    "msg": "Ethernet8: Active"
}
ok: [Leaf-L3] => (item=Ethernet120) => {
    "msg": "Ethernet120: Active"
}
ok: [Spine-S2] => (item=Ethernet8) => {
    "msg": "Ethernet8: Active"
}
ok: [Spine-S1] => (item=Ethernet12) => {
    "msg": "Ethernet12: Active"
}
ok: [Spine-S2] => (item=Ethernet12) => {
    "msg": "Ethernet12: Active"
}
ok: [Spine-S1] => (item=Ethernet16) => {
    "msg": "Ethernet16: Active"
}
ok: [Spine-S2] => (item=Ethernet16) => {
    "msg": "Ethernet16: Active"
}
ok: [Spine-S1] => (item=Ethernet20) => {
    "msg": "Ethernet20: Active"
}
ok: [Leaf-L4] => (item=Ethernet124) => {
    "msg": "Ethernet124: Active"
}
ok: [Border-Leaf1] => (item=Ethernet124) => {
    "msg": "Ethernet124: Active"
}
ok: [Border-Leaf2] => (item=Ethernet124) => {
    "msg": "Ethernet124: Active"
}
ok: [Spine-S2] => (item=Ethernet20) => {
    "msg": "Ethernet20: Active"
}
ok: [Leaf-L4] => (item=Ethernet120) => {
    "msg": "Ethernet120: Active"
}
ok: [Border-Leaf1] => (item=Ethernet120) => {
    "msg": "Ethernet120: Active"
}
ok: [Border-Leaf2] => (item=Ethernet120) => {
    "msg": "Ethernet120: Active"
}

TASK [Check access port oper status] ***********************************************************************************************************************
skipping: [Spine-S1]
skipping: [Spine-S2]
ok: [Leaf-L1] => (item=Ethernet0 → Host12-1)
ok: [Leaf-L2] => (item=Ethernet0 → Host12-1)
ok: [Leaf-L3] => (item=Ethernet0 → Host34-1)
ok: [Leaf-L4] => (item=Ethernet0 → Host34-1)
ok: [Border-Leaf1] => (item=Ethernet0 → Exit-Router1)
ok: [Leaf-L2] => (item=Ethernet1 → Host12-2)
ok: [Leaf-L3] => (item=Ethernet1 → Host34-2)
ok: [Leaf-L1] => (item=Ethernet1 → Host12-2)
ok: [Leaf-L4] => (item=Ethernet1 → Host34-2)
ok: [Border-Leaf1] => (item=Ethernet1 → Exit-Router2)
ok: [Leaf-L2] => (item=Ethernet2 → Host12-3)
ok: [Leaf-L3] => (item=Ethernet2 → MonSrv)
skipping: [Leaf-L3] => (item=Ethernet3 → None)
ok: [Leaf-L1] => (item=Ethernet2 → Host12-3)
ok: [Leaf-L4] => (item=Ethernet2 → MonSrv)
skipping: [Leaf-L4] => (item=Ethernet3 → None)
ok: [Border-Leaf1] => (item=Ethernet2 → HostB12-1)
ok: [Border-Leaf1] => (item=Ethernet3 → HostB12-2)
ok: [Border-Leaf2] => (item=Ethernet0 → Exit-Router2)
ok: [Border-Leaf2] => (item=Ethernet1 → Exit-Router1)
ok: [Border-Leaf2] => (item=Ethernet2 → HostB12-1)
ok: [Border-Leaf2] => (item=Ethernet3 → HostB12-2)

TASK [Report access port status] ***************************************************************************************************************************
skipping: [Spine-S2]
skipping: [Spine-S1]
ok: [Leaf-L1] => (item=Ethernet0) => {
    "msg": "Ethernet0 → Host12-1: up"
}
ok: [Leaf-L2] => (item=Ethernet0) => {
    "msg": "Ethernet0 → Host12-1: up"
}
ok: [Leaf-L2] => (item=Ethernet1) => {
    "msg": "Ethernet1 → Host12-2: up"
}
ok: [Leaf-L1] => (item=Ethernet1) => {
    "msg": "Ethernet1 → Host12-2: up"
}
ok: [Leaf-L1] => (item=Ethernet2) => {
    "msg": "Ethernet2 → Host12-3: up"
}
ok: [Leaf-L2] => (item=Ethernet2) => {
    "msg": "Ethernet2 → Host12-3: up"
}
ok: [Leaf-L3] => (item=Ethernet0) => {
    "msg": "Ethernet0 → Host34-1: down"
}
ok: [Leaf-L3] => (item=Ethernet1) => {
    "msg": "Ethernet1 → Host34-2: down"
}
ok: [Border-Leaf1] => (item=Ethernet0) => {
    "msg": "Ethernet0 → Exit-Router1: up"
}
ok: [Leaf-L4] => (item=Ethernet0) => {
    "msg": "Ethernet0 → Host34-1: down"
}
ok: [Border-Leaf1] => (item=Ethernet1) => {
    "msg": "Ethernet1 → Exit-Router2: up"
}
ok: [Leaf-L3] => (item=Ethernet2) => {
    "msg": "Ethernet2 → MonSrv: down"
}
ok: [Leaf-L4] => (item=Ethernet1) => {
    "msg": "Ethernet1 → Host34-2: down"
}
skipping: [Leaf-L3] => (item=Ethernet3)
ok: [Leaf-L4] => (item=Ethernet2) => {
    "msg": "Ethernet2 → MonSrv: down"
}
ok: [Border-Leaf1] => (item=Ethernet2) => {
    "msg": "Ethernet2 → HostB12-1: up"
}
skipping: [Leaf-L4] => (item=Ethernet3)
ok: [Border-Leaf1] => (item=Ethernet3) => {
    "msg": "Ethernet3 → HostB12-2: up"
}
ok: [Border-Leaf2] => (item=Ethernet0) => {
    "msg": "Ethernet0 → Exit-Router2: up"
}
ok: [Border-Leaf2] => (item=Ethernet1) => {
    "msg": "Ethernet1 → Exit-Router1: up"
}
ok: [Border-Leaf2] => (item=Ethernet2) => {
    "msg": "Ethernet2 → HostB12-1: up"
}
ok: [Border-Leaf2] => (item=Ethernet3) => {
    "msg": "Ethernet3 → HostB12-2: up"
}

TASK [Check BGP neighbor state for access interfaces] ******************************************************************************************************
skipping: [Spine-S2]
skipping: [Spine-S1]
ok: [Leaf-L1] => (item=Ethernet0 → Host12-1)
ok: [Leaf-L2] => (item=Ethernet0 → Host12-1)
ok: [Leaf-L3] => (item=Ethernet0 → Host34-1)
ok: [Leaf-L4] => (item=Ethernet0 → Host34-1)
ok: [Border-Leaf1] => (item=Ethernet0 → Exit-Router1)
ok: [Leaf-L1] => (item=Ethernet1 → Host12-2)
ok: [Leaf-L2] => (item=Ethernet1 → Host12-2)
ok: [Leaf-L4] => (item=Ethernet1 → Host34-2)
ok: [Leaf-L3] => (item=Ethernet1 → Host34-2)
ok: [Border-Leaf1] => (item=Ethernet1 → Exit-Router2)
ok: [Leaf-L1] => (item=Ethernet2 → Host12-3)
ok: [Leaf-L2] => (item=Ethernet2 → Host12-3)
ok: [Leaf-L4] => (item=Ethernet2 → MonSrv)
skipping: [Leaf-L4] => (item=Ethernet3 → None)
ok: [Border-Leaf1] => (item=Ethernet2 → HostB12-1)
ok: [Leaf-L3] => (item=Ethernet2 → MonSrv)
skipping: [Leaf-L3] => (item=Ethernet3 → None)
ok: [Border-Leaf1] => (item=Ethernet3 → HostB12-2)
ok: [Border-Leaf2] => (item=Ethernet0 → Exit-Router2)
ok: [Border-Leaf2] => (item=Ethernet1 → Exit-Router1)
ok: [Border-Leaf2] => (item=Ethernet2 → HostB12-1)
ok: [Border-Leaf2] => (item=Ethernet3 → HostB12-2)

TASK [Report access BGP neighbor status] *******************************************************************************************************************
skipping: [Spine-S1]
skipping: [Spine-S2]
ok: [Leaf-L1] => (item=Ethernet0) => {
    "msg": "Ethernet0 → Host12-1: Active"
}
ok: [Leaf-L2] => (item=Ethernet0) => {
    "msg": "Ethernet0 → Host12-1: Active"
}
ok: [Leaf-L3] => (item=Ethernet0) => {
    "msg": "Ethernet0 → Host34-1: Active"
}
ok: [Leaf-L1] => (item=Ethernet1) => {
    "msg": "Ethernet1 → Host12-2: Idle"
}
ok: [Border-Leaf1] => (item=Ethernet0) => {
    "msg": "Ethernet0 → Exit-Router1: Active"
}
ok: [Leaf-L2] => (item=Ethernet1) => {
    "msg": "Ethernet1 → Host12-2: Idle"
}
ok: [Leaf-L4] => (item=Ethernet0) => {
    "msg": "Ethernet0 → Host34-1: Active"
}
ok: [Leaf-L3] => (item=Ethernet1) => {
    "msg": "Ethernet1 → Host34-2: Idle"
}
ok: [Border-Leaf1] => (item=Ethernet1) => {
    "msg": "Ethernet1 → Exit-Router2: Idle"
}
ok: [Leaf-L1] => (item=Ethernet2) => {
    "msg": "Ethernet2 → Host12-3: Idle"
}
ok: [Leaf-L4] => (item=Ethernet1) => {
    "msg": "Ethernet1 → Host34-2: Idle"
}
ok: [Leaf-L2] => (item=Ethernet2) => {
    "msg": "Ethernet2 → Host12-3: Idle"
}
ok: [Leaf-L3] => (item=Ethernet2) => {
    "msg": "Ethernet2 → MonSrv: Idle"
}
ok: [Border-Leaf1] => (item=Ethernet2) => {
    "msg": "Ethernet2 → HostB12-1: Idle"
}
ok: [Leaf-L4] => (item=Ethernet2) => {
    "msg": "Ethernet2 → MonSrv: Idle"
}
skipping: [Leaf-L3] => (item=Ethernet3)
ok: [Border-Leaf1] => (item=Ethernet3) => {
    "msg": "Ethernet3 → HostB12-2: Idle"
}
skipping: [Leaf-L4] => (item=Ethernet3)
ok: [Border-Leaf2] => (item=Ethernet0) => {
    "msg": "Ethernet0 → Exit-Router2: Active"
}
ok: [Border-Leaf2] => (item=Ethernet1) => {
    "msg": "Ethernet1 → Exit-Router1: Idle"
}
ok: [Border-Leaf2] => (item=Ethernet2) => {
    "msg": "Ethernet2 → HostB12-1: Idle"
}
ok: [Border-Leaf2] => (item=Ethernet3) => {
    "msg": "Ethernet3 → HostB12-2: Idle"
}

PLAY [Verify Linux endpoint BGP peering] *******************************************************************************************************************

TASK [Check if FRR is installed] ***************************************************************************************************************************
[WARNING]: Host 'Host12-2' is using the discovered Python interpreter at '/usr/bin/python3.14', but future installation of another Python interpreter could cause a different interpreter to be discovered. See https://docs.ansible.com/ansible-core/2.20/reference_appendices/interpreter_discovery.html for more information.
ok: [Host12-2]
[WARNING]: Host 'Host12-3' is using the discovered Python interpreter at '/usr/bin/python3.14', but future installation of another Python interpreter could cause a different interpreter to be discovered. See https://docs.ansible.com/ansible-core/2.20/reference_appendices/interpreter_discovery.html for more information.
ok: [Host12-3]
[WARNING]: Host 'Host12-1' is using the discovered Python interpreter at '/usr/bin/python3.14', but future installation of another Python interpreter could cause a different interpreter to be discovered. See https://docs.ansible.com/ansible-core/2.20/reference_appendices/interpreter_discovery.html for more information.
ok: [Host12-1]
[WARNING]: Host 'Host34-2' is using the discovered Python interpreter at '/usr/bin/python3.14', but future installation of another Python interpreter could cause a different interpreter to be discovered. See https://docs.ansible.com/ansible-core/2.20/reference_appendices/interpreter_discovery.html for more information.
ok: [Host34-2]
[WARNING]: Host 'Host34-1' is using the discovered Python interpreter at '/usr/bin/python3.14', but future installation of another Python interpreter could cause a different interpreter to be discovered. See https://docs.ansible.com/ansible-core/2.20/reference_appendices/interpreter_discovery.html for more information.
ok: [Host34-1]
[WARNING]: Host 'HostB12-1' is using the discovered Python interpreter at '/usr/bin/python3.14', but future installation of another Python interpreter could cause a different interpreter to be discovered. See https://docs.ansible.com/ansible-core/2.20/reference_appendices/interpreter_discovery.html for more information.
ok: [HostB12-1]
[WARNING]: Host 'MonSrv' is using the discovered Python interpreter at '/usr/bin/python3.14', but future installation of another Python interpreter could cause a different interpreter to be discovered. See https://docs.ansible.com/ansible-core/2.20/reference_appendices/interpreter_discovery.html for more information.
ok: [MonSrv]
[WARNING]: Host 'HostB12-2' is using the discovered Python interpreter at '/usr/bin/python3.14', but future installation of another Python interpreter could cause a different interpreter to be discovered. See https://docs.ansible.com/ansible-core/2.20/reference_appendices/interpreter_discovery.html for more information.
ok: [HostB12-2]

TASK [Display Linux BGP summary] ***************************************************************************************************************************
ok: [Host12-2] => {
    "msg": []
}
ok: [Host12-1] => {
    "msg": [
        "",
        "IPv4 Unicast Summary:",
        "BGP router identifier 10.0.10.1, local AS number 65211 VRF default vrf-id 0",
        "BGP table version 0",
        "RIB entries 0, using 0 bytes of memory",
        "Peers 2, using 47 KiB of memory",
        "",
        "Neighbor        V         AS   MsgRcvd   MsgSent   TblVer  InQ OutQ  Up/Down State/PfxRcd   PfxSnt Desc",
        "enp2s0          4      65011         0         0        0    0    0    never         Idle        0 To-Leaf-L1-Ethernet0",
        "enp3s0          4      65012         0         0        0    0    0    never         Idle        0 To-Leaf-L2-Ethernet0",
        "",
        "Total number of neighbors 2"
    ]
}
ok: [Host34-1] => {
    "msg": [
        "",
        "IPv4 Unicast Summary:",
        "BGP router identifier 10.0.20.1, local AS number 65221 VRF default vrf-id 0",
        "BGP table version 0",
        "RIB entries 0, using 0 bytes of memory",
        "Peers 2, using 47 KiB of memory",
        "",
        "Neighbor        V         AS   MsgRcvd   MsgSent   TblVer  InQ OutQ  Up/Down State/PfxRcd   PfxSnt Desc",
        "enp2s0          4      65021         0         0        0    0    0    never         Idle        0 To-Leaf-L3-Ethernet0",
        "enp3s0          4      65022         0         0        0    0    0    never         Idle        0 To-Leaf-L4-Ethernet0",
        "",
        "Total number of neighbors 2"
    ]
}
ok: [Host12-3] => {
    "msg": []
}
ok: [Host34-2] => {
    "msg": [
        "",
        "IPv4 Unicast Summary:",
        "BGP router identifier 10.0.20.2, local AS number 65222 VRF default vrf-id 0",
        "BGP table version 0",
        "RIB entries 0, using 0 bytes of memory",
        "Peers 2, using 47 KiB of memory",
        "",
        "Neighbor        V         AS   MsgRcvd   MsgSent   TblVer  InQ OutQ  Up/Down State/PfxRcd   PfxSnt Desc",
        "enp2s0          4      65021         0         0        0    0    0    never         Idle        0 To-Leaf-L3-Ethernet1",
        "enp3s0          4      65022         0         0        0    0    0    never         Idle        0 To-Leaf-L4-Ethernet1",
        "",
        "Total number of neighbors 2"
    ]
}
ok: [MonSrv] => {
    "msg": []
}
ok: [HostB12-1] => {
    "msg": []
}
ok: [HostB12-2] => {
    "msg": []
}

TASK [Check data interface link state] *********************************************************************************************************************
ok: [Host12-3] => (item=enp2s0)
ok: [Host12-2] => (item=enp2s0)
ok: [Host34-2] => (item=enp2s0)
ok: [Host12-1] => (item=enp2s0)
ok: [Host34-1] => (item=enp2s0)
ok: [Host12-3] => (item=enp3s0)
ok: [Host12-2] => (item=enp3s0)
ok: [Host34-2] => (item=enp3s0)
ok: [Host12-1] => (item=enp3s0)
ok: [Host34-1] => (item=enp3s0)
ok: [MonSrv] => (item=enp2s0)
ok: [HostB12-1] => (item=enp2s0)
ok: [HostB12-2] => (item=enp2s0)
ok: [MonSrv] => (item=enp3s0)
ok: [HostB12-1] => (item=enp3s0)
ok: [HostB12-2] => (item=enp3s0)

TASK [Report interface link state] *************************************************************************************************************************
ok: [Host12-1] => (item=enp2s0) => {
    "msg": "NOT_FOUND"
}
ok: [Host12-2] => (item=enp2s0) => {
    "msg": "NOT_FOUND"
}
ok: [Host12-2] => (item=enp3s0) => {
    "msg": "NOT_FOUND"
}
ok: [Host12-1] => (item=enp3s0) => {
    "msg": "NOT_FOUND"
}
ok: [Host12-3] => (item=enp2s0) => {
    "msg": "NOT_FOUND"
}
ok: [Host34-1] => (item=enp2s0) => {
    "msg": "NOT_FOUND"
}
ok: [Host12-3] => (item=enp3s0) => {
    "msg": "NOT_FOUND"
}
ok: [Host34-1] => (item=enp3s0) => {
    "msg": "NOT_FOUND"
}
ok: [Host34-2] => (item=enp2s0) => {
    "msg": "NOT_FOUND"
}
ok: [Host34-2] => (item=enp3s0) => {
    "msg": "NOT_FOUND"
}
ok: [MonSrv] => (item=enp2s0) => {
    "msg": "NOT_FOUND"
}
ok: [HostB12-1] => (item=enp2s0) => {
    "msg": "NOT_FOUND"
}
ok: [MonSrv] => (item=enp3s0) => {
    "msg": "NOT_FOUND"
}
ok: [HostB12-1] => (item=enp3s0) => {
    "msg": "NOT_FOUND"
}
ok: [HostB12-2] => (item=enp2s0) => {
    "msg": "NOT_FOUND"
}
ok: [HostB12-2] => (item=enp3s0) => {
    "msg": "NOT_FOUND"
}

PLAY RECAP *************************************************************************************************************************************************
Border-Leaf1               : ok=14   changed=0    unreachable=0    failed=0    skipped=0    rescued=0    ignored=0
Border-Leaf2               : ok=14   changed=0    unreachable=0    failed=0    skipped=0    rescued=0    ignored=0
Host12-1                   : ok=4    changed=0    unreachable=0    failed=0    skipped=0    rescued=0    ignored=0
Host12-2                   : ok=4    changed=0    unreachable=0    failed=0    skipped=0    rescued=0    ignored=0
Host12-3                   : ok=4    changed=0    unreachable=0    failed=0    skipped=0    rescued=0    ignored=0
Host34-1                   : ok=4    changed=0    unreachable=0    failed=0    skipped=0    rescued=0    ignored=0
Host34-2                   : ok=4    changed=0    unreachable=0    failed=0    skipped=0    rescued=0    ignored=0
HostB12-1                  : ok=4    changed=0    unreachable=0    failed=0    skipped=0    rescued=0    ignored=0
HostB12-2                  : ok=4    changed=0    unreachable=0    failed=0    skipped=0    rescued=0    ignored=0
Leaf-L1                    : ok=14   changed=0    unreachable=0    failed=0    skipped=0    rescued=0    ignored=0
Leaf-L2                    : ok=14   changed=0    unreachable=0    failed=0    skipped=0    rescued=0    ignored=0
Leaf-L3                    : ok=14   changed=0    unreachable=0    failed=0    skipped=0    rescued=0    ignored=0
Leaf-L4                    : ok=14   changed=0    unreachable=0    failed=0    skipped=0    rescued=0    ignored=0
MonSrv                     : ok=4    changed=0    unreachable=0    failed=0    skipped=0    rescued=0    ignored=0
Spine-S1                   : ok=10   changed=0    unreachable=0    failed=0    skipped=4    rescued=0    ignored=0
Spine-S2                   : ok=10   changed=0    unreachable=0    failed=0    skipped=4    rescued=0    ignored=0

(venv) nh1221@Lab-ControlNode:/mnt/c/Users/nh1221/dc_lab/clab/sonic-clab$
