I have made few changes in topology yml for Leaf-L3/4 for link mapping  which is making bgp runnng successfully in the fabric. Followng are the changes and resuts:

admin@Spine-S2:~$ show ip bgp summary

IPv4 Unicast Summary:
BGP router identifier 10.0.0.2, local AS number 65000 vrf-id 0
BGP table version 3
RIB entries 4, using 512 bytes of memory
Peers 6, using 144432 KiB of memory
Peer groups 0, using 0 bytes of memory


Neighbhor      V     AS    MsgRcvd    MsgSent    TblVer    InQ    OutQ  Up/Down      State/PfxRcd  NeighborName
-----------  ---  -----  ---------  ---------  --------  -----  ------  ---------  --------------  --------------
Ethernet0      4  65011          6          6         3      0       0  00:02:16                0  Leaf-L1
Ethernet4      4  65012          6          6         3      0       0  00:02:16                0  Leaf-L2
Ethernet8      4  65021          6          7         3      0       0  00:02:16                0  Leaf-L3
Ethernet12     4  65022          6          6         3      0       0  00:02:02                0  Leaf-L4
Ethernet16     4  65031          6          6         3      0       0  00:02:02                0  Border-Leaf1
Ethernet20     4  65032          6          6         3      0       0  00:02:02                0  Border-Leaf2

Total number of neighbors 6
admin@Spine-S2:~$

admin@Spine-S1:~$ show ip bgp summary

IPv4 Unicast Summary:
BGP router identifier 10.0.0.1, local AS number 65000 vrf-id 0
BGP table version 3
RIB entries 4, using 512 bytes of memory
Peers 6, using 144432 KiB of memory
Peer groups 0, using 0 bytes of memory


Neighbhor      V     AS    MsgRcvd    MsgSent    TblVer    InQ    OutQ  Up/Down      State/PfxRcd  NeighborName
-----------  ---  -----  ---------  ---------  --------  -----  ------  ---------  --------------  --------------
Ethernet0      4  65011        304        304         3      0       0  05:00:35                0  Leaf-L1
Ethernet4      4  65012        304        304         3      0       0  05:00:35                0  Leaf-L2
Ethernet8      4  65021        304        305         3      0       0  05:00:35                0  Leaf-L3
Ethernet12     4  65022        308        308         3      0       0  05:00:21                0  Leaf-L4
Ethernet16     4  65031        304        304         3      0       0  05:00:21                0  Border-Leaf1
Ethernet20     4  65032        304        304         3      0       0  05:00:11                0  Border-Leaf2

Total number of neighbors 6
admin@Spine-S1:

    - endpoints: ["Spine-S1:eth3", "Leaf-L3:eth32"]      # Spine Eth8  <---> Leaf-L3 Eth124 (40G)
    - endpoints: ["Spine-S1:eth4", "Leaf-L4:eth32"]      # Spine Eth12 <---> Leaf-L4 Eth124 (40G)

    - endpoints: ["Spine-S2:eth3", "Leaf-L3:eth31"]      # Spine Eth8  <---> Leaf-L3 Eth120 (40G)
    - endpoints: ["Spine-S2:eth4", "Leaf-L4:eth31"]      # Spine Eth12 <---> Leaf-L4 Eth120 (40G)

    However Leaf-L3/4 port 'Ethernet0' breakout configuration still giving the follwoig status:

admin@Leaf-L3:~$ show interfaces status
  Interface            Lanes    Speed    MTU    FEC         Alias    Vlan    Oper    Admin    Type    Asym PFC
-----------  ---------------  -------  -----  -----  ------------  ------  ------  -------  ------  ----------
  Ethernet0              125      10G   9100    N/A   Ethernet1/1  routed    down       up     N/A         N/A
  Ethernet1              126      10G   9100    N/A   Ethernet1/2  routed    down       up     N/A         N/A
  Ethernet2              127      10G   9100    N/A   Ethernet1/3  routed    down       up     N/A         N/A
  Ethernet3              128      10G   9100    N/A   Ethernet1/4  routed      up     down     N/A         N/A

admin@Leaf-L4:~$ show interfaces status
  Interface            Lanes    Speed    MTU    FEC         Alias    Vlan    Oper    Admin    Type    Asym PFC
-----------  ---------------  -------  -----  -----  ------------  ------  ------  -------  ------  ----------
  Ethernet0              125      10G   9100    N/A   Ethernet1/1  routed    down       up     N/A         N/A
  Ethernet1              126      10G   9100    N/A   Ethernet1/2  routed    down       up     N/A         N/A
  Ethernet2              127      10G   9100    N/A   Ethernet1/3  routed    down       up     N/A         N/A
  Ethernet3              128      10G   9100    N/A   Ethernet1/4  routed      up     down     N/A         N/A


  So, we need an understanding why our effort for 'Ethernet0' port breakout not giving us 'Operation/Admin' status 'up/up' yet. 
  And let us figure out the reasoning and then update to fix it o get expected result.

  Now on the kind:'generic_vm' side, we have tried to inject 'nh1221/Welcome1!', however all our iterations are failing. So, explain why? 
  And then start using 'ubuntu/ubuntu' since they are working to log into them. Following are all the logs for you to analyze 
  and implement, so, in next iteration, we can see our netplan inplementation, bgp implementation etc. sevrything working successfully.

  Logs for the playbooks: 

  (venv) nh1221@Lab-ControlNode:/mnt/c/Users/nh1221/dc_lab/clab/sonic-clab$ ansible-playbook playbooks/lab/bootstrap-linux.yml

PLAY [Bootstrap generic_vm Linux nodes] ********************************************************************************************************************

TASK [Wait for SSH to become available (cloud-init user)] **************************************************************************************************
[ERROR]: Task failed: Action failed: timed out waiting for ping module test: Failed to connect to the host via ssh: Warning: Permanently added '172.16.2.51' (ED25519) to the list of known hosts.
nh1221@172.16.2.51: Permission denied (publickey,password).
Origin: /mnt/c/Users/nh1221/dc_lab/clab/sonic-clab/playbooks/lab/bootstrap-linux.yml:11:7

 9   gather_facts: false
10   tasks:
11     - name: Wait for SSH to become available (cloud-init user)
         ^ column 7

fatal: [Host12-1]: FAILED! => {"changed": false, "elapsed": 310, "msg": "timed out waiting for ping module test: Failed to connect to the host via ssh: Warning: Permanently added '172.16.2.51' (ED25519) to the list of known hosts.\r\nnh1221@172.16.2.51: Permission denied (publickey,password)."}
[ERROR]: Task failed: Action failed: timed out waiting for ping module test: Failed to connect to the host via ssh: Warning: Permanently added '172.16.2.53' (ED25519) to the list of known hosts.
nh1221@172.16.2.53: Permission denied (publickey,password).
Origin: /mnt/c/Users/nh1221/dc_lab/clab/sonic-clab/playbooks/lab/bootstrap-linux.yml:11:7

 9   gather_facts: false
10   tasks:
11     - name: Wait for SSH to become available (cloud-init user)
         ^ column 7

fatal: [Host12-3]: FAILED! => {"changed": false, "elapsed": 310, "msg": "timed out waiting for ping module test: Failed to connect to the host via ssh: Warning: Permanently added '172.16.2.53' (ED25519) to the list of known hosts.\r\nnh1221@172.16.2.53: Permission denied (publickey,password)."}
[ERROR]: Task failed: Action failed: timed out waiting for ping module test: Failed to connect to the host via ssh: Warning: Permanently added '172.16.2.55' (ED25519) to the list of known hosts.
nh1221@172.16.2.55: Permission denied (publickey,password).
Origin: /mnt/c/Users/nh1221/dc_lab/clab/sonic-clab/playbooks/lab/bootstrap-linux.yml:11:7

 9   gather_facts: false
10   tasks:
11     - name: Wait for SSH to become available (cloud-init user)
         ^ column 7

fatal: [Host34-2]: FAILED! => {"changed": false, "elapsed": 311, "msg": "timed out waiting for ping module test: Failed to connect to the host via ssh: Warning: Permanently added '172.16.2.55' (ED25519) to the list of known hosts.\r\nnh1221@172.16.2.55: Permission denied (publickey,password)."}
[ERROR]: Task failed: Action failed: timed out waiting for ping module test: Failed to connect to the host via ssh: Warning: Permanently added '172.16.2.52' (ED25519) to the list of known hosts.
nh1221@172.16.2.52: Permission denied (publickey,password).
Origin: /mnt/c/Users/nh1221/dc_lab/clab/sonic-clab/playbooks/lab/bootstrap-linux.yml:11:7

 9   gather_facts: false
10   tasks:
11     - name: Wait for SSH to become available (cloud-init user)
         ^ column 7

fatal: [Host12-2]: FAILED! => {"changed": false, "elapsed": 313, "msg": "timed out waiting for ping module test: Failed to connect to the host via ssh: Warning: Permanently added '172.16.2.52' (ED25519) to the list of known hosts.\r\nnh1221@172.16.2.52: Permission denied (publickey,password)."}
[ERROR]: Task failed: Action failed: timed out waiting for ping module test: Failed to connect to the host via ssh: Connection timed out during banner exchange
Connection to UNKNOWN port 65535 timed out
Origin: /mnt/c/Users/nh1221/dc_lab/clab/sonic-clab/playbooks/lab/bootstrap-linux.yml:11:7

 9   gather_facts: false
10   tasks:
11     - name: Wait for SSH to become available (cloud-init user)
         ^ column 7

fatal: [Host34-1]: FAILED! => {"changed": false, "elapsed": 355, "msg": "timed out waiting for ping module test: Failed to connect to the host via ssh: Connection timed out during banner exchange\r\nConnection to UNKNOWN port 65535 timed out"}
[ERROR]: Task failed: Action failed: timed out waiting for ping module test: Failed to connect to the host via ssh: Warning: Permanently added '172.16.2.57' (ED25519) to the list of known hosts.
nh1221@172.16.2.57: Permission denied (publickey,password).
Origin: /mnt/c/Users/nh1221/dc_lab/clab/sonic-clab/playbooks/lab/bootstrap-linux.yml:11:7

 9   gather_facts: false
10   tasks:
11     - name: Wait for SSH to become available (cloud-init user)
         ^ column 7

fatal: [HostB12-1]: FAILED! => {"changed": false, "elapsed": 310, "msg": "timed out waiting for ping module test: Failed to connect to the host via ssh: Warning: Permanently added '172.16.2.57' (ED25519) to the list of known hosts.\r\nnh1221@172.16.2.57: Permission denied (publickey,password)."}
[ERROR]: Task failed: Action failed: timed out waiting for ping module test: Failed to connect to the host via ssh: Warning: Permanently added '172.16.2.58' (ED25519) to the list of known hosts.
nh1221@172.16.2.58: Permission denied (publickey,password).
Origin: /mnt/c/Users/nh1221/dc_lab/clab/sonic-clab/playbooks/lab/bootstrap-linux.yml:11:7

 9   gather_facts: false
10   tasks:
11     - name: Wait for SSH to become available (cloud-init user)
         ^ column 7

fatal: [HostB12-2]: FAILED! => {"changed": false, "elapsed": 311, "msg": "timed out waiting for ping module test: Failed to connect to the host via ssh: Warning: Permanently added '172.16.2.58' (ED25519) to the list of known hosts.\r\nnh1221@172.16.2.58: Permission denied (publickey,password)."}
fatal: [MonSrv]: FAILED! => {"changed": false, "elapsed": 330, "msg": "timed out waiting for ping module test: Failed to connect to the host via ssh: Connection timed out during banner exchange\r\nConnection to UNKNOWN port 65535 timed out"}
fatal: [Exit-Router1]: FAILED! => {"changed": false, "elapsed": 341, "msg": "timed out waiting for ping module test: Failed to connect to the host via ssh: Connection timed out during banner exchange\r\nConnection to UNKNOWN port 65535 timed out"}
fatal: [Exit-Router2]: FAILED! => {"changed": false, "elapsed": 331, "msg": "timed out waiting for ping module test: Failed to connect to the host via ssh: Connection timed out during banner exchange\r\nConnection to UNKNOWN port 65535 timed out"}

PLAY RECAP *************************************************************************************************************************************************
Exit-Router1               : ok=0    changed=0    unreachable=0    failed=1    skipped=0    rescued=0    ignored=0
Exit-Router2               : ok=0    changed=0    unreachable=0    failed=1    skipped=0    rescued=0    ignored=0
Host12-1                   : ok=0    changed=0    unreachable=0    failed=1    skipped=0    rescued=0    ignored=0
Host12-2                   : ok=0    changed=0    unreachable=0    failed=1    skipped=0    rescued=0    ignored=0
Host12-3                   : ok=0    changed=0    unreachable=0    failed=1    skipped=0    rescued=0    ignored=0
Host34-1                   : ok=0    changed=0    unreachable=0    failed=1    skipped=0    rescued=0    ignored=0
Host34-2                   : ok=0    changed=0    unreachable=0    failed=1    skipped=0    rescued=0    ignored=0
HostB12-1                  : ok=0    changed=0    unreachable=0    failed=1    skipped=0    rescued=0    ignored=0
HostB12-2                  : ok=0    changed=0    unreachable=0    failed=1    skipped=0    rescued=0    ignored=0
MonSrv                     : ok=0    changed=0    unreachable=0    failed=1    skipped=0    rescued=0    ignored=0

(venv) nh1221@Lab-ControlNode:/mnt/c/Users/nh1221/dc_lab/clab/sonic-clab$

(venv) nh1221@Lab-ControlNode:/mnt/c/Users/nh1221/dc_lab/clab/sonic-clab$ ansible-playbook playbooks/verify.yml

PLAY [Verify routing framework settings and platform identity] *********************************************************************************************

TASK [Verify frr_mgmt_framework_config is enabled] *********************************************************************************************************
[WARNING]: Host 'Leaf-L3' is using the discovered Python interpreter at '/usr/bin/python3.13', but future installation of another Python interpreter could cause a different interpreter to be discovered. See https://docs.ansible.com/ansible-core/2.20/reference_appendices/interpreter_discovery.html for more information.
ok: [Leaf-L3]
[WARNING]: Host 'Spine-S2' is using the discovered Python interpreter at '/usr/bin/python3.13', but future installation of another Python interpreter could cause a different interpreter to be discovered. See https://docs.ansible.com/ansible-core/2.20/reference_appendices/interpreter_discovery.html for more information.
ok: [Spine-S2]
[WARNING]: Host 'Leaf-L1' is using the discovered Python interpreter at '/usr/bin/python3.13', but future installation of another Python interpreter could cause a different interpreter to be discovered. See https://docs.ansible.com/ansible-core/2.20/reference_appendices/interpreter_discovery.html for more information.
ok: [Leaf-L1]
[WARNING]: Host 'Spine-S1' is using the discovered Python interpreter at '/usr/bin/python3.13', but future installation of another Python interpreter could cause a different interpreter to be discovered. See https://docs.ansible.com/ansible-core/2.20/reference_appendices/interpreter_discovery.html for more information.
ok: [Spine-S1]
[WARNING]: Host 'Leaf-L2' is using the discovered Python interpreter at '/usr/bin/python3.13', but future installation of another Python interpreter could cause a different interpreter to be discovered. See https://docs.ansible.com/ansible-core/2.20/reference_appendices/interpreter_discovery.html for more information.
ok: [Leaf-L2]
[WARNING]: Host 'Border-Leaf1' is using the discovered Python interpreter at '/usr/bin/python3.13', but future installation of another Python interpreter could cause a different interpreter to be discovered. See https://docs.ansible.com/ansible-core/2.20/reference_appendices/interpreter_discovery.html for more information.
ok: [Border-Leaf1]
[WARNING]: Host 'Leaf-L4' is using the discovered Python interpreter at '/usr/bin/python3.13', but future installation of another Python interpreter could cause a different interpreter to be discovered. See https://docs.ansible.com/ansible-core/2.20/reference_appendices/interpreter_discovery.html for more information.
ok: [Leaf-L4]
[WARNING]: Host 'Border-Leaf2' is using the discovered Python interpreter at '/usr/bin/python3.13', but future installation of another Python interpreter could cause a different interpreter to be discovered. See https://docs.ansible.com/ansible-core/2.20/reference_appendices/interpreter_discovery.html for more information.
ok: [Border-Leaf2]

TASK [Verify docker_routing_config_mode is unified] ********************************************************************************************************
ok: [Spine-S1]
ok: [Leaf-L2]
ok: [Spine-S2]
ok: [Leaf-L1]
ok: [Leaf-L3]
ok: [Leaf-L4]
ok: [Border-Leaf1]
ok: [Border-Leaf2]

TASK [Verify expected HWSKU is active] *********************************************************************************************************************
ok: [Spine-S1]
ok: [Spine-S2]
ok: [Leaf-L1]
ok: [Leaf-L2]
ok: [Leaf-L3]
ok: [Leaf-L4]
ok: [Border-Leaf1]
ok: [Border-Leaf2]

TASK [Verify BGP_GLOBALS exists in CONFIG_DB] **************************************************************************************************************
ok: [Spine-S1]
ok: [Spine-S2]
ok: [Leaf-L3]
ok: [Leaf-L1]
ok: [Leaf-L2]
ok: [Border-Leaf1]
ok: [Leaf-L4]
ok: [Border-Leaf2]

TASK [Get BGP summary] *************************************************************************************************************************************
ok: [Spine-S1]
ok: [Spine-S2]
ok: [Leaf-L1]
ok: [Leaf-L3]
ok: [Leaf-L2]
ok: [Leaf-L4]
ok: [Border-Leaf1]
ok: [Border-Leaf2]

TASK [Display BGP summary] *********************************************************************************************************************************
ok: [Spine-S1] => {
    "msg": "{\n\"ipv4Unicast\":{\n  \"routerId\":\"10.0.0.1\",\n  \"as\":65000,\n  \"vrfId\":0,\n  \"vrfName\":\"default\",\n  \"tableVersion\":3,\n  \"ribCount\":4,\n  \"ribMemory\":512,\n  \"peerCount\":6,\n  \"peerMemory\":144432,\n  \"peers\":{\n    \"Ethernet0\":{\n      \"hostname\":\"Leaf-L1\",\n      \"softwareVersion\":\"n/a\",\n      \"remoteAs\":65011,\n      \"localAs\":65000,\n      \"version\":4,\n      \"msgRcvd\":141,\n      \"msgSent\":142,\n      \"tableVersion\":3,\n      \"outq\":0,\n      \"inq\":0,\n      \"peerUptime\":\"02:17:01\",\n      \"peerUptimeMsec\":8221000,\n      \"peerUptimeEstablishedEpoch\":1786316978,\n      \"pfxRcd\":0,\n      \"pfxSnt\":0,\n      \"state\":\"Established\",\n      \"peerState\":\"Policy\",\n      \"connectionsEstablished\":1,\n      \"connectionsDropped\":0,\n      \"desc\":\"Leaf-L1\",\n      \"idType\":\"interface\"\n    },\n    \"Ethernet4\":{\n      \"hostname\":\"Leaf-L2\",\n      \"softwareVersion\":\"n/a\",\n      \"remoteAs\":65012,\n      \"localAs\":65000,\n      \"version\":4,\n      \"msgRcvd\":141,\n      \"msgSent\":142,\n      \"tableVersion\":3,\n      \"outq\":0,\n      \"inq\":0,\n      \"peerUptime\":\"02:17:01\",\n      \"peerUptimeMsec\":8221000,\n      \"peerUptimeEstablishedEpoch\":1786316978,\n      \"pfxRcd\":0,\n      \"pfxSnt\":0,\n      \"state\":\"Established\",\n      \"peerState\":\"Policy\",\n      \"connectionsEstablished\":1,\n      \"connectionsDropped\":0,\n      \"desc\":\"Leaf-L2\",\n      \"idType\":\"interface\"\n    },\n    \"Ethernet8\":{\n      \"hostname\":\"Leaf-L3\",\n      \"softwareVersion\":\"n/a\",\n      \"remoteAs\":65021,\n      \"localAs\":65000,\n      \"version\":4,\n      \"msgRcvd\":141,\n      \"msgSent\":142,\n      \"tableVersion\":3,\n      \"outq\":0,\n      \"inq\":0,\n      \"peerUptime\":\"02:17:01\",\n      \"peerUptimeMsec\":8221000,\n      \"peerUptimeEstablishedEpoch\":1786316978,\n      \"pfxRcd\":0,\n      \"pfxSnt\":0,\n      \"state\":\"Established\",\n      \"peerState\":\"Policy\",\n      \"connectionsEstablished\":1,\n      \"connectionsDropped\":0,\n      \"desc\":\"Leaf-L3\",\n      \"idType\":\"interface\"\n    },\n    \"Ethernet12\":{\n      \"hostname\":\"Leaf-L4\",\n      \"softwareVersion\":\"n/a\",\n      \"remoteAs\":65022,\n      \"localAs\":65000,\n      \"version\":4,\n      \"msgRcvd\":140,\n      \"msgSent\":140,\n      \"tableVersion\":3,\n      \"outq\":0,\n      \"inq\":0,\n      \"peerUptime\":\"02:16:47\",\n      \"peerUptimeMsec\":8207000,\n      \"peerUptimeEstablishedEpoch\":1786316992,\n      \"pfxRcd\":0,\n      \"pfxSnt\":0,\n      \"state\":\"Established\",\n      \"peerState\":\"Policy\",\n      \"connectionsEstablished\":1,\n      \"connectionsDropped\":0,\n      \"desc\":\"Leaf-L4\",\n      \"idType\":\"interface\"\n    },\n    \"Ethernet16\":{\n      \"hostname\":\"Border-Leaf1\",\n      \"softwareVersion\":\"n/a\",\n      \"remoteAs\":65031,\n      \"localAs\":65000,\n      \"version\":4,\n      \"msgRcvd\":140,\n      \"msgSent\":140,\n      \"tableVersion\":3,\n      \"outq\":0,\n      \"inq\":0,\n      \"peerUptime\":\"02:16:47\",\n      \"peerUptimeMsec\":8207000,\n      \"peerUptimeEstablishedEpoch\":1786316992,\n      \"pfxRcd\":0,\n      \"pfxSnt\":0,\n      \"state\":\"Established\",\n      \"peerState\":\"Policy\",\n      \"connectionsEstablished\":1,\n      \"connectionsDropped\":0,\n      \"desc\":\"Border-Leaf1\",\n      \"idType\":\"interface\"\n    },\n    \"Ethernet20\":{\n      \"hostname\":\"Border-Leaf2\",\n      \"softwareVersion\":\"n/a\",\n      \"remoteAs\":65032,\n      \"localAs\":65000,\n      \"version\":4,\n      \"msgRcvd\":140,\n      \"msgSent\":140,\n      \"tableVersion\":3,\n      \"outq\":0,\n      \"inq\":0,\n      \"peerUptime\":\"02:16:47\",\n      \"peerUptimeMsec\":8207000,\n      \"peerUptimeEstablishedEpoch\":1786316992,\n      \"pfxRcd\":0,\n      \"pfxSnt\":0,\n      \"state\":\"Established\",\n      \"peerState\":\"Policy\",\n      \"connectionsEstablished\":1,\n      \"connectionsDropped\":0,\n      \"desc\":\"Border-Leaf2\",\n      \"idType\":\"interface\"\n    }\n  },\n  \"failedPeers\":0,\n  \"displayedPeers\":6,\n  \"totalPeers\":6,\n  \"dynamicPeers\":0,\n  \"bestPath\":{\n    \"multiPathRelax\":\"false\"\n  }\n}\n,\n\"ipv6Unicast\":{\n  \"routerId\":\"10.0.0.1\",\n  \"as\":65000,\n  \"vrfId\":0,\n  \"vrfName\":\"default\",\n  \"tableVersion\":1,\n  \"ribCount\":1,\n  \"ribMemory\":128,\n  \"peerCount\":6,\n  \"peerMemory\":144432,\n  \"peers\":{\n    \"Ethernet0\":{\n      \"hostname\":\"Leaf-L1\",\n      \"softwareVersion\":\"n/a\",\n      \"remoteAs\":65011,\n      \"localAs\":65000,\n      \"version\":4,\n      \"msgRcvd\":141,\n      \"msgSent\":142,\n      \"tableVersion\":1,\n      \"outq\":0,\n      \"inq\":0,\n      \"peerUptime\":\"02:17:01\",\n      \"peerUptimeMsec\":8221000,\n      \"peerUptimeEstablishedEpoch\":1786316978,\n      \"pfxRcd\":0,\n      \"pfxSnt\":0,\n      \"state\":\"Established\",\n      \"peerState\":\"Policy\",\n      \"connectionsEstablished\":1,\n      \"connectionsDropped\":0,\n      \"desc\":\"Leaf-L1\",\n      \"idType\":\"interface\"\n    },\n    \"Ethernet4\":{\n      \"hostname\":\"Leaf-L2\",\n      \"softwareVersion\":\"n/a\",\n      \"remoteAs\":65012,\n      \"localAs\":65000,\n      \"version\":4,\n      \"msgRcvd\":141,\n      \"msgSent\":142,\n      \"tableVersion\":1,\n      \"outq\":0,\n      \"inq\":0,\n      \"peerUptime\":\"02:17:01\",\n      \"peerUptimeMsec\":8221000,\n      \"peerUptimeEstablishedEpoch\":1786316978,\n      \"pfxRcd\":0,\n      \"pfxSnt\":0,\n      \"state\":\"Established\",\n      \"peerState\":\"Policy\",\n      \"connectionsEstablished\":1,\n      \"connectionsDropped\":0,\n      \"desc\":\"Leaf-L2\",\n      \"idType\":\"interface\"\n    },\n    \"Ethernet8\":{\n      \"hostname\":\"Leaf-L3\",\n      \"softwareVersion\":\"n/a\",\n      \"remoteAs\":65021,\n      \"localAs\":65000,\n      \"version\":4,\n      \"msgRcvd\":141,\n      \"msgSent\":142,\n      \"tableVersion\":1,\n      \"outq\":0,\n      \"inq\":0,\n      \"peerUptime\":\"02:17:01\",\n      \"peerUptimeMsec\":8221000,\n      \"peerUptimeEstablishedEpoch\":1786316978,\n      \"pfxRcd\":0,\n      \"pfxSnt\":0,\n      \"state\":\"Established\",\n      \"peerState\":\"Policy\",\n      \"connectionsEstablished\":1,\n      \"connectionsDropped\":0,\n      \"desc\":\"Leaf-L3\",\n      \"idType\":\"interface\"\n    },\n    \"Ethernet12\":{\n      \"hostname\":\"Leaf-L4\",\n      \"softwareVersion\":\"n/a\",\n      \"remoteAs\":65022,\n      \"localAs\":65000,\n      \"version\":4,\n      \"msgRcvd\":140,\n      \"msgSent\":140,\n      \"tableVersion\":1,\n      \"outq\":0,\n      \"inq\":0,\n      \"peerUptime\":\"02:16:47\",\n      \"peerUptimeMsec\":8207000,\n      \"peerUptimeEstablishedEpoch\":1786316992,\n      \"pfxRcd\":0,\n      \"pfxSnt\":0,\n      \"state\":\"Established\",\n      \"peerState\":\"Policy\",\n      \"connectionsEstablished\":1,\n      \"connectionsDropped\":0,\n      \"desc\":\"Leaf-L4\",\n      \"idType\":\"interface\"\n    },\n    \"Ethernet16\":{\n      \"hostname\":\"Border-Leaf1\",\n      \"softwareVersion\":\"n/a\",\n      \"remoteAs\":65031,\n      \"localAs\":65000,\n      \"version\":4,\n      \"msgRcvd\":140,\n      \"msgSent\":140,\n      \"tableVersion\":1,\n      \"outq\":0,\n      \"inq\":0,\n      \"peerUptime\":\"02:16:47\",\n      \"peerUptimeMsec\":8207000,\n      \"peerUptimeEstablishedEpoch\":1786316992,\n      \"pfxRcd\":0,\n      \"pfxSnt\":0,\n      \"state\":\"Established\",\n      \"peerState\":\"Policy\",\n      \"connectionsEstablished\":1,\n      \"connectionsDropped\":0,\n      \"desc\":\"Border-Leaf1\",\n      \"idType\":\"interface\"\n    },\n    \"Ethernet20\":{\n      \"hostname\":\"Border-Leaf2\",\n      \"softwareVersion\":\"n/a\",\n      \"remoteAs\":65032,\n      \"localAs\":65000,\n      \"version\":4,\n      \"msgRcvd\":140,\n      \"msgSent\":140,\n      \"tableVersion\":1,\n      \"outq\":0,\n      \"inq\":0,\n      \"peerUptime\":\"02:16:47\",\n      \"peerUptimeMsec\":8207000,\n      \"peerUptimeEstablishedEpoch\":1786316992,\n      \"pfxRcd\":0,\n      \"pfxSnt\":0,\n      \"state\":\"Established\",\n      \"peerState\":\"Policy\",\n      \"connectionsEstablished\":1,\n      \"connectionsDropped\":0,\n      \"desc\":\"Border-Leaf2\",\n      \"idType\":\"interface\"\n    }\n  },\n  \"failedPeers\":0,\n  \"displayedPeers\":6,\n  \"totalPeers\":6,\n  \"dynamicPeers\":0,\n  \"bestPath\":{\n    \"multiPathRelax\":\"false\"\n  }\n}\n}"
}
ok: [Spine-S2] => {
    "msg": "{\n\"ipv4Unicast\":{\n  \"routerId\":\"10.0.0.2\",\n  \"as\":65000,\n  \"vrfId\":0,\n  \"vrfName\":\"default\",\n  \"tableVersion\":3,\n  \"ribCount\":4,\n  \"ribMemory\":512,\n  \"peerCount\":6,\n  \"peerMemory\":144432,\n  \"peers\":{\n    \"Ethernet0\":{\n      \"hostname\":\"Leaf-L1\",\n      \"softwareVersion\":\"n/a\",\n      \"remoteAs\":65011,\n      \"localAs\":65000,\n      \"version\":4,\n      \"msgRcvd\":141,\n      \"msgSent\":141,\n      \"tableVersion\":3,\n      \"outq\":0,\n      \"inq\":0,\n      \"peerUptime\":\"02:17:01\",\n      \"peerUptimeMsec\":8221000,\n      \"peerUptimeEstablishedEpoch\":1786316979,\n      \"pfxRcd\":0,\n      \"pfxSnt\":0,\n      \"state\":\"Established\",\n      \"peerState\":\"Policy\",\n      \"connectionsEstablished\":1,\n      \"connectionsDropped\":0,\n      \"desc\":\"Leaf-L1\",\n      \"idType\":\"interface\"\n    },\n    \"Ethernet4\":{\n      \"hostname\":\"Leaf-L2\",\n      \"softwareVersion\":\"n/a\",\n      \"remoteAs\":65012,\n      \"localAs\":65000,\n      \"version\":4,\n      \"msgRcvd\":141,\n      \"msgSent\":141,\n      \"tableVersion\":3,\n      \"outq\":0,\n      \"inq\":0,\n      \"peerUptime\":\"02:17:01\",\n      \"peerUptimeMsec\":8221000,\n      \"peerUptimeEstablishedEpoch\":1786316979,\n      \"pfxRcd\":0,\n      \"pfxSnt\":0,\n      \"state\":\"Established\",\n      \"peerState\":\"Policy\",\n      \"connectionsEstablished\":1,\n      \"connectionsDropped\":0,\n      \"desc\":\"Leaf-L2\",\n      \"idType\":\"interface\"\n    },\n    \"Ethernet8\":{\n      \"hostname\":\"Leaf-L3\",\n      \"softwareVersion\":\"n/a\",\n      \"remoteAs\":65021,\n      \"localAs\":65000,\n      \"version\":4,\n      \"msgRcvd\":141,\n      \"msgSent\":142,\n      \"tableVersion\":3,\n      \"outq\":0,\n      \"inq\":0,\n      \"peerUptime\":\"02:17:01\",\n      \"peerUptimeMsec\":8221000,\n      \"peerUptimeEstablishedEpoch\":1786316979,\n      \"pfxRcd\":0,\n      \"pfxSnt\":0,\n      \"state\":\"Established\",\n      \"peerState\":\"Policy\",\n      \"connectionsEstablished\":1,\n      \"connectionsDropped\":0,\n      \"desc\":\"Leaf-L3\",\n      \"idType\":\"interface\"\n    },\n    \"Ethernet12\":{\n      \"hostname\":\"Leaf-L4\",\n      \"softwareVersion\":\"n/a\",\n      \"remoteAs\":65022,\n      \"localAs\":65000,\n      \"version\":4,\n      \"msgRcvd\":140,\n      \"msgSent\":140,\n      \"tableVersion\":3,\n      \"outq\":0,\n      \"inq\":0,\n      \"peerUptime\":\"02:16:47\",\n      \"peerUptimeMsec\":8207000,\n      \"peerUptimeEstablishedEpoch\":1786316993,\n      \"pfxRcd\":0,\n      \"pfxSnt\":0,\n      \"state\":\"Established\",\n      \"peerState\":\"Policy\",\n      \"connectionsEstablished\":1,\n      \"connectionsDropped\":0,\n      \"desc\":\"Leaf-L4\",\n      \"idType\":\"interface\"\n    },\n    \"Ethernet16\":{\n      \"hostname\":\"Border-Leaf1\",\n      \"softwareVersion\":\"n/a\",\n      \"remoteAs\":65031,\n      \"localAs\":65000,\n      \"version\":4,\n      \"msgRcvd\":140,\n      \"msgSent\":140,\n      \"tableVersion\":3,\n      \"outq\":0,\n      \"inq\":0,\n      \"peerUptime\":\"02:16:47\",\n      \"peerUptimeMsec\":8207000,\n      \"peerUptimeEstablishedEpoch\":1786316993,\n      \"pfxRcd\":0,\n      \"pfxSnt\":0,\n      \"state\":\"Established\",\n      \"peerState\":\"Policy\",\n      \"connectionsEstablished\":1,\n      \"connectionsDropped\":0,\n      \"desc\":\"Border-Leaf1\",\n      \"idType\":\"interface\"\n    },\n    \"Ethernet20\":{\n      \"hostname\":\"Border-Leaf2\",\n      \"softwareVersion\":\"n/a\",\n      \"remoteAs\":65032,\n      \"localAs\":65000,\n      \"version\":4,\n      \"msgRcvd\":140,\n      \"msgSent\":140,\n      \"tableVersion\":3,\n      \"outq\":0,\n      \"inq\":0,\n      \"peerUptime\":\"02:16:47\",\n      \"peerUptimeMsec\":8207000,\n      \"peerUptimeEstablishedEpoch\":1786316993,\n      \"pfxRcd\":0,\n      \"pfxSnt\":0,\n      \"state\":\"Established\",\n      \"peerState\":\"Policy\",\n      \"connectionsEstablished\":1,\n      \"connectionsDropped\":0,\n      \"desc\":\"Border-Leaf2\",\n      \"idType\":\"interface\"\n    }\n  },\n  \"failedPeers\":0,\n  \"displayedPeers\":6,\n  \"totalPeers\":6,\n  \"dynamicPeers\":0,\n  \"bestPath\":{\n    \"multiPathRelax\":\"false\"\n  }\n}\n,\n\"ipv6Unicast\":{\n  \"routerId\":\"10.0.0.2\",\n  \"as\":65000,\n  \"vrfId\":0,\n  \"vrfName\":\"default\",\n  \"tableVersion\":1,\n  \"ribCount\":1,\n  \"ribMemory\":128,\n  \"peerCount\":6,\n  \"peerMemory\":144432,\n  \"peers\":{\n    \"Ethernet0\":{\n      \"hostname\":\"Leaf-L1\",\n      \"softwareVersion\":\"n/a\",\n      \"remoteAs\":65011,\n      \"localAs\":65000,\n      \"version\":4,\n      \"msgRcvd\":141,\n      \"msgSent\":141,\n      \"tableVersion\":1,\n      \"outq\":0,\n      \"inq\":0,\n      \"peerUptime\":\"02:17:01\",\n      \"peerUptimeMsec\":8221000,\n      \"peerUptimeEstablishedEpoch\":1786316979,\n      \"pfxRcd\":0,\n      \"pfxSnt\":0,\n      \"state\":\"Established\",\n      \"peerState\":\"Policy\",\n      \"connectionsEstablished\":1,\n      \"connectionsDropped\":0,\n      \"desc\":\"Leaf-L1\",\n      \"idType\":\"interface\"\n    },\n    \"Ethernet4\":{\n      \"hostname\":\"Leaf-L2\",\n      \"softwareVersion\":\"n/a\",\n      \"remoteAs\":65012,\n      \"localAs\":65000,\n      \"version\":4,\n      \"msgRcvd\":141,\n      \"msgSent\":141,\n      \"tableVersion\":1,\n      \"outq\":0,\n      \"inq\":0,\n      \"peerUptime\":\"02:17:01\",\n      \"peerUptimeMsec\":8221000,\n      \"peerUptimeEstablishedEpoch\":1786316979,\n      \"pfxRcd\":0,\n      \"pfxSnt\":0,\n      \"state\":\"Established\",\n      \"peerState\":\"Policy\",\n      \"connectionsEstablished\":1,\n      \"connectionsDropped\":0,\n      \"desc\":\"Leaf-L2\",\n      \"idType\":\"interface\"\n    },\n    \"Ethernet8\":{\n      \"hostname\":\"Leaf-L3\",\n      \"softwareVersion\":\"n/a\",\n      \"remoteAs\":65021,\n      \"localAs\":65000,\n      \"version\":4,\n      \"msgRcvd\":141,\n      \"msgSent\":142,\n      \"tableVersion\":1,\n      \"outq\":0,\n      \"inq\":0,\n      \"peerUptime\":\"02:17:01\",\n      \"peerUptimeMsec\":8221000,\n      \"peerUptimeEstablishedEpoch\":1786316979,\n      \"pfxRcd\":0,\n      \"pfxSnt\":0,\n      \"state\":\"Established\",\n      \"peerState\":\"Policy\",\n      \"connectionsEstablished\":1,\n      \"connectionsDropped\":0,\n      \"desc\":\"Leaf-L3\",\n      \"idType\":\"interface\"\n    },\n    \"Ethernet12\":{\n      \"hostname\":\"Leaf-L4\",\n      \"softwareVersion\":\"n/a\",\n      \"remoteAs\":65022,\n      \"localAs\":65000,\n      \"version\":4,\n      \"msgRcvd\":140,\n      \"msgSent\":140,\n      \"tableVersion\":1,\n      \"outq\":0,\n      \"inq\":0,\n      \"peerUptime\":\"02:16:47\",\n      \"peerUptimeMsec\":8207000,\n      \"peerUptimeEstablishedEpoch\":1786316993,\n      \"pfxRcd\":0,\n      \"pfxSnt\":0,\n      \"state\":\"Established\",\n      \"peerState\":\"Policy\",\n      \"connectionsEstablished\":1,\n      \"connectionsDropped\":0,\n      \"desc\":\"Leaf-L4\",\n      \"idType\":\"interface\"\n    },\n    \"Ethernet16\":{\n      \"hostname\":\"Border-Leaf1\",\n      \"softwareVersion\":\"n/a\",\n      \"remoteAs\":65031,\n      \"localAs\":65000,\n      \"version\":4,\n      \"msgRcvd\":140,\n      \"msgSent\":140,\n      \"tableVersion\":1,\n      \"outq\":0,\n      \"inq\":0,\n      \"peerUptime\":\"02:16:47\",\n      \"peerUptimeMsec\":8207000,\n      \"peerUptimeEstablishedEpoch\":1786316993,\n      \"pfxRcd\":0,\n      \"pfxSnt\":0,\n      \"state\":\"Established\",\n      \"peerState\":\"Policy\",\n      \"connectionsEstablished\":1,\n      \"connectionsDropped\":0,\n      \"desc\":\"Border-Leaf1\",\n      \"idType\":\"interface\"\n    },\n    \"Ethernet20\":{\n      \"hostname\":\"Border-Leaf2\",\n      \"softwareVersion\":\"n/a\",\n      \"remoteAs\":65032,\n      \"localAs\":65000,\n      \"version\":4,\n      \"msgRcvd\":140,\n      \"msgSent\":140,\n      \"tableVersion\":1,\n      \"outq\":0,\n      \"inq\":0,\n      \"peerUptime\":\"02:16:47\",\n      \"peerUptimeMsec\":8207000,\n      \"peerUptimeEstablishedEpoch\":1786316993,\n      \"pfxRcd\":0,\n      \"pfxSnt\":0,\n      \"state\":\"Established\",\n      \"peerState\":\"Policy\",\n      \"connectionsEstablished\":1,\n      \"connectionsDropped\":0,\n      \"desc\":\"Border-Leaf2\",\n      \"idType\":\"interface\"\n    }\n  },\n  \"failedPeers\":0,\n  \"displayedPeers\":6,\n  \"totalPeers\":6,\n  \"dynamicPeers\":0,\n  \"bestPath\":{\n    \"multiPathRelax\":\"false\"\n  }\n}\n}"
}
ok: [Leaf-L1] => {
    "msg": "{\n\"ipv4Unicast\":{\n  \"routerId\":\"10.0.1.1\",\n  \"as\":65011,\n  \"vrfId\":0,\n  \"vrfName\":\"default\",\n  \"tableVersion\":3,\n  \"ribCount\":5,\n  \"ribMemory\":640,\n  \"peerCount\":5,\n  \"peerMemory\":120360,\n  \"peers\":{\n    \"Ethernet0\":{\n      \"softwareVersion\":\"n/a\",\n      \"remoteAs\":0,\n      \"localAs\":65011,\n      \"version\":4,\n      \"msgRcvd\":0,\n      \"msgSent\":0,\n      \"tableVersion\":0,\n      \"outq\":0,\n      \"inq\":0,\n      \"peerUptime\":\"never\",\n      \"peerUptimeMsec\":0,\n      \"pfxRcd\":0,\n      \"pfxSnt\":0,\n      \"state\":\"Idle\",\n      \"peerState\":\"Policy\",\n      \"connectionsEstablished\":0,\n      \"connectionsDropped\":0,\n      \"desc\":\"Host12-1\",\n      \"idType\":\"interface\"\n    },\n    \"Ethernet1\":{\n      \"softwareVersion\":\"n/a\",\n      \"remoteAs\":0,\n      \"localAs\":65011,\n      \"version\":4,\n      \"msgRcvd\":0,\n      \"msgSent\":0,\n      \"tableVersion\":0,\n      \"outq\":0,\n      \"inq\":0,\n      \"peerUptime\":\"never\",\n      \"peerUptimeMsec\":0,\n      \"pfxRcd\":0,\n      \"pfxSnt\":0,\n      \"state\":\"Idle\",\n      \"peerState\":\"Policy\",\n      \"connectionsEstablished\":0,\n      \"connectionsDropped\":0,\n      \"desc\":\"Host12-2\",\n      \"idType\":\"interface\"\n    },\n    \"Ethernet2\":{\n      \"softwareVersion\":\"n/a\",\n      \"remoteAs\":0,\n      \"localAs\":65011,\n      \"version\":4,\n      \"msgRcvd\":0,\n      \"msgSent\":0,\n      \"tableVersion\":0,\n      \"outq\":0,\n      \"inq\":0,\n      \"peerUptime\":\"never\",\n      \"peerUptimeMsec\":0,\n      \"pfxRcd\":0,\n      \"pfxSnt\":0,\n      \"state\":\"Idle\",\n      \"peerState\":\"Policy\",\n      \"connectionsEstablished\":0,\n      \"connectionsDropped\":0,\n      \"desc\":\"Host12-3\",\n      \"idType\":\"interface\"\n    },\n    \"Ethernet64\":{\n      \"hostname\":\"Spine-S2\",\n      \"softwareVersion\":\"n/a\",\n      \"remoteAs\":65000,\n      \"localAs\":65011,\n      \"version\":4,\n      \"msgRcvd\":141,\n      \"msgSent\":142,\n      \"tableVersion\":3,\n      \"outq\":0,\n      \"inq\":0,\n      \"peerUptime\":\"02:17:02\",\n      \"peerUptimeMsec\":8222000,\n      \"peerUptimeEstablishedEpoch\":1786316977,\n      \"pfxRcd\":0,\n      \"pfxSnt\":0,\n      \"state\":\"Established\",\n      \"peerState\":\"Policy\",\n      \"connectionsEstablished\":1,\n      \"connectionsDropped\":0,\n      \"desc\":\"Spine-S2\",\n      \"idType\":\"interface\"\n    },\n    \"Ethernet68\":{\n      \"hostname\":\"Spine-S1\",\n      \"softwareVersion\":\"n/a\",\n      \"remoteAs\":65000,\n      \"localAs\":65011,\n      \"version\":4,\n      \"msgRcvd\":141,\n      \"msgSent\":141,\n      \"tableVersion\":3,\n      \"outq\":0,\n      \"inq\":0,\n      \"peerUptime\":\"02:17:02\",\n      \"peerUptimeMsec\":8222000,\n      \"peerUptimeEstablishedEpoch\":1786316977,\n      \"pfxRcd\":0,\n      \"pfxSnt\":0,\n      \"state\":\"Established\",\n      \"peerState\":\"Policy\",\n      \"connectionsEstablished\":1,\n      \"connectionsDropped\":0,\n      \"desc\":\"Spine-S1\",\n      \"idType\":\"interface\"\n    }\n  },\n  \"failedPeers\":3,\n  \"displayedPeers\":5,\n  \"totalPeers\":5,\n  \"dynamicPeers\":0,\n  \"bestPath\":{\n    \"multiPathRelax\":\"false\"\n  }\n}\n,\n\"ipv6Unicast\":{\n  \"routerId\":\"10.0.1.1\",\n  \"as\":65011,\n  \"vrfId\":0,\n  \"vrfName\":\"default\",\n  \"tableVersion\":1,\n  \"ribCount\":1,\n  \"ribMemory\":128,\n  \"peerCount\":5,\n  \"peerMemory\":120360,\n  \"peers\":{\n    \"Ethernet0\":{\n      \"softwareVersion\":\"n/a\",\n      \"remoteAs\":0,\n      \"localAs\":65011,\n      \"version\":4,\n      \"msgRcvd\":0,\n      \"msgSent\":0,\n      \"tableVersion\":0,\n      \"outq\":0,\n      \"inq\":0,\n      \"peerUptime\":\"never\",\n      \"peerUptimeMsec\":0,\n      \"pfxRcd\":0,\n      \"pfxSnt\":0,\n      \"state\":\"Idle\",\n      \"peerState\":\"Policy\",\n      \"connectionsEstablished\":0,\n      \"connectionsDropped\":0,\n      \"desc\":\"Host12-1\",\n      \"idType\":\"interface\"\n    },\n    \"Ethernet1\":{\n      \"softwareVersion\":\"n/a\",\n      \"remoteAs\":0,\n      \"localAs\":65011,\n      \"version\":4,\n      \"msgRcvd\":0,\n      \"msgSent\":0,\n      \"tableVersion\":0,\n      \"outq\":0,\n      \"inq\":0,\n      \"peerUptime\":\"never\",\n      \"peerUptimeMsec\":0,\n      \"pfxRcd\":0,\n      \"pfxSnt\":0,\n      \"state\":\"Idle\",\n      \"peerState\":\"Policy\",\n      \"connectionsEstablished\":0,\n      \"connectionsDropped\":0,\n      \"desc\":\"Host12-2\",\n      \"idType\":\"interface\"\n    },\n    \"Ethernet2\":{\n      \"softwareVersion\":\"n/a\",\n      \"remoteAs\":0,\n      \"localAs\":65011,\n      \"version\":4,\n      \"msgRcvd\":0,\n      \"msgSent\":0,\n      \"tableVersion\":0,\n      \"outq\":0,\n      \"inq\":0,\n      \"peerUptime\":\"never\",\n      \"peerUptimeMsec\":0,\n      \"pfxRcd\":0,\n      \"pfxSnt\":0,\n      \"state\":\"Idle\",\n      \"peerState\":\"Policy\",\n      \"connectionsEstablished\":0,\n      \"connectionsDropped\":0,\n      \"desc\":\"Host12-3\",\n      \"idType\":\"interface\"\n    },\n    \"Ethernet64\":{\n      \"hostname\":\"Spine-S2\",\n      \"softwareVersion\":\"n/a\",\n      \"remoteAs\":65000,\n      \"localAs\":65011,\n      \"version\":4,\n      \"msgRcvd\":141,\n      \"msgSent\":142,\n      \"tableVersion\":1,\n      \"outq\":0,\n      \"inq\":0,\n      \"peerUptime\":\"02:17:02\",\n      \"peerUptimeMsec\":8222000,\n      \"peerUptimeEstablishedEpoch\":1786316977,\n      \"pfxRcd\":0,\n      \"pfxSnt\":0,\n      \"state\":\"Established\",\n      \"peerState\":\"Policy\",\n      \"connectionsEstablished\":1,\n      \"connectionsDropped\":0,\n      \"desc\":\"Spine-S2\",\n      \"idType\":\"interface\"\n    },\n    \"Ethernet68\":{\n      \"hostname\":\"Spine-S1\",\n      \"softwareVersion\":\"n/a\",\n      \"remoteAs\":65000,\n      \"localAs\":65011,\n      \"version\":4,\n      \"msgRcvd\":141,\n      \"msgSent\":141,\n      \"tableVersion\":1,\n      \"outq\":0,\n      \"inq\":0,\n      \"peerUptime\":\"02:17:02\",\n      \"peerUptimeMsec\":8222000,\n      \"peerUptimeEstablishedEpoch\":1786316977,\n      \"pfxRcd\":0,\n      \"pfxSnt\":0,\n      \"state\":\"Established\",\n      \"peerState\":\"Policy\",\n      \"connectionsEstablished\":1,\n      \"connectionsDropped\":0,\n      \"desc\":\"Spine-S1\",\n      \"idType\":\"interface\"\n    }\n  },\n  \"failedPeers\":3,\n  \"displayedPeers\":5,\n  \"totalPeers\":5,\n  \"dynamicPeers\":0,\n  \"bestPath\":{\n    \"multiPathRelax\":\"false\"\n  }\n}\n}"
}
ok: [Leaf-L2] => {
    "msg": "{\n\"ipv4Unicast\":{\n  \"routerId\":\"10.0.1.2\",\n  \"as\":65012,\n  \"vrfId\":0,\n  \"vrfName\":\"default\",\n  \"tableVersion\":3,\n  \"ribCount\":5,\n  \"ribMemory\":640,\n  \"peerCount\":5,\n  \"peerMemory\":120360,\n  \"peers\":{\n    \"Ethernet0\":{\n      \"softwareVersion\":\"n/a\",\n      \"remoteAs\":0,\n      \"localAs\":65012,\n      \"version\":4,\n      \"msgRcvd\":0,\n      \"msgSent\":0,\n      \"tableVersion\":0,\n      \"outq\":0,\n      \"inq\":0,\n      \"peerUptime\":\"never\",\n      \"peerUptimeMsec\":0,\n      \"pfxRcd\":0,\n      \"pfxSnt\":0,\n      \"state\":\"Idle\",\n      \"peerState\":\"Policy\",\n      \"connectionsEstablished\":0,\n      \"connectionsDropped\":0,\n      \"desc\":\"Host12-1\",\n      \"idType\":\"interface\"\n    },\n    \"Ethernet1\":{\n      \"softwareVersion\":\"n/a\",\n      \"remoteAs\":0,\n      \"localAs\":65012,\n      \"version\":4,\n      \"msgRcvd\":0,\n      \"msgSent\":0,\n      \"tableVersion\":0,\n      \"outq\":0,\n      \"inq\":0,\n      \"peerUptime\":\"never\",\n      \"peerUptimeMsec\":0,\n      \"pfxRcd\":0,\n      \"pfxSnt\":0,\n      \"state\":\"Idle\",\n      \"peerState\":\"Policy\",\n      \"connectionsEstablished\":0,\n      \"connectionsDropped\":0,\n      \"desc\":\"Host12-2\",\n      \"idType\":\"interface\"\n    },\n    \"Ethernet2\":{\n      \"softwareVersion\":\"n/a\",\n      \"remoteAs\":0,\n      \"localAs\":65012,\n      \"version\":4,\n      \"msgRcvd\":0,\n      \"msgSent\":0,\n      \"tableVersion\":0,\n      \"outq\":0,\n      \"inq\":0,\n      \"peerUptime\":\"never\",\n      \"peerUptimeMsec\":0,\n      \"pfxRcd\":0,\n      \"pfxSnt\":0,\n      \"state\":\"Idle\",\n      \"peerState\":\"Policy\",\n      \"connectionsEstablished\":0,\n      \"connectionsDropped\":0,\n      \"desc\":\"Host12-3\",\n      \"idType\":\"interface\"\n    },\n    \"Ethernet64\":{\n      \"hostname\":\"Spine-S2\",\n      \"softwareVersion\":\"n/a\",\n      \"remoteAs\":65000,\n      \"localAs\":65012,\n      \"version\":4,\n      \"msgRcvd\":141,\n      \"msgSent\":142,\n      \"tableVersion\":3,\n      \"outq\":0,\n      \"inq\":0,\n      \"peerUptime\":\"02:17:02\",\n      \"peerUptimeMsec\":8222000,\n      \"peerUptimeEstablishedEpoch\":1786316977,\n      \"pfxRcd\":0,\n      \"pfxSnt\":0,\n      \"state\":\"Established\",\n      \"peerState\":\"Policy\",\n      \"connectionsEstablished\":1,\n      \"connectionsDropped\":0,\n      \"desc\":\"Spine-S2\",\n      \"idType\":\"interface\"\n    },\n    \"Ethernet68\":{\n      \"hostname\":\"Spine-S1\",\n      \"softwareVersion\":\"n/a\",\n      \"remoteAs\":65000,\n      \"localAs\":65012,\n      \"version\":4,\n      \"msgRcvd\":141,\n      \"msgSent\":141,\n      \"tableVersion\":3,\n      \"outq\":0,\n      \"inq\":0,\n      \"peerUptime\":\"02:17:02\",\n      \"peerUptimeMsec\":8222000,\n      \"peerUptimeEstablishedEpoch\":1786316977,\n      \"pfxRcd\":0,\n      \"pfxSnt\":0,\n      \"state\":\"Established\",\n      \"peerState\":\"Policy\",\n      \"connectionsEstablished\":1,\n      \"connectionsDropped\":0,\n      \"desc\":\"Spine-S1\",\n      \"idType\":\"interface\"\n    }\n  },\n  \"failedPeers\":3,\n  \"displayedPeers\":5,\n  \"totalPeers\":5,\n  \"dynamicPeers\":0,\n  \"bestPath\":{\n    \"multiPathRelax\":\"false\"\n  }\n}\n,\n\"ipv6Unicast\":{\n  \"routerId\":\"10.0.1.2\",\n  \"as\":65012,\n  \"vrfId\":0,\n  \"vrfName\":\"default\",\n  \"tableVersion\":1,\n  \"ribCount\":1,\n  \"ribMemory\":128,\n  \"peerCount\":5,\n  \"peerMemory\":120360,\n  \"peers\":{\n    \"Ethernet0\":{\n      \"softwareVersion\":\"n/a\",\n      \"remoteAs\":0,\n      \"localAs\":65012,\n      \"version\":4,\n      \"msgRcvd\":0,\n      \"msgSent\":0,\n      \"tableVersion\":0,\n      \"outq\":0,\n      \"inq\":0,\n      \"peerUptime\":\"never\",\n      \"peerUptimeMsec\":0,\n      \"pfxRcd\":0,\n      \"pfxSnt\":0,\n      \"state\":\"Idle\",\n      \"peerState\":\"Policy\",\n      \"connectionsEstablished\":0,\n      \"connectionsDropped\":0,\n      \"desc\":\"Host12-1\",\n      \"idType\":\"interface\"\n    },\n    \"Ethernet1\":{\n      \"softwareVersion\":\"n/a\",\n      \"remoteAs\":0,\n      \"localAs\":65012,\n      \"version\":4,\n      \"msgRcvd\":0,\n      \"msgSent\":0,\n      \"tableVersion\":0,\n      \"outq\":0,\n      \"inq\":0,\n      \"peerUptime\":\"never\",\n      \"peerUptimeMsec\":0,\n      \"pfxRcd\":0,\n      \"pfxSnt\":0,\n      \"state\":\"Idle\",\n      \"peerState\":\"Policy\",\n      \"connectionsEstablished\":0,\n      \"connectionsDropped\":0,\n      \"desc\":\"Host12-2\",\n      \"idType\":\"interface\"\n    },\n    \"Ethernet2\":{\n      \"softwareVersion\":\"n/a\",\n      \"remoteAs\":0,\n      \"localAs\":65012,\n      \"version\":4,\n      \"msgRcvd\":0,\n      \"msgSent\":0,\n      \"tableVersion\":0,\n      \"outq\":0,\n      \"inq\":0,\n      \"peerUptime\":\"never\",\n      \"peerUptimeMsec\":0,\n      \"pfxRcd\":0,\n      \"pfxSnt\":0,\n      \"state\":\"Idle\",\n      \"peerState\":\"Policy\",\n      \"connectionsEstablished\":0,\n      \"connectionsDropped\":0,\n      \"desc\":\"Host12-3\",\n      \"idType\":\"interface\"\n    },\n    \"Ethernet64\":{\n      \"hostname\":\"Spine-S2\",\n      \"softwareVersion\":\"n/a\",\n      \"remoteAs\":65000,\n      \"localAs\":65012,\n      \"version\":4,\n      \"msgRcvd\":141,\n      \"msgSent\":142,\n      \"tableVersion\":1,\n      \"outq\":0,\n      \"inq\":0,\n      \"peerUptime\":\"02:17:02\",\n      \"peerUptimeMsec\":8222000,\n      \"peerUptimeEstablishedEpoch\":1786316977,\n      \"pfxRcd\":0,\n      \"pfxSnt\":0,\n      \"state\":\"Established\",\n      \"peerState\":\"Policy\",\n      \"connectionsEstablished\":1,\n      \"connectionsDropped\":0,\n      \"desc\":\"Spine-S2\",\n      \"idType\":\"interface\"\n    },\n    \"Ethernet68\":{\n      \"hostname\":\"Spine-S1\",\n      \"softwareVersion\":\"n/a\",\n      \"remoteAs\":65000,\n      \"localAs\":65012,\n      \"version\":4,\n      \"msgRcvd\":141,\n      \"msgSent\":141,\n      \"tableVersion\":1,\n      \"outq\":0,\n      \"inq\":0,\n      \"peerUptime\":\"02:17:02\",\n      \"peerUptimeMsec\":8222000,\n      \"peerUptimeEstablishedEpoch\":1786316977,\n      \"pfxRcd\":0,\n      \"pfxSnt\":0,\n      \"state\":\"Established\",\n      \"peerState\":\"Policy\",\n      \"connectionsEstablished\":1,\n      \"connectionsDropped\":0,\n      \"desc\":\"Spine-S1\",\n      \"idType\":\"interface\"\n    }\n  },\n  \"failedPeers\":3,\n  \"displayedPeers\":5,\n  \"totalPeers\":5,\n  \"dynamicPeers\":0,\n  \"bestPath\":{\n    \"multiPathRelax\":\"false\"\n  }\n}\n}"
}
ok: [Leaf-L3] => {
    "msg": "{\n\"ipv4Unicast\":{\n  \"routerId\":\"10.0.1.3\",\n  \"as\":65021,\n  \"vrfId\":0,\n  \"vrfName\":\"default\",\n  \"tableVersion\":3,\n  \"ribCount\":5,\n  \"ribMemory\":640,\n  \"peerCount\":5,\n  \"peerMemory\":120360,\n  \"peers\":{\n    \"Ethernet0\":{\n      \"softwareVersion\":\"n/a\",\n      \"remoteAs\":0,\n      \"localAs\":65021,\n      \"version\":4,\n      \"msgRcvd\":88,\n      \"msgSent\":170,\n      \"tableVersion\":0,\n      \"outq\":0,\n      \"inq\":0,\n      \"peerUptime\":\"never\",\n      \"peerUptimeMsec\":0,\n      \"pfxRcd\":0,\n      \"pfxSnt\":0,\n      \"state\":\"Idle\",\n      \"peerState\":\"Policy\",\n      \"connectionsEstablished\":0,\n      \"connectionsDropped\":0,\n      \"desc\":\"Host34-1\",\n      \"idType\":\"interface\"\n    },\n    \"Ethernet1\":{\n      \"softwareVersion\":\"n/a\",\n      \"remoteAs\":0,\n      \"localAs\":65021,\n      \"version\":4,\n      \"msgRcvd\":74,\n      \"msgSent\":147,\n      \"tableVersion\":0,\n      \"outq\":0,\n      \"inq\":0,\n      \"peerUptime\":\"never\",\n      \"peerUptimeMsec\":0,\n      \"pfxRcd\":0,\n      \"pfxSnt\":0,\n      \"state\":\"Idle\",\n      \"peerState\":\"Policy\",\n      \"connectionsEstablished\":0,\n      \"connectionsDropped\":0,\n      \"desc\":\"Host34-2\",\n      \"idType\":\"interface\"\n    },\n    \"Ethernet2\":{\n      \"softwareVersion\":\"n/a\",\n      \"remoteAs\":0,\n      \"localAs\":65021,\n      \"version\":4,\n      \"msgRcvd\":77,\n      \"msgSent\":150,\n      \"tableVersion\":0,\n      \"outq\":0,\n      \"inq\":0,\n      \"peerUptime\":\"never\",\n      \"peerUptimeMsec\":0,\n      \"pfxRcd\":0,\n      \"pfxSnt\":0,\n      \"state\":\"Idle\",\n      \"peerState\":\"Policy\",\n      \"connectionsEstablished\":0,\n      \"connectionsDropped\":0,\n      \"desc\":\"MonSrv\",\n      \"idType\":\"interface\"\n    },\n    \"Ethernet120\":{\n      \"hostname\":\"Spine-S2\",\n      \"softwareVersion\":\"n/a\",\n      \"remoteAs\":65000,\n      \"localAs\":65021,\n      \"version\":4,\n      \"msgRcvd\":141,\n      \"msgSent\":141,\n      \"tableVersion\":3,\n      \"outq\":0,\n      \"inq\":0,\n      \"peerUptime\":\"02:17:01\",\n      \"peerUptimeMsec\":8221000,\n      \"peerUptimeEstablishedEpoch\":1786316979,\n      \"pfxRcd\":0,\n      \"pfxSnt\":0,\n      \"state\":\"Established\",\n      \"peerState\":\"Policy\",\n      \"connectionsEstablished\":1,\n      \"connectionsDropped\":0,\n      \"desc\":\"Spine-S2\",\n      \"idType\":\"interface\"\n    },\n    \"Ethernet124\":{\n      \"hostname\":\"Spine-S1\",\n      \"softwareVersion\":\"n/a\",\n      \"remoteAs\":65000,\n      \"localAs\":65021,\n      \"version\":4,\n      \"msgRcvd\":141,\n      \"msgSent\":141,\n      \"tableVersion\":3,\n      \"outq\":0,\n      \"inq\":0,\n      \"peerUptime\":\"02:17:01\",\n      \"peerUptimeMsec\":8221000,\n      \"peerUptimeEstablishedEpoch\":1786316979,\n      \"pfxRcd\":0,\n      \"pfxSnt\":0,\n      \"state\":\"Established\",\n      \"peerState\":\"Policy\",\n      \"connectionsEstablished\":1,\n      \"connectionsDropped\":0,\n      \"desc\":\"Spine-S1\",\n      \"idType\":\"interface\"\n    }\n  },\n  \"failedPeers\":3,\n  \"displayedPeers\":5,\n  \"totalPeers\":5,\n  \"dynamicPeers\":0,\n  \"bestPath\":{\n    \"multiPathRelax\":\"false\"\n  }\n}\n,\n\"ipv6Unicast\":{\n  \"routerId\":\"10.0.1.3\",\n  \"as\":65021,\n  \"vrfId\":0,\n  \"vrfName\":\"default\",\n  \"tableVersion\":1,\n  \"ribCount\":1,\n  \"ribMemory\":128,\n  \"peerCount\":5,\n  \"peerMemory\":120360,\n  \"peers\":{\n    \"Ethernet0\":{\n      \"softwareVersion\":\"n/a\",\n      \"remoteAs\":0,\n      \"localAs\":65021,\n      \"version\":4,\n      \"msgRcvd\":88,\n      \"msgSent\":170,\n      \"tableVersion\":0,\n      \"outq\":0,\n      \"inq\":0,\n      \"peerUptime\":\"never\",\n      \"peerUptimeMsec\":0,\n      \"pfxRcd\":0,\n      \"pfxSnt\":0,\n      \"state\":\"Idle\",\n      \"peerState\":\"Policy\",\n      \"connectionsEstablished\":0,\n      \"connectionsDropped\":0,\n      \"desc\":\"Host34-1\",\n      \"idType\":\"interface\"\n    },\n    \"Ethernet1\":{\n      \"softwareVersion\":\"n/a\",\n      \"remoteAs\":0,\n      \"localAs\":65021,\n      \"version\":4,\n      \"msgRcvd\":74,\n      \"msgSent\":147,\n      \"tableVersion\":0,\n      \"outq\":0,\n      \"inq\":0,\n      \"peerUptime\":\"never\",\n      \"peerUptimeMsec\":0,\n      \"pfxRcd\":0,\n      \"pfxSnt\":0,\n      \"state\":\"Idle\",\n      \"peerState\":\"Policy\",\n      \"connectionsEstablished\":0,\n      \"connectionsDropped\":0,\n      \"desc\":\"Host34-2\",\n      \"idType\":\"interface\"\n    },\n    \"Ethernet2\":{\n      \"softwareVersion\":\"n/a\",\n      \"remoteAs\":0,\n      \"localAs\":65021,\n      \"version\":4,\n      \"msgRcvd\":77,\n      \"msgSent\":150,\n      \"tableVersion\":0,\n      \"outq\":0,\n      \"inq\":0,\n      \"peerUptime\":\"never\",\n      \"peerUptimeMsec\":0,\n      \"pfxRcd\":0,\n      \"pfxSnt\":0,\n      \"state\":\"Idle\",\n      \"peerState\":\"Policy\",\n      \"connectionsEstablished\":0,\n      \"connectionsDropped\":0,\n      \"desc\":\"MonSrv\",\n      \"idType\":\"interface\"\n    },\n    \"Ethernet120\":{\n      \"hostname\":\"Spine-S2\",\n      \"softwareVersion\":\"n/a\",\n      \"remoteAs\":65000,\n      \"localAs\":65021,\n      \"version\":4,\n      \"msgRcvd\":141,\n      \"msgSent\":141,\n      \"tableVersion\":1,\n      \"outq\":0,\n      \"inq\":0,\n      \"peerUptime\":\"02:17:01\",\n      \"peerUptimeMsec\":8221000,\n      \"peerUptimeEstablishedEpoch\":1786316979,\n      \"pfxRcd\":0,\n      \"pfxSnt\":0,\n      \"state\":\"Established\",\n      \"peerState\":\"Policy\",\n      \"connectionsEstablished\":1,\n      \"connectionsDropped\":0,\n      \"desc\":\"Spine-S2\",\n      \"idType\":\"interface\"\n    },\n    \"Ethernet124\":{\n      \"hostname\":\"Spine-S1\",\n      \"softwareVersion\":\"n/a\",\n      \"remoteAs\":65000,\n      \"localAs\":65021,\n      \"version\":4,\n      \"msgRcvd\":141,\n      \"msgSent\":141,\n      \"tableVersion\":1,\n      \"outq\":0,\n      \"inq\":0,\n      \"peerUptime\":\"02:17:01\",\n      \"peerUptimeMsec\":8221000,\n      \"peerUptimeEstablishedEpoch\":1786316979,\n      \"pfxRcd\":0,\n      \"pfxSnt\":0,\n      \"state\":\"Established\",\n      \"peerState\":\"Policy\",\n      \"connectionsEstablished\":1,\n      \"connectionsDropped\":0,\n      \"desc\":\"Spine-S1\",\n      \"idType\":\"interface\"\n    }\n  },\n  \"failedPeers\":3,\n  \"displayedPeers\":5,\n  \"totalPeers\":5,\n  \"dynamicPeers\":0,\n  \"bestPath\":{\n    \"multiPathRelax\":\"false\"\n  }\n}\n}"
}
ok: [Leaf-L4] => {
    "msg": "{\n\"ipv4Unicast\":{\n  \"routerId\":\"10.0.1.4\",\n  \"as\":65022,\n  \"vrfId\":0,\n  \"vrfName\":\"default\",\n  \"tableVersion\":3,\n  \"ribCount\":5,\n  \"ribMemory\":640,\n  \"peerCount\":5,\n  \"peerMemory\":120360,\n  \"peers\":{\n    \"Ethernet0\":{\n      \"softwareVersion\":\"n/a\",\n      \"remoteAs\":0,\n      \"localAs\":65022,\n      \"version\":4,\n      \"msgRcvd\":74,\n      \"msgSent\":147,\n      \"tableVersion\":0,\n      \"outq\":0,\n      \"inq\":0,\n      \"peerUptime\":\"never\",\n      \"peerUptimeMsec\":0,\n      \"pfxRcd\":0,\n      \"pfxSnt\":0,\n      \"state\":\"Idle\",\n      \"peerState\":\"Policy\",\n      \"connectionsEstablished\":0,\n      \"connectionsDropped\":0,\n      \"desc\":\"Host34-1\",\n      \"idType\":\"interface\"\n    },\n    \"Ethernet1\":{\n      \"softwareVersion\":\"n/a\",\n      \"remoteAs\":0,\n      \"localAs\":65022,\n      \"version\":4,\n      \"msgRcvd\":81,\n      \"msgSent\":160,\n      \"tableVersion\":0,\n      \"outq\":0,\n      \"inq\":0,\n      \"peerUptime\":\"never\",\n      \"peerUptimeMsec\":0,\n      \"pfxRcd\":0,\n      \"pfxSnt\":0,\n      \"state\":\"Idle\",\n      \"peerState\":\"Policy\",\n      \"connectionsEstablished\":0,\n      \"connectionsDropped\":0,\n      \"desc\":\"Host34-2\",\n      \"idType\":\"interface\"\n    },\n    \"Ethernet2\":{\n      \"softwareVersion\":\"n/a\",\n      \"remoteAs\":0,\n      \"localAs\":65022,\n      \"version\":4,\n      \"msgRcvd\":81,\n      \"msgSent\":159,\n      \"tableVersion\":0,\n      \"outq\":0,\n      \"inq\":0,\n      \"peerUptime\":\"never\",\n      \"peerUptimeMsec\":0,\n      \"pfxRcd\":0,\n      \"pfxSnt\":0,\n      \"state\":\"Idle\",\n      \"peerState\":\"Policy\",\n      \"connectionsEstablished\":0,\n      \"connectionsDropped\":0,\n      \"desc\":\"MonSrv\",\n      \"idType\":\"interface\"\n    },\n    \"Ethernet120\":{\n      \"hostname\":\"Spine-S2\",\n      \"softwareVersion\":\"n/a\",\n      \"remoteAs\":65000,\n      \"localAs\":65022,\n      \"version\":4,\n      \"msgRcvd\":140,\n      \"msgSent\":140,\n      \"tableVersion\":3,\n      \"outq\":0,\n      \"inq\":0,\n      \"peerUptime\":\"02:16:50\",\n      \"peerUptimeMsec\":8210000,\n      \"peerUptimeEstablishedEpoch\":1786316991,\n      \"pfxRcd\":0,\n      \"pfxSnt\":0,\n      \"state\":\"Established\",\n      \"peerState\":\"Policy\",\n      \"connectionsEstablished\":1,\n      \"connectionsDropped\":0,\n      \"desc\":\"Spine-S2\",\n      \"idType\":\"interface\"\n    },\n    \"Ethernet124\":{\n      \"hostname\":\"Spine-S1\",\n      \"softwareVersion\":\"n/a\",\n      \"remoteAs\":65000,\n      \"localAs\":65022,\n      \"version\":4,\n      \"msgRcvd\":140,\n      \"msgSent\":140,\n      \"tableVersion\":3,\n      \"outq\":0,\n      \"inq\":0,\n      \"peerUptime\":\"02:16:50\",\n      \"peerUptimeMsec\":8210000,\n      \"peerUptimeEstablishedEpoch\":1786316991,\n      \"pfxRcd\":0,\n      \"pfxSnt\":0,\n      \"state\":\"Established\",\n      \"peerState\":\"Policy\",\n      \"connectionsEstablished\":1,\n      \"connectionsDropped\":0,\n      \"desc\":\"Spine-S1\",\n      \"idType\":\"interface\"\n    }\n  },\n  \"failedPeers\":3,\n  \"displayedPeers\":5,\n  \"totalPeers\":5,\n  \"dynamicPeers\":0,\n  \"bestPath\":{\n    \"multiPathRelax\":\"false\"\n  }\n}\n,\n\"ipv6Unicast\":{\n  \"routerId\":\"10.0.1.4\",\n  \"as\":65022,\n  \"vrfId\":0,\n  \"vrfName\":\"default\",\n  \"tableVersion\":1,\n  \"ribCount\":1,\n  \"ribMemory\":128,\n  \"peerCount\":5,\n  \"peerMemory\":120360,\n  \"peers\":{\n    \"Ethernet0\":{\n      \"softwareVersion\":\"n/a\",\n      \"remoteAs\":0,\n      \"localAs\":65022,\n      \"version\":4,\n      \"msgRcvd\":74,\n      \"msgSent\":147,\n      \"tableVersion\":0,\n      \"outq\":0,\n      \"inq\":0,\n      \"peerUptime\":\"never\",\n      \"peerUptimeMsec\":0,\n      \"pfxRcd\":0,\n      \"pfxSnt\":0,\n      \"state\":\"Idle\",\n      \"peerState\":\"Policy\",\n      \"connectionsEstablished\":0,\n      \"connectionsDropped\":0,\n      \"desc\":\"Host34-1\",\n      \"idType\":\"interface\"\n    },\n    \"Ethernet1\":{\n      \"softwareVersion\":\"n/a\",\n      \"remoteAs\":0,\n      \"localAs\":65022,\n      \"version\":4,\n      \"msgRcvd\":81,\n      \"msgSent\":160,\n      \"tableVersion\":0,\n      \"outq\":0,\n      \"inq\":0,\n      \"peerUptime\":\"never\",\n      \"peerUptimeMsec\":0,\n      \"pfxRcd\":0,\n      \"pfxSnt\":0,\n      \"state\":\"Idle\",\n      \"peerState\":\"Policy\",\n      \"connectionsEstablished\":0,\n      \"connectionsDropped\":0,\n      \"desc\":\"Host34-2\",\n      \"idType\":\"interface\"\n    },\n    \"Ethernet2\":{\n      \"softwareVersion\":\"n/a\",\n      \"remoteAs\":0,\n      \"localAs\":65022,\n      \"version\":4,\n      \"msgRcvd\":81,\n      \"msgSent\":159,\n      \"tableVersion\":0,\n      \"outq\":0,\n      \"inq\":0,\n      \"peerUptime\":\"never\",\n      \"peerUptimeMsec\":0,\n      \"pfxRcd\":0,\n      \"pfxSnt\":0,\n      \"state\":\"Idle\",\n      \"peerState\":\"Policy\",\n      \"connectionsEstablished\":0,\n      \"connectionsDropped\":0,\n      \"desc\":\"MonSrv\",\n      \"idType\":\"interface\"\n    },\n    \"Ethernet120\":{\n      \"hostname\":\"Spine-S2\",\n      \"softwareVersion\":\"n/a\",\n      \"remoteAs\":65000,\n      \"localAs\":65022,\n      \"version\":4,\n      \"msgRcvd\":140,\n      \"msgSent\":140,\n      \"tableVersion\":1,\n      \"outq\":0,\n      \"inq\":0,\n      \"peerUptime\":\"02:16:50\",\n      \"peerUptimeMsec\":8210000,\n      \"peerUptimeEstablishedEpoch\":1786316991,\n      \"pfxRcd\":0,\n      \"pfxSnt\":0,\n      \"state\":\"Established\",\n      \"peerState\":\"Policy\",\n      \"connectionsEstablished\":1,\n      \"connectionsDropped\":0,\n      \"desc\":\"Spine-S2\",\n      \"idType\":\"interface\"\n    },\n    \"Ethernet124\":{\n      \"hostname\":\"Spine-S1\",\n      \"softwareVersion\":\"n/a\",\n      \"remoteAs\":65000,\n      \"localAs\":65022,\n      \"version\":4,\n      \"msgRcvd\":140,\n      \"msgSent\":140,\n      \"tableVersion\":1,\n      \"outq\":0,\n      \"inq\":0,\n      \"peerUptime\":\"02:16:50\",\n      \"peerUptimeMsec\":8210000,\n      \"peerUptimeEstablishedEpoch\":1786316991,\n      \"pfxRcd\":0,\n      \"pfxSnt\":0,\n      \"state\":\"Established\",\n      \"peerState\":\"Policy\",\n      \"connectionsEstablished\":1,\n      \"connectionsDropped\":0,\n      \"desc\":\"Spine-S1\",\n      \"idType\":\"interface\"\n    }\n  },\n  \"failedPeers\":3,\n  \"displayedPeers\":5,\n  \"totalPeers\":5,\n  \"dynamicPeers\":0,\n  \"bestPath\":{\n    \"multiPathRelax\":\"false\"\n  }\n}\n}"
}
ok: [Border-Leaf1] => {
    "msg": "{\n\"ipv4Unicast\":{\n  \"routerId\":\"10.0.2.1\",\n  \"as\":65031,\n  \"vrfId\":0,\n  \"vrfName\":\"default\",\n  \"tableVersion\":3,\n  \"ribCount\":5,\n  \"ribMemory\":640,\n  \"peerCount\":6,\n  \"peerMemory\":144432,\n  \"peers\":{\n    \"Ethernet0\":{\n      \"softwareVersion\":\"n/a\",\n      \"remoteAs\":0,\n      \"localAs\":65031,\n      \"version\":4,\n      \"msgRcvd\":0,\n      \"msgSent\":0,\n      \"tableVersion\":0,\n      \"outq\":0,\n      \"inq\":0,\n      \"peerUptime\":\"never\",\n      \"peerUptimeMsec\":0,\n      \"pfxRcd\":0,\n      \"pfxSnt\":0,\n      \"state\":\"Idle\",\n      \"peerState\":\"Policy\",\n      \"connectionsEstablished\":0,\n      \"connectionsDropped\":0,\n      \"desc\":\"Exit-Router1\",\n      \"idType\":\"interface\"\n    },\n    \"Ethernet1\":{\n      \"softwareVersion\":\"n/a\",\n      \"remoteAs\":0,\n      \"localAs\":65031,\n      \"version\":4,\n      \"msgRcvd\":0,\n      \"msgSent\":0,\n      \"tableVersion\":0,\n      \"outq\":0,\n      \"inq\":0,\n      \"peerUptime\":\"never\",\n      \"peerUptimeMsec\":0,\n      \"pfxRcd\":0,\n      \"pfxSnt\":0,\n      \"state\":\"Idle\",\n      \"peerState\":\"Policy\",\n      \"connectionsEstablished\":0,\n      \"connectionsDropped\":0,\n      \"desc\":\"Exit-Router2\",\n      \"idType\":\"interface\"\n    },\n    \"Ethernet2\":{\n      \"softwareVersion\":\"n/a\",\n      \"remoteAs\":0,\n      \"localAs\":65031,\n      \"version\":4,\n      \"msgRcvd\":0,\n      \"msgSent\":0,\n      \"tableVersion\":0,\n      \"outq\":0,\n      \"inq\":0,\n      \"peerUptime\":\"never\",\n      \"peerUptimeMsec\":0,\n      \"pfxRcd\":0,\n      \"pfxSnt\":0,\n      \"state\":\"Idle\",\n      \"peerState\":\"Policy\",\n      \"connectionsEstablished\":0,\n      \"connectionsDropped\":0,\n      \"desc\":\"HostB12-1\",\n      \"idType\":\"interface\"\n    },\n    \"Ethernet3\":{\n      \"softwareVersion\":\"n/a\",\n      \"remoteAs\":0,\n      \"localAs\":65031,\n      \"version\":4,\n      \"msgRcvd\":0,\n      \"msgSent\":0,\n      \"tableVersion\":0,\n      \"outq\":0,\n      \"inq\":0,\n      \"peerUptime\":\"never\",\n      \"peerUptimeMsec\":0,\n      \"pfxRcd\":0,\n      \"pfxSnt\":0,\n      \"state\":\"Idle\",\n      \"peerState\":\"Policy\",\n      \"connectionsEstablished\":0,\n      \"connectionsDropped\":0,\n      \"desc\":\"HostB12-2\",\n      \"idType\":\"interface\"\n    },\n    \"Ethernet120\":{\n      \"hostname\":\"Spine-S2\",\n      \"softwareVersion\":\"n/a\",\n      \"remoteAs\":65000,\n      \"localAs\":65031,\n      \"version\":4,\n      \"msgRcvd\":140,\n      \"msgSent\":140,\n      \"tableVersion\":3,\n      \"outq\":0,\n      \"inq\":0,\n      \"peerUptime\":\"02:16:50\",\n      \"peerUptimeMsec\":8210000,\n      \"peerUptimeEstablishedEpoch\":1786316992,\n      \"pfxRcd\":0,\n      \"pfxSnt\":0,\n      \"state\":\"Established\",\n      \"peerState\":\"Policy\",\n      \"connectionsEstablished\":1,\n      \"connectionsDropped\":0,\n      \"desc\":\"Spine-S2\",\n      \"idType\":\"interface\"\n    },\n    \"Ethernet124\":{\n      \"hostname\":\"Spine-S1\",\n      \"softwareVersion\":\"n/a\",\n      \"remoteAs\":65000,\n      \"localAs\":65031,\n      \"version\":4,\n      \"msgRcvd\":140,\n      \"msgSent\":140,\n      \"tableVersion\":3,\n      \"outq\":0,\n      \"inq\":0,\n      \"peerUptime\":\"02:16:51\",\n      \"peerUptimeMsec\":8211000,\n      \"peerUptimeEstablishedEpoch\":1786316991,\n      \"pfxRcd\":0,\n      \"pfxSnt\":0,\n      \"state\":\"Established\",\n      \"peerState\":\"Policy\",\n      \"connectionsEstablished\":1,\n      \"connectionsDropped\":0,\n      \"desc\":\"Spine-S1\",\n      \"idType\":\"interface\"\n    }\n  },\n  \"failedPeers\":4,\n  \"displayedPeers\":6,\n  \"totalPeers\":6,\n  \"dynamicPeers\":0,\n  \"bestPath\":{\n    \"multiPathRelax\":\"false\"\n  }\n}\n,\n\"ipv6Unicast\":{\n  \"routerId\":\"10.0.2.1\",\n  \"as\":65031,\n  \"vrfId\":0,\n  \"vrfName\":\"default\",\n  \"tableVersion\":1,\n  \"ribCount\":1,\n  \"ribMemory\":128,\n  \"peerCount\":6,\n  \"peerMemory\":144432,\n  \"peers\":{\n    \"Ethernet0\":{\n      \"softwareVersion\":\"n/a\",\n      \"remoteAs\":0,\n      \"localAs\":65031,\n      \"version\":4,\n      \"msgRcvd\":0,\n      \"msgSent\":0,\n      \"tableVersion\":0,\n      \"outq\":0,\n      \"inq\":0,\n      \"peerUptime\":\"never\",\n      \"peerUptimeMsec\":0,\n      \"pfxRcd\":0,\n      \"pfxSnt\":0,\n      \"state\":\"Idle\",\n      \"peerState\":\"Policy\",\n      \"connectionsEstablished\":0,\n      \"connectionsDropped\":0,\n      \"desc\":\"Exit-Router1\",\n      \"idType\":\"interface\"\n    },\n    \"Ethernet1\":{\n      \"softwareVersion\":\"n/a\",\n      \"remoteAs\":0,\n      \"localAs\":65031,\n      \"version\":4,\n      \"msgRcvd\":0,\n      \"msgSent\":0,\n      \"tableVersion\":0,\n      \"outq\":0,\n      \"inq\":0,\n      \"peerUptime\":\"never\",\n      \"peerUptimeMsec\":0,\n      \"pfxRcd\":0,\n      \"pfxSnt\":0,\n      \"state\":\"Idle\",\n      \"peerState\":\"Policy\",\n      \"connectionsEstablished\":0,\n      \"connectionsDropped\":0,\n      \"desc\":\"Exit-Router2\",\n      \"idType\":\"interface\"\n    },\n    \"Ethernet2\":{\n      \"softwareVersion\":\"n/a\",\n      \"remoteAs\":0,\n      \"localAs\":65031,\n      \"version\":4,\n      \"msgRcvd\":0,\n      \"msgSent\":0,\n      \"tableVersion\":0,\n      \"outq\":0,\n      \"inq\":0,\n      \"peerUptime\":\"never\",\n      \"peerUptimeMsec\":0,\n      \"pfxRcd\":0,\n      \"pfxSnt\":0,\n      \"state\":\"Idle\",\n      \"peerState\":\"Policy\",\n      \"connectionsEstablished\":0,\n      \"connectionsDropped\":0,\n      \"desc\":\"HostB12-1\",\n      \"idType\":\"interface\"\n    },\n    \"Ethernet3\":{\n      \"softwareVersion\":\"n/a\",\n      \"remoteAs\":0,\n      \"localAs\":65031,\n      \"version\":4,\n      \"msgRcvd\":0,\n      \"msgSent\":0,\n      \"tableVersion\":0,\n      \"outq\":0,\n      \"inq\":0,\n      \"peerUptime\":\"never\",\n      \"peerUptimeMsec\":0,\n      \"pfxRcd\":0,\n      \"pfxSnt\":0,\n      \"state\":\"Idle\",\n      \"peerState\":\"Policy\",\n      \"connectionsEstablished\":0,\n      \"connectionsDropped\":0,\n      \"desc\":\"HostB12-2\",\n      \"idType\":\"interface\"\n    },\n    \"Ethernet120\":{\n      \"hostname\":\"Spine-S2\",\n      \"softwareVersion\":\"n/a\",\n      \"remoteAs\":65000,\n      \"localAs\":65031,\n      \"version\":4,\n      \"msgRcvd\":140,\n      \"msgSent\":140,\n      \"tableVersion\":1,\n      \"outq\":0,\n      \"inq\":0,\n      \"peerUptime\":\"02:16:50\",\n      \"peerUptimeMsec\":8210000,\n      \"peerUptimeEstablishedEpoch\":1786316992,\n      \"pfxRcd\":0,\n      \"pfxSnt\":0,\n      \"state\":\"Established\",\n      \"peerState\":\"Policy\",\n      \"connectionsEstablished\":1,\n      \"connectionsDropped\":0,\n      \"desc\":\"Spine-S2\",\n      \"idType\":\"interface\"\n    },\n    \"Ethernet124\":{\n      \"hostname\":\"Spine-S1\",\n      \"softwareVersion\":\"n/a\",\n      \"remoteAs\":65000,\n      \"localAs\":65031,\n      \"version\":4,\n      \"msgRcvd\":140,\n      \"msgSent\":140,\n      \"tableVersion\":1,\n      \"outq\":0,\n      \"inq\":0,\n      \"peerUptime\":\"02:16:51\",\n      \"peerUptimeMsec\":8211000,\n      \"peerUptimeEstablishedEpoch\":1786316991,\n      \"pfxRcd\":0,\n      \"pfxSnt\":0,\n      \"state\":\"Established\",\n      \"peerState\":\"Policy\",\n      \"connectionsEstablished\":1,\n      \"connectionsDropped\":0,\n      \"desc\":\"Spine-S1\",\n      \"idType\":\"interface\"\n    }\n  },\n  \"failedPeers\":4,\n  \"displayedPeers\":6,\n  \"totalPeers\":6,\n  \"dynamicPeers\":0,\n  \"bestPath\":{\n    \"multiPathRelax\":\"false\"\n  }\n}\n}"
}
ok: [Border-Leaf2] => {
    "msg": "{\n\"ipv4Unicast\":{\n  \"routerId\":\"10.0.2.2\",\n  \"as\":65032,\n  \"vrfId\":0,\n  \"vrfName\":\"default\",\n  \"tableVersion\":3,\n  \"ribCount\":5,\n  \"ribMemory\":640,\n  \"peerCount\":6,\n  \"peerMemory\":144432,\n  \"peers\":{\n    \"Ethernet0\":{\n      \"softwareVersion\":\"n/a\",\n      \"remoteAs\":0,\n      \"localAs\":65032,\n      \"version\":4,\n      \"msgRcvd\":0,\n      \"msgSent\":0,\n      \"tableVersion\":0,\n      \"outq\":0,\n      \"inq\":0,\n      \"peerUptime\":\"never\",\n      \"peerUptimeMsec\":0,\n      \"pfxRcd\":0,\n      \"pfxSnt\":0,\n      \"state\":\"Idle\",\n      \"peerState\":\"Policy\",\n      \"connectionsEstablished\":0,\n      \"connectionsDropped\":0,\n      \"desc\":\"Exit-Router2\",\n      \"idType\":\"interface\"\n    },\n    \"Ethernet1\":{\n      \"softwareVersion\":\"n/a\",\n      \"remoteAs\":0,\n      \"localAs\":65032,\n      \"version\":4,\n      \"msgRcvd\":0,\n      \"msgSent\":0,\n      \"tableVersion\":0,\n      \"outq\":0,\n      \"inq\":0,\n      \"peerUptime\":\"never\",\n      \"peerUptimeMsec\":0,\n      \"pfxRcd\":0,\n      \"pfxSnt\":0,\n      \"state\":\"Idle\",\n      \"peerState\":\"Policy\",\n      \"connectionsEstablished\":0,\n      \"connectionsDropped\":0,\n      \"desc\":\"Exit-Router1\",\n      \"idType\":\"interface\"\n    },\n    \"Ethernet2\":{\n      \"softwareVersion\":\"n/a\",\n      \"remoteAs\":0,\n      \"localAs\":65032,\n      \"version\":4,\n      \"msgRcvd\":0,\n      \"msgSent\":0,\n      \"tableVersion\":0,\n      \"outq\":0,\n      \"inq\":0,\n      \"peerUptime\":\"never\",\n      \"peerUptimeMsec\":0,\n      \"pfxRcd\":0,\n      \"pfxSnt\":0,\n      \"state\":\"Idle\",\n      \"peerState\":\"Policy\",\n      \"connectionsEstablished\":0,\n      \"connectionsDropped\":0,\n      \"desc\":\"HostB12-1\",\n      \"idType\":\"interface\"\n    },\n    \"Ethernet3\":{\n      \"softwareVersion\":\"n/a\",\n      \"remoteAs\":0,\n      \"localAs\":65032,\n      \"version\":4,\n      \"msgRcvd\":0,\n      \"msgSent\":0,\n      \"tableVersion\":0,\n      \"outq\":0,\n      \"inq\":0,\n      \"peerUptime\":\"never\",\n      \"peerUptimeMsec\":0,\n      \"pfxRcd\":0,\n      \"pfxSnt\":0,\n      \"state\":\"Idle\",\n      \"peerState\":\"Policy\",\n      \"connectionsEstablished\":0,\n      \"connectionsDropped\":0,\n      \"desc\":\"HostB12-2\",\n      \"idType\":\"interface\"\n    },\n    \"Ethernet120\":{\n      \"hostname\":\"Spine-S2\",\n      \"softwareVersion\":\"n/a\",\n      \"remoteAs\":65000,\n      \"localAs\":65032,\n      \"version\":4,\n      \"msgRcvd\":140,\n      \"msgSent\":140,\n      \"tableVersion\":3,\n      \"outq\":0,\n      \"inq\":0,\n      \"peerUptime\":\"02:16:51\",\n      \"peerUptimeMsec\":8211000,\n      \"peerUptimeEstablishedEpoch\":1786316992,\n      \"pfxRcd\":0,\n      \"pfxSnt\":0,\n      \"state\":\"Established\",\n      \"peerState\":\"Policy\",\n      \"connectionsEstablished\":1,\n      \"connectionsDropped\":0,\n      \"desc\":\"Spine-S2\",\n      \"idType\":\"interface\"\n    },\n    \"Ethernet124\":{\n      \"hostname\":\"Spine-S1\",\n      \"softwareVersion\":\"n/a\",\n      \"remoteAs\":65000,\n      \"localAs\":65032,\n      \"version\":4,\n      \"msgRcvd\":140,\n      \"msgSent\":140,\n      \"tableVersion\":3,\n      \"outq\":0,\n      \"inq\":0,\n      \"peerUptime\":\"02:16:51\",\n      \"peerUptimeMsec\":8211000,\n      \"peerUptimeEstablishedEpoch\":1786316992,\n      \"pfxRcd\":0,\n      \"pfxSnt\":0,\n      \"state\":\"Established\",\n      \"peerState\":\"Policy\",\n      \"connectionsEstablished\":1,\n      \"connectionsDropped\":0,\n      \"desc\":\"Spine-S1\",\n      \"idType\":\"interface\"\n    }\n  },\n  \"failedPeers\":4,\n  \"displayedPeers\":6,\n  \"totalPeers\":6,\n  \"dynamicPeers\":0,\n  \"bestPath\":{\n    \"multiPathRelax\":\"false\"\n  }\n}\n,\n\"ipv6Unicast\":{\n  \"routerId\":\"10.0.2.2\",\n  \"as\":65032,\n  \"vrfId\":0,\n  \"vrfName\":\"default\",\n  \"tableVersion\":1,\n  \"ribCount\":1,\n  \"ribMemory\":128,\n  \"peerCount\":6,\n  \"peerMemory\":144432,\n  \"peers\":{\n    \"Ethernet0\":{\n      \"softwareVersion\":\"n/a\",\n      \"remoteAs\":0,\n      \"localAs\":65032,\n      \"version\":4,\n      \"msgRcvd\":0,\n      \"msgSent\":0,\n      \"tableVersion\":0,\n      \"outq\":0,\n      \"inq\":0,\n      \"peerUptime\":\"never\",\n      \"peerUptimeMsec\":0,\n      \"pfxRcd\":0,\n      \"pfxSnt\":0,\n      \"state\":\"Idle\",\n      \"peerState\":\"Policy\",\n      \"connectionsEstablished\":0,\n      \"connectionsDropped\":0,\n      \"desc\":\"Exit-Router2\",\n      \"idType\":\"interface\"\n    },\n    \"Ethernet1\":{\n      \"softwareVersion\":\"n/a\",\n      \"remoteAs\":0,\n      \"localAs\":65032,\n      \"version\":4,\n      \"msgRcvd\":0,\n      \"msgSent\":0,\n      \"tableVersion\":0,\n      \"outq\":0,\n      \"inq\":0,\n      \"peerUptime\":\"never\",\n      \"peerUptimeMsec\":0,\n      \"pfxRcd\":0,\n      \"pfxSnt\":0,\n      \"state\":\"Idle\",\n      \"peerState\":\"Policy\",\n      \"connectionsEstablished\":0,\n      \"connectionsDropped\":0,\n      \"desc\":\"Exit-Router1\",\n      \"idType\":\"interface\"\n    },\n    \"Ethernet2\":{\n      \"softwareVersion\":\"n/a\",\n      \"remoteAs\":0,\n      \"localAs\":65032,\n      \"version\":4,\n      \"msgRcvd\":0,\n      \"msgSent\":0,\n      \"tableVersion\":0,\n      \"outq\":0,\n      \"inq\":0,\n      \"peerUptime\":\"never\",\n      \"peerUptimeMsec\":0,\n      \"pfxRcd\":0,\n      \"pfxSnt\":0,\n      \"state\":\"Idle\",\n      \"peerState\":\"Policy\",\n      \"connectionsEstablished\":0,\n      \"connectionsDropped\":0,\n      \"desc\":\"HostB12-1\",\n      \"idType\":\"interface\"\n    },\n    \"Ethernet3\":{\n      \"softwareVersion\":\"n/a\",\n      \"remoteAs\":0,\n      \"localAs\":65032,\n      \"version\":4,\n      \"msgRcvd\":0,\n      \"msgSent\":0,\n      \"tableVersion\":0,\n      \"outq\":0,\n      \"inq\":0,\n      \"peerUptime\":\"never\",\n      \"peerUptimeMsec\":0,\n      \"pfxRcd\":0,\n      \"pfxSnt\":0,\n      \"state\":\"Idle\",\n      \"peerState\":\"Policy\",\n      \"connectionsEstablished\":0,\n      \"connectionsDropped\":0,\n      \"desc\":\"HostB12-2\",\n      \"idType\":\"interface\"\n    },\n    \"Ethernet120\":{\n      \"hostname\":\"Spine-S2\",\n      \"softwareVersion\":\"n/a\",\n      \"remoteAs\":65000,\n      \"localAs\":65032,\n      \"version\":4,\n      \"msgRcvd\":140,\n      \"msgSent\":140,\n      \"tableVersion\":1,\n      \"outq\":0,\n      \"inq\":0,\n      \"peerUptime\":\"02:16:51\",\n      \"peerUptimeMsec\":8211000,\n      \"peerUptimeEstablishedEpoch\":1786316992,\n      \"pfxRcd\":0,\n      \"pfxSnt\":0,\n      \"state\":\"Established\",\n      \"peerState\":\"Policy\",\n      \"connectionsEstablished\":1,\n      \"connectionsDropped\":0,\n      \"desc\":\"Spine-S2\",\n      \"idType\":\"interface\"\n    },\n    \"Ethernet124\":{\n      \"hostname\":\"Spine-S1\",\n      \"softwareVersion\":\"n/a\",\n      \"remoteAs\":65000,\n      \"localAs\":65032,\n      \"version\":4,\n      \"msgRcvd\":140,\n      \"msgSent\":140,\n      \"tableVersion\":1,\n      \"outq\":0,\n      \"inq\":0,\n      \"peerUptime\":\"02:16:51\",\n      \"peerUptimeMsec\":8211000,\n      \"peerUptimeEstablishedEpoch\":1786316992,\n      \"pfxRcd\":0,\n      \"pfxSnt\":0,\n      \"state\":\"Established\",\n      \"peerState\":\"Policy\",\n      \"connectionsEstablished\":1,\n      \"connectionsDropped\":0,\n      \"desc\":\"Spine-S1\",\n      \"idType\":\"interface\"\n    }\n  },\n  \"failedPeers\":4,\n  \"displayedPeers\":6,\n  \"totalPeers\":6,\n  \"dynamicPeers\":0,\n  \"bestPath\":{\n    \"multiPathRelax\":\"false\"\n  }\n}\n}"
}

TASK [Verify IPv6 link-local on fabric interfaces] *********************************************************************************************************
ok: [Spine-S1] => (item=Ethernet0)
ok: [Spine-S2] => (item=Ethernet0)
ok: [Leaf-L1] => (item=Ethernet68)
ok: [Leaf-L3] => (item=Ethernet124)
ok: [Leaf-L2] => (item=Ethernet68)
ok: [Spine-S1] => (item=Ethernet4)
ok: [Spine-S2] => (item=Ethernet4)
ok: [Leaf-L1] => (item=Ethernet64)
ok: [Leaf-L3] => (item=Ethernet120)
ok: [Leaf-L2] => (item=Ethernet64)
ok: [Spine-S1] => (item=Ethernet8)
ok: [Spine-S2] => (item=Ethernet8)
ok: [Leaf-L4] => (item=Ethernet124)
ok: [Border-Leaf1] => (item=Ethernet124)
ok: [Border-Leaf2] => (item=Ethernet124)
ok: [Spine-S1] => (item=Ethernet12)
ok: [Spine-S2] => (item=Ethernet12)
ok: [Leaf-L4] => (item=Ethernet120)
ok: [Border-Leaf1] => (item=Ethernet120)
ok: [Spine-S1] => (item=Ethernet16)
ok: [Border-Leaf2] => (item=Ethernet120)
ok: [Spine-S2] => (item=Ethernet16)
ok: [Spine-S1] => (item=Ethernet20)
ok: [Spine-S2] => (item=Ethernet20)

TASK [Check fabric port oper status] ***********************************************************************************************************************
ok: [Spine-S2] => (item=Ethernet0)
ok: [Spine-S1] => (item=Ethernet0)
ok: [Leaf-L2] => (item=Ethernet68)
ok: [Leaf-L1] => (item=Ethernet68)
ok: [Leaf-L3] => (item=Ethernet124)
ok: [Spine-S2] => (item=Ethernet4)
ok: [Spine-S1] => (item=Ethernet4)
ok: [Leaf-L2] => (item=Ethernet64)
ok: [Leaf-L1] => (item=Ethernet64)
ok: [Leaf-L3] => (item=Ethernet120)
ok: [Spine-S2] => (item=Ethernet8)
ok: [Spine-S1] => (item=Ethernet8)
ok: [Leaf-L4] => (item=Ethernet124)
ok: [Border-Leaf1] => (item=Ethernet124)
ok: [Spine-S2] => (item=Ethernet12)
ok: [Spine-S1] => (item=Ethernet12)
ok: [Border-Leaf2] => (item=Ethernet124)
ok: [Leaf-L4] => (item=Ethernet120)
ok: [Border-Leaf1] => (item=Ethernet120)
ok: [Spine-S2] => (item=Ethernet16)
ok: [Spine-S1] => (item=Ethernet16)
ok: [Border-Leaf2] => (item=Ethernet120)
ok: [Spine-S2] => (item=Ethernet20)
ok: [Spine-S1] => (item=Ethernet20)

TASK [Check BGP neighbor state for fabric interfaces] ******************************************************************************************************
ok: [Spine-S1] => (item=Ethernet0)
ok: [Leaf-L2] => (item=Ethernet68)
ok: [Leaf-L1] => (item=Ethernet68)
ok: [Spine-S2] => (item=Ethernet0)
ok: [Leaf-L3] => (item=Ethernet124)
ok: [Leaf-L2] => (item=Ethernet64)
ok: [Spine-S1] => (item=Ethernet4)
ok: [Leaf-L3] => (item=Ethernet120)
ok: [Spine-S2] => (item=Ethernet4)
ok: [Leaf-L1] => (item=Ethernet64)
ok: [Leaf-L4] => (item=Ethernet124)
ok: [Spine-S1] => (item=Ethernet8)
ok: [Spine-S2] => (item=Ethernet8)
ok: [Leaf-L4] => (item=Ethernet120)
ok: [Border-Leaf1] => (item=Ethernet124)
ok: [Spine-S1] => (item=Ethernet12)
ok: [Border-Leaf2] => (item=Ethernet124)
ok: [Spine-S2] => (item=Ethernet12)
ok: [Border-Leaf1] => (item=Ethernet120)
ok: [Spine-S1] => (item=Ethernet16)
ok: [Border-Leaf2] => (item=Ethernet120)
ok: [Spine-S2] => (item=Ethernet16)
ok: [Spine-S1] => (item=Ethernet20)
ok: [Spine-S2] => (item=Ethernet20)

TASK [Report BGP neighbor status] **************************************************************************************************************************
ok: [Spine-S1] => (item=Ethernet0) => {
    "msg": "Ethernet0: Established"
}
ok: [Spine-S2] => (item=Ethernet0) => {
    "msg": "Ethernet0: Established"
}
ok: [Leaf-L1] => (item=Ethernet68) => {
    "msg": "Ethernet68: Established"
}
ok: [Leaf-L2] => (item=Ethernet68) => {
    "msg": "Ethernet68: Established"
}
ok: [Spine-S1] => (item=Ethernet4) => {
    "msg": "Ethernet4: Established"
}
ok: [Spine-S2] => (item=Ethernet4) => {
    "msg": "Ethernet4: Established"
}
ok: [Leaf-L3] => (item=Ethernet124) => {
    "msg": "Ethernet124: Established"
}
ok: [Leaf-L1] => (item=Ethernet64) => {
    "msg": "Ethernet64: Established"
}
ok: [Leaf-L2] => (item=Ethernet64) => {
    "msg": "Ethernet64: Established"
}
ok: [Spine-S1] => (item=Ethernet8) => {
    "msg": "Ethernet8: Established"
}
ok: [Spine-S2] => (item=Ethernet8) => {
    "msg": "Ethernet8: Established"
}
ok: [Leaf-L3] => (item=Ethernet120) => {
    "msg": "Ethernet120: Established"
}
ok: [Spine-S1] => (item=Ethernet12) => {
    "msg": "Ethernet12: Established"
}
ok: [Spine-S2] => (item=Ethernet12) => {
    "msg": "Ethernet12: Established"
}
ok: [Spine-S1] => (item=Ethernet16) => {
    "msg": "Ethernet16: Established"
}
ok: [Spine-S2] => (item=Ethernet16) => {
    "msg": "Ethernet16: Established"
}
ok: [Spine-S1] => (item=Ethernet20) => {
    "msg": "Ethernet20: Established"
}
ok: [Spine-S2] => (item=Ethernet20) => {
    "msg": "Ethernet20: Established"
}
ok: [Leaf-L4] => (item=Ethernet124) => {
    "msg": "Ethernet124: Established"
}
ok: [Border-Leaf1] => (item=Ethernet124) => {
    "msg": "Ethernet124: Established"
}
ok: [Border-Leaf2] => (item=Ethernet124) => {
    "msg": "Ethernet124: Established"
}
ok: [Leaf-L4] => (item=Ethernet120) => {
    "msg": "Ethernet120: Established"
}
ok: [Border-Leaf1] => (item=Ethernet120) => {
    "msg": "Ethernet120: Established"
}
ok: [Border-Leaf2] => (item=Ethernet120) => {
    "msg": "Ethernet120: Established"
}

TASK [Check access port oper status] ***********************************************************************************************************************
skipping: [Spine-S2]
skipping: [Spine-S1]
ok: [Leaf-L2] => (item=Ethernet0 → Host12-1)
ok: [Leaf-L1] => (item=Ethernet0 → Host12-1)
ok: [Leaf-L3] => (item=Ethernet0 → Host34-1)
ok: [Leaf-L4] => (item=Ethernet0 → Host34-1)
ok: [Border-Leaf1] => (item=Ethernet0 → Exit-Router1)
ok: [Leaf-L2] => (item=Ethernet1 → Host12-2)
ok: [Leaf-L3] => (item=Ethernet1 → Host34-2)
ok: [Leaf-L1] => (item=Ethernet1 → Host12-2)
ok: [Border-Leaf1] => (item=Ethernet1 → Exit-Router2)
ok: [Leaf-L4] => (item=Ethernet1 → Host34-2)
ok: [Leaf-L2] => (item=Ethernet2 → Host12-3)
ok: [Leaf-L1] => (item=Ethernet2 → Host12-3)
ok: [Leaf-L3] => (item=Ethernet2 → MonSrv)
skipping: [Leaf-L3] => (item=Ethernet3 → None)
ok: [Border-Leaf1] => (item=Ethernet2 → HostB12-1)
ok: [Leaf-L4] => (item=Ethernet2 → MonSrv)
skipping: [Leaf-L4] => (item=Ethernet3 → None)
ok: [Border-Leaf1] => (item=Ethernet3 → HostB12-2)
ok: [Border-Leaf2] => (item=Ethernet0 → Exit-Router2)
ok: [Border-Leaf2] => (item=Ethernet1 → Exit-Router1)
ok: [Border-Leaf2] => (item=Ethernet2 → HostB12-1)
ok: [Border-Leaf2] => (item=Ethernet3 → HostB12-2)

TASK [Report access port status] ***************************************************************************************************************************
skipping: [Spine-S2]
skipping: [Spine-S1]
ok: [Leaf-L1] => (item=Ethernet0) => {
    "msg": "Ethernet0 → Host12-1: up"
}
ok: [Leaf-L2] => (item=Ethernet0) => {
    "msg": "Ethernet0 → Host12-1: up"
}
ok: [Leaf-L2] => (item=Ethernet1) => {
    "msg": "Ethernet1 → Host12-2: up"
}
ok: [Leaf-L1] => (item=Ethernet1) => {
    "msg": "Ethernet1 → Host12-2: up"
}
ok: [Leaf-L2] => (item=Ethernet2) => {
    "msg": "Ethernet2 → Host12-3: up"
}
ok: [Leaf-L1] => (item=Ethernet2) => {
    "msg": "Ethernet2 → Host12-3: up"
}
ok: [Leaf-L3] => (item=Ethernet0) => {
    "msg": "Ethernet0 → Host34-1: down"
}
ok: [Leaf-L3] => (item=Ethernet1) => {
    "msg": "Ethernet1 → Host34-2: down"
}
ok: [Leaf-L3] => (item=Ethernet2) => {
    "msg": "Ethernet2 → MonSrv: down"
}
skipping: [Leaf-L3] => (item=Ethernet3)
ok: [Leaf-L4] => (item=Ethernet0) => {
    "msg": "Ethernet0 → Host34-1: down"
}
ok: [Border-Leaf1] => (item=Ethernet0) => {
    "msg": "Ethernet0 → Exit-Router1: up"
}
ok: [Leaf-L4] => (item=Ethernet1) => {
    "msg": "Ethernet1 → Host34-2: down"
}
ok: [Border-Leaf1] => (item=Ethernet1) => {
    "msg": "Ethernet1 → Exit-Router2: up"
}
ok: [Leaf-L4] => (item=Ethernet2) => {
    "msg": "Ethernet2 → MonSrv: down"
}
skipping: [Leaf-L4] => (item=Ethernet3)
ok: [Border-Leaf1] => (item=Ethernet2) => {
    "msg": "Ethernet2 → HostB12-1: up"
}
ok: [Border-Leaf1] => (item=Ethernet3) => {
    "msg": "Ethernet3 → HostB12-2: up"
}
ok: [Border-Leaf2] => (item=Ethernet0) => {
    "msg": "Ethernet0 → Exit-Router2: up"
}
ok: [Border-Leaf2] => (item=Ethernet1) => {
    "msg": "Ethernet1 → Exit-Router1: up"
}
ok: [Border-Leaf2] => (item=Ethernet2) => {
    "msg": "Ethernet2 → HostB12-1: up"
}
ok: [Border-Leaf2] => (item=Ethernet3) => {
    "msg": "Ethernet3 → HostB12-2: up"
}

TASK [Check BGP neighbor state for access interfaces] ******************************************************************************************************
skipping: [Spine-S2]
skipping: [Spine-S1]
ok: [Leaf-L2] => (item=Ethernet0 → Host12-1)
ok: [Leaf-L1] => (item=Ethernet0 → Host12-1)
ok: [Leaf-L3] => (item=Ethernet0 → Host34-1)
ok: [Leaf-L4] => (item=Ethernet0 → Host34-1)
ok: [Border-Leaf1] => (item=Ethernet0 → Exit-Router1)
ok: [Leaf-L2] => (item=Ethernet1 → Host12-2)
ok: [Leaf-L1] => (item=Ethernet1 → Host12-2)
ok: [Leaf-L3] => (item=Ethernet1 → Host34-2)
ok: [Leaf-L4] => (item=Ethernet1 → Host34-2)
ok: [Border-Leaf1] => (item=Ethernet1 → Exit-Router2)
ok: [Leaf-L2] => (item=Ethernet2 → Host12-3)
ok: [Leaf-L1] => (item=Ethernet2 → Host12-3)
ok: [Leaf-L3] => (item=Ethernet2 → MonSrv)
skipping: [Leaf-L3] => (item=Ethernet3 → None)
ok: [Border-Leaf1] => (item=Ethernet2 → HostB12-1)
ok: [Leaf-L4] => (item=Ethernet2 → MonSrv)
skipping: [Leaf-L4] => (item=Ethernet3 → None)
ok: [Border-Leaf1] => (item=Ethernet3 → HostB12-2)
ok: [Border-Leaf2] => (item=Ethernet0 → Exit-Router2)
ok: [Border-Leaf2] => (item=Ethernet1 → Exit-Router1)
ok: [Border-Leaf2] => (item=Ethernet2 → HostB12-1)
ok: [Border-Leaf2] => (item=Ethernet3 → HostB12-2)

TASK [Report access BGP neighbor status] *******************************************************************************************************************
skipping: [Spine-S2]
skipping: [Spine-S1]
ok: [Leaf-L1] => (item=Ethernet0) => {
    "msg": "Ethernet0 → Host12-1: Idle"
}
ok: [Leaf-L2] => (item=Ethernet0) => {
    "msg": "Ethernet0 → Host12-1: Idle"
}
ok: [Leaf-L3] => (item=Ethernet0) => {
    "msg": "Ethernet0 → Host34-1: Idle"
}
ok: [Border-Leaf1] => (item=Ethernet0) => {
    "msg": "Ethernet0 → Exit-Router1: Idle"
}
ok: [Leaf-L4] => (item=Ethernet0) => {
    "msg": "Ethernet0 → Host34-1: Idle"
}
ok: [Leaf-L1] => (item=Ethernet1) => {
    "msg": "Ethernet1 → Host12-2: Idle"
}
ok: [Leaf-L2] => (item=Ethernet1) => {
    "msg": "Ethernet1 → Host12-2: Idle"
}
ok: [Leaf-L3] => (item=Ethernet1) => {
    "msg": "Ethernet1 → Host34-2: Idle"
}
ok: [Border-Leaf1] => (item=Ethernet1) => {
    "msg": "Ethernet1 → Exit-Router2: Idle"
}
ok: [Leaf-L4] => (item=Ethernet1) => {
    "msg": "Ethernet1 → Host34-2: Idle"
}
ok: [Leaf-L1] => (item=Ethernet2) => {
    "msg": "Ethernet2 → Host12-3: Idle"
}
ok: [Leaf-L2] => (item=Ethernet2) => {
    "msg": "Ethernet2 → Host12-3: Idle"
}
ok: [Leaf-L3] => (item=Ethernet2) => {
    "msg": "Ethernet2 → MonSrv: Idle"
}
ok: [Border-Leaf1] => (item=Ethernet2) => {
    "msg": "Ethernet2 → HostB12-1: Idle"
}
ok: [Leaf-L4] => (item=Ethernet2) => {
    "msg": "Ethernet2 → MonSrv: Idle"
}
skipping: [Leaf-L3] => (item=Ethernet3)
skipping: [Leaf-L4] => (item=Ethernet3)
ok: [Border-Leaf1] => (item=Ethernet3) => {
    "msg": "Ethernet3 → HostB12-2: Idle"
}
ok: [Border-Leaf2] => (item=Ethernet0) => {
    "msg": "Ethernet0 → Exit-Router2: Idle"
}
ok: [Border-Leaf2] => (item=Ethernet1) => {
    "msg": "Ethernet1 → Exit-Router1: Idle"
}
ok: [Border-Leaf2] => (item=Ethernet2) => {
    "msg": "Ethernet2 → HostB12-1: Idle"
}
ok: [Border-Leaf2] => (item=Ethernet3) => {
    "msg": "Ethernet3 → HostB12-2: Idle"
}

PLAY [Verify Linux endpoint BGP peering] *******************************************************************************************************************

TASK [Check if FRR is installed] ***************************************************************************************************************************
[ERROR]: Task failed: Failed to connect to the host via ssh: Warning: Permanently added '172.16.2.55' (ED25519) to the list of known hosts.
nh1221@172.16.2.55: Permission denied (publickey,password).

Task failed.
Origin: /mnt/c/Users/nh1221/dc_lab/clab/sonic-clab/playbooks/verify.yml:157:7

155       {% if lab_network_mode == 'socks' %}-o ProxyCommand="nc -x {{ socks_bind_addr }}:{{ socks_port }} -X 5 %h %...
156   tasks:
157     - name: Check if FRR is installed
          ^ column 7

<<< caused by >>>

Failed to connect to the host via ssh: Warning: Permanently added '172.16.2.55' (ED25519) to the list of known hosts.
nh1221@172.16.2.55: Permission denied (publickey,password).

fatal: [Host34-2]: UNREACHABLE! => {"changed": false, "msg": "Task failed: Failed to connect to the host via ssh: Warning: Permanently added '172.16.2.55' (ED25519) to the list of known hosts.\r\nnh1221@172.16.2.55: Permission denied (publickey,password).", "unreachable": true}
[ERROR]: Task failed: Failed to connect to the host via ssh: Warning: Permanently added '172.16.2.54' (ED25519) to the list of known hosts.
nh1221@172.16.2.54: Permission denied (publickey,password).

Task failed.
Origin: /mnt/c/Users/nh1221/dc_lab/clab/sonic-clab/playbooks/verify.yml:157:7

155       {% if lab_network_mode == 'socks' %}-o ProxyCommand="nc -x {{ socks_bind_addr }}:{{ socks_port }} -X 5 %h %...
156   tasks:
157     - name: Check if FRR is installed
          ^ column 7

<<< caused by >>>

Failed to connect to the host via ssh: Warning: Permanently added '172.16.2.54' (ED25519) to the list of known hosts.
nh1221@172.16.2.54: Permission denied (publickey,password).

fatal: [Host34-1]: UNREACHABLE! => {"changed": false, "msg": "Task failed: Failed to connect to the host via ssh: Warning: Permanently added '172.16.2.54' (ED25519) to the list of known hosts.\r\nnh1221@172.16.2.54: Permission denied (publickey,password).", "unreachable": true}
[ERROR]: Task failed: Failed to connect to the host via ssh: Warning: Permanently added '172.16.2.51' (ED25519) to the list of known hosts.
nh1221@172.16.2.51: Permission denied (publickey,password).

Task failed.
Origin: /mnt/c/Users/nh1221/dc_lab/clab/sonic-clab/playbooks/verify.yml:157:7

155       {% if lab_network_mode == 'socks' %}-o ProxyCommand="nc -x {{ socks_bind_addr }}:{{ socks_port }} -X 5 %h %...
156   tasks:
157     - name: Check if FRR is installed
          ^ column 7

<<< caused by >>>

Failed to connect to the host via ssh: Warning: Permanently added '172.16.2.51' (ED25519) to the list of known hosts.
nh1221@172.16.2.51: Permission denied (publickey,password).

fatal: [Host12-1]: UNREACHABLE! => {"changed": false, "msg": "Task failed: Failed to connect to the host via ssh: Warning: Permanently added '172.16.2.51' (ED25519) to the list of known hosts.\r\nnh1221@172.16.2.51: Permission denied (publickey,password).", "unreachable": true}
[ERROR]: Task failed: Failed to connect to the host via ssh: Warning: Permanently added '172.16.2.53' (ED25519) to the list of known hosts.
nh1221@172.16.2.53: Permission denied (publickey,password).

Task failed.
Origin: /mnt/c/Users/nh1221/dc_lab/clab/sonic-clab/playbooks/verify.yml:157:7

155       {% if lab_network_mode == 'socks' %}-o ProxyCommand="nc -x {{ socks_bind_addr }}:{{ socks_port }} -X 5 %h %...
156   tasks:
157     - name: Check if FRR is installed
          ^ column 7

<<< caused by >>>

Failed to connect to the host via ssh: Warning: Permanently added '172.16.2.53' (ED25519) to the list of known hosts.
nh1221@172.16.2.53: Permission denied (publickey,password).

fatal: [Host12-3]: UNREACHABLE! => {"changed": false, "msg": "Task failed: Failed to connect to the host via ssh: Warning: Permanently added '172.16.2.53' (ED25519) to the list of known hosts.\r\nnh1221@172.16.2.53: Permission denied (publickey,password).", "unreachable": true}
[ERROR]: Task failed: Failed to connect to the host via ssh: Warning: Permanently added '172.16.2.52' (ED25519) to the list of known hosts.
nh1221@172.16.2.52: Permission denied (publickey,password).

Task failed.
Origin: /mnt/c/Users/nh1221/dc_lab/clab/sonic-clab/playbooks/verify.yml:157:7

155       {% if lab_network_mode == 'socks' %}-o ProxyCommand="nc -x {{ socks_bind_addr }}:{{ socks_port }} -X 5 %h %...
156   tasks:
157     - name: Check if FRR is installed
          ^ column 7

<<< caused by >>>

Failed to connect to the host via ssh: Warning: Permanently added '172.16.2.52' (ED25519) to the list of known hosts.
nh1221@172.16.2.52: Permission denied (publickey,password).

fatal: [Host12-2]: UNREACHABLE! => {"changed": false, "msg": "Task failed: Failed to connect to the host via ssh: Warning: Permanently added '172.16.2.52' (ED25519) to the list of known hosts.\r\nnh1221@172.16.2.52: Permission denied (publickey,password).", "unreachable": true}
[ERROR]: Task failed: Failed to connect to the host via ssh: Warning: Permanently added '172.16.2.58' (ED25519) to the list of known hosts.
nh1221@172.16.2.58: Permission denied (publickey,password).

Task failed.
Origin: /mnt/c/Users/nh1221/dc_lab/clab/sonic-clab/playbooks/verify.yml:157:7

155       {% if lab_network_mode == 'socks' %}-o ProxyCommand="nc -x {{ socks_bind_addr }}:{{ socks_port }} -X 5 %h %...
156   tasks:
157     - name: Check if FRR is installed
          ^ column 7

<<< caused by >>>

Failed to connect to the host via ssh: Warning: Permanently added '172.16.2.58' (ED25519) to the list of known hosts.
nh1221@172.16.2.58: Permission denied (publickey,password).

fatal: [HostB12-2]: UNREACHABLE! => {"changed": false, "msg": "Task failed: Failed to connect to the host via ssh: Warning: Permanently added '172.16.2.58' (ED25519) to the list of known hosts.\r\nnh1221@172.16.2.58: Permission denied (publickey,password).", "unreachable": true}
[ERROR]: Task failed: Failed to connect to the host via ssh: Warning: Permanently added '172.16.2.56' (ED25519) to the list of known hosts.
nh1221@172.16.2.56: Permission denied (publickey,password).

Task failed.
Origin: /mnt/c/Users/nh1221/dc_lab/clab/sonic-clab/playbooks/verify.yml:157:7

155       {% if lab_network_mode == 'socks' %}-o ProxyCommand="nc -x {{ socks_bind_addr }}:{{ socks_port }} -X 5 %h %...
156   tasks:
157     - name: Check if FRR is installed
          ^ column 7

<<< caused by >>>

Failed to connect to the host via ssh: Warning: Permanently added '172.16.2.56' (ED25519) to the list of known hosts.
nh1221@172.16.2.56: Permission denied (publickey,password).

fatal: [MonSrv]: UNREACHABLE! => {"changed": false, "msg": "Task failed: Failed to connect to the host via ssh: Warning: Permanently added '172.16.2.56' (ED25519) to the list of known hosts.\r\nnh1221@172.16.2.56: Permission denied (publickey,password).", "unreachable": true}
[ERROR]: Task failed: Failed to connect to the host via ssh: Warning: Permanently added '172.16.2.57' (ED25519) to the list of known hosts.
nh1221@172.16.2.57: Permission denied (publickey,password).

Task failed.
Origin: /mnt/c/Users/nh1221/dc_lab/clab/sonic-clab/playbooks/verify.yml:157:7

155       {% if lab_network_mode == 'socks' %}-o ProxyCommand="nc -x {{ socks_bind_addr }}:{{ socks_port }} -X 5 %h %...
156   tasks:
157     - name: Check if FRR is installed
          ^ column 7

<<< caused by >>>

Failed to connect to the host via ssh: Warning: Permanently added '172.16.2.57' (ED25519) to the list of known hosts.
nh1221@172.16.2.57: Permission denied (publickey,password).

fatal: [HostB12-1]: UNREACHABLE! => {"changed": false, "msg": "Task failed: Failed to connect to the host via ssh: Warning: Permanently added '172.16.2.57' (ED25519) to the list of known hosts.\r\nnh1221@172.16.2.57: Permission denied (publickey,password).", "unreachable": true}

PLAY RECAP *************************************************************************************************************************************************
Border-Leaf1               : ok=14   changed=0    unreachable=0    failed=0    skipped=0    rescued=0    ignored=0
Border-Leaf2               : ok=14   changed=0    unreachable=0    failed=0    skipped=0    rescued=0    ignored=0
Host12-1                   : ok=0    changed=0    unreachable=1    failed=0    skipped=0    rescued=0    ignored=0
Host12-2                   : ok=0    changed=0    unreachable=1    failed=0    skipped=0    rescued=0    ignored=0
Host12-3                   : ok=0    changed=0    unreachable=1    failed=0    skipped=0    rescued=0    ignored=0
Host34-1                   : ok=0    changed=0    unreachable=1    failed=0    skipped=0    rescued=0    ignored=0
Host34-2                   : ok=0    changed=0    unreachable=1    failed=0    skipped=0    rescued=0    ignored=0
HostB12-1                  : ok=0    changed=0    unreachable=1    failed=0    skipped=0    rescued=0    ignored=0
HostB12-2                  : ok=0    changed=0    unreachable=1    failed=0    skipped=0    rescued=0    ignored=0
Leaf-L1                    : ok=14   changed=0    unreachable=0    failed=0    skipped=0    rescued=0    ignored=0
Leaf-L2                    : ok=14   changed=0    unreachable=0    failed=0    skipped=0    rescued=0    ignored=0
Leaf-L3                    : ok=14   changed=0    unreachable=0    failed=0    skipped=0    rescued=0    ignored=0
Leaf-L4                    : ok=14   changed=0    unreachable=0    failed=0    skipped=0    rescued=0    ignored=0
MonSrv                     : ok=0    changed=0    unreachable=1    failed=0    skipped=0    rescued=0    ignored=0
Spine-S1                   : ok=10   changed=0    unreachable=0    failed=0    skipped=4    rescued=0    ignored=0
Spine-S2                   : ok=10   changed=0    unreachable=0    failed=0    skipped=4    rescued=0    ignored=0

(venv) nh1221@Lab-ControlNode:/mnt/c/Users/nh1221/dc_lab/clab/sonic-clab$ ansible-playbook playbooks/linux-netplan-stages.yml

PLAY [Stage 1 - Linux management subnet netplan] ***********************************************************************************************************

TASK [Gathering Facts] *************************************************************************************************************************************
[ERROR]: Task failed: Failed to connect to the host via ssh: Warning: Permanently added '172.16.2.51' (ED25519) to the list of known hosts.
nh1221@172.16.2.51: Permission denied (publickey,password).

Task failed.

<<< caused by >>>

Failed to connect to the host via ssh: Warning: Permanently added '172.16.2.51' (ED25519) to the list of known hosts.
nh1221@172.16.2.51: Permission denied (publickey,password).

fatal: [Host12-1]: UNREACHABLE! => {"changed": false, "msg": "Task failed: Failed to connect to the host via ssh: Warning: Permanently added '172.16.2.51' (ED25519) to the list of known hosts.\r\nnh1221@172.16.2.51: Permission denied (publickey,password).", "unreachable": true}
[ERROR]: Task failed: Failed to connect to the host via ssh: Warning: Permanently added '172.16.2.55' (ED25519) to the list of known hosts.
nh1221@172.16.2.55: Permission denied (publickey,password).

Task failed.

<<< caused by >>>

Failed to connect to the host via ssh: Warning: Permanently added '172.16.2.55' (ED25519) to the list of known hosts.
nh1221@172.16.2.55: Permission denied (publickey,password).

fatal: [Host34-2]: UNREACHABLE! => {"changed": false, "msg": "Task failed: Failed to connect to the host via ssh: Warning: Permanently added '172.16.2.55' (ED25519) to the list of known hosts.\r\nnh1221@172.16.2.55: Permission denied (publickey,password).", "unreachable": true}
[ERROR]: Task failed: Failed to connect to the host via ssh: Warning: Permanently added '172.16.2.54' (ED25519) to the list of known hosts.
nh1221@172.16.2.54: Permission denied (publickey,password).

Task failed.

<<< caused by >>>

Failed to connect to the host via ssh: Warning: Permanently added '172.16.2.54' (ED25519) to the list of known hosts.
nh1221@172.16.2.54: Permission denied (publickey,password).

fatal: [Host34-1]: UNREACHABLE! => {"changed": false, "msg": "Task failed: Failed to connect to the host via ssh: Warning: Permanently added '172.16.2.54' (ED25519) to the list of known hosts.\r\nnh1221@172.16.2.54: Permission denied (publickey,password).", "unreachable": true}
[ERROR]: Task failed: Failed to connect to the host via ssh: Warning: Permanently added '172.16.2.53' (ED25519) to the list of known hosts.
nh1221@172.16.2.53: Permission denied (publickey,password).

Task failed.

<<< caused by >>>

Failed to connect to the host via ssh: Warning: Permanently added '172.16.2.53' (ED25519) to the list of known hosts.
nh1221@172.16.2.53: Permission denied (publickey,password).

fatal: [Host12-3]: UNREACHABLE! => {"changed": false, "msg": "Task failed: Failed to connect to the host via ssh: Warning: Permanently added '172.16.2.53' (ED25519) to the list of known hosts.\r\nnh1221@172.16.2.53: Permission denied (publickey,password).", "unreachable": true}
[ERROR]: Task failed: Failed to connect to the host via ssh: Warning: Permanently added '172.16.2.52' (ED25519) to the list of known hosts.
nh1221@172.16.2.52: Permission denied (publickey,password).

Task failed.

<<< caused by >>>

Failed to connect to the host via ssh: Warning: Permanently added '172.16.2.52' (ED25519) to the list of known hosts.
nh1221@172.16.2.52: Permission denied (publickey,password).

fatal: [Host12-2]: UNREACHABLE! => {"changed": false, "msg": "Task failed: Failed to connect to the host via ssh: Warning: Permanently added '172.16.2.52' (ED25519) to the list of known hosts.\r\nnh1221@172.16.2.52: Permission denied (publickey,password).", "unreachable": true}
[ERROR]: Task failed: Failed to connect to the host via ssh: Warning: Permanently added '172.16.2.56' (ED25519) to the list of known hosts.
nh1221@172.16.2.56: Permission denied (publickey,password).

Task failed.

<<< caused by >>>

Failed to connect to the host via ssh: Warning: Permanently added '172.16.2.56' (ED25519) to the list of known hosts.
nh1221@172.16.2.56: Permission denied (publickey,password).

fatal: [MonSrv]: UNREACHABLE! => {"changed": false, "msg": "Task failed: Failed to connect to the host via ssh: Warning: Permanently added '172.16.2.56' (ED25519) to the list of known hosts.\r\nnh1221@172.16.2.56: Permission denied (publickey,password).", "unreachable": true}
[ERROR]: Task failed: Failed to connect to the host via ssh: Warning: Permanently added '172.16.2.57' (ED25519) to the list of known hosts.
nh1221@172.16.2.57: Permission denied (publickey,password).

Task failed.

<<< caused by >>>

Failed to connect to the host via ssh: Warning: Permanently added '172.16.2.57' (ED25519) to the list of known hosts.
nh1221@172.16.2.57: Permission denied (publickey,password).

fatal: [HostB12-1]: UNREACHABLE! => {"changed": false, "msg": "Task failed: Failed to connect to the host via ssh: Warning: Permanently added '172.16.2.57' (ED25519) to the list of known hosts.\r\nnh1221@172.16.2.57: Permission denied (publickey,password).", "unreachable": true}
[ERROR]: Task failed: Failed to connect to the host via ssh: Warning: Permanently added '172.16.2.58' (ED25519) to the list of known hosts.
nh1221@172.16.2.58: Permission denied (publickey,password).

Task failed.

<<< caused by >>>

Failed to connect to the host via ssh: Warning: Permanently added '172.16.2.58' (ED25519) to the list of known hosts.
nh1221@172.16.2.58: Permission denied (publickey,password).

fatal: [HostB12-2]: UNREACHABLE! => {"changed": false, "msg": "Task failed: Failed to connect to the host via ssh: Warning: Permanently added '172.16.2.58' (ED25519) to the list of known hosts.\r\nnh1221@172.16.2.58: Permission denied (publickey,password).", "unreachable": true}

PLAY RECAP *************************************************************************************************************************************************
Host12-1                   : ok=0    changed=0    unreachable=1    failed=0    skipped=0    rescued=0    ignored=0
Host12-2                   : ok=0    changed=0    unreachable=1    failed=0    skipped=0    rescued=0    ignored=0
Host12-3                   : ok=0    changed=0    unreachable=1    failed=0    skipped=0    rescued=0    ignored=0
Host34-1                   : ok=0    changed=0    unreachable=1    failed=0    skipped=0    rescued=0    ignored=0
Host34-2                   : ok=0    changed=0    unreachable=1    failed=0    skipped=0    rescued=0    ignored=0
HostB12-1                  : ok=0    changed=0    unreachable=1    failed=0    skipped=0    rescued=0    ignored=0
HostB12-2                  : ok=0    changed=0    unreachable=1    failed=0    skipped=0    rescued=0    ignored=0
MonSrv                     : ok=0    changed=0    unreachable=1    failed=0    skipped=0    rescued=0    ignored=0

(venv) nh1221@Lab-ControlNode:/mnt/c/Users/nh1221/dc_lab/clab/sonic-clab$ ansible-playbook playbooks/linux-bgp.yml

PLAY [Configure eBGP unnumbered on Linux endpoint servers via FRR] *****************************************************************************************

TASK [linux_frr_bgp : Assert BGP vars are present] *********************************************************************************************************
ok: [Host12-1] => {
    "changed": false,
    "msg": "All assertions passed"
}
ok: [Host12-2] => {
    "changed": false,
    "msg": "All assertions passed"
}
ok: [Host12-3] => {
    "changed": false,
    "msg": "All assertions passed"
}
ok: [Host34-1] => {
    "changed": false,
    "msg": "All assertions passed"
}
ok: [Host34-2] => {
    "changed": false,
    "msg": "All assertions passed"
}
ok: [MonSrv] => {
    "changed": false,
    "msg": "All assertions passed"
}
ok: [HostB12-1] => {
    "changed": false,
    "msg": "All assertions passed"
}
ok: [HostB12-2] => {
    "changed": false,
    "msg": "All assertions passed"
}

TASK [linux_frr_bgp : Install FRR] *************************************************************************************************************************
[ERROR]: Task failed: Failed to connect to the host via ssh: Warning: Permanently added '172.16.2.52' (ED25519) to the list of known hosts.
nh1221@172.16.2.52: Permission denied (publickey,password).

Task failed.
Origin: /mnt/c/Users/nh1221/dc_lab/clab/sonic-clab/roles/linux_frr_bgp/tasks/main.yml:10:3

 8     fail_msg: "bgp_local_asn, loopback_ip, and server_interfaces must all be defined"
 9
10 - name: Install FRR
     ^ column 3

<<< caused by >>>

Failed to connect to the host via ssh: Warning: Permanently added '172.16.2.52' (ED25519) to the list of known hosts.
nh1221@172.16.2.52: Permission denied (publickey,password).

fatal: [Host12-2]: UNREACHABLE! => {"changed": false, "msg": "Task failed: Failed to connect to the host via ssh: Warning: Permanently added '172.16.2.52' (ED25519) to the list of known hosts.\r\nnh1221@172.16.2.52: Permission denied (publickey,password).", "unreachable": true}
[ERROR]: Task failed: Failed to connect to the host via ssh: Warning: Permanently added '172.16.2.55' (ED25519) to the list of known hosts.
nh1221@172.16.2.55: Permission denied (publickey,password).

Task failed.
Origin: /mnt/c/Users/nh1221/dc_lab/clab/sonic-clab/roles/linux_frr_bgp/tasks/main.yml:10:3

 8     fail_msg: "bgp_local_asn, loopback_ip, and server_interfaces must all be defined"
 9
10 - name: Install FRR
     ^ column 3

<<< caused by >>>

Failed to connect to the host via ssh: Warning: Permanently added '172.16.2.55' (ED25519) to the list of known hosts.
nh1221@172.16.2.55: Permission denied (publickey,password).

fatal: [Host34-2]: UNREACHABLE! => {"changed": false, "msg": "Task failed: Failed to connect to the host via ssh: Warning: Permanently added '172.16.2.55' (ED25519) to the list of known hosts.\r\nnh1221@172.16.2.55: Permission denied (publickey,password).", "unreachable": true}
[ERROR]: Task failed: Failed to connect to the host via ssh: Warning: Permanently added '172.16.2.54' (ED25519) to the list of known hosts.
nh1221@172.16.2.54: Permission denied (publickey,password).

Task failed.
Origin: /mnt/c/Users/nh1221/dc_lab/clab/sonic-clab/roles/linux_frr_bgp/tasks/main.yml:10:3

 8     fail_msg: "bgp_local_asn, loopback_ip, and server_interfaces must all be defined"
 9
10 - name: Install FRR
     ^ column 3

<<< caused by >>>

Failed to connect to the host via ssh: Warning: Permanently added '172.16.2.54' (ED25519) to the list of known hosts.
nh1221@172.16.2.54: Permission denied (publickey,password).

fatal: [Host34-1]: UNREACHABLE! => {"changed": false, "msg": "Task failed: Failed to connect to the host via ssh: Warning: Permanently added '172.16.2.54' (ED25519) to the list of known hosts.\r\nnh1221@172.16.2.54: Permission denied (publickey,password).", "unreachable": true}
[ERROR]: Task failed: Failed to connect to the host via ssh: Warning: Permanently added '172.16.2.51' (ED25519) to the list of known hosts.
nh1221@172.16.2.51: Permission denied (publickey,password).

Task failed.
Origin: /mnt/c/Users/nh1221/dc_lab/clab/sonic-clab/roles/linux_frr_bgp/tasks/main.yml:10:3

 8     fail_msg: "bgp_local_asn, loopback_ip, and server_interfaces must all be defined"
 9
10 - name: Install FRR
     ^ column 3

<<< caused by >>>

Failed to connect to the host via ssh: Warning: Permanently added '172.16.2.51' (ED25519) to the list of known hosts.
nh1221@172.16.2.51: Permission denied (publickey,password).

fatal: [Host12-1]: UNREACHABLE! => {"changed": false, "msg": "Task failed: Failed to connect to the host via ssh: Warning: Permanently added '172.16.2.51' (ED25519) to the list of known hosts.\r\nnh1221@172.16.2.51: Permission denied (publickey,password).", "unreachable": true}
[ERROR]: Task failed: Failed to connect to the host via ssh: Warning: Permanently added '172.16.2.53' (ED25519) to the list of known hosts.
nh1221@172.16.2.53: Permission denied (publickey,password).

Task failed.
Origin: /mnt/c/Users/nh1221/dc_lab/clab/sonic-clab/roles/linux_frr_bgp/tasks/main.yml:10:3

 8     fail_msg: "bgp_local_asn, loopback_ip, and server_interfaces must all be defined"
 9
10 - name: Install FRR
     ^ column 3

<<< caused by >>>

Failed to connect to the host via ssh: Warning: Permanently added '172.16.2.53' (ED25519) to the list of known hosts.
nh1221@172.16.2.53: Permission denied (publickey,password).

fatal: [Host12-3]: UNREACHABLE! => {"changed": false, "msg": "Task failed: Failed to connect to the host via ssh: Warning: Permanently added '172.16.2.53' (ED25519) to the list of known hosts.\r\nnh1221@172.16.2.53: Permission denied (publickey,password).", "unreachable": true}
[ERROR]: Task failed: Failed to connect to the host via ssh: Warning: Permanently added '172.16.2.56' (ED25519) to the list of known hosts.
nh1221@172.16.2.56: Permission denied (publickey,password).

Task failed.
Origin: /mnt/c/Users/nh1221/dc_lab/clab/sonic-clab/roles/linux_frr_bgp/tasks/main.yml:10:3

 8     fail_msg: "bgp_local_asn, loopback_ip, and server_interfaces must all be defined"
 9
10 - name: Install FRR
     ^ column 3

<<< caused by >>>

Failed to connect to the host via ssh: Warning: Permanently added '172.16.2.56' (ED25519) to the list of known hosts.
nh1221@172.16.2.56: Permission denied (publickey,password).

fatal: [MonSrv]: UNREACHABLE! => {"changed": false, "msg": "Task failed: Failed to connect to the host via ssh: Warning: Permanently added '172.16.2.56' (ED25519) to the list of known hosts.\r\nnh1221@172.16.2.56: Permission denied (publickey,password).", "unreachable": true}
[ERROR]: Task failed: Failed to connect to the host via ssh: Warning: Permanently added '172.16.2.57' (ED25519) to the list of known hosts.
nh1221@172.16.2.57: Permission denied (publickey,password).

Task failed.
Origin: /mnt/c/Users/nh1221/dc_lab/clab/sonic-clab/roles/linux_frr_bgp/tasks/main.yml:10:3

 8     fail_msg: "bgp_local_asn, loopback_ip, and server_interfaces must all be defined"
 9
10 - name: Install FRR
     ^ column 3

<<< caused by >>>

Failed to connect to the host via ssh: Warning: Permanently added '172.16.2.57' (ED25519) to the list of known hosts.
nh1221@172.16.2.57: Permission denied (publickey,password).

fatal: [HostB12-1]: UNREACHABLE! => {"changed": false, "msg": "Task failed: Failed to connect to the host via ssh: Warning: Permanently added '172.16.2.57' (ED25519) to the list of known hosts.\r\nnh1221@172.16.2.57: Permission denied (publickey,password).", "unreachable": true}
[ERROR]: Task failed: Failed to connect to the host via ssh: Warning: Permanently added '172.16.2.58' (ED25519) to the list of known hosts.
nh1221@172.16.2.58: Permission denied (publickey,password).

Task failed.
Origin: /mnt/c/Users/nh1221/dc_lab/clab/sonic-clab/roles/linux_frr_bgp/tasks/main.yml:10:3

 8     fail_msg: "bgp_local_asn, loopback_ip, and server_interfaces must all be defined"
 9
10 - name: Install FRR
     ^ column 3

<<< caused by >>>

Failed to connect to the host via ssh: Warning: Permanently added '172.16.2.58' (ED25519) to the list of known hosts.
nh1221@172.16.2.58: Permission denied (publickey,password).

fatal: [HostB12-2]: UNREACHABLE! => {"changed": false, "msg": "Task failed: Failed to connect to the host via ssh: Warning: Permanently added '172.16.2.58' (ED25519) to the list of known hosts.\r\nnh1221@172.16.2.58: Permission denied (publickey,password).", "unreachable": true}

PLAY RECAP *************************************************************************************************************************************************
Host12-1                   : ok=1    changed=0    unreachable=1    failed=0    skipped=0    rescued=0    ignored=0
Host12-2                   : ok=1    changed=0    unreachable=1    failed=0    skipped=0    rescued=0    ignored=0
Host12-3                   : ok=1    changed=0    unreachable=1    failed=0    skipped=0    rescued=0    ignored=0
Host34-1                   : ok=1    changed=0    unreachable=1    failed=0    skipped=0    rescued=0    ignored=0
Host34-2                   : ok=1    changed=0    unreachable=1    failed=0    skipped=0    rescued=0    ignored=0
HostB12-1                  : ok=1    changed=0    unreachable=1    failed=0    skipped=0    rescued=0    ignored=0
HostB12-2                  : ok=1    changed=0    unreachable=1    failed=0    skipped=0    rescued=0    ignored=0
MonSrv                     : ok=1    changed=0    unreachable=1    failed=0    skipped=0    rescued=0    ignored=0

(venv) nh1221@Lab-ControlNode:/mnt/c/Users/nh1221/dc_lab/clab/sonic-clab$ ansible linux_endpoints -m shell -a "id nh1221" -u nh1221 --ask-pass
SSH password:
[ERROR]: Task failed: Failed to connect to the host via ssh: Warning: Permanently added '172.16.2.55' (ED25519) to the list of known hosts.
nh1221@172.16.2.55: Permission denied (publickey,password).

Task failed.
Origin: <adhoc 'shell' task>

{'action': 'shell', 'args': {'_raw_params': 'id nh1221'}, 'timeout': 0, 'async_val': 0, 'poll': 15}

<<< caused by >>>

Failed to connect to the host via ssh: Warning: Permanently added '172.16.2.55' (ED25519) to the list of known hosts.
nh1221@172.16.2.55: Permission denied (publickey,password).

Host34-2 | UNREACHABLE! => {
    "changed": false,
    "msg": "Task failed: Failed to connect to the host via ssh: Warning: Permanently added '172.16.2.55' (ED25519) to the list of known hosts.\r\nnh1221@172.16.2.55: Permission denied (publickey,password).",
    "unreachable": true
}
[ERROR]: Task failed: Failed to connect to the host via ssh: Warning: Permanently added '172.16.2.54' (ED25519) to the list of known hosts.
nh1221@172.16.2.54: Permission denied (publickey,password).

Task failed.
Origin: <adhoc 'shell' task>

{'action': 'shell', 'args': {'_raw_params': 'id nh1221'}, 'timeout': 0, 'async_val': 0, 'poll': 15}

<<< caused by >>>

Failed to connect to the host via ssh: Warning: Permanently added '172.16.2.54' (ED25519) to the list of known hosts.
nh1221@172.16.2.54: Permission denied (publickey,password).

Host34-1 | UNREACHABLE! => {
    "changed": false,
    "msg": "Task failed: Failed to connect to the host via ssh: Warning: Permanently added '172.16.2.54' (ED25519) to the list of known hosts.\r\nnh1221@172.16.2.54: Permission denied (publickey,password).",
    "unreachable": true
}
[ERROR]: Task failed: Failed to connect to the host via ssh: Warning: Permanently added '172.16.2.51' (ED25519) to the list of known hosts.
nh1221@172.16.2.51: Permission denied (publickey,password).

Task failed.
Origin: <adhoc 'shell' task>

{'action': 'shell', 'args': {'_raw_params': 'id nh1221'}, 'timeout': 0, 'async_val': 0, 'poll': 15}

<<< caused by >>>

Failed to connect to the host via ssh: Warning: Permanently added '172.16.2.51' (ED25519) to the list of known hosts.
nh1221@172.16.2.51: Permission denied (publickey,password).

Host12-1 | UNREACHABLE! => {
    "changed": false,
    "msg": "Task failed: Failed to connect to the host via ssh: Warning: Permanently added '172.16.2.51' (ED25519) to the list of known hosts.\r\nnh1221@172.16.2.51: Permission denied (publickey,password).",
    "unreachable": true
}
[ERROR]: Task failed: Failed to connect to the host via ssh: Warning: Permanently added '172.16.2.53' (ED25519) to the list of known hosts.
nh1221@172.16.2.53: Permission denied (publickey,password).

Task failed.
Origin: <adhoc 'shell' task>

{'action': 'shell', 'args': {'_raw_params': 'id nh1221'}, 'timeout': 0, 'async_val': 0, 'poll': 15}

<<< caused by >>>

Failed to connect to the host via ssh: Warning: Permanently added '172.16.2.53' (ED25519) to the list of known hosts.
nh1221@172.16.2.53: Permission denied (publickey,password).

Host12-3 | UNREACHABLE! => {
    "changed": false,
    "msg": "Task failed: Failed to connect to the host via ssh: Warning: Permanently added '172.16.2.53' (ED25519) to the list of known hosts.\r\nnh1221@172.16.2.53: Permission denied (publickey,password).",
    "unreachable": true
}
[ERROR]: Task failed: Failed to connect to the host via ssh: Warning: Permanently added '172.16.2.52' (ED25519) to the list of known hosts.
nh1221@172.16.2.52: Permission denied (publickey,password).

Task failed.
Origin: <adhoc 'shell' task>

{'action': 'shell', 'args': {'_raw_params': 'id nh1221'}, 'timeout': 0, 'async_val': 0, 'poll': 15}

<<< caused by >>>

Failed to connect to the host via ssh: Warning: Permanently added '172.16.2.52' (ED25519) to the list of known hosts.
nh1221@172.16.2.52: Permission denied (publickey,password).

Host12-2 | UNREACHABLE! => {
    "changed": false,
    "msg": "Task failed: Failed to connect to the host via ssh: Warning: Permanently added '172.16.2.52' (ED25519) to the list of known hosts.\r\nnh1221@172.16.2.52: Permission denied (publickey,password).",
    "unreachable": true
}
[ERROR]: Task failed: Failed to connect to the host via ssh: Warning: Permanently added '172.16.2.58' (ED25519) to the list of known hosts.
nh1221@172.16.2.58: Permission denied (publickey,password).

Task failed.
Origin: <adhoc 'shell' task>

{'action': 'shell', 'args': {'_raw_params': 'id nh1221'}, 'timeout': 0, 'async_val': 0, 'poll': 15}

<<< caused by >>>

Failed to connect to the host via ssh: Warning: Permanently added '172.16.2.58' (ED25519) to the list of known hosts.
nh1221@172.16.2.58: Permission denied (publickey,password).

HostB12-2 | UNREACHABLE! => {
    "changed": false,
    "msg": "Task failed: Failed to connect to the host via ssh: Warning: Permanently added '172.16.2.58' (ED25519) to the list of known hosts.\r\nnh1221@172.16.2.58: Permission denied (publickey,password).",
    "unreachable": true
}
[ERROR]: Task failed: Failed to connect to the host via ssh: Warning: Permanently added '172.16.2.56' (ED25519) to the list of known hosts.
nh1221@172.16.2.56: Permission denied (publickey,password).

Task failed.
Origin: <adhoc 'shell' task>

{'action': 'shell', 'args': {'_raw_params': 'id nh1221'}, 'timeout': 0, 'async_val': 0, 'poll': 15}

<<< caused by >>>

Failed to connect to the host via ssh: Warning: Permanently added '172.16.2.56' (ED25519) to the list of known hosts.
nh1221@172.16.2.56: Permission denied (publickey,password).

MonSrv | UNREACHABLE! => {
    "changed": false,
    "msg": "Task failed: Failed to connect to the host via ssh: Warning: Permanently added '172.16.2.56' (ED25519) to the list of known hosts.\r\nnh1221@172.16.2.56: Permission denied (publickey,password).",
    "unreachable": true
}
[ERROR]: Task failed: Failed to connect to the host via ssh: Warning: Permanently added '172.16.2.57' (ED25519) to the list of known hosts.
nh1221@172.16.2.57: Permission denied (publickey,password).

Task failed.
Origin: <adhoc 'shell' task>

{'action': 'shell', 'args': {'_raw_params': 'id nh1221'}, 'timeout': 0, 'async_val': 0, 'poll': 15}

<<< caused by >>>

Failed to connect to the host via ssh: Warning: Permanently added '172.16.2.57' (ED25519) to the list of known hosts.
nh1221@172.16.2.57: Permission denied (publickey,password).

HostB12-1 | UNREACHABLE! => {
    "changed": false,
    "msg": "Task failed: Failed to connect to the host via ssh: Warning: Permanently added '172.16.2.57' (ED25519) to the list of known hosts.\r\nnh1221@172.16.2.57: Permission denied (publickey,password).",
    "unreachable": true
}
(venv) nh1221@Lab-ControlNode:/mnt/c/Users/nh1221/dc_lab/clab/sonic-clab$ ansible linux_endpoints -b -m shell -a "grep PasswordAuthentication /etc/ssh/sshd_config"
[ERROR]: Task failed: Failed to connect to the host via ssh: Warning: Permanently added '172.16.2.52' (ED25519) to the list of known hosts.
nh1221@172.16.2.52: Permission denied (publickey,password).

Task failed.
Origin: <adhoc 'shell' task>

{'action': 'shell', 'args': {'_raw_params': 'grep PasswordAuthentication /etc/ssh/sshd_config'}, 'timeout': 0, [...]

<<< caused by >>>

Failed to connect to the host via ssh: Warning: Permanently added '172.16.2.52' (ED25519) to the list of known hosts.
nh1221@172.16.2.52: Permission denied (publickey,password).

Host12-2 | UNREACHABLE! => {
    "changed": false,
    "msg": "Task failed: Failed to connect to the host via ssh: Warning: Permanently added '172.16.2.52' (ED25519) to the list of known hosts.\r\nnh1221@172.16.2.52: Permission denied (publickey,password).",
    "unreachable": true
}
[ERROR]: Task failed: Failed to connect to the host via ssh: Warning: Permanently added '172.16.2.54' (ED25519) to the list of known hosts.
nh1221@172.16.2.54: Permission denied (publickey,password).

Task failed.
Origin: <adhoc 'shell' task>

{'action': 'shell', 'args': {'_raw_params': 'grep PasswordAuthentication /etc/ssh/sshd_config'}, 'timeout': 0, [...]

<<< caused by >>>

Failed to connect to the host via ssh: Warning: Permanently added '172.16.2.54' (ED25519) to the list of known hosts.
nh1221@172.16.2.54: Permission denied (publickey,password).

Host34-1 | UNREACHABLE! => {
    "changed": false,
    "msg": "Task failed: Failed to connect to the host via ssh: Warning: Permanently added '172.16.2.54' (ED25519) to the list of known hosts.\r\nnh1221@172.16.2.54: Permission denied (publickey,password).",
    "unreachable": true
}
[ERROR]: Task failed: Failed to connect to the host via ssh: Warning: Permanently added '172.16.2.51' (ED25519) to the list of known hosts.
nh1221@172.16.2.51: Permission denied (publickey,password).

Task failed.
Origin: <adhoc 'shell' task>

{'action': 'shell', 'args': {'_raw_params': 'grep PasswordAuthentication /etc/ssh/sshd_config'}, 'timeout': 0, [...]

<<< caused by >>>

Failed to connect to the host via ssh: Warning: Permanently added '172.16.2.51' (ED25519) to the list of known hosts.
nh1221@172.16.2.51: Permission denied (publickey,password).

Host12-1 | UNREACHABLE! => {
    "changed": false,
    "msg": "Task failed: Failed to connect to the host via ssh: Warning: Permanently added '172.16.2.51' (ED25519) to the list of known hosts.\r\nnh1221@172.16.2.51: Permission denied (publickey,password).",
    "unreachable": true
}
[ERROR]: Task failed: Failed to connect to the host via ssh: Warning: Permanently added '172.16.2.53' (ED25519) to the list of known hosts.
nh1221@172.16.2.53: Permission denied (publickey,password).

Task failed.
Origin: <adhoc 'shell' task>

{'action': 'shell', 'args': {'_raw_params': 'grep PasswordAuthentication /etc/ssh/sshd_config'}, 'timeout': 0, [...]

<<< caused by >>>

Failed to connect to the host via ssh: Warning: Permanently added '172.16.2.53' (ED25519) to the list of known hosts.
nh1221@172.16.2.53: Permission denied (publickey,password).

Host12-3 | UNREACHABLE! => {
    "changed": false,
    "msg": "Task failed: Failed to connect to the host via ssh: Warning: Permanently added '172.16.2.53' (ED25519) to the list of known hosts.\r\nnh1221@172.16.2.53: Permission denied (publickey,password).",
    "unreachable": true
}
[ERROR]: Task failed: Failed to connect to the host via ssh: Warning: Permanently added '172.16.2.55' (ED25519) to the list of known hosts.
nh1221@172.16.2.55: Permission denied (publickey,password).

Task failed.
Origin: <adhoc 'shell' task>

{'action': 'shell', 'args': {'_raw_params': 'grep PasswordAuthentication /etc/ssh/sshd_config'}, 'timeout': 0, [...]

<<< caused by >>>

Failed to connect to the host via ssh: Warning: Permanently added '172.16.2.55' (ED25519) to the list of known hosts.
nh1221@172.16.2.55: Permission denied (publickey,password).

Host34-2 | UNREACHABLE! => {
    "changed": false,
    "msg": "Task failed: Failed to connect to the host via ssh: Warning: Permanently added '172.16.2.55' (ED25519) to the list of known hosts.\r\nnh1221@172.16.2.55: Permission denied (publickey,password).",
    "unreachable": true
}
[ERROR]: Task failed: Failed to connect to the host via ssh: Warning: Permanently added '172.16.2.56' (ED25519) to the list of known hosts.
nh1221@172.16.2.56: Permission denied (publickey,password).

Task failed.
Origin: <adhoc 'shell' task>

{'action': 'shell', 'args': {'_raw_params': 'grep PasswordAuthentication /etc/ssh/sshd_config'}, 'timeout': 0, [...]

<<< caused by >>>

Failed to connect to the host via ssh: Warning: Permanently added '172.16.2.56' (ED25519) to the list of known hosts.
nh1221@172.16.2.56: Permission denied (publickey,password).

MonSrv | UNREACHABLE! => {
    "changed": false,
    "msg": "Task failed: Failed to connect to the host via ssh: Warning: Permanently added '172.16.2.56' (ED25519) to the list of known hosts.\r\nnh1221@172.16.2.56: Permission denied (publickey,password).",
    "unreachable": true
}
[ERROR]: Task failed: Failed to connect to the host via ssh: Warning: Permanently added '172.16.2.57' (ED25519) to the list of known hosts.
nh1221@172.16.2.57: Permission denied (publickey,password).

Task failed.
Origin: <adhoc 'shell' task>

{'action': 'shell', 'args': {'_raw_params': 'grep PasswordAuthentication /etc/ssh/sshd_config'}, 'timeout': 0, [...]

<<< caused by >>>

Failed to connect to the host via ssh: Warning: Permanently added '172.16.2.57' (ED25519) to the list of known hosts.
nh1221@172.16.2.57: Permission denied (publickey,password).

HostB12-1 | UNREACHABLE! => {
    "changed": false,
    "msg": "Task failed: Failed to connect to the host via ssh: Warning: Permanently added '172.16.2.57' (ED25519) to the list of known hosts.\r\nnh1221@172.16.2.57: Permission denied (publickey,password).",
    "unreachable": true
}
[ERROR]: Task failed: Failed to connect to the host via ssh: Warning: Permanently added '172.16.2.58' (ED25519) to the list of known hosts.
nh1221@172.16.2.58: Permission denied (publickey,password).

Task failed.
Origin: <adhoc 'shell' task>

{'action': 'shell', 'args': {'_raw_params': 'grep PasswordAuthentication /etc/ssh/sshd_config'}, 'timeout': 0, [...]

<<< caused by >>>

Failed to connect to the host via ssh: Warning: Permanently added '172.16.2.58' (ED25519) to the list of known hosts.
nh1221@172.16.2.58: Permission denied (publickey,password).

HostB12-2 | UNREACHABLE! => {
    "changed": false,
    "msg": "Task failed: Failed to connect to the host via ssh: Warning: Permanently added '172.16.2.58' (ED25519) to the list of known hosts.\r\nnh1221@172.16.2.58: Permission denied (publickey,password).",
    "unreachable": true
}
(venv) nh1221@Lab-ControlNode:/mnt/c/Users/nh1221/dc_lab/clab/sonic-clab$ ansible linux_endpoints -b -m shell -a "ip addr show eth1 | grep inet6"
[ERROR]: Task failed: Failed to connect to the host via ssh: Warning: Permanently added '172.16.2.55' (ED25519) to the list of known hosts.
nh1221@172.16.2.55: Permission denied (publickey,password).

Task failed.
Origin: <adhoc 'shell' task>

{'action': 'shell', 'args': {'_raw_params': 'ip addr show eth1 | grep inet6'}, 'timeout': 0, 'async_val': 0, 'poll': 15}

<<< caused by >>>

Failed to connect to the host via ssh: Warning: Permanently added '172.16.2.55' (ED25519) to the list of known hosts.
nh1221@172.16.2.55: Permission denied (publickey,password).

Host34-2 | UNREACHABLE! => {
    "changed": false,
    "msg": "Task failed: Failed to connect to the host via ssh: Warning: Permanently added '172.16.2.55' (ED25519) to the list of known hosts.\r\nnh1221@172.16.2.55: Permission denied (publickey,password).",
    "unreachable": true
}
[ERROR]: Task failed: Failed to connect to the host via ssh: Warning: Permanently added '172.16.2.54' (ED25519) to the list of known hosts.
nh1221@172.16.2.54: Permission denied (publickey,password).

Task failed.
Origin: <adhoc 'shell' task>

{'action': 'shell', 'args': {'_raw_params': 'ip addr show eth1 | grep inet6'}, 'timeout': 0, 'async_val': 0, 'poll': 15}

<<< caused by >>>

Failed to connect to the host via ssh: Warning: Permanently added '172.16.2.54' (ED25519) to the list of known hosts.
nh1221@172.16.2.54: Permission denied (publickey,password).

Host34-1 | UNREACHABLE! => {
    "changed": false,
    "msg": "Task failed: Failed to connect to the host via ssh: Warning: Permanently added '172.16.2.54' (ED25519) to the list of known hosts.\r\nnh1221@172.16.2.54: Permission denied (publickey,password).",
    "unreachable": true
}
[ERROR]: Task failed: Failed to connect to the host via ssh: Warning: Permanently added '172.16.2.51' (ED25519) to the list of known hosts.
nh1221@172.16.2.51: Permission denied (publickey,password).

Task failed.
Origin: <adhoc 'shell' task>

{'action': 'shell', 'args': {'_raw_params': 'ip addr show eth1 | grep inet6'}, 'timeout': 0, 'async_val': 0, 'poll': 15}

<<< caused by >>>

Failed to connect to the host via ssh: Warning: Permanently added '172.16.2.51' (ED25519) to the list of known hosts.
nh1221@172.16.2.51: Permission denied (publickey,password).

Host12-1 | UNREACHABLE! => {
    "changed": false,
    "msg": "Task failed: Failed to connect to the host via ssh: Warning: Permanently added '172.16.2.51' (ED25519) to the list of known hosts.\r\nnh1221@172.16.2.51: Permission denied (publickey,password).",
    "unreachable": true
}
[ERROR]: Task failed: Failed to connect to the host via ssh: Warning: Permanently added '172.16.2.53' (ED25519) to the list of known hosts.
nh1221@172.16.2.53: Permission denied (publickey,password).

Task failed.
Origin: <adhoc 'shell' task>

{'action': 'shell', 'args': {'_raw_params': 'ip addr show eth1 | grep inet6'}, 'timeout': 0, 'async_val': 0, 'poll': 15}

<<< caused by >>>

Failed to connect to the host via ssh: Warning: Permanently added '172.16.2.53' (ED25519) to the list of known hosts.
nh1221@172.16.2.53: Permission denied (publickey,password).

Host12-3 | UNREACHABLE! => {
    "changed": false,
    "msg": "Task failed: Failed to connect to the host via ssh: Warning: Permanently added '172.16.2.53' (ED25519) to the list of known hosts.\r\nnh1221@172.16.2.53: Permission denied (publickey,password).",
    "unreachable": true
}
[ERROR]: Task failed: Failed to connect to the host via ssh: Warning: Permanently added '172.16.2.52' (ED25519) to the list of known hosts.
nh1221@172.16.2.52: Permission denied (publickey,password).

Task failed.
Origin: <adhoc 'shell' task>

{'action': 'shell', 'args': {'_raw_params': 'ip addr show eth1 | grep inet6'}, 'timeout': 0, 'async_val': 0, 'poll': 15}

<<< caused by >>>

Failed to connect to the host via ssh: Warning: Permanently added '172.16.2.52' (ED25519) to the list of known hosts.
nh1221@172.16.2.52: Permission denied (publickey,password).

Host12-2 | UNREACHABLE! => {
    "changed": false,
    "msg": "Task failed: Failed to connect to the host via ssh: Warning: Permanently added '172.16.2.52' (ED25519) to the list of known hosts.\r\nnh1221@172.16.2.52: Permission denied (publickey,password).",
    "unreachable": true
}
[ERROR]: Task failed: Failed to connect to the host via ssh: Warning: Permanently added '172.16.2.58' (ED25519) to the list of known hosts.
nh1221@172.16.2.58: Permission denied (publickey,password).

Task failed.
Origin: <adhoc 'shell' task>

{'action': 'shell', 'args': {'_raw_params': 'ip addr show eth1 | grep inet6'}, 'timeout': 0, 'async_val': 0, 'poll': 15}

<<< caused by >>>

Failed to connect to the host via ssh: Warning: Permanently added '172.16.2.58' (ED25519) to the list of known hosts.
nh1221@172.16.2.58: Permission denied (publickey,password).

HostB12-2 | UNREACHABLE! => {
    "changed": false,
    "msg": "Task failed: Failed to connect to the host via ssh: Warning: Permanently added '172.16.2.58' (ED25519) to the list of known hosts.\r\nnh1221@172.16.2.58: Permission denied (publickey,password).",
    "unreachable": true
}
[ERROR]: Task failed: Failed to connect to the host via ssh: Warning: Permanently added '172.16.2.56' (ED25519) to the list of known hosts.
nh1221@172.16.2.56: Permission denied (publickey,password).

Task failed.
Origin: <adhoc 'shell' task>

{'action': 'shell', 'args': {'_raw_params': 'ip addr show eth1 | grep inet6'}, 'timeout': 0, 'async_val': 0, 'poll': 15}

<<< caused by >>>

Failed to connect to the host via ssh: Warning: Permanently added '172.16.2.56' (ED25519) to the list of known hosts.
nh1221@172.16.2.56: Permission denied (publickey,password).

MonSrv | UNREACHABLE! => {
    "changed": false,
    "msg": "Task failed: Failed to connect to the host via ssh: Warning: Permanently added '172.16.2.56' (ED25519) to the list of known hosts.\r\nnh1221@172.16.2.56: Permission denied (publickey,password).",
    "unreachable": true
}
[ERROR]: Task failed: Failed to connect to the host via ssh: Warning: Permanently added '172.16.2.57' (ED25519) to the list of known hosts.
nh1221@172.16.2.57: Permission denied (publickey,password).

Task failed.
Origin: <adhoc 'shell' task>

{'action': 'shell', 'args': {'_raw_params': 'ip addr show eth1 | grep inet6'}, 'timeout': 0, 'async_val': 0, 'poll': 15}

<<< caused by >>>

Failed to connect to the host via ssh: Warning: Permanently added '172.16.2.57' (ED25519) to the list of known hosts.
nh1221@172.16.2.57: Permission denied (publickey,password).

HostB12-1 | UNREACHABLE! => {
    "changed": false,
    "msg": "Task failed: Failed to connect to the host via ssh: Warning: Permanently added '172.16.2.57' (ED25519) to the list of known hosts.\r\nnh1221@172.16.2.57: Permission denied (publickey,password).",
    "unreachable": true
}
(venv) nh1221@Lab-ControlNode:/mnt/c/Users/nh1221/dc_lab/clab/sonic-clab$ ansible linux_endpoints -b -m shell -a "ip addr show eth2 | grep inet6"
[ERROR]: Task failed: Failed to connect to the host via ssh: Warning: Permanently added '172.16.2.51' (ED25519) to the list of known hosts.
nh1221@172.16.2.51: Permission denied (publickey,password).

Task failed.
Origin: <adhoc 'shell' task>

{'action': 'shell', 'args': {'_raw_params': 'ip addr show eth2 | grep inet6'}, 'timeout': 0, 'async_val': 0, 'poll': 15}

<<< caused by >>>

Failed to connect to the host via ssh: Warning: Permanently added '172.16.2.51' (ED25519) to the list of known hosts.
nh1221@172.16.2.51: Permission denied (publickey,password).

Host12-1 | UNREACHABLE! => {
    "changed": false,
    "msg": "Task failed: Failed to connect to the host via ssh: Warning: Permanently added '172.16.2.51' (ED25519) to the list of known hosts.\r\nnh1221@172.16.2.51: Permission denied (publickey,password).",
    "unreachable": true
}
[ERROR]: Task failed: Failed to connect to the host via ssh: Warning: Permanently added '172.16.2.53' (ED25519) to the list of known hosts.
nh1221@172.16.2.53: Permission denied (publickey,password).

Task failed.
Origin: <adhoc 'shell' task>

{'action': 'shell', 'args': {'_raw_params': 'ip addr show eth2 | grep inet6'}, 'timeout': 0, 'async_val': 0, 'poll': 15}

<<< caused by >>>

Failed to connect to the host via ssh: Warning: Permanently added '172.16.2.53' (ED25519) to the list of known hosts.
nh1221@172.16.2.53: Permission denied (publickey,password).

Host12-3 | UNREACHABLE! => {
    "changed": false,
    "msg": "Task failed: Failed to connect to the host via ssh: Warning: Permanently added '172.16.2.53' (ED25519) to the list of known hosts.\r\nnh1221@172.16.2.53: Permission denied (publickey,password).",
    "unreachable": true
}
[ERROR]: Task failed: Failed to connect to the host via ssh: Warning: Permanently added '172.16.2.55' (ED25519) to the list of known hosts.
nh1221@172.16.2.55: Permission denied (publickey,password).

Task failed.
Origin: <adhoc 'shell' task>

{'action': 'shell', 'args': {'_raw_params': 'ip addr show eth2 | grep inet6'}, 'timeout': 0, 'async_val': 0, 'poll': 15}

<<< caused by >>>

Failed to connect to the host via ssh: Warning: Permanently added '172.16.2.55' (ED25519) to the list of known hosts.
nh1221@172.16.2.55: Permission denied (publickey,password).

Host34-2 | UNREACHABLE! => {
    "changed": false,
    "msg": "Task failed: Failed to connect to the host via ssh: Warning: Permanently added '172.16.2.55' (ED25519) to the list of known hosts.\r\nnh1221@172.16.2.55: Permission denied (publickey,password).",
    "unreachable": true
}
[ERROR]: Task failed: Failed to connect to the host via ssh: Warning: Permanently added '172.16.2.54' (ED25519) to the list of known hosts.
nh1221@172.16.2.54: Permission denied (publickey,password).

Task failed.
Origin: <adhoc 'shell' task>

{'action': 'shell', 'args': {'_raw_params': 'ip addr show eth2 | grep inet6'}, 'timeout': 0, 'async_val': 0, 'poll': 15}

<<< caused by >>>

Failed to connect to the host via ssh: Warning: Permanently added '172.16.2.54' (ED25519) to the list of known hosts.
nh1221@172.16.2.54: Permission denied (publickey,password).

Host34-1 | UNREACHABLE! => {
    "changed": false,
    "msg": "Task failed: Failed to connect to the host via ssh: Warning: Permanently added '172.16.2.54' (ED25519) to the list of known hosts.\r\nnh1221@172.16.2.54: Permission denied (publickey,password).",
    "unreachable": true
}
[ERROR]: Task failed: Failed to connect to the host via ssh: Warning: Permanently added '172.16.2.52' (ED25519) to the list of known hosts.
nh1221@172.16.2.52: Permission denied (publickey,password).

Task failed.
Origin: <adhoc 'shell' task>

{'action': 'shell', 'args': {'_raw_params': 'ip addr show eth2 | grep inet6'}, 'timeout': 0, 'async_val': 0, 'poll': 15}

<<< caused by >>>

Failed to connect to the host via ssh: Warning: Permanently added '172.16.2.52' (ED25519) to the list of known hosts.
nh1221@172.16.2.52: Permission denied (publickey,password).

Host12-2 | UNREACHABLE! => {
    "changed": false,
    "msg": "Task failed: Failed to connect to the host via ssh: Warning: Permanently added '172.16.2.52' (ED25519) to the list of known hosts.\r\nnh1221@172.16.2.52: Permission denied (publickey,password).",
    "unreachable": true
}
[ERROR]: Task failed: Failed to connect to the host via ssh: Warning: Permanently added '172.16.2.58' (ED25519) to the list of known hosts.
nh1221@172.16.2.58: Permission denied (publickey,password).

Task failed.
Origin: <adhoc 'shell' task>

{'action': 'shell', 'args': {'_raw_params': 'ip addr show eth2 | grep inet6'}, 'timeout': 0, 'async_val': 0, 'poll': 15}

<<< caused by >>>

Failed to connect to the host via ssh: Warning: Permanently added '172.16.2.58' (ED25519) to the list of known hosts.
nh1221@172.16.2.58: Permission denied (publickey,password).

HostB12-2 | UNREACHABLE! => {
    "changed": false,
    "msg": "Task failed: Failed to connect to the host via ssh: Warning: Permanently added '172.16.2.58' (ED25519) to the list of known hosts.\r\nnh1221@172.16.2.58: Permission denied (publickey,password).",
    "unreachable": true
}
[ERROR]: Task failed: Failed to connect to the host via ssh: Warning: Permanently added '172.16.2.56' (ED25519) to the list of known hosts.
nh1221@172.16.2.56: Permission denied (publickey,password).

Task failed.
Origin: <adhoc 'shell' task>

{'action': 'shell', 'args': {'_raw_params': 'ip addr show eth2 | grep inet6'}, 'timeout': 0, 'async_val': 0, 'poll': 15}

<<< caused by >>>

Failed to connect to the host via ssh: Warning: Permanently added '172.16.2.56' (ED25519) to the list of known hosts.
nh1221@172.16.2.56: Permission denied (publickey,password).

MonSrv | UNREACHABLE! => {
    "changed": false,
    "msg": "Task failed: Failed to connect to the host via ssh: Warning: Permanently added '172.16.2.56' (ED25519) to the list of known hosts.\r\nnh1221@172.16.2.56: Permission denied (publickey,password).",
    "unreachable": true
}
[ERROR]: Task failed: Failed to connect to the host via ssh: Warning: Permanently added '172.16.2.57' (ED25519) to the list of known hosts.
nh1221@172.16.2.57: Permission denied (publickey,password).

Task failed.
Origin: <adhoc 'shell' task>

{'action': 'shell', 'args': {'_raw_params': 'ip addr show eth2 | grep inet6'}, 'timeout': 0, 'async_val': 0, 'poll': 15}

<<< caused by >>>

Failed to connect to the host via ssh: Warning: Permanently added '172.16.2.57' (ED25519) to the list of known hosts.
nh1221@172.16.2.57: Permission denied (publickey,password).

HostB12-1 | UNREACHABLE! => {
    "changed": false,
    "msg": "Task failed: Failed to connect to the host via ssh: Warning: Permanently added '172.16.2.57' (ED25519) to the list of known hosts.\r\nnh1221@172.16.2.57: Permission denied (publickey,password).",
    "unreachable": true
}
(venv) nh1221@Lab-ControlNode:/mnt/c/Users/nh1221/dc_lab/clab/sonic-clab$
