Below is my current k8 group_var override.yml template which seems to be not accurate: # ==============================================================================
# KubeSpray cluster.yml overrides for sheba-cluster (Validated Air-Gapped Layout)
# ==============================================================================
kube_version: "{{ k8s_version | default('1.35.4') }}"
kube_network_plugin: "{{ k8s_cni | default('calico') }}"
kube_pods_subnet: "{{ k8s_pod_cidr | default('10.233.64.0/18') }}"
kube_service_addresses: "{{ k8s_service_cidr | default('10.233.0.0/18') }}"
dns_domain: "{{ k8s_dns_domain | default('cluster.local') }}"
container_manager: "{{ k8s_container_runtime | default('containerd') }}"

# -- Calico CNI: no-backend mode — no BIRD, no encapsulation ------------------
calico_network_backend: "{{ calico_network_backend | default('none') }}"
calico_ipip_mode: "Never"
calico_vxlan_mode: "Never"
calico_pool_blocksize: "{{ calico_pool_blocksize | default('26') }}"
calico_pool_name: "{{ calico_pool_name | default('default-ipv4-ippool') }}"
calico_felix_logseverityscreen: "{{ calico_felix_logseverityscreen | default('Warning') }}"
calico_node_extra_envs:
  IP_AUTODETECTION_METHOD: "interface=ens2"

# -- MetalLB: native BGP speaker, peers with local FRR ------------------------
metallb_enabled: {{ metallb_enabled | default(true) | bool | lower }}
metallb_namespace: "{{ metallb_namespace | default('metallb-system') }}"
metallb_speaker_frr_enabled: {{ metallb_frr_enabled | default(false) | bool | lower }}

# -- kube-proxy ----------------------------------------------------------------
kube_proxy_strict_arp: true
kube_proxy_mode: "ipvs"

# Audit logs
kubernetes_audit: true

# Etcd and runtime settings
etcd_deployment_type: host
etcd_compaction_retention: "8"

# -- Unblock containerd registry mirrors --------------------------------------
download_run_once: false
download_localhost: false
download_force_local_only: false
download_force_pull: false
skip_downloads: false

# Crucial system components version tags aligned with active cache
calico_version: "{{ calico_version | default('3.29.2') }}"
coredns_version: "{{ coredns_version | default('1.12.0') }}"
etcd_version: "{{ etcd_version | default('3.5.17') }}"

# Component image tag overrides (match registry catalog format)
calico_cni_tag: "v{{ calico_version | default('3.29.2') | regex_replace('^v', '') }}"
calico_node_tag: "v{{ calico_version | default('3.29.2') | regex_replace('^v', '') }}"
calico_policy_tag: "v{{ calico_version | default('3.29.2') | regex_replace('^v', '') }}"
calico_typha_tag: "v{{ calico_version | default('3.29.2') | regex_replace('^v', '') }}"
calico_kube_controllers_tag: "v{{ calico_version | default('3.29.2') | regex_replace('^v', '') }}"
coredns_image_tag: "v{{ coredns_version | default('1.12.0') | regex_replace('^v', '') }}"
etcd_image_tag: "v{{ etcd_version | default('3.5.17') | regex_replace('^v', '') }}"

# -- Multus meta-CNI -----------------------------------------------------------
kube_network_plugin_multus: true
multus_version: "{{ multus_version | default('4.1.0') }}"
unsafe_show_logs: true
validate_container_runtime_ips: false
system_namespace: kube-system

# Align with cached pause image tag
pause_version: "{{ pause_version | default('3.10') }}"

# -- Disable optional internal ingress ----------------------------------------
nginx_ingress_enabled: false
ingress_nginx_enabled: false

# -- Bypass inventory checksum gatekeeper -------------------------------------
ignore_assert_errors: true
kubeadm_verify_checksum: false
download_verify_checksum: false
download_validate_as_group: false

# -- Insecure registry settings ------------------------------------------------
nerdctl_insecure_registry: true
containerd_insecure_registries:
  - "{{ airgap_registry_host | default('172.16.2.1:5000') }}"
# 1. Tells containerd to treat the registry as an insecure HTTP channel globally

# 2. Instructs containerd to skip TLS certificate verification for safety
containerd_skip_tls_verify: true
# -- Standard air-gapped containerd mirror maps -------------------------------
containerd_registries_mirrors:  # 💥 THE CRITICAL ADDITION: Explicitly handle direct raw local registry calls
  - prefix: "{{ airgap_registry_host | default('172.16.2.1:5000') }}"
    mirrors:
      - endpoint:
          - "{{ airgap_registry_scheme | default('http') }}://{{ airgap_registry_host | default('172.16.2.1:5000') }}"
        capabilities: ["pull", "resolve"]
        skip_verify: true

  - prefix: "docker.io"
    mirrors:
      - host: "{{ airgap_registry_scheme | default('http') }}://{{ airgap_registry_host | default('172.16.2.1:5000') }}"
        capabilities: ["pull", "resolve"]
        skip_verify: true
  - prefix: "registry.k8s.io"
    mirrors:
      - host: "{{ airgap_registry_scheme | default('http') }}://{{ airgap_registry_host | default('172.16.2.1:5000') }}"
        capabilities: ["pull", "resolve"]
        skip_verify: true
  - prefix: "quay.io"
    mirrors:
      - host: "{{ airgap_registry_scheme | default('http') }}://{{ airgap_registry_host | default('172.16.2.1:5000') }}"
        capabilities: ["pull", "resolve"]
        skip_verify: true

# -- Universal mirror overrides for clean offline runs ------------------------
r810_management_ip: "{{ r810_management_ip | default(r810_clab_bridge_ip | default('172.16.2.1')) }}"
my_file_server_port: "{{ my_file_server_port | default('8080') }}"
r810_binary_server: "http://{{ r810_management_ip }}:{{ my_file_server_port }}"

# 1. Container image registry authority (port 5000)
kube_image_repo: "{{ r810_management_ip }}:5000"
gcr_image_repo: "{{ r810_management_ip }}:5000"
github_image_repo: "{{ r810_management_ip }}:5000"
docker_image_repo: "{{ r810_management_ip }}:5000"
quay_image_repo: "{{ r810_management_ip }}:5000"

# 2. Raw binary file server authority (port 8080)
kubeadm_download_url: "{{ r810_binary_server }}/kubeadm-v{{ k8s_version | default('1.35.4') }}-amd64"
kubectl_download_url: "{{ r810_binary_server }}/kubectl-v{{ k8s_version | default('1.35.4') }}-amd64"
kubelet_download_url: "{{ r810_binary_server }}/kubelet-v{{ k8s_version | default('1.35.4') }}-amd64"
etcd_download_url: "{{ r810_binary_server }}/etcd-v{{ etcd_version | default('3.5.17') | regex_replace('^v', '') }}-linux-amd64.tar.gz"
cni_download_url: "{{ r810_binary_server }}/cni-plugins-linux-amd64-v1.9.1.tgz"
calicoctl_download_url: "{{ r810_binary_server }}/calicoctl-{{ calico_version | default('3.29.2') | regex_replace('^v', '') }}-linux-amd64"

# Extra engine container transport mirror overrides
containerd_download_url: "{{ r810_binary_server }}/containerd-{{ containerd_version | default('2.2.3') }}-linux-amd64.tar.gz"
nerdctl_download_url: "{{ r810_binary_server }}/nerdctl-{{ nerdctl_version | default('2.2.2') }}-linux-amd64.tar.gz"
crictl_download_url: "{{ r810_binary_server }}/crictl-v{{ crictl_version | default('1.35.0') | regex_replace('^v', '') }}-linux-amd64.tar.gz"
runc_download_url: "{{ r810_binary_server }}/runc.amd64"

# -- Persistent air-gapped delegation overrides --------------------------------
local_release_dir: "{{ fabric_cache_release_dir | default('/opt/fabric-cache') }}"


There are different types of failure observed, example log:


TASK [download : Download | Download files / images] ***************************
included: /opt/fabric-cache/repos/kubespray/roles/download/tasks/download_file.yml for k8s-master-01, k8s-master-02, k8s-master-03, k8s-db-01, k8s-db-02, k8s-db-03, osh-ctrl-01, osh-ctrl-02, osh-ctrl-03, osh-net-01, osh-net-02, osh-comp-02, MonSrv, osh-comp-01, osh-comp-03, osh-comp-04 => (item={'key': 'cni', 'value': {'enabled': True, 'file': True, 'dest': '/opt/fabric-cache/cni-plugins-linux-amd64-1.9.1.tgz', 'checksum': 'sha256:b98f74a0f8522f0a83867178729c1aa70f2158f90c45a2ca8fa791db1c76b303', 'url': 'http://172.16.2.1:8080/cni-plugins-linux-amd64-v1.9.1.tgz', 'unarchive': False, 'owner': 'root', 'mode': '0755', 'groups': ['k8s_cluster']}})
included: /opt/fabric-cache/repos/kubespray/roles/download/tasks/download_file.yml for k8s-master-01, k8s-master-02, k8s-master-03, k8s-db-01, k8s-db-02, k8s-db-03, osh-ctrl-01, osh-ctrl-02, osh-ctrl-03, osh-net-01, osh-net-02, osh-comp-02, MonSrv, osh-comp-01, osh-comp-03, osh-comp-04 => (item={'key': 'kubeadm', 'value': {'enabled': True, 'file': True, 'dest': '/opt/fabric-cache/kubeadm-1.35.4-amd64', 'checksum': 'sha256:0c0497da793f8897c14e45340da919534b615294a1aab69dc1998896c0f11145', 'url': 'http://172.16.2.1:8080/kubeadm-v1.35.4-amd64', 'unarchive': False, 'owner': 'root', 'mode': '0755', 'groups': ['k8s_cluster']}})
included: /opt/fabric-cache/repos/kubespray/roles/download/tasks/download_file.yml for k8s-master-01, k8s-master-02, k8s-master-03, k8s-db-01, k8s-db-02, k8s-db-03, osh-ctrl-01, osh-ctrl-02, osh-ctrl-03, osh-net-01, osh-net-02, osh-comp-02, MonSrv, osh-comp-01, osh-comp-03, osh-comp-04 => (item={'key': 'kubelet', 'value': {'enabled': True, 'file': True, 'dest': '/opt/fabric-cache/kubelet-1.35.4-amd64', 'checksum': 'sha256:983a6ba5a49823dcdd745c674e5e2416377dd27d6ad1b42d2befa0fb961a19f6', 'url': 'http://172.16.2.1:8080/kubelet-v1.35.4-amd64', 'unarchive': False, 'owner': 'root', 'mode': '0755', 'groups': ['k8s_cluster']}})
included: /opt/fabric-cache/repos/kubespray/roles/download/tasks/download_file.yml for k8s-master-01, k8s-master-02, k8s-master-03 => (item={'key': 'kubectl', 'value': {'enabled': True, 'file': True, 'dest': '/opt/fabric-cache/kubectl-1.35.4-amd64', 'checksum': 'sha256:b529430df69a688fd61b64ad2299edb5fd71cb58be2a4779dba624c7d3510efd', 'url': 'http://172.16.2.1:8080/kubectl-v1.35.4-amd64', 'unarchive': False, 'owner': 'root', 'mode': '0755', 'groups': ['kube_control_plane']}})
included: /opt/fabric-cache/repos/kubespray/roles/download/tasks/download_file.yml for k8s-master-01, k8s-master-02, k8s-master-03, k8s-db-01, k8s-db-02, k8s-db-03, osh-ctrl-01, osh-ctrl-02, osh-ctrl-03, osh-net-01, osh-net-02, osh-comp-02, MonSrv, osh-comp-01, osh-comp-03, osh-comp-04 => (item={'key': 'crictl', 'value': {'file': True, 'enabled': True, 'dest': '/opt/fabric-cache/crictl-1.35.0-linux-amd64.tar.gz', 'checksum': 'sha256:2e141e5b22cb189c40365a11807d69b76b9b3caced89fac2f4ec879408ce2177', 'url': 'http://172.16.2.1:8080/crictl-v1.35.0-linux-amd64.tar.gz', 'unarchive': True, 'owner': 'root', 'mode': '0755', 'groups': ['k8s_cluster']}})
included: /opt/fabric-cache/repos/kubespray/roles/download/tasks/download_file.yml for k8s-master-01, k8s-master-02, k8s-master-03, k8s-db-01, k8s-db-02, k8s-db-03, osh-ctrl-01, osh-ctrl-02, osh-ctrl-03, osh-net-01, osh-net-02, osh-comp-02, MonSrv, osh-comp-01, osh-comp-03, osh-comp-04 => (item={'key': 'runc', 'value': {'file': True, 'enabled': True, 'dest': '/opt/fabric-cache/runc-1.4.2.amd64', 'checksum': 'sha256:ac8a90f9e225bb9322189937b230cdc5478d5753f0e31e1bda98a5cf06bd9539', 'url': 'http://172.16.2.1:8080/runc.amd64', 'unarchive': False, 'owner': 'root', 'mode': '0755', 'groups': ['k8s_cluster']}})
included: /opt/fabric-cache/repos/kubespray/roles/download/tasks/download_file.yml for k8s-master-01, k8s-master-02, k8s-master-03, k8s-db-01, k8s-db-02, k8s-db-03, osh-ctrl-01, osh-ctrl-02, osh-ctrl-03, osh-net-01, osh-net-02, osh-comp-02, MonSrv, osh-comp-01, osh-comp-03, osh-comp-04 => (item={'key': 'containerd', 'value': {'enabled': True, 'file': True, 'dest': '/opt/fabric-cache/containerd-2.2.3-linux-amd64.tar.gz', 'checksum': 'sha256:ca26ef5138f17b847bbeeec36d4bf5e002b54d25858197a870c125d57f44d32f', 'url': 'http://172.16.2.1:8080/containerd-2.2.3-linux-amd64.tar.gz', 'unarchive': False, 'owner': 'root', 'mode': '0755', 'groups': ['k8s_cluster']}})
included: /opt/fabric-cache/repos/kubespray/roles/download/tasks/download_file.yml for k8s-master-01, k8s-master-02, k8s-master-03, k8s-db-01, k8s-db-02, k8s-db-03, osh-ctrl-01, osh-ctrl-02, osh-ctrl-03, osh-net-01, osh-net-02, osh-comp-02, MonSrv, osh-comp-01, osh-comp-03, osh-comp-04 => (item={'key': 'nerdctl', 'value': {'file': True, 'enabled': True, 'dest': '/opt/fabric-cache/nerdctl-2.2.2-linux-amd64.tar.gz', 'checksum': 'sha256:6f637760fb2875e3454e97c3de7438fd17281b5996908cbd8ee1c872b0653cc8', 'url': 'http://172.16.2.1:8080/nerdctl-2.2.2-linux-amd64.tar.gz', 'unarchive': True, 'owner': 'root', 'mode': '0755', 'groups': ['k8s_cluster']}})
included: /opt/fabric-cache/repos/kubespray/roles/download/tasks/download_container.yml for k8s-master-01, k8s-master-02, k8s-master-03, k8s-db-01, k8s-db-02, k8s-db-03, osh-ctrl-01, osh-ctrl-02, osh-ctrl-03, osh-net-01, osh-net-02, osh-comp-02, MonSrv, osh-comp-01, osh-comp-03, osh-comp-04 => (item={'key': 'multus', 'value': {'enabled': True, 'container': True, 'repo': '172.16.2.1:5000/k8snetworkplumbingwg/multus-cni', 'tag': 'v4.1.0', 'checksum': '', 'groups': ['k8s_cluster']}})
included: /opt/fabric-cache/repos/kubespray/roles/download/tasks/download_file.yml for k8s-master-01, k8s-master-02, k8s-master-03, k8s-db-01, k8s-db-02, k8s-db-03, osh-ctrl-01, osh-ctrl-02, osh-ctrl-03, osh-net-01, osh-net-02, osh-comp-02, MonSrv, osh-comp-01, osh-comp-03, osh-comp-04 => (item={'key': 'calicoctl', 'value': {'enabled': True, 'file': True, 'dest': '/opt/fabric-cache/calicoctl-3.29.2-amd64', 'checksum': 'sha256:6076d6745c4d60c0c4322961cbb256a0ffa8476cf7f8dbe5de4ae82c55bca020', 'url': 'http://172.16.2.1:8080/calicoctl-3.29.2-linux-amd64', 'unarchive': False, 'owner': 'root', 'mode': '0755', 'groups': ['k8s_cluster']}})
included: /opt/fabric-cache/repos/kubespray/roles/download/tasks/download_container.yml for k8s-master-01, k8s-master-02, k8s-master-03, k8s-db-01, k8s-db-02, k8s-db-03, osh-ctrl-01, osh-ctrl-02, osh-ctrl-03, osh-net-01, osh-net-02, osh-comp-02, MonSrv, osh-comp-01, osh-comp-03, osh-comp-04 => (item={'key': 'calico_node', 'value': {'enabled': True, 'container': True, 'repo': '172.16.2.1:5000/calico/node', 'tag': 'v3.29.2', 'checksum': '', 'groups': ['k8s_cluster']}})
included: /opt/fabric-cache/repos/kubespray/roles/download/tasks/download_container.yml for k8s-master-01, k8s-master-02, k8s-master-03, k8s-db-01, k8s-db-02, k8s-db-03, osh-ctrl-01, osh-ctrl-02, osh-ctrl-03, osh-net-01, osh-net-02, osh-comp-02, MonSrv, osh-comp-01, osh-comp-03, osh-comp-04 => (item={'key': 'calico_cni', 'value': {'enabled': True, 'container': True, 'repo': '172.16.2.1:5000/calico/cni', 'tag': 'v3.29.2', 'checksum': '', 'groups': ['k8s_cluster']}})
included: /opt/fabric-cache/repos/kubespray/roles/download/tasks/download_container.yml for k8s-master-01, k8s-master-02, k8s-master-03, k8s-db-01, k8s-db-02, k8s-db-03, osh-ctrl-01, osh-ctrl-02, osh-ctrl-03, osh-net-01, osh-net-02, osh-comp-02, MonSrv, osh-comp-01, osh-comp-03, osh-comp-04 => (item={'key': 'calico_policy', 'value': {'enabled': True, 'container': True, 'repo': '172.16.2.1:5000/calico/kube-controllers', 'tag': 'v3.29.2', 'checksum': '', 'groups': ['k8s_cluster']}})
included: /opt/fabric-cache/repos/kubespray/roles/download/tasks/download_file.yml for k8s-master-01, k8s-master-02, k8s-master-03 => (item={'key': 'calico_crds', 'value': {'file': True, 'enabled': True, 'dest': '/opt/fabric-cache/calico-3.29.2-kdd-crds/crds.yaml', 'checksum': 'sha256:1620ee6f539de44bbb3ec4aa3c2687b5023d4ee30795b30663ab3423b0c5f5d5', 'url': 'https://github.com/projectcalico/calico/raw/v3.29.2/manifests/crds.yaml', 'owner': 'root', 'mode': '0755', 'groups': ['kube_control_plane']}})
included: /opt/fabric-cache/repos/kubespray/roles/download/tasks/download_container.yml for k8s-master-01, k8s-master-02, k8s-master-03, k8s-db-01, k8s-db-02, k8s-db-03, osh-ctrl-01, osh-ctrl-02, osh-ctrl-03, osh-net-01, osh-net-02, osh-comp-02, MonSrv, osh-comp-01, osh-comp-03, osh-comp-04 => (item={'key': 'pod_infra', 'value': {'enabled': True, 'container': True, 'repo': '172.16.2.1:5000/pause', 'tag': '3.10.1', 'checksum': '', 'groups': ['k8s_cluster']}})
included: /opt/fabric-cache/repos/kubespray/roles/download/tasks/download_container.yml for k8s-master-01, k8s-master-02, k8s-master-03, k8s-db-01, k8s-db-02, k8s-db-03, osh-ctrl-01, osh-ctrl-02, osh-ctrl-03, osh-net-01, osh-net-02, osh-comp-02, MonSrv, osh-comp-01, osh-comp-03, osh-comp-04 => (item={'key': 'coredns', 'value': {'enabled': True, 'container': True, 'repo': '172.16.2.1:5000/coredns/coredns', 'tag': 'v1.12.0', 'checksum': '', 'groups': ['k8s_cluster']}})
included: /opt/fabric-cache/repos/kubespray/roles/download/tasks/download_container.yml for k8s-master-01, k8s-master-02, k8s-master-03, k8s-db-01, k8s-db-02, k8s-db-03, osh-ctrl-01, osh-ctrl-02, osh-ctrl-03, osh-net-01, osh-net-02, osh-comp-02, MonSrv, osh-comp-01, osh-comp-03, osh-comp-04 => (item={'key': 'nodelocaldns', 'value': {'enabled': True, 'container': True, 'repo': '172.16.2.1:5000/dns/k8s-dns-node-cache', 'tag': '1.25.0', 'checksum': '', 'groups': ['k8s_cluster']}})
included: /opt/fabric-cache/repos/kubespray/roles/download/tasks/download_container.yml for k8s-master-01, k8s-master-02, k8s-master-03 => (item={'key': 'dnsautoscaler', 'value': {'enabled': True, 'container': True, 'repo': '172.16.2.1:5000/cpa/cluster-proportional-autoscaler', 'tag': 'v1.8.8', 'checksum': '', 'groups': ['kube_control_plane']}})
included: /opt/fabric-cache/repos/kubespray/roles/download/tasks/download_container.yml for k8s-master-01, k8s-master-02, k8s-master-03 => (item={'key': 'metallb_speaker', 'value': {'enabled': True, 'container': True, 'repo': '172.16.2.1:5000/metallb/speaker', 'tag': 'v0.13.9', 'checksum': '', 'groups': ['kube_control_plane']}})
included: /opt/fabric-cache/repos/kubespray/roles/download/tasks/download_container.yml for k8s-master-01, k8s-master-02, k8s-master-03 => (item={'key': 'metallb_controller', 'value': {'enabled': True, 'container': True, 'repo': '172.16.2.1:5000/metallb/controller', 'tag': 'v0.13.9', 'checksum': '', 'groups': ['kube_control_plane']}})
included: /opt/fabric-cache/repos/kubespray/roles/download/tasks/download_container.yml for k8s-master-01, k8s-master-02, k8s-master-03, k8s-db-01, k8s-db-02, k8s-db-03, osh-ctrl-01, osh-ctrl-02, osh-ctrl-03, osh-net-01, osh-net-02, osh-comp-02, MonSrv, osh-comp-01, osh-comp-03, osh-comp-04 => (item={'key': 'kubeadm_kube-apiserver', 'value': {'enabled': True, 'container': True, 'repo': '172.16.2.1:5000/kube-apiserver', 'tag': 'v1.35.4', 'groups': ['k8s_cluster']}})
included: /opt/fabric-cache/repos/kubespray/roles/download/tasks/download_container.yml for k8s-master-01, k8s-master-02, k8s-master-03, k8s-db-01, k8s-db-02, k8s-db-03, osh-ctrl-01, osh-ctrl-02, osh-ctrl-03, osh-net-01, osh-net-02, osh-comp-02, MonSrv, osh-comp-01, osh-comp-03, osh-comp-04 => (item={'key': 'kubeadm_kube-controller-manager', 'value': {'enabled': True, 'container': True, 'repo': '172.16.2.1:5000/kube-controller-manager', 'tag': 'v1.35.4', 'groups': ['k8s_cluster']}})
included: /opt/fabric-cache/repos/kubespray/roles/download/tasks/download_container.yml for k8s-master-01, k8s-master-02, k8s-master-03, k8s-db-01, k8s-db-02, k8s-db-03, osh-ctrl-01, osh-ctrl-02, osh-ctrl-03, osh-net-01, osh-net-02, osh-comp-02, MonSrv, osh-comp-01, osh-comp-03, osh-comp-04 => (item={'key': 'kubeadm_kube-scheduler', 'value': {'enabled': True, 'container': True, 'repo': '172.16.2.1:5000/kube-scheduler', 'tag': 'v1.35.4', 'groups': ['k8s_cluster']}})
included: /opt/fabric-cache/repos/kubespray/roles/download/tasks/download_container.yml for k8s-master-01, k8s-master-02, k8s-master-03, k8s-db-01, k8s-db-02, k8s-db-03, osh-ctrl-01, osh-ctrl-02, osh-ctrl-03, osh-net-01, osh-net-02, osh-comp-02, MonSrv, osh-comp-01, osh-comp-03, osh-comp-04 => (item={'key': 'kubeadm_kube-proxy', 'value': {'enabled': True, 'container': True, 'repo': '172.16.2.1:5000/kube-proxy', 'tag': 'v1.35.4', 'groups': ['k8s_cluster']}})
included: /opt/fabric-cache/repos/kubespray/roles/download/tasks/download_file.yml for k8s-db-01, k8s-db-02, k8s-db-03 => (item={'key': 'etcd', 'value': {'container': False, 'file': True, 'enabled': True, 'dest': '/opt/fabric-cache/etcd-3.5.17-linux-amd64.tar.gz', 'repo': '172.16.2.1:5000/coreos/etcd', 'tag': 'v3.5.17', 'checksum': 'sha256:eff6ac621d41711085d0f38fab17d8fa3705f6326c3ff11301a1f5a71fc94edd', 'url': 'http://172.16.2.1:8080/etcd-v3.5.17-linux-amd64.tar.gz', 'unarchive': True, 'owner': 'root', 'mode': '0755', 'groups': ['etcd']}})
included: /opt/fabric-cache/repos/kubespray/roles/download/tasks/download_container.yml for k8s-db-01, k8s-db-02, k8s-db-03, osh-ctrl-01, osh-ctrl-02, osh-ctrl-03, osh-net-01, osh-net-02, osh-comp-02, MonSrv, osh-comp-01, osh-comp-03, osh-comp-04 => (item={'key': 'nginx', 'value': {'enabled': True, 'container': True, 'repo': '172.16.2.1:5000/library/nginx', 'tag': '1.28.2-alpine', 'checksum': '', 'groups': ['kube_node']}})
Monday 07 September 2026  01:46:09 -0500 (0:01:53.084)       1:01:51.991 ****** 

TASK [download : Prep_download | Set a few facts] ******************************
ok: [k8s-master-01]
ok: [k8s-master-02]
ok: [k8s-master-03]
ok: [k8s-db-01]
ok: [k8s-db-02]
ok: [k8s-db-03]
ok: [osh-ctrl-01]
ok: [osh-ctrl-02]
ok: [osh-ctrl-03]
ok: [osh-net-01]
ok: [osh-net-02]
ok: [MonSrv]
ok: [osh-comp-01]
ok: [osh-comp-02]
ok: [osh-comp-03]
ok: [osh-comp-04]
Monday 07 September 2026  01:46:12 -0500 (0:00:03.048)       1:01:55.039 ****** 

TASK [download : Download_file | Show url of file to download] *****************
ok: [k8s-master-01] => {
    "msg": "http://172.16.2.1:8080/cni-plugins-linux-amd64-v1.9.1.tgz"
}
ok: [k8s-master-02] => {
    "msg": "http://172.16.2.1:8080/cni-plugins-linux-amd64-v1.9.1.tgz"
}
ok: [k8s-master-03] => {
    "msg": "http://172.16.2.1:8080/cni-plugins-linux-amd64-v1.9.1.tgz"
}
ok: [k8s-db-01] => {
    "msg": "http://172.16.2.1:8080/cni-plugins-linux-amd64-v1.9.1.tgz"
}
ok: [k8s-db-02] => {
    "msg": "http://172.16.2.1:8080/cni-plugins-linux-amd64-v1.9.1.tgz"
}
ok: [k8s-db-03] => {
    "msg": "http://172.16.2.1:8080/cni-plugins-linux-amd64-v1.9.1.tgz"
}
ok: [osh-ctrl-01] => {
    "msg": "http://172.16.2.1:8080/cni-plugins-linux-amd64-v1.9.1.tgz"
}
ok: [osh-ctrl-02] => {
    "msg": "http://172.16.2.1:8080/cni-plugins-linux-amd64-v1.9.1.tgz"
}
ok: [osh-ctrl-03] => {
    "msg": "http://172.16.2.1:8080/cni-plugins-linux-amd64-v1.9.1.tgz"
}
ok: [osh-net-01] => {
    "msg": "http://172.16.2.1:8080/cni-plugins-linux-amd64-v1.9.1.tgz"
}
ok: [osh-net-02] => {
    "msg": "http://172.16.2.1:8080/cni-plugins-linux-amd64-v1.9.1.tgz"
}
ok: [MonSrv] => {
    "msg": "http://172.16.2.1:8080/cni-plugins-linux-amd64-v1.9.1.tgz"
}
ok: [osh-comp-01] => {
    "msg": "http://172.16.2.1:8080/cni-plugins-linux-amd64-v1.9.1.tgz"
}
ok: [osh-comp-02] => {
    "msg": "http://172.16.2.1:8080/cni-plugins-linux-amd64-v1.9.1.tgz"
}
ok: [osh-comp-03] => {
    "msg": "http://172.16.2.1:8080/cni-plugins-linux-amd64-v1.9.1.tgz"
}
ok: [osh-comp-04] => {
    "msg": "http://172.16.2.1:8080/cni-plugins-linux-amd64-v1.9.1.tgz"
}
Monday 07 September 2026  01:46:15 -0500 (0:00:03.273)       1:01:58.313 ****** 

TASK [download : Download_file | Set pathname of cached file] ******************
ok: [k8s-master-01]
ok: [k8s-master-02]
ok: [k8s-master-03]
ok: [k8s-db-01]
ok: [k8s-db-02]
ok: [k8s-db-03]
ok: [osh-ctrl-01]
ok: [osh-ctrl-02]
ok: [osh-ctrl-03]
ok: [osh-net-01]
ok: [osh-net-02]
ok: [MonSrv]
ok: [osh-comp-01]
ok: [osh-comp-02]
ok: [osh-comp-03]
ok: [osh-comp-04]
Monday 07 September 2026  01:46:20 -0500 (0:00:05.023)       1:02:03.336 ****** 

TASK [download : Download_file | Create dest directory on node] ****************
ok: [k8s-master-01]
ok: [k8s-master-02]
ok: [k8s-master-03]
changed: [k8s-db-02]
changed: [k8s-db-01]
changed: [k8s-db-03]
changed: [osh-ctrl-03]
changed: [osh-ctrl-01]
changed: [osh-ctrl-02]
changed: [osh-net-01]
changed: [osh-comp-01]
changed: [osh-net-02]
changed: [osh-comp-02]
changed: [MonSrv]
changed: [osh-comp-03]
changed: [osh-comp-04]
Monday 07 September 2026  01:46:35 -0500 (0:00:14.723)       1:02:18.059 ****** 
Monday 07 September 2026  01:46:35 -0500 (0:00:00.056)       1:02:18.116 ****** 
Monday 07 September 2026  01:46:35 -0500 (0:00:00.059)       1:02:18.176 ****** 

TASK [download : Download_file | Download item] ********************************
changed: [k8s-master-01]
changed: [k8s-db-02]
changed: [k8s-master-02]
changed: [k8s-db-01]
changed: [k8s-master-03]
changed: [k8s-db-03]
changed: [osh-ctrl-01]
changed: [osh-ctrl-03]
changed: [osh-ctrl-02]
changed: [osh-net-01]
changed: [MonSrv]
changed: [osh-net-02]
changed: [osh-comp-01]
changed: [osh-comp-02]
changed: [osh-comp-03]
changed: [osh-comp-04]
Monday 07 September 2026  01:46:58 -0500 (0:00:22.287)       1:02:40.463 ****** 
Monday 07 September 2026  01:46:58 -0500 (0:00:00.702)       1:02:41.165 ****** 
Monday 07 September 2026  01:46:59 -0500 (0:00:00.589)       1:02:41.755 ****** 
Monday 07 September 2026  01:47:00 -0500 (0:00:00.651)       1:02:42.407 ****** 

TASK [download : Download_file | Extract file archives] ************************
included: /opt/fabric-cache/repos/kubespray/roles/download/tasks/extract_file.yml for k8s-master-01, k8s-master-02, k8s-master-03, k8s-db-01, k8s-db-02, k8s-db-03, osh-ctrl-01, osh-ctrl-02, osh-ctrl-03, osh-net-01, osh-net-02, MonSrv, osh-comp-01, osh-comp-02, osh-comp-03, osh-comp-04
Monday 07 September 2026  01:47:01 -0500 (0:00:01.332)       1:02:43.740 ****** 
Monday 07 September 2026  01:47:02 -0500 (0:00:01.341)       1:02:45.081 ****** 

TASK [download : Prep_download | Set a few facts] ******************************
ok: [k8s-master-01]
ok: [k8s-master-02]
ok: [k8s-master-03]
ok: [k8s-db-01]
ok: [k8s-db-02]
ok: [k8s-db-03]
ok: [osh-ctrl-01]
ok: [osh-ctrl-02]
ok: [osh-ctrl-03]
ok: [osh-net-01]
ok: [osh-net-02]
ok: [MonSrv]
ok: [osh-comp-01]
ok: [osh-comp-02]
ok: [osh-comp-03]
ok: [osh-comp-04]
Monday 07 September 2026  01:47:05 -0500 (0:00:03.158)       1:02:48.239 ****** 

TASK [download : Download_file | Show url of file to download] *****************
ok: [k8s-master-01] => {
    "msg": "http://172.16.2.1:8080/kubeadm-v1.35.4-amd64"
}
ok: [k8s-master-02] => {
    "msg": "http://172.16.2.1:8080/kubeadm-v1.35.4-amd64"
}
ok: [k8s-master-03] => {
    "msg": "http://172.16.2.1:8080/kubeadm-v1.35.4-amd64"
}
ok: [k8s-db-01] => {
    "msg": "http://172.16.2.1:8080/kubeadm-v1.35.4-amd64"
}
ok: [k8s-db-02] => {
    "msg": "http://172.16.2.1:8080/kubeadm-v1.35.4-amd64"
}
ok: [k8s-db-03] => {
    "msg": "http://172.16.2.1:8080/kubeadm-v1.35.4-amd64"
}
ok: [osh-ctrl-01] => {
    "msg": "http://172.16.2.1:8080/kubeadm-v1.35.4-amd64"
}
ok: [osh-ctrl-02] => {
    "msg": "http://172.16.2.1:8080/kubeadm-v1.35.4-amd64"
}
ok: [osh-ctrl-03] => {
    "msg": "http://172.16.2.1:8080/kubeadm-v1.35.4-amd64"
}
ok: [osh-net-01] => {
    "msg": "http://172.16.2.1:8080/kubeadm-v1.35.4-amd64"
}
ok: [osh-net-02] => {
    "msg": "http://172.16.2.1:8080/kubeadm-v1.35.4-amd64"
}
ok: [MonSrv] => {
    "msg": "http://172.16.2.1:8080/kubeadm-v1.35.4-amd64"
}
ok: [osh-comp-01] => {
    "msg": "http://172.16.2.1:8080/kubeadm-v1.35.4-amd64"
}
ok: [osh-comp-02] => {
    "msg": "http://172.16.2.1:8080/kubeadm-v1.35.4-amd64"
}
ok: [osh-comp-03] => {
    "msg": "http://172.16.2.1:8080/kubeadm-v1.35.4-amd64"
}
ok: [osh-comp-04] => {
    "msg": "http://172.16.2.1:8080/kubeadm-v1.35.4-amd64"
}
Monday 07 September 2026  01:47:09 -0500 (0:00:03.200)       1:02:51.439 ****** 

TASK [download : Download_file | Set pathname of cached file] ******************
ok: [k8s-master-01]
ok: [k8s-master-02]
ok: [k8s-master-03]
ok: [k8s-db-01]
ok: [k8s-db-02]
ok: [k8s-db-03]
ok: [osh-ctrl-01]
ok: [osh-ctrl-02]
ok: [osh-ctrl-03]
ok: [osh-net-01]
ok: [osh-net-02]
ok: [MonSrv]
ok: [osh-comp-01]
ok: [osh-comp-02]
ok: [osh-comp-03]
ok: [osh-comp-04]
Monday 07 September 2026  01:47:12 -0500 (0:00:02.934)       1:02:54.374 ****** 

TASK [download : Download_file | Create dest directory on node] ****************
ok: [k8s-master-01]
ok: [k8s-db-02]
ok: [k8s-master-02]
ok: [k8s-master-03]
ok: [k8s-db-01]
ok: [osh-ctrl-03]
ok: [osh-ctrl-02]
ok: [osh-net-01]
ok: [k8s-db-03]
ok: [osh-ctrl-01]
ok: [osh-comp-01]
ok: [MonSrv]
ok: [osh-comp-03]
ok: [osh-comp-02]
ok: [osh-net-02]
ok: [osh-comp-04]
Monday 07 September 2026  01:47:24 -0500 (0:00:12.640)       1:03:07.015 ****** 
Monday 07 September 2026  01:47:24 -0500 (0:00:00.058)       1:03:07.073 ****** 
Monday 07 September 2026  01:47:24 -0500 (0:00:00.076)       1:03:07.149 ****** 

TASK [download : Download_file | Download item] ********************************
ok: [k8s-master-03]
ok: [k8s-master-02]
ok: [k8s-master-01]
changed: [k8s-db-02]
changed: [k8s-db-01]
changed: [osh-ctrl-02]
changed: [osh-ctrl-01]
changed: [osh-ctrl-03]
changed: [k8s-db-03]
changed: [osh-net-01]
changed: [MonSrv]
changed: [osh-net-02]
changed: [osh-comp-02]
changed: [osh-comp-01]
changed: [osh-comp-03]
changed: [osh-comp-04]
Monday 07 September 2026  01:47:46 -0500 (0:00:21.975)       1:03:29.125 ****** 
Monday 07 September 2026  01:47:47 -0500 (0:00:00.530)       1:03:29.655 ****** 
Monday 07 September 2026  01:47:47 -0500 (0:00:00.554)       1:03:30.210 ****** 
Monday 07 September 2026  01:47:48 -0500 (0:00:00.752)       1:03:30.963 ****** 

TASK [download : Download_file | Extract file archives] ************************
included: /opt/fabric-cache/repos/kubespray/roles/download/tasks/extract_file.yml for k8s-master-01, k8s-master-02, k8s-master-03, k8s-db-01, k8s-db-02, k8s-db-03, osh-ctrl-01, osh-ctrl-02, osh-ctrl-03, osh-net-01, osh-net-02, MonSrv, osh-comp-01, osh-comp-02, osh-comp-03, osh-comp-04
Monday 07 September 2026  01:47:49 -0500 (0:00:01.310)       1:03:32.273 ****** 
Monday 07 September 2026  01:47:51 -0500 (0:00:01.669)       1:03:33.943 ****** 

TASK [download : Prep_download | Set a few facts] ******************************
ok: [k8s-master-01]
ok: [k8s-master-02]
ok: [k8s-master-03]
ok: [k8s-db-01]
ok: [k8s-db-02]
ok: [k8s-db-03]
ok: [osh-ctrl-01]
ok: [osh-ctrl-02]
ok: [osh-ctrl-03]
ok: [osh-net-01]
ok: [osh-net-02]
ok: [MonSrv]
ok: [osh-comp-01]
ok: [osh-comp-02]
ok: [osh-comp-03]
ok: [osh-comp-04]
Monday 07 September 2026  01:47:54 -0500 (0:00:02.945)       1:03:36.889 ****** 

TASK [download : Download_file | Show url of file to download] *****************
ok: [k8s-master-01] => {
    "msg": "http://172.16.2.1:8080/kubelet-v1.35.4-amd64"
}
ok: [k8s-master-02] => {
    "msg": "http://172.16.2.1:8080/kubelet-v1.35.4-amd64"
}
ok: [k8s-master-03] => {
    "msg": "http://172.16.2.1:8080/kubelet-v1.35.4-amd64"
}
ok: [k8s-db-01] => {
    "msg": "http://172.16.2.1:8080/kubelet-v1.35.4-amd64"
}
ok: [k8s-db-02] => {
    "msg": "http://172.16.2.1:8080/kubelet-v1.35.4-amd64"
}
ok: [k8s-db-03] => {
    "msg": "http://172.16.2.1:8080/kubelet-v1.35.4-amd64"
}
ok: [osh-ctrl-01] => {
    "msg": "http://172.16.2.1:8080/kubelet-v1.35.4-amd64"
}
ok: [osh-ctrl-02] => {
    "msg": "http://172.16.2.1:8080/kubelet-v1.35.4-amd64"
}
ok: [osh-ctrl-03] => {
    "msg": "http://172.16.2.1:8080/kubelet-v1.35.4-amd64"
}
ok: [osh-net-01] => {
    "msg": "http://172.16.2.1:8080/kubelet-v1.35.4-amd64"
}
ok: [osh-net-02] => {
    "msg": "http://172.16.2.1:8080/kubelet-v1.35.4-amd64"
}
ok: [MonSrv] => {
    "msg": "http://172.16.2.1:8080/kubelet-v1.35.4-amd64"
}
ok: [osh-comp-01] => {
    "msg": "http://172.16.2.1:8080/kubelet-v1.35.4-amd64"
}
ok: [osh-comp-02] => {
    "msg": "http://172.16.2.1:8080/kubelet-v1.35.4-amd64"
}
ok: [osh-comp-03] => {
    "msg": "http://172.16.2.1:8080/kubelet-v1.35.4-amd64"
}
ok: [osh-comp-04] => {
    "msg": "http://172.16.2.1:8080/kubelet-v1.35.4-amd64"
}
Monday 07 September 2026  01:47:57 -0500 (0:00:03.066)       1:03:39.955 ****** 

TASK [download : Download_file | Set pathname of cached file] ******************
ok: [k8s-master-01]
ok: [k8s-master-02]
ok: [k8s-master-03]
ok: [k8s-db-01]
ok: [k8s-db-02]
ok: [k8s-db-03]
ok: [osh-ctrl-01]
ok: [osh-ctrl-02]
ok: [osh-ctrl-03]
ok: [osh-net-01]
ok: [osh-net-02]
ok: [MonSrv]
ok: [osh-comp-01]
ok: [osh-comp-02]
ok: [osh-comp-03]
ok: [osh-comp-04]
Monday 07 September 2026  01:48:00 -0500 (0:00:02.974)       1:03:42.929 ****** 

TASK [download : Download_file | Create dest directory on node] ****************
ok: [k8s-master-01]
ok: [k8s-db-02]
ok: [k8s-master-02]
ok: [k8s-master-03]
ok: [k8s-db-01]
ok: [k8s-db-03]
ok: [osh-ctrl-01]
ok: [osh-ctrl-03]
ok: [osh-ctrl-02]
ok: [osh-net-01]
ok: [MonSrv]
ok: [osh-net-02]
ok: [osh-comp-01]
ok: [osh-comp-03]
ok: [osh-comp-02]
ok: [osh-comp-04]
Monday 07 September 2026  01:48:11 -0500 (0:00:10.733)       1:03:53.663 ****** 
Monday 07 September 2026  01:48:11 -0500 (0:00:00.057)       1:03:53.720 ****** 
Monday 07 September 2026  01:48:11 -0500 (0:00:00.064)       1:03:53.785 ****** 

TASK [download : Download_file | Download item] ********************************
changed: [k8s-db-01]
changed: [k8s-master-02]
changed: [k8s-master-01]
changed: [k8s-master-03]
changed: [k8s-db-02]
changed: [osh-ctrl-03]
changed: [k8s-db-03]
changed: [osh-ctrl-02]
changed: [osh-ctrl-01]
changed: [osh-net-01]
changed: [osh-net-02]
changed: [osh-comp-01]
changed: [MonSrv]
changed: [osh-comp-03]
changed: [osh-comp-02]
changed: [osh-comp-04]
Monday 07 September 2026  01:48:39 -0500 (0:00:27.875)       1:04:21.661 ****** 
Monday 07 September 2026  01:48:39 -0500 (0:00:00.621)       1:04:22.283 ****** 
Monday 07 September 2026  01:48:40 -0500 (0:00:00.718)       1:04:23.001 ****** 
Monday 07 September 2026  01:48:41 -0500 (0:00:00.721)       1:04:23.723 ****** 

TASK [download : Download_file | Extract file archives] ************************
included: /opt/fabric-cache/repos/kubespray/roles/download/tasks/extract_file.yml for k8s-master-01, k8s-master-02, k8s-master-03, k8s-db-01, k8s-db-02, k8s-db-03, osh-ctrl-01, osh-ctrl-02, osh-ctrl-03, osh-net-01, osh-net-02, MonSrv, osh-comp-01, osh-comp-02, osh-comp-03, osh-comp-04
Monday 07 September 2026  01:48:42 -0500 (0:00:01.338)       1:04:25.061 ****** 
Monday 07 September 2026  01:48:44 -0500 (0:00:01.333)       1:04:26.394 ****** 

TASK [download : Prep_download | Set a few facts] ******************************
ok: [k8s-master-01]
ok: [k8s-master-02]
ok: [k8s-master-03]
Monday 07 September 2026  01:48:44 -0500 (0:00:00.871)       1:04:27.265 ****** 

TASK [download : Download_file | Show url of file to download] *****************
ok: [k8s-master-01] => {
    "msg": "http://172.16.2.1:8080/kubectl-v1.35.4-amd64"
}
ok: [k8s-master-02] => {
    "msg": "http://172.16.2.1:8080/kubectl-v1.35.4-amd64"
}
ok: [k8s-master-03] => {
    "msg": "http://172.16.2.1:8080/kubectl-v1.35.4-amd64"
}
Monday 07 September 2026  01:48:45 -0500 (0:00:00.820)       1:04:28.086 ****** 

TASK [download : Download_file | Set pathname of cached file] ******************
ok: [k8s-master-01]
ok: [k8s-master-02]
ok: [k8s-master-03]
Monday 07 September 2026  01:48:46 -0500 (0:00:00.695)       1:04:28.782 ****** 

TASK [download : Download_file | Create dest directory on node] ****************
ok: [k8s-master-01]
ok: [k8s-master-02]
ok: [k8s-master-03]
Monday 07 September 2026  01:48:51 -0500 (0:00:04.981)       1:04:33.763 ****** 
Monday 07 September 2026  01:48:51 -0500 (0:00:00.053)       1:04:33.817 ****** 
Monday 07 September 2026  01:48:51 -0500 (0:00:00.060)       1:04:33.877 ****** 

TASK [download : Download_file | Download item] ********************************
changed: [k8s-master-01]
changed: [k8s-master-02]
changed: [k8s-master-03]
Monday 07 September 2026  01:48:57 -0500 (0:00:05.633)       1:04:39.511 ****** 
Monday 07 September 2026  01:48:57 -0500 (0:00:00.110)       1:04:39.622 ****** 
Monday 07 September 2026  01:48:57 -0500 (0:00:00.109)       1:04:39.731 ****** 
Monday 07 September 2026  01:48:57 -0500 (0:00:00.109)       1:04:39.841 ****** 

TASK [download : Download_file | Extract file archives] ************************
included: /opt/fabric-cache/repos/kubespray/roles/download/tasks/extract_file.yml for k8s-master-01, k8s-master-02, k8s-master-03
Monday 07 September 2026  01:48:57 -0500 (0:00:00.163)       1:04:40.005 ****** 
Monday 07 September 2026  01:48:57 -0500 (0:00:00.241)       1:04:40.246 ****** 

TASK [download : Prep_download | Set a few facts] ******************************
ok: [k8s-master-01]
ok: [k8s-master-02]
ok: [k8s-master-03]
ok: [k8s-db-01]
ok: [k8s-db-02]
ok: [k8s-db-03]
ok: [osh-ctrl-01]
ok: [osh-ctrl-02]
ok: [osh-ctrl-03]
ok: [osh-net-01]
ok: [osh-net-02]
ok: [MonSrv]
ok: [osh-comp-01]
ok: [osh-comp-02]
ok: [osh-comp-03]
ok: [osh-comp-04]
Monday 07 September 2026  01:49:00 -0500 (0:00:02.808)       1:04:43.055 ****** 

TASK [download : Download_file | Show url of file to download] *****************
ok: [k8s-master-01] => {
    "msg": "http://172.16.2.1:8080/crictl-v1.35.0-linux-amd64.tar.gz"
}
ok: [k8s-master-02] => {
    "msg": "http://172.16.2.1:8080/crictl-v1.35.0-linux-amd64.tar.gz"
}
ok: [k8s-master-03] => {
    "msg": "http://172.16.2.1:8080/crictl-v1.35.0-linux-amd64.tar.gz"
}
ok: [k8s-db-01] => {
    "msg": "http://172.16.2.1:8080/crictl-v1.35.0-linux-amd64.tar.gz"
}
ok: [k8s-db-02] => {
    "msg": "http://172.16.2.1:8080/crictl-v1.35.0-linux-amd64.tar.gz"
}
ok: [k8s-db-03] => {
    "msg": "http://172.16.2.1:8080/crictl-v1.35.0-linux-amd64.tar.gz"
}
ok: [osh-ctrl-01] => {
    "msg": "http://172.16.2.1:8080/crictl-v1.35.0-linux-amd64.tar.gz"
}
ok: [osh-ctrl-02] => {
    "msg": "http://172.16.2.1:8080/crictl-v1.35.0-linux-amd64.tar.gz"
}
ok: [osh-ctrl-03] => {
    "msg": "http://172.16.2.1:8080/crictl-v1.35.0-linux-amd64.tar.gz"
}
ok: [osh-net-01] => {
    "msg": "http://172.16.2.1:8080/crictl-v1.35.0-linux-amd64.tar.gz"
}
ok: [osh-net-02] => {
    "msg": "http://172.16.2.1:8080/crictl-v1.35.0-linux-amd64.tar.gz"
}
ok: [MonSrv] => {
    "msg": "http://172.16.2.1:8080/crictl-v1.35.0-linux-amd64.tar.gz"
}
ok: [osh-comp-01] => {
    "msg": "http://172.16.2.1:8080/crictl-v1.35.0-linux-amd64.tar.gz"
}
ok: [osh-comp-02] => {
    "msg": "http://172.16.2.1:8080/crictl-v1.35.0-linux-amd64.tar.gz"
}
ok: [osh-comp-03] => {
    "msg": "http://172.16.2.1:8080/crictl-v1.35.0-linux-amd64.tar.gz"
}
ok: [osh-comp-04] => {
    "msg": "http://172.16.2.1:8080/crictl-v1.35.0-linux-amd64.tar.gz"
}
Monday 07 September 2026  01:49:04 -0500 (0:00:03.420)       1:04:46.476 ****** 

TASK [download : Download_file | Set pathname of cached file] ******************
ok: [k8s-master-01]
ok: [k8s-master-02]
ok: [k8s-master-03]
ok: [k8s-db-01]
ok: [k8s-db-02]
ok: [k8s-db-03]
ok: [osh-ctrl-01]
ok: [osh-ctrl-02]
ok: [osh-ctrl-03]
ok: [osh-net-01]
ok: [osh-net-02]
ok: [MonSrv]
ok: [osh-comp-01]
ok: [osh-comp-02]
ok: [osh-comp-03]
ok: [osh-comp-04]
Monday 07 September 2026  01:49:07 -0500 (0:00:03.065)       1:04:49.541 ****** 

TASK [download : Download_file | Create dest directory on node] ****************
ok: [k8s-master-01]
ok: [k8s-db-01]
ok: [k8s-db-02]
ok: [k8s-master-02]
ok: [k8s-master-03]
ok: [k8s-db-03]
ok: [osh-ctrl-02]
ok: [osh-net-01]
ok: [osh-ctrl-01]
ok: [osh-ctrl-03]
ok: [osh-net-02]
ok: [osh-comp-01]
ok: [osh-comp-03]
ok: [MonSrv]
ok: [osh-comp-02]
ok: [osh-comp-04]
Monday 07 September 2026  01:49:28 -0500 (0:00:21.312)       1:05:10.854 ****** 
Monday 07 September 2026  01:49:28 -0500 (0:00:00.054)       1:05:10.909 ****** 
Monday 07 September 2026  01:49:28 -0500 (0:00:00.062)       1:05:10.972 ****** 

TASK [download : Download_file | Download item] ********************************
ok: [k8s-db-02]
ok: [k8s-master-01]
ok: [k8s-master-02]
ok: [k8s-master-03]
ok: [k8s-db-01]
ok: [osh-ctrl-03]
ok: [k8s-db-03]
ok: [osh-ctrl-02]
ok: [osh-net-01]
ok: [osh-ctrl-01]
ok: [MonSrv]
ok: [osh-net-02]
ok: [osh-comp-01]
ok: [osh-comp-02]
ok: [osh-comp-03]
ok: [osh-comp-04]
Monday 07 September 2026  01:49:41 -0500 (0:00:12.729)       1:05:23.701 ****** 
Monday 07 September 2026  01:49:41 -0500 (0:00:00.631)       1:05:24.333 ****** 
Monday 07 September 2026  01:49:42 -0500 (0:00:00.766)       1:05:25.099 ****** 
Monday 07 September 2026  01:49:43 -0500 (0:00:00.903)       1:05:26.002 ****** 

TASK [download : Download_file | Extract file archives] ************************
included: /opt/fabric-cache/repos/kubespray/roles/download/tasks/extract_file.yml for k8s-master-01, k8s-master-02, k8s-master-03, k8s-db-01, k8s-db-02, k8s-db-03, osh-ctrl-01, osh-ctrl-02, osh-ctrl-03, osh-net-01, osh-net-02, MonSrv, osh-comp-01, osh-comp-02, osh-comp-03, osh-comp-04
Monday 07 September 2026  01:49:44 -0500 (0:00:01.239)       1:05:27.242 ****** 

TASK [download : Extract_file | Unpacking archive] *****************************
ok: [k8s-db-02]
ok: [k8s-db-01]
ok: [k8s-master-03]
ok: [k8s-master-02]
ok: [k8s-master-01]
ok: [osh-ctrl-01]
ok: [osh-ctrl-02]
ok: [osh-ctrl-03]
ok: [k8s-db-03]
ok: [osh-net-01]
ok: [osh-net-02]
ok: [MonSrv]
ok: [osh-comp-01]
ok: [osh-comp-03]
ok: [osh-comp-02]
ok: [osh-comp-04]
Monday 07 September 2026  01:50:25 -0500 (0:00:40.874)       1:06:08.117 ****** 

TASK [download : Prep_download | Set a few facts] ******************************
ok: [k8s-master-01]
ok: [k8s-master-02]
ok: [k8s-master-03]
ok: [k8s-db-01]
ok: [k8s-db-02]
ok: [k8s-db-03]
ok: [osh-ctrl-01]
ok: [osh-ctrl-02]
ok: [osh-ctrl-03]
ok: [osh-net-01]
ok: [osh-net-02]
ok: [MonSrv]
ok: [osh-comp-01]
ok: [osh-comp-02]
ok: [osh-comp-03]
ok: [osh-comp-04]
Monday 07 September 2026  01:50:28 -0500 (0:00:02.527)       1:06:10.644 ****** 

TASK [download : Download_file | Show url of file to download] *****************
ok: [k8s-master-01] => {
    "msg": "http://172.16.2.1:8080/runc.amd64"
}
ok: [k8s-master-02] => {
    "msg": "http://172.16.2.1:8080/runc.amd64"
}
ok: [k8s-master-03] => {
    "msg": "http://172.16.2.1:8080/runc.amd64"
}
ok: [k8s-db-01] => {
    "msg": "http://172.16.2.1:8080/runc.amd64"
}
ok: [k8s-db-02] => {
    "msg": "http://172.16.2.1:8080/runc.amd64"
}
ok: [k8s-db-03] => {
    "msg": "http://172.16.2.1:8080/runc.amd64"
}
ok: [osh-ctrl-01] => {
    "msg": "http://172.16.2.1:8080/runc.amd64"
}
ok: [osh-ctrl-02] => {
    "msg": "http://172.16.2.1:8080/runc.amd64"
}
ok: [osh-ctrl-03] => {
    "msg": "http://172.16.2.1:8080/runc.amd64"
}
ok: [osh-net-01] => {
    "msg": "http://172.16.2.1:8080/runc.amd64"
}
ok: [osh-net-02] => {
    "msg": "http://172.16.2.1:8080/runc.amd64"
}
ok: [MonSrv] => {
    "msg": "http://172.16.2.1:8080/runc.amd64"
}
ok: [osh-comp-01] => {
    "msg": "http://172.16.2.1:8080/runc.amd64"
}
ok: [osh-comp-02] => {
    "msg": "http://172.16.2.1:8080/runc.amd64"
}
ok: [osh-comp-03] => {
    "msg": "http://172.16.2.1:8080/runc.amd64"
}
ok: [osh-comp-04] => {
    "msg": "http://172.16.2.1:8080/runc.amd64"
}
Monday 07 September 2026  01:50:31 -0500 (0:00:02.911)       1:06:13.556 ****** 

TASK [download : Download_file | Set pathname of cached file] ******************
ok: [k8s-master-01]
ok: [k8s-master-02]
ok: [k8s-master-03]
ok: [k8s-db-01]
ok: [k8s-db-02]
ok: [k8s-db-03]
ok: [osh-ctrl-01]
ok: [osh-ctrl-02]
ok: [osh-ctrl-03]
ok: [osh-net-01]
ok: [osh-net-02]
ok: [MonSrv]
ok: [osh-comp-01]
ok: [osh-comp-02]
ok: [osh-comp-03]
ok: [osh-comp-04]
Monday 07 September 2026  01:50:34 -0500 (0:00:02.981)       1:06:16.537 ****** 

TASK [download : Download_file | Create dest directory on node] ****************
ok: [k8s-master-01]
ok: [k8s-master-03]
ok: [k8s-master-02]
ok: [k8s-db-01]
ok: [k8s-db-02]
ok: [k8s-db-03]
ok: [osh-ctrl-03]
ok: [osh-ctrl-01]
ok: [osh-ctrl-02]
ok: [osh-net-01]
ok: [MonSrv]
ok: [osh-comp-01]
ok: [osh-net-02]
ok: [osh-comp-03]
ok: [osh-comp-02]
ok: [osh-comp-04]
Monday 07 September 2026  01:50:48 -0500 (0:00:14.059)       1:06:30.596 ****** 
Monday 07 September 2026  01:50:48 -0500 (0:00:00.054)       1:06:30.650 ****** 
Monday 07 September 2026  01:50:48 -0500 (0:00:00.059)       1:06:30.710 ****** 

TASK [download : Download_file | Download item] ********************************
ok: [k8s-master-01]
ok: [k8s-db-02]
ok: [k8s-master-03]
ok: [k8s-master-02]
ok: [k8s-db-01]
ok: [osh-ctrl-03]
ok: [osh-ctrl-01]
ok: [osh-ctrl-02]
ok: [osh-net-01]
ok: [k8s-db-03]
ok: [MonSrv]
ok: [osh-comp-01]
ok: [osh-net-02]
ok: [osh-comp-02]
ok: [osh-comp-03]
ok: [osh-comp-04]
Monday 07 September 2026  01:51:00 -0500 (0:00:11.932)       1:06:42.642 ****** 
Monday 07 September 2026  01:51:00 -0500 (0:00:00.618)       1:06:43.261 ****** 
Monday 07 September 2026  01:51:01 -0500 (0:00:00.723)       1:06:43.985 ****** 
Monday 07 September 2026  01:51:02 -0500 (0:00:00.969)       1:06:44.955 ****** 

TASK [download : Download_file | Extract file archives] ************************
included: /opt/fabric-cache/repos/kubespray/roles/download/tasks/extract_file.yml for k8s-master-01, k8s-master-02, k8s-master-03, k8s-db-01, k8s-db-02, k8s-db-03, osh-ctrl-01, osh-ctrl-02, osh-ctrl-03, osh-net-01, osh-net-02, MonSrv, osh-comp-01, osh-comp-02, osh-comp-03, osh-comp-04
Monday 07 September 2026  01:51:04 -0500 (0:00:01.403)       1:06:46.358 ****** 
Monday 07 September 2026  01:51:05 -0500 (0:00:01.254)       1:06:47.613 ****** 

TASK [download : Prep_download | Set a few facts] ******************************
ok: [k8s-master-01]
ok: [k8s-master-02]
ok: [k8s-master-03]
ok: [k8s-db-01]
ok: [k8s-db-02]
ok: [k8s-db-03]
ok: [osh-ctrl-01]
ok: [osh-ctrl-02]
ok: [osh-ctrl-03]
ok: [osh-net-01]
ok: [osh-net-02]
ok: [MonSrv]
ok: [osh-comp-01]
ok: [osh-comp-02]
ok: [osh-comp-03]
ok: [osh-comp-04]
Monday 07 September 2026  01:51:08 -0500 (0:00:02.855)       1:06:50.468 ****** 

TASK [download : Download_file | Show url of file to download] *****************
ok: [k8s-master-01] => {
    "msg": "http://172.16.2.1:8080/containerd-2.2.3-linux-amd64.tar.gz"
}
ok: [k8s-master-02] => {
    "msg": "http://172.16.2.1:8080/containerd-2.2.3-linux-amd64.tar.gz"
}
ok: [k8s-master-03] => {
    "msg": "http://172.16.2.1:8080/containerd-2.2.3-linux-amd64.tar.gz"
}
ok: [k8s-db-01] => {
    "msg": "http://172.16.2.1:8080/containerd-2.2.3-linux-amd64.tar.gz"
}
ok: [k8s-db-02] => {
    "msg": "http://172.16.2.1:8080/containerd-2.2.3-linux-amd64.tar.gz"
}
ok: [k8s-db-03] => {
    "msg": "http://172.16.2.1:8080/containerd-2.2.3-linux-amd64.tar.gz"
}
ok: [osh-ctrl-01] => {
    "msg": "http://172.16.2.1:8080/containerd-2.2.3-linux-amd64.tar.gz"
}
ok: [osh-ctrl-02] => {
    "msg": "http://172.16.2.1:8080/containerd-2.2.3-linux-amd64.tar.gz"
}
ok: [osh-ctrl-03] => {
    "msg": "http://172.16.2.1:8080/containerd-2.2.3-linux-amd64.tar.gz"
}
ok: [osh-net-01] => {
    "msg": "http://172.16.2.1:8080/containerd-2.2.3-linux-amd64.tar.gz"
}
ok: [osh-net-02] => {
    "msg": "http://172.16.2.1:8080/containerd-2.2.3-linux-amd64.tar.gz"
}
ok: [MonSrv] => {
    "msg": "http://172.16.2.1:8080/containerd-2.2.3-linux-amd64.tar.gz"
}
ok: [osh-comp-01] => {
    "msg": "http://172.16.2.1:8080/containerd-2.2.3-linux-amd64.tar.gz"
}
ok: [osh-comp-02] => {
    "msg": "http://172.16.2.1:8080/containerd-2.2.3-linux-amd64.tar.gz"
}
ok: [osh-comp-03] => {
    "msg": "http://172.16.2.1:8080/containerd-2.2.3-linux-amd64.tar.gz"
}
ok: [osh-comp-04] => {
    "msg": "http://172.16.2.1:8080/containerd-2.2.3-linux-amd64.tar.gz"
}
Monday 07 September 2026  01:51:11 -0500 (0:00:03.361)       1:06:53.830 ****** 

TASK [download : Download_file | Set pathname of cached file] ******************
ok: [k8s-master-01]
ok: [k8s-master-02]
ok: [k8s-master-03]
ok: [k8s-db-01]
ok: [k8s-db-02]
ok: [k8s-db-03]
ok: [osh-ctrl-01]
ok: [osh-ctrl-02]
ok: [osh-ctrl-03]
ok: [osh-net-01]
ok: [osh-net-02]
ok: [MonSrv]
ok: [osh-comp-01]
ok: [osh-comp-02]
ok: [osh-comp-03]
ok: [osh-comp-04]
Monday 07 September 2026  01:51:14 -0500 (0:00:03.205)       1:06:57.036 ****** 

TASK [download : Download_file | Create dest directory on node] ****************
ok: [k8s-master-02]
ok: [k8s-db-02]
ok: [k8s-db-01]
ok: [k8s-master-01]
ok: [k8s-master-03]
ok: [k8s-db-03]
ok: [osh-ctrl-01]
ok: [osh-ctrl-03]
ok: [osh-ctrl-02]
ok: [osh-net-01]
ok: [osh-comp-03]
ok: [MonSrv]
ok: [osh-comp-01]
ok: [osh-comp-02]
ok: [osh-net-02]
ok: [osh-comp-04]
Monday 07 September 2026  01:51:30 -0500 (0:00:15.984)       1:07:13.021 ****** 
Monday 07 September 2026  01:51:30 -0500 (0:00:00.054)       1:07:13.075 ****** 
Monday 07 September 2026  01:51:30 -0500 (0:00:00.063)       1:07:13.139 ****** 

TASK [download : Download_file | Download item] ********************************
ok: [k8s-master-01]
ok: [k8s-db-02]
ok: [k8s-master-03]
ok: [k8s-db-01]
ok: [k8s-master-02]
ok: [k8s-db-03]
ok: [osh-ctrl-03]
ok: [osh-ctrl-01]
ok: [osh-ctrl-02]
ok: [osh-net-01]
ok: [MonSrv]
ok: [osh-comp-01]
ok: [osh-net-02]
ok: [osh-comp-03]
ok: [osh-comp-02]
ok: [osh-comp-04]
Monday 07 September 2026  01:51:44 -0500 (0:00:13.964)       1:07:27.103 ****** 
Monday 07 September 2026  01:51:45 -0500 (0:00:00.793)       1:07:27.897 ****** 
Monday 07 September 2026  01:51:46 -0500 (0:00:00.972)       1:07:28.869 ****** 
Monday 07 September 2026  01:51:47 -0500 (0:00:01.013)       1:07:29.883 ****** 

TASK [download : Download_file | Extract file archives] ************************
included: /opt/fabric-cache/repos/kubespray/roles/download/tasks/extract_file.yml for k8s-master-01, k8s-master-02, k8s-master-03, k8s-db-01, k8s-db-02, k8s-db-03, osh-ctrl-01, osh-ctrl-02, osh-ctrl-03, osh-net-01, osh-net-02, MonSrv, osh-comp-01, osh-comp-02, osh-comp-03, osh-comp-04
Monday 07 September 2026  01:51:48 -0500 (0:00:01.340)       1:07:31.224 ****** 
Monday 07 September 2026  01:51:50 -0500 (0:00:01.242)       1:07:32.467 ****** 

TASK [download : Prep_download | Set a few facts] ******************************
ok: [k8s-master-01]
ok: [k8s-master-02]
ok: [k8s-master-03]
ok: [k8s-db-01]
ok: [k8s-db-02]
ok: [k8s-db-03]
ok: [osh-ctrl-01]
ok: [osh-ctrl-02]
ok: [osh-ctrl-03]
ok: [osh-net-01]
ok: [osh-net-02]
ok: [MonSrv]
ok: [osh-comp-01]
ok: [osh-comp-02]
ok: [osh-comp-03]
ok: [osh-comp-04]
Monday 07 September 2026  01:51:53 -0500 (0:00:03.031)       1:07:35.498 ****** 

TASK [download : Download_file | Show url of file to download] *****************
ok: [k8s-master-01] => {
    "msg": "http://172.16.2.1:8080/nerdctl-2.2.2-linux-amd64.tar.gz"
}
ok: [k8s-master-02] => {
    "msg": "http://172.16.2.1:8080/nerdctl-2.2.2-linux-amd64.tar.gz"
}
ok: [k8s-master-03] => {
    "msg": "http://172.16.2.1:8080/nerdctl-2.2.2-linux-amd64.tar.gz"
}
ok: [k8s-db-01] => {
    "msg": "http://172.16.2.1:8080/nerdctl-2.2.2-linux-amd64.tar.gz"
}
ok: [k8s-db-02] => {
    "msg": "http://172.16.2.1:8080/nerdctl-2.2.2-linux-amd64.tar.gz"
}
ok: [k8s-db-03] => {
    "msg": "http://172.16.2.1:8080/nerdctl-2.2.2-linux-amd64.tar.gz"
}
ok: [osh-ctrl-01] => {
    "msg": "http://172.16.2.1:8080/nerdctl-2.2.2-linux-amd64.tar.gz"
}
ok: [osh-ctrl-02] => {
    "msg": "http://172.16.2.1:8080/nerdctl-2.2.2-linux-amd64.tar.gz"
}
ok: [osh-ctrl-03] => {
    "msg": "http://172.16.2.1:8080/nerdctl-2.2.2-linux-amd64.tar.gz"
}
ok: [osh-net-01] => {
    "msg": "http://172.16.2.1:8080/nerdctl-2.2.2-linux-amd64.tar.gz"
}
ok: [osh-net-02] => {
    "msg": "http://172.16.2.1:8080/nerdctl-2.2.2-linux-amd64.tar.gz"
}
ok: [MonSrv] => {
    "msg": "http://172.16.2.1:8080/nerdctl-2.2.2-linux-amd64.tar.gz"
}
ok: [osh-comp-01] => {
    "msg": "http://172.16.2.1:8080/nerdctl-2.2.2-linux-amd64.tar.gz"
}
ok: [osh-comp-02] => {
    "msg": "http://172.16.2.1:8080/nerdctl-2.2.2-linux-amd64.tar.gz"
}
ok: [osh-comp-03] => {
    "msg": "http://172.16.2.1:8080/nerdctl-2.2.2-linux-amd64.tar.gz"
}
ok: [osh-comp-04] => {
    "msg": "http://172.16.2.1:8080/nerdctl-2.2.2-linux-amd64.tar.gz"
}
Monday 07 September 2026  01:51:56 -0500 (0:00:03.182)       1:07:38.681 ****** 

TASK [download : Download_file | Set pathname of cached file] ******************
ok: [k8s-master-01]
ok: [k8s-master-02]
ok: [k8s-master-03]
ok: [k8s-db-01]
ok: [k8s-db-02]
ok: [k8s-db-03]
ok: [osh-ctrl-01]
ok: [osh-ctrl-02]
ok: [osh-ctrl-03]
ok: [osh-net-01]
ok: [osh-net-02]
ok: [MonSrv]
ok: [osh-comp-01]
ok: [osh-comp-02]
ok: [osh-comp-03]
ok: [osh-comp-04]
Monday 07 September 2026  01:51:59 -0500 (0:00:02.782)       1:07:41.463 ****** 

TASK [download : Download_file | Create dest directory on node] ****************
ok: [k8s-master-01]
ok: [k8s-master-03]
ok: [k8s-master-02]
ok: [k8s-db-02]
ok: [k8s-db-01]
ok: [k8s-db-03]
ok: [osh-ctrl-03]
ok: [osh-ctrl-01]
ok: [osh-ctrl-02]
ok: [osh-net-01]
ok: [osh-net-02]
ok: [MonSrv]
ok: [osh-comp-01]
ok: [osh-comp-03]
ok: [osh-comp-02]
ok: [osh-comp-04]
Monday 07 September 2026  01:52:13 -0500 (0:00:14.741)       1:07:56.205 ****** 
Monday 07 September 2026  01:52:13 -0500 (0:00:00.080)       1:07:56.286 ****** 
Monday 07 September 2026  01:52:14 -0500 (0:00:00.094)       1:07:56.380 ****** 

TASK [download : Download_file | Download item] ********************************
ok: [k8s-master-01]
ok: [k8s-master-02]
ok: [k8s-db-02]
ok: [k8s-db-01]
ok: [k8s-master-03]
ok: [k8s-db-03]
ok: [osh-ctrl-03]
ok: [osh-ctrl-01]
ok: [osh-ctrl-02]
ok: [osh-net-01]
ok: [MonSrv]
ok: [osh-comp-01]
ok: [osh-net-02]
ok: [osh-comp-02]
ok: [osh-comp-03]
ok: [osh-comp-04]
Monday 07 September 2026  01:52:26 -0500 (0:00:12.826)       1:08:09.206 ****** 
Monday 07 September 2026  01:52:27 -0500 (0:00:00.589)       1:08:09.796 ****** 
Monday 07 September 2026  01:52:28 -0500 (0:00:00.871)       1:08:10.667 ****** 
Monday 07 September 2026  01:52:29 -0500 (0:00:00.757)       1:08:11.425 ****** 

TASK [download : Download_file | Extract file archives] ************************
included: /opt/fabric-cache/repos/kubespray/roles/download/tasks/extract_file.yml for k8s-master-01, k8s-master-02, k8s-master-03, k8s-db-01, k8s-db-02, k8s-db-03, osh-ctrl-01, osh-ctrl-02, osh-ctrl-03, osh-net-01, osh-net-02, MonSrv, osh-comp-01, osh-comp-02, osh-comp-03, osh-comp-04
Monday 07 September 2026  01:52:30 -0500 (0:00:01.277)       1:08:12.702 ****** 

TASK [download : Extract_file | Unpacking archive] *****************************
ok: [k8s-db-02]
ok: [k8s-master-01]
ok: [k8s-db-01]
ok: [k8s-master-03]
ok: [k8s-master-02]
ok: [k8s-db-03]
ok: [osh-ctrl-01]
ok: [osh-ctrl-03]
ok: [osh-ctrl-02]
ok: [osh-net-01]
ok: [MonSrv]
ok: [osh-comp-01]
ok: [osh-net-02]
ok: [osh-comp-03]
ok: [osh-comp-02]
ok: [osh-comp-04]
Monday 07 September 2026  01:53:13 -0500 (0:00:42.727)       1:08:55.430 ****** 

TASK [download : Set default values for flag variables] ************************
ok: [k8s-master-01]
ok: [k8s-master-02]
ok: [k8s-master-03]
ok: [k8s-db-01]
ok: [k8s-db-02]
ok: [k8s-db-03]
ok: [osh-ctrl-01]
ok: [osh-ctrl-02]
ok: [osh-ctrl-03]
ok: [osh-net-01]
ok: [osh-net-02]
ok: [MonSrv]
ok: [osh-comp-01]
ok: [osh-comp-02]
ok: [osh-comp-03]
ok: [osh-comp-04]
Monday 07 September 2026  01:53:15 -0500 (0:00:02.633)       1:08:58.063 ****** 

TASK [download : Set_container_facts | Display the name of the image being processed] ***
ok: [k8s-master-01] => {
    "msg": "172.16.2.1:5000/k8snetworkplumbingwg/multus-cni"
}
ok: [k8s-master-02] => {
    "msg": "172.16.2.1:5000/k8snetworkplumbingwg/multus-cni"
}
ok: [k8s-master-03] => {
    "msg": "172.16.2.1:5000/k8snetworkplumbingwg/multus-cni"
}
ok: [k8s-db-01] => {
    "msg": "172.16.2.1:5000/k8snetworkplumbingwg/multus-cni"
}
ok: [k8s-db-02] => {
    "msg": "172.16.2.1:5000/k8snetworkplumbingwg/multus-cni"
}
ok: [k8s-db-03] => {
    "msg": "172.16.2.1:5000/k8snetworkplumbingwg/multus-cni"
}
ok: [osh-ctrl-01] => {
    "msg": "172.16.2.1:5000/k8snetworkplumbingwg/multus-cni"
}
ok: [osh-ctrl-02] => {
    "msg": "172.16.2.1:5000/k8snetworkplumbingwg/multus-cni"
}
ok: [osh-ctrl-03] => {
    "msg": "172.16.2.1:5000/k8snetworkplumbingwg/multus-cni"
}
ok: [osh-net-01] => {
    "msg": "172.16.2.1:5000/k8snetworkplumbingwg/multus-cni"
}
ok: [osh-net-02] => {
    "msg": "172.16.2.1:5000/k8snetworkplumbingwg/multus-cni"
}
ok: [MonSrv] => {
    "msg": "172.16.2.1:5000/k8snetworkplumbingwg/multus-cni"
}
ok: [osh-comp-01] => {
    "msg": "172.16.2.1:5000/k8snetworkplumbingwg/multus-cni"
}
ok: [osh-comp-02] => {
    "msg": "172.16.2.1:5000/k8snetworkplumbingwg/multus-cni"
}
ok: [osh-comp-03] => {
    "msg": "172.16.2.1:5000/k8snetworkplumbingwg/multus-cni"
}
ok: [osh-comp-04] => {
    "msg": "172.16.2.1:5000/k8snetworkplumbingwg/multus-cni"
}
Monday 07 September 2026  01:53:18 -0500 (0:00:03.128)       1:09:01.192 ****** 

TASK [download : Set_container_facts | Set if containers should be pulled by digest] ***
ok: [k8s-master-01]
ok: [k8s-master-02]
ok: [k8s-master-03]
ok: [k8s-db-01]
ok: [k8s-db-02]
ok: [k8s-db-03]
ok: [osh-ctrl-01]
ok: [osh-ctrl-02]
ok: [osh-ctrl-03]
ok: [osh-net-01]
ok: [osh-net-02]
ok: [MonSrv]
ok: [osh-comp-01]
ok: [osh-comp-02]
ok: [osh-comp-03]
ok: [osh-comp-04]
Monday 07 September 2026  01:53:21 -0500 (0:00:02.892)       1:09:04.085 ****** 

TASK [download : Set_container_facts | Define by what name to pull the image] ***
ok: [k8s-master-01]
ok: [k8s-master-02]
ok: [k8s-master-03]
ok: [k8s-db-01]
ok: [k8s-db-02]
ok: [k8s-db-03]
ok: [osh-ctrl-01]
ok: [osh-ctrl-02]
ok: [osh-ctrl-03]
ok: [osh-net-01]
ok: [osh-net-02]
ok: [MonSrv]
ok: [osh-comp-01]
ok: [osh-comp-02]
ok: [osh-comp-03]
ok: [osh-comp-04]
Monday 07 September 2026  01:53:24 -0500 (0:00:02.934)       1:09:07.019 ****** 

TASK [download : Set_container_facts | Define file name of image] **************
ok: [k8s-master-01]
ok: [k8s-master-02]
ok: [k8s-master-03]
ok: [k8s-db-01]
ok: [k8s-db-02]
ok: [k8s-db-03]
ok: [osh-ctrl-01]
ok: [osh-ctrl-02]
ok: [osh-ctrl-03]
ok: [osh-net-01]
ok: [osh-net-02]
ok: [MonSrv]
ok: [osh-comp-01]
ok: [osh-comp-02]
ok: [osh-comp-03]
ok: [osh-comp-04]
Monday 07 September 2026  01:53:28 -0500 (0:00:03.344)       1:09:10.364 ****** 

TASK [download : Set_container_facts | Define path of image] *******************
ok: [k8s-master-01]
ok: [k8s-master-02]
ok: [k8s-master-03]
ok: [k8s-db-01]
ok: [k8s-db-02]
ok: [k8s-db-03]
ok: [osh-ctrl-01]
ok: [osh-ctrl-02]
ok: [osh-ctrl-03]
ok: [osh-net-01]
ok: [osh-net-02]
ok: [MonSrv]
ok: [osh-comp-01]
ok: [osh-comp-02]
ok: [osh-comp-03]
ok: [osh-comp-04]
Monday 07 September 2026  01:53:30 -0500 (0:00:02.960)       1:09:13.324 ****** 
Monday 07 September 2026  01:53:31 -0500 (0:00:00.980)       1:09:14.304 ****** 

TASK [download : Set image save/load command for containerd] *******************
ok: [k8s-master-01]
ok: [k8s-master-02]
ok: [k8s-master-03]
ok: [k8s-db-01]
ok: [k8s-db-02]
ok: [k8s-db-03]
ok: [osh-ctrl-01]
ok: [osh-ctrl-02]
ok: [osh-ctrl-03]
ok: [osh-net-01]
ok: [osh-net-02]
ok: [MonSrv]
ok: [osh-comp-01]
ok: [osh-comp-02]
ok: [osh-comp-03]
ok: [osh-comp-04]
Monday 07 September 2026  01:53:34 -0500 (0:00:02.880)       1:09:17.185 ****** 
Monday 07 September 2026  01:53:35 -0500 (0:00:00.698)       1:09:17.884 ****** 
Monday 07 September 2026  01:53:36 -0500 (0:00:00.646)       1:09:18.530 ****** 

TASK [download : Set image save/load command for containerd on localhost] ******
ok: [k8s-master-01]
ok: [k8s-master-02]
ok: [k8s-master-03]
ok: [k8s-db-01]
ok: [k8s-db-02]
ok: [k8s-db-03]
ok: [osh-ctrl-01]
ok: [osh-ctrl-02]
ok: [osh-ctrl-03]
ok: [osh-net-01]
ok: [osh-net-02]
ok: [MonSrv]
ok: [osh-comp-01]
ok: [osh-comp-02]
ok: [osh-comp-03]
ok: [osh-comp-04]
Monday 07 September 2026  01:53:38 -0500 (0:00:02.760)       1:09:21.290 ****** 
Monday 07 September 2026  01:53:39 -0500 (0:00:00.981)       1:09:22.271 ****** 

TASK [download : Download_container | Prepare container download] **************
included: /opt/fabric-cache/repos/kubespray/roles/download/tasks/check_pull_required.yml for k8s-master-01, k8s-master-02, k8s-master-03, k8s-db-01, k8s-db-02, k8s-db-03, osh-ctrl-01, osh-ctrl-02, osh-ctrl-03, osh-net-01, osh-net-02, MonSrv, osh-comp-01, osh-comp-02, osh-comp-03, osh-comp-04
Monday 07 September 2026  01:53:41 -0500 (0:00:01.240)       1:09:23.512 ****** 

TASK [download : Check_pull_required |  Generate a list of information about the images on a node] ***
ok: [k8s-master-01]
ok: [k8s-db-02]
ok: [k8s-master-02]
ok: [k8s-master-03]
ok: [k8s-db-01]
ok: [osh-ctrl-03]
ok: [osh-ctrl-01]
ok: [k8s-db-03]
ok: [osh-ctrl-02]
ok: [osh-net-01]
ok: [MonSrv]
ok: [osh-comp-01]
ok: [osh-net-02]
ok: [osh-comp-02]
ok: [osh-comp-03]
ok: [osh-comp-04]
Monday 07 September 2026  01:53:54 -0500 (0:00:13.555)       1:09:37.067 ****** 

TASK [download : Check_pull_required | Set pull_required if the desired image is not yet loaded] ***
ok: [k8s-master-01]
ok: [k8s-master-02]
ok: [k8s-master-03]
ok: [k8s-db-01]
ok: [k8s-db-02]
ok: [k8s-db-03]
ok: [osh-ctrl-01]
ok: [osh-ctrl-02]
ok: [osh-ctrl-03]
ok: [osh-net-01]
ok: [osh-net-02]
ok: [MonSrv]
ok: [osh-comp-01]
ok: [osh-comp-02]
ok: [osh-comp-03]
ok: [osh-comp-04]
Monday 07 September 2026  01:53:57 -0500 (0:00:02.862)       1:09:39.929 ****** 
Monday 07 September 2026  01:53:58 -0500 (0:00:00.904)       1:09:40.834 ****** 

TASK [download : debug] ********************************************************
ok: [k8s-master-01] => {
    "msg": "Pull 172.16.2.1:5000/k8snetworkplumbingwg/multus-cni:v4.1.0 required is: True"
}
ok: [k8s-master-02] => {
    "msg": "Pull 172.16.2.1:5000/k8snetworkplumbingwg/multus-cni:v4.1.0 required is: True"
}
ok: [k8s-master-03] => {
    "msg": "Pull 172.16.2.1:5000/k8snetworkplumbingwg/multus-cni:v4.1.0 required is: True"
}
ok: [k8s-db-01] => {
    "msg": "Pull 172.16.2.1:5000/k8snetworkplumbingwg/multus-cni:v4.1.0 required is: True"
}
ok: [k8s-db-02] => {
    "msg": "Pull 172.16.2.1:5000/k8snetworkplumbingwg/multus-cni:v4.1.0 required is: True"
}
ok: [k8s-db-03] => {
    "msg": "Pull 172.16.2.1:5000/k8snetworkplumbingwg/multus-cni:v4.1.0 required is: True"
}
ok: [osh-ctrl-01] => {
    "msg": "Pull 172.16.2.1:5000/k8snetworkplumbingwg/multus-cni:v4.1.0 required is: True"
}
ok: [osh-ctrl-02] => {
    "msg": "Pull 172.16.2.1:5000/k8snetworkplumbingwg/multus-cni:v4.1.0 required is: True"
}
ok: [osh-ctrl-03] => {
    "msg": "Pull 172.16.2.1:5000/k8snetworkplumbingwg/multus-cni:v4.1.0 required is: True"
}
ok: [osh-net-01] => {
    "msg": "Pull 172.16.2.1:5000/k8snetworkplumbingwg/multus-cni:v4.1.0 required is: True"
}
ok: [osh-net-02] => {
    "msg": "Pull 172.16.2.1:5000/k8snetworkplumbingwg/multus-cni:v4.1.0 required is: True"
}
ok: [MonSrv] => {
    "msg": "Pull 172.16.2.1:5000/k8snetworkplumbingwg/multus-cni:v4.1.0 required is: True"
}
ok: [osh-comp-01] => {
    "msg": "Pull 172.16.2.1:5000/k8snetworkplumbingwg/multus-cni:v4.1.0 required is: True"
}
ok: [osh-comp-02] => {
    "msg": "Pull 172.16.2.1:5000/k8snetworkplumbingwg/multus-cni:v4.1.0 required is: True"
}
ok: [osh-comp-03] => {
    "msg": "Pull 172.16.2.1:5000/k8snetworkplumbingwg/multus-cni:v4.1.0 required is: True"
}
ok: [osh-comp-04] => {
    "msg": "Pull 172.16.2.1:5000/k8snetworkplumbingwg/multus-cni:v4.1.0 required is: True"
}
Monday 07 September 2026  01:54:01 -0500 (0:00:02.886)       1:09:43.720 ****** 
Monday 07 September 2026  01:54:02 -0500 (0:00:00.898)       1:09:44.618 ****** 
Monday 07 September 2026  01:54:03 -0500 (0:00:00.883)       1:09:45.502 ****** 
Monday 07 September 2026  01:54:03 -0500 (0:00:00.711)       1:09:46.214 ****** 
FAILED - RETRYING: [k8s-master-01]: Download_container | Download image if required (4 retries left).
FAILED - RETRYING: [k8s-db-02]: Download_container | Download image if required (4 retries left).
FAILED - RETRYING: [k8s-db-01]: Download_container | Download image if required (4 retries left).
FAILED - RETRYING: [k8s-master-03]: Download_container | Download image if required (4 retries left).
FAILED - RETRYING: [k8s-master-02]: Download_container | Download image if required (4 retries left).
FAILED - RETRYING: [k8s-db-01]: Download_container | Download image if required (3 retries left).
FAILED - RETRYING: [k8s-master-02]: Download_container | Download image if required (3 retries left).
FAILED - RETRYING: [k8s-master-01]: Download_container | Download image if required (3 retries left).
FAILED - RETRYING: [k8s-master-03]: Download_container | Download image if required (3 retries left).
FAILED - RETRYING: [k8s-db-02]: Download_container | Download image if required (3 retries left).
FAILED - RETRYING: [k8s-master-02]: Download_container | Download image if required (2 retries left).
FAILED - RETRYING: [k8s-db-01]: Download_container | Download image if required (2 retries left).
FAILED - RETRYING: [k8s-master-03]: Download_container | Download image if required (2 retries left).
FAILED - RETRYING: [k8s-master-02]: Download_container | Download image if required (1 retries left).
FAILED - RETRYING: [k8s-master-01]: Download_container | Download image if required (2 retries left).
FAILED - RETRYING: [k8s-db-01]: Download_container | Download image if required (1 retries left).
FAILED - RETRYING: [k8s-db-02]: Download_container | Download image if required (2 retries left).

TASK [download : Download_container | Download image if required] **************
fatal: [k8s-master-02]: FAILED! => {"attempts": 4, "changed": true, "cmd": ["/usr/local/bin/nerdctl", "-n", "k8s.io", "pull", "--quiet", "172.16.2.1:5000/k8snetworkplumbingwg/multus-cni:v4.1.0"], "delta": "0:00:00.069075", "end": "2026-09-07 08:54:26.326105", "msg": "non-zero return code", "rc": 1, "start": "2026-09-07 08:54:26.257030", "stderr": "time=\"2026-09-07T08:54:26+02:00\" level=info msg=\"fetch failed\" error=\"failed to do request: Head \\\"https://172.16.2.1:5000/v2/k8snetworkplumbingwg/multus-cni/manifests/v4.1.0\\\": http: server gave HTTP response to HTTPS client\" host=\"172.16.2.1:5000\"\ntime=\"2026-09-07T08:54:26+02:00\" level=error msg=\"server \\\"172.16.2.1:5000\\\" does not seem to support HTTPS\" error=\"failed to resolve reference \\\"172.16.2.1:5000/k8snetworkplumbingwg/multus-cni:v4.1.0\\\": failed to do request: Head \\\"https://172.16.2.1:5000/v2/k8snetworkplumbingwg/multus-cni/manifests/v4.1.0\\\": http: server gave HTTP response to HTTPS client\"\ntime=\"2026-09-07T08:54:26+02:00\" level=info msg=\"Hint: you may want to try --insecure-registry to allow plain HTTP (if you are in a trusted network)\"\ntime=\"2026-09-07T08:54:26+02:00\" level=fatal msg=\"failed to resolve reference \\\"172.16.2.1:5000/k8snetworkplumbingwg/multus-cni:v4.1.0\\\": failed to do request: Head \\\"https://172.16.2.1:5000/v2/k8snetworkplumbingwg/multus-cni/manifests/v4.1.0\\\": http: server gave HTTP response to HTTPS client\"", "stderr_lines": ["time=\"2026-09-07T08:54:26+02:00\" level=info msg=\"fetch failed\" error=\"failed to do request: Head \\\"https://172.16.2.1:5000/v2/k8snetworkplumbingwg/multus-cni/manifests/v4.1.0\\\": http: server gave HTTP response to HTTPS client\" host=\"172.16.2.1:5000\"", "time=\"2026-09-07T08:54:26+02:00\" level=error msg=\"server \\\"172.16.2.1:5000\\\" does not seem to support HTTPS\" error=\"failed to resolve reference \\\"172.16.2.1:5000/k8snetworkplumbingwg/multus-cni:v4.1.0\\\": failed to do request: Head \\\"https://172.16.2.1:5000/v2/k8snetworkplumbingwg/multus-cni/manifests/v4.1.0\\\": http: server gave HTTP response to HTTPS client\"", "time=\"2026-09-07T08:54:26+02:00\" level=info msg=\"Hint: you may want to try --insecure-registry to allow plain HTTP (if you are in a trusted network)\"", "time=\"2026-09-07T08:54:26+02:00\" level=fatal msg=\"failed to resolve reference \\\"172.16.2.1:5000/k8snetworkplumbingwg/multus-cni:v4.1.0\\\": failed to do request: Head \\\"https://172.16.2.1:5000/v2/k8snetworkplumbingwg/multus-cni/manifests/v4.1.0\\\": http: server gave HTTP response to HTTPS client\""], "stdout": "", "stdout_lines": []}
fatal: [k8s-db-01]: FAILED! => {"attempts": 4, "changed": true, "cmd": ["/usr/local/bin/nerdctl", "-n", "k8s.io", "pull", "--quiet", "172.16.2.1:5000/k8snetworkplumbingwg/multus-cni:v4.1.0"], "delta": "0:00:00.073469", "end": "2026-09-07 08:54:25.575046", "msg": "non-zero return code", "rc": 1, "start": "2026-09-07 08:54:25.501577", "stderr": "time=\"2026-09-07T08:54:25+02:00\" level=info msg=\"fetch failed\" error=\"failed to do request: Head \\\"https://172.16.2.1:5000/v2/k8snetworkplumbingwg/multus-cni/manifests/v4.1.0\\\": http: server gave HTTP response to HTTPS client\" host=\"172.16.2.1:5000\"\ntime=\"2026-09-07T08:54:25+02:00\" level=error msg=\"server \\\"172.16.2.1:5000\\\" does not seem to support HTTPS\" error=\"failed to resolve reference \\\"172.16.2.1:5000/k8snetworkplumbingwg/multus-cni:v4.1.0\\\": failed to do request: Head \\\"https://172.16.2.1:5000/v2/k8snetworkplumbingwg/multus-cni/manifests/v4.1.0\\\": http: server gave HTTP response to HTTPS client\"\ntime=\"2026-09-07T08:54:25+02:00\" level=info msg=\"Hint: you may want to try --insecure-registry to allow plain HTTP (if you are in a trusted network)\"\ntime=\"2026-09-07T08:54:25+02:00\" level=fatal msg=\"failed to resolve reference \\\"172.16.2.1:5000/k8snetworkplumbingwg/multus-cni:v4.1.0\\\": failed to do request: Head \\\"https://172.16.2.1:5000/v2/k8snetworkplumbingwg/multus-cni/manifests/v4.1.0\\\": http: server gave HTTP response to HTTPS client\"", "stderr_lines": ["time=\"2026-09-07T08:54:25+02:00\" level=info msg=\"fetch failed\" error=\"failed to do request: Head \\\"https://172.16.2.1:5000/v2/k8snetworkplumbingwg/multus-cni/manifests/v4.1.0\\\": http: server gave HTTP response to HTTPS client\" host=\"172.16.2.1:5000\"", "time=\"2026-09-07T08:54:25+02:00\" level=error msg=\"server \\\"172.16.2.1:5000\\\" does not seem to support HTTPS\" error=\"failed to resolve reference \\\"172.16.2.1:5000/k8snetworkplumbingwg/multus-cni:v4.1.0\\\": failed to do request: Head \\\"https://172.16.2.1:5000/v2/k8snetworkplumbingwg/multus-cni/manifests/v4.1.0\\\": http: server gave HTTP response to HTTPS client\"", "time=\"2026-09-07T08:54:25+02:00\" level=info msg=\"Hint: you may want to try --insecure-registry to allow plain HTTP (if you are in a trusted network)\"", "time=\"2026-09-07T08:54:25+02:00\" level=fatal msg=\"failed to resolve reference \\\"172.16.2.1:5000/k8snetworkplumbingwg/multus-cni:v4.1.0\\\": failed to do request: Head \\\"https://172.16.2.1:5000/v2/k8snetworkplumbingwg/multus-cni/manifests/v4.1.0\\\": http: server gave HTTP response to HTTPS client\""], "stdout": "", "stdout_lines": []}
FAILED - RETRYING: [k8s-master-03]: Download_container | Download image if required (1 retries left).
FAILED - RETRYING: [osh-ctrl-01]: Download_container | Download image if required (4 retries left).
FAILED - RETRYING: [k8s-db-03]: Download_container | Download image if required (4 retries left).
FAILED - RETRYING: [k8s-master-01]: Download_container | Download image if required (1 retries left).
FAILED - RETRYING: [k8s-db-02]: Download_container | Download image if required (1 retries left).
fatal: [k8s-master-03]: FAILED! => {"attempts": 4, "changed": true, "cmd": ["/usr/local/bin/nerdctl", "-n", "k8s.io", "pull", "--quiet", "172.16.2.1:5000/k8snetworkplumbingwg/multus-cni:v4.1.0"], "delta": "0:00:00.069989", "end": "2026-09-07 08:54:34.308772", "msg": "non-zero return code", "rc": 1, "start": "2026-09-07 08:54:34.238783", "stderr": "time=\"2026-09-07T08:54:34+02:00\" level=info msg=\"fetch failed\" error=\"failed to do request: Head \\\"https://172.16.2.1:5000/v2/k8snetworkplumbingwg/multus-cni/manifests/v4.1.0\\\": http: server gave HTTP response to HTTPS client\" host=\"172.16.2.1:5000\"\ntime=\"2026-09-07T08:54:34+02:00\" level=error msg=\"server \\\"172.16.2.1:5000\\\" does not seem to support HTTPS\" error=\"failed to resolve reference \\\"172.16.2.1:5000/k8snetworkplumbingwg/multus-cni:v4.1.0\\\": failed to do request: Head \\\"https://172.16.2.1:5000/v2/k8snetworkplumbingwg/multus-cni/manifests/v4.1.0\\\": http: server gave HTTP response to HTTPS client\"\ntime=\"2026-09-07T08:54:34+02:00\" level=info msg=\"Hint: you may want to try --insecure-registry to allow plain HTTP (if you are in a trusted network)\"\ntime=\"2026-09-07T08:54:34+02:00\" level=fatal msg=\"failed to resolve reference \\\"172.16.2.1:5000/k8snetworkplumbingwg/multus-cni:v4.1.0\\\": failed to do request: Head \\\"https://172.16.2.1:5000/v2/k8snetworkplumbingwg/multus-cni/manifests/v4.1.0\\\": http: server gave HTTP response to HTTPS client\"", "stderr_lines": ["time=\"2026-09-07T08:54:34+02:00\" level=info msg=\"fetch failed\" error=\"failed to do request: Head \\\"https://172.16.2.1:5000/v2/k8snetworkplumbingwg/multus-cni/manifests/v4.1.0\\\": http: server gave HTTP response to HTTPS client\" host=\"172.16.2.1:5000\"", "time=\"2026-09-07T08:54:34+02:00\" level=error msg=\"server \\\"172.16.2.1:5000\\\" does not seem to support HTTPS\" error=\"failed to resolve reference \\\"172.16.2.1:5000/k8snetworkplumbingwg/multus-cni:v4.1.0\\\": failed to do request: Head \\\"https://172.16.2.1:5000/v2/k8snetworkplumbingwg/multus-cni/manifests/v4.1.0\\\": http: server gave HTTP response to HTTPS client\"", "time=\"2026-09-07T08:54:34+02:00\" level=info msg=\"Hint: you may want to try --insecure-registry to allow plain HTTP (if you are in a trusted network)\"", "time=\"2026-09-07T08:54:34+02:00\" level=fatal msg=\"failed to resolve reference \\\"172.16.2.1:5000/k8snetworkplumbingwg/multus-cni:v4.1.0\\\": failed to do request: Head \\\"https://172.16.2.1:5000/v2/k8snetworkplumbingwg/multus-cni/manifests/v4.1.0\\\": http: server gave HTTP response to HTTPS client\""], "stdout": "", "stdout_lines": []}
FAILED - RETRYING: [k8s-db-03]: Download_container | Download image if required (3 retries left).
FAILED - RETRYING: [osh-ctrl-02]: Download_container | Download image if required (4 retries left).
FAILED - RETRYING: [osh-ctrl-01]: Download_container | Download image if required (3 retries left).
fatal: [k8s-master-01]: FAILED! => {"attempts": 4, "changed": true, "cmd": ["/usr/local/bin/nerdctl", "-n", "k8s.io", "pull", "--quiet", "172.16.2.1:5000/k8snetworkplumbingwg/multus-cni:v4.1.0"], "delta": "0:00:00.069767", "end": "2026-09-07 08:54:38.160745", "msg": "non-zero return code", "rc": 1, "start": "2026-09-07 08:54:38.090978", "stderr": "time=\"2026-09-07T08:54:38+02:00\" level=info msg=\"fetch failed\" error=\"failed to do request: Head \\\"https://172.16.2.1:5000/v2/k8snetworkplumbingwg/multus-cni/manifests/v4.1.0\\\": http: server gave HTTP response to HTTPS client\" host=\"172.16.2.1:5000\"\ntime=\"2026-09-07T08:54:38+02:00\" level=error msg=\"server \\\"172.16.2.1:5000\\\" does not seem to support HTTPS\" error=\"failed to resolve reference \\\"172.16.2.1:5000/k8snetworkplumbingwg/multus-cni:v4.1.0\\\": failed to do request: Head \\\"https://172.16.2.1:5000/v2/k8snetworkplumbingwg/multus-cni/manifests/v4.1.0\\\": http: server gave HTTP response to HTTPS client\"\ntime=\"2026-09-07T08:54:38+02:00\" level=info msg=\"Hint: you may want to try --insecure-registry to allow plain HTTP (if you are in a trusted network)\"\ntime=\"2026-09-07T08:54:38+02:00\" level=fatal msg=\"failed to resolve reference \\\"172.16.2.1:5000/k8snetworkplumbingwg/multus-cni:v4.1.0\\\": failed to do request: Head \\\"https://172.16.2.1:5000/v2/k8snetworkplumbingwg/multus-cni/manifests/v4.1.0\\\": http: server gave HTTP response to HTTPS client\"", "stderr_lines": ["time=\"2026-09-07T08:54:38+02:00\" level=info msg=\"fetch failed\" error=\"failed to do request: Head \\\"https://172.16.2.1:5000/v2/k8snetworkplumbingwg/multus-cni/manifests/v4.1.0\\\": http: server gave HTTP response to HTTPS client\" host=\"172.16.2.1:5000\"", "time=\"2026-09-07T08:54:38+02:00\" level=error msg=\"server \\\"172.16.2.1:5000\\\" does not seem to support HTTPS\" error=\"failed to resolve reference \\\"172.16.2.1:5000/k8snetworkplumbingwg/multus-cni:v4.1.0\\\": failed to do request: Head \\\"https://172.16.2.1:5000/v2/k8snetworkplumbingwg/multus-cni/manifests/v4.1.0\\\": http: server gave HTTP response to HTTPS client\"", "time=\"2026-09-07T08:54:38+02:00\" level=info msg=\"Hint: you may want to try --insecure-registry to allow plain HTTP (if you are in a trusted network)\"", "time=\"2026-09-07T08:54:38+02:00\" level=fatal msg=\"failed to resolve reference \\\"172.16.2.1:5000/k8snetworkplumbingwg/multus-cni:v4.1.0\\\": failed to do request: Head \\\"https://172.16.2.1:5000/v2/k8snetworkplumbingwg/multus-cni/manifests/v4.1.0\\\": http: server gave HTTP response to HTTPS client\""], "stdout": "", "stdout_lines": []}
FAILED - RETRYING: [osh-ctrl-03]: Download_container | Download image if required (4 retries left).
FAILED - RETRYING: [k8s-db-03]: Download_container | Download image if required (2 retries left).
fatal: [k8s-db-02]: FAILED! => {"attempts": 4, "changed": true, "cmd": ["/usr/local/bin/nerdctl", "-n", "k8s.io", "pull", "--quiet", "172.16.2.1:5000/k8snetworkplumbingwg/multus-cni:v4.1.0"], "delta": "0:00:00.072115", "end": "2026-09-07 08:54:41.872595", "msg": "non-zero return code", "rc": 1, "start": "2026-09-07 08:54:41.800480", "stderr": "time=\"2026-09-07T08:54:41+02:00\" level=info msg=\"fetch failed\" error=\"failed to do request: Head \\\"https://172.16.2.1:5000/v2/k8snetworkplumbingwg/multus-cni/manifests/v4.1.0\\\": http: server gave HTTP response to HTTPS client\" host=\"172.16.2.1:5000\"\ntime=\"2026-09-07T08:54:41+02:00\" level=error msg=\"server \\\"172.16.2.1:5000\\\" does not seem to support HTTPS\" error=\"failed to resolve reference \\\"172.16.2.1:5000/k8snetworkplumbingwg/multus-cni:v4.1.0\\\": failed to do request: Head \\\"https://172.16.2.1:5000/v2/k8snetworkplumbingwg/multus-cni/manifests/v4.1.0\\\": http: server gave HTTP response to HTTPS client\"\ntime=\"2026-09-07T08:54:41+02:00\" level=info msg=\"Hint: you may want to try --insecure-registry to allow plain HTTP (if you are in a trusted network)\"\ntime=\"2026-09-07T08:54:41+02:00\" level=fatal msg=\"failed to resolve reference \\\"172.16.2.1:5000/k8snetworkplumbingwg/multus-cni:v4.1.0\\\": failed to do request: Head \\\"https://172.16.2.1:5000/v2/k8snetworkplumbingwg/multus-cni/manifests/v4.1.0\\\": http: server gave HTTP response to HTTPS client\"", "stderr_lines": ["time=\"2026-09-07T08:54:41+02:00\" level=info msg=\"fetch failed\" error=\"failed to do request: Head \\\"https://172.16.2.1:5000/v2/k8snetworkplumbingwg/multus-cni/manifests/v4.1.0\\\": http: server gave HTTP response to HTTPS client\" host=\"172.16.2.1:5000\"", "time=\"2026-09-07T08:54:41+02:00\" level=error msg=\"server \\\"172.16.2.1:5000\\\" does not seem to support HTTPS\" error=\"failed to resolve reference \\\"172.16.2.1:5000/k8snetworkplumbingwg/multus-cni:v4.1.0\\\": failed to do request: Head \\\"https://172.16.2.1:5000/v2/k8snetworkplumbingwg/multus-cni/manifests/v4.1.0\\\": http: server gave HTTP response to HTTPS client\"", "time=\"2026-09-07T08:54:41+02:00\" level=info msg=\"Hint: you may want to try --insecure-registry to allow plain HTTP (if you are in a trusted network)\"", "time=\"2026-09-07T08:54:41+02:00\" level=fatal msg=\"failed to resolve reference \\\"172.16.2.1:5000/k8snetworkplumbingwg/multus-cni:v4.1.0\\\": failed to do request: Head \\\"https://172.16.2.1:5000/v2/k8snetworkplumbingwg/multus-cni/manifests/v4.1.0\\\": http: server gave HTTP response to HTTPS client\""], "stdout": "", "stdout_lines": []}
FAILED - RETRYING: [osh-ctrl-02]: Download_container | Download image if required (3 retries left).
FAILED - RETRYING: [osh-net-01]: Download_container | Download image if required (4 retries left).
FAILED - RETRYING: [osh-ctrl-01]: Download_container | Download image if required (2 retries left).
FAILED - RETRYING: [k8s-db-03]: Download_container | Download image if required (1 retries left).
FAILED - RETRYING: [osh-ctrl-03]: Download_container | Download image if required (3 retries left).
FAILED - RETRYING: [osh-net-01]: Download_container | Download image if required (3 retries left).
fatal: [k8s-db-03]: FAILED! => {"attempts": 4, "changed": true, "cmd": ["/usr/local/bin/nerdctl", "-n", "k8s.io", "pull", "--quiet", "172.16.2.1:5000/k8snetworkplumbingwg/multus-cni:v4.1.0"], "delta": "0:00:00.329214", "end": "2026-09-07 08:54:54.184664", "msg": "non-zero return code", "rc": 1, "start": "2026-09-07 08:54:53.855450", "stderr": "time=\"2026-09-07T08:54:54+02:00\" level=info msg=\"fetch failed\" error=\"failed to do request: Head \\\"https://172.16.2.1:5000/v2/k8snetworkplumbingwg/multus-cni/manifests/v4.1.0\\\": http: server gave HTTP response to HTTPS client\" host=\"172.16.2.1:5000\"\ntime=\"2026-09-07T08:54:54+02:00\" level=error msg=\"server \\\"172.16.2.1:5000\\\" does not seem to support HTTPS\" error=\"failed to resolve reference \\\"172.16.2.1:5000/k8snetworkplumbingwg/multus-cni:v4.1.0\\\": failed to do request: Head \\\"https://172.16.2.1:5000/v2/k8snetworkplumbingwg/multus-cni/manifests/v4.1.0\\\": http: server gave HTTP response to HTTPS client\"\ntime=\"2026-09-07T08:54:54+02:00\" level=info msg=\"Hint: you may want to try --insecure-registry to allow plain HTTP (if you are in a trusted network)\"\ntime=\"2026-09-07T08:54:54+02:00\" level=fatal msg=\"failed to resolve reference \\\"172.16.2.1:5000/k8snetworkplumbingwg/multus-cni:v4.1.0\\\": failed to do request: Head \\\"https://172.16.2.1:5000/v2/k8snetworkplumbingwg/multus-cni/manifests/v4.1.0\\\": http: server gave HTTP response to HTTPS client\"", "stderr_lines": ["time=\"2026-09-07T08:54:54+02:00\" level=info msg=\"fetch failed\" error=\"failed to do request: Head \\\"https://172.16.2.1:5000/v2/k8snetworkplumbingwg/multus-cni/manifests/v4.1.0\\\": http: server gave HTTP response to HTTPS client\" host=\"172.16.2.1:5000\"", "time=\"2026-09-07T08:54:54+02:00\" level=error msg=\"server \\\"172.16.2.1:5000\\\" does not seem to support HTTPS\" error=\"failed to resolve reference \\\"172.16.2.1:5000/k8snetworkplumbingwg/multus-cni:v4.1.0\\\": failed to do request: Head \\\"https://172.16.2.1:5000/v2/k8snetworkplumbingwg/multus-cni/manifests/v4.1.0\\\": http: server gave HTTP response to HTTPS client\"", "time=\"2026-09-07T08:54:54+02:00\" level=info msg=\"Hint: you may want to try --insecure-registry to allow plain HTTP (if you are in a trusted network)\"", "time=\"2026-09-07T08:54:54+02:00\" level=fatal msg=\"failed to resolve reference \\\"172.16.2.1:5000/k8snetworkplumbingwg/multus-cni:v4.1.0\\\": failed to do request: Head \\\"https://172.16.2.1:5000/v2/k8snetworkplumbingwg/multus-cni/manifests/v4.1.0\\\": http: server gave HTTP response to HTTPS client\""], "stdout": "", "stdout_lines": []}
FAILED - RETRYING: [osh-ctrl-02]: Download_container | Download image if required (2 retries left).
FAILED - RETRYING: [osh-ctrl-01]: Download_container | Download image if required (1 retries left).
FAILED - RETRYING: [osh-net-02]: Download_container | Download image if required (4 retries left).
FAILED - RETRYING: [osh-ctrl-03]: Download_container | Download image if required (2 retries left).
FAILED - RETRYING: [osh-net-01]: Download_container | Download image if required (2 retries left).
FAILED - RETRYING: [osh-net-02]: Download_container | Download image if required (3 retries left).
FAILED - RETRYING: [osh-ctrl-02]: Download_container | Download image if required (1 retries left).
FAILED - RETRYING: [osh-net-01]: Download_container | Download image if required (1 retries left).
fatal: [osh-ctrl-01]: FAILED! => {"attempts": 4, "changed": true, "cmd": ["/usr/local/bin/nerdctl", "-n", "k8s.io", "pull", "--quiet", "172.16.2.1:5000/k8snetworkplumbingwg/multus-cni:v4.1.0"], "delta": "0:00:00.174038", "end": "2026-09-07 08:55:05.224021", "msg": "non-zero return code", "rc": 1, "start": "2026-09-07 08:55:05.049983", "stderr": "time=\"2026-09-07T08:55:05+02:00\" level=info msg=\"fetch failed\" error=\"failed to do request: Head \\\"https://172.16.2.1:5000/v2/k8snetworkplumbingwg/multus-cni/manifests/v4.1.0\\\": http: server gave HTTP response to HTTPS client\" host=\"172.16.2.1:5000\"\ntime=\"2026-09-07T08:55:05+02:00\" level=error msg=\"server \\\"172.16.2.1:5000\\\" does not seem to support HTTPS\" error=\"failed to resolve reference \\\"172.16.2.1:5000/k8snetworkplumbingwg/multus-cni:v4.1.0\\\": failed to do request: Head \\\"https://172.16.2.1:5000/v2/k8snetworkplumbingwg/multus-cni/manifests/v4.1.0\\\": http: server gave HTTP response to HTTPS client\"\ntime=\"2026-09-07T08:55:05+02:00\" level=info msg=\"Hint: you may want to try --insecure-registry to allow plain HTTP (if you are in a trusted network)\"\ntime=\"2026-09-07T08:55:05+02:00\" level=fatal msg=\"failed to resolve reference \\\"172.16.2.1:5000/k8snetworkplumbingwg/multus-cni:v4.1.0\\\": failed to do request: Head \\\"https://172.16.2.1:5000/v2/k8snetworkplumbingwg/multus-cni/manifests/v4.1.0\\\": http: server gave HTTP response to HTTPS client\"", "stderr_lines": ["time=\"2026-09-07T08:55:05+02:00\" level=info msg=\"fetch failed\" error=\"failed to do request: Head \\\"https://172.16.2.1:5000/v2/k8snetworkplumbingwg/multus-cni/manifests/v4.1.0\\\": http: server gave HTTP response to HTTPS client\" host=\"172.16.2.1:5000\"", "time=\"2026-09-07T08:55:05+02:00\" level=error msg=\"server \\\"172.16.2.1:5000\\\" does not seem to support HTTPS\" error=\"failed to resolve reference \\\"172.16.2.1:5000/k8snetworkplumbingwg/multus-cni:v4.1.0\\\": failed to do request: Head \\\"https://172.16.2.1:5000/v2/k8snetworkplumbingwg/multus-cni/manifests/v4.1.0\\\": http: server gave HTTP response to HTTPS client\"", "time=\"2026-09-07T08:55:05+02:00\" level=info msg=\"Hint: you may want to try --insecure-registry to allow plain HTTP (if you are in a trusted network)\"", "time=\"2026-09-07T08:55:05+02:00\" level=fatal msg=\"failed to resolve reference \\\"172.16.2.1:5000/k8snetworkplumbingwg/multus-cni:v4.1.0\\\": failed to do request: Head \\\"https://172.16.2.1:5000/v2/k8snetworkplumbingwg/multus-cni/manifests/v4.1.0\\\": http: server gave HTTP response to HTTPS client\""], "stdout": "", "stdout_lines": []}
FAILED - RETRYING: [osh-net-02]: Download_container | Download image if required (2 retries left).
FAILED - RETRYING: [osh-ctrl-03]: Download_container | Download image if required (1 retries left).
FAILED - RETRYING: [MonSrv]: Download_container | Download image if required (4 retries left).
fatal: [osh-net-01]: FAILED! => {"attempts": 4, "changed": true, "cmd": ["/usr/local/bin/nerdctl", "-n", "k8s.io", "pull", "--quiet", "172.16.2.1:5000/k8snetworkplumbingwg/multus-cni:v4.1.0"], "delta": "0:00:00.117442", "end": "2026-09-07 08:55:09.833714", "msg": "non-zero return code", "rc": 1, "start": "2026-09-07 08:55:09.716272", "stderr": "time=\"2026-09-07T08:55:09+02:00\" level=info msg=\"fetch failed\" error=\"failed to do request: Head \\\"https://172.16.2.1:5000/v2/k8snetworkplumbingwg/multus-cni/manifests/v4.1.0\\\": http: server gave HTTP response to HTTPS client\" host=\"172.16.2.1:5000\"\ntime=\"2026-09-07T08:55:09+02:00\" level=error msg=\"server \\\"172.16.2.1:5000\\\" does not seem to support HTTPS\" error=\"failed to resolve reference \\\"172.16.2.1:5000/k8snetworkplumbingwg/multus-cni:v4.1.0\\\": failed to do request: Head \\\"https://172.16.2.1:5000/v2/k8snetworkplumbingwg/multus-cni/manifests/v4.1.0\\\": http: server gave HTTP response to HTTPS client\"\ntime=\"2026-09-07T08:55:09+02:00\" level=info msg=\"Hint: you may want to try --insecure-registry to allow plain HTTP (if you are in a trusted network)\"\ntime=\"2026-09-07T08:55:09+02:00\" level=fatal msg=\"failed to resolve reference \\\"172.16.2.1:5000/k8snetworkplumbingwg/multus-cni:v4.1.0\\\": failed to do request: Head \\\"https://172.16.2.1:5000/v2/k8snetworkplumbingwg/multus-cni/manifests/v4.1.0\\\": http: server gave HTTP response to HTTPS client\"", "stderr_lines": ["time=\"2026-09-07T08:55:09+02:00\" level=info msg=\"fetch failed\" error=\"failed to do request: Head \\\"https://172.16.2.1:5000/v2/k8snetworkplumbingwg/multus-cni/manifests/v4.1.0\\\": http: server gave HTTP response to HTTPS client\" host=\"172.16.2.1:5000\"", "time=\"2026-09-07T08:55:09+02:00\" level=error msg=\"server \\\"172.16.2.1:5000\\\" does not seem to support HTTPS\" error=\"failed to resolve reference \\\"172.16.2.1:5000/k8snetworkplumbingwg/multus-cni:v4.1.0\\\": failed to do request: Head \\\"https://172.16.2.1:5000/v2/k8snetworkplumbingwg/multus-cni/manifests/v4.1.0\\\": http: server gave HTTP response to HTTPS client\"", "time=\"2026-09-07T08:55:09+02:00\" level=info msg=\"Hint: you may want to try --insecure-registry to allow plain HTTP (if you are in a trusted network)\"", "time=\"2026-09-07T08:55:09+02:00\" level=fatal msg=\"failed to resolve reference \\\"172.16.2.1:5000/k8snetworkplumbingwg/multus-cni:v4.1.0\\\": failed to do request: Head \\\"https://172.16.2.1:5000/v2/k8snetworkplumbingwg/multus-cni/manifests/v4.1.0\\\": http: server gave HTTP response to HTTPS client\""], "stdout": "", "stdout_lines": []}
fatal: [osh-ctrl-02]: FAILED! => {"attempts": 4, "changed": true, "cmd": ["/usr/local/bin/nerdctl", "-n", "k8s.io", "pull", "--quiet", "172.16.2.1:5000/k8snetworkplumbingwg/multus-cni:v4.1.0"], "delta": "0:00:00.081681", "end": "2026-09-07 08:55:11.648296", "msg": "non-zero return code", "rc": 1, "start": "2026-09-07 08:55:11.566615", "stderr": "time=\"2026-09-07T08:55:11+02:00\" level=info msg=\"fetch failed\" error=\"failed to do request: Head \\\"https://172.16.2.1:5000/v2/k8snetworkplumbingwg/multus-cni/manifests/v4.1.0\\\": http: server gave HTTP response to HTTPS client\" host=\"172.16.2.1:5000\"\ntime=\"2026-09-07T08:55:11+02:00\" level=error msg=\"server \\\"172.16.2.1:5000\\\" does not seem to support HTTPS\" error=\"failed to resolve reference \\\"172.16.2.1:5000/k8snetworkplumbingwg/multus-cni:v4.1.0\\\": failed to do request: Head \\\"https://172.16.2.1:5000/v2/k8snetworkplumbingwg/multus-cni/manifests/v4.1.0\\\": http: server gave HTTP response to HTTPS client\"\ntime=\"2026-09-07T08:55:11+02:00\" level=info msg=\"Hint: you may want to try --insecure-registry to allow plain HTTP (if you are in a trusted network)\"\ntime=\"2026-09-07T08:55:11+02:00\" level=fatal msg=\"failed to resolve reference \\\"172.16.2.1:5000/k8snetworkplumbingwg/multus-cni:v4.1.0\\\": failed to do request: Head \\\"https://172.16.2.1:5000/v2/k8snetworkplumbingwg/multus-cni/manifests/v4.1.0\\\": http: server gave HTTP response to HTTPS client\"", "stderr_lines": ["time=\"2026-09-07T08:55:11+02:00\" level=info msg=\"fetch failed\" error=\"failed to do request: Head \\\"https://172.16.2.1:5000/v2/k8snetworkplumbingwg/multus-cni/manifests/v4.1.0\\\": http: server gave HTTP response to HTTPS client\" host=\"172.16.2.1:5000\"", "time=\"2026-09-07T08:55:11+02:00\" level=error msg=\"server \\\"172.16.2.1:5000\\\" does not seem to support HTTPS\" error=\"failed to resolve reference \\\"172.16.2.1:5000/k8snetworkplumbingwg/multus-cni:v4.1.0\\\": failed to do request: Head \\\"https://172.16.2.1:5000/v2/k8snetworkplumbingwg/multus-cni/manifests/v4.1.0\\\": http: server gave HTTP response to HTTPS client\"", "time=\"2026-09-07T08:55:11+02:00\" level=info msg=\"Hint: you may want to try --insecure-registry to allow plain HTTP (if you are in a trusted network)\"", "time=\"2026-09-07T08:55:11+02:00\" level=fatal msg=\"failed to resolve reference \\\"172.16.2.1:5000/k8snetworkplumbingwg/multus-cni:v4.1.0\\\": failed to do request: Head \\\"https://172.16.2.1:5000/v2/k8snetworkplumbingwg/multus-cni/manifests/v4.1.0\\\": http: server gave HTTP response to HTTPS client\""], "stdout": "", "stdout_lines": []}
FAILED - RETRYING: [osh-net-02]: Download_container | Download image if required (1 retries left).
FAILED - RETRYING: [osh-comp-01]: Download_container | Download image if required (4 retries left).
FAILED - RETRYING: [MonSrv]: Download_container | Download image if required (3 retries left).
FAILED - RETRYING: [osh-comp-02]: Download_container | Download image if required (4 retries left).
fatal: [osh-ctrl-03]: FAILED! => {"attempts": 4, "changed": true, "cmd": ["/usr/local/bin/nerdctl", "-n", "k8s.io", "pull", "--quiet", "172.16.2.1:5000/k8snetworkplumbingwg/multus-cni:v4.1.0"], "delta": "0:00:00.076597", "end": "2026-09-07 08:55:15.734587", "msg": "non-zero return code", "rc": 1, "start": "2026-09-07 08:55:15.657990", "stderr": "time=\"2026-09-07T08:55:15+02:00\" level=info msg=\"fetch failed\" error=\"failed to do request: Head \\\"https://172.16.2.1:5000/v2/k8snetworkplumbingwg/multus-cni/manifests/v4.1.0\\\": http: server gave HTTP response to HTTPS client\" host=\"172.16.2.1:5000\"\ntime=\"2026-09-07T08:55:15+02:00\" level=error msg=\"server \\\"172.16.2.1:5000\\\" does not seem to support HTTPS\" error=\"failed to resolve reference \\\"172.16.2.1:5000/k8snetworkplumbingwg/multus-cni:v4.1.0\\\": failed to do request: Head \\\"https://172.16.2.1:5000/v2/k8snetworkplumbingwg/multus-cni/manifests/v4.1.0\\\": http: server gave HTTP response to HTTPS client\"\ntime=\"2026-09-07T08:55:15+02:00\" level=info msg=\"Hint: you may want to try --insecure-registry to allow plain HTTP (if you are in a trusted network)\"\ntime=\"2026-09-07T08:55:15+02:00\" level=fatal msg=\"failed to resolve reference \\\"172.16.2.1:5000/k8snetworkplumbingwg/multus-cni:v4.1.0\\\": failed to do request: Head \\\"https://172.16.2.1:5000/v2/k8snetworkplumbingwg/multus-cni/manifests/v4.1.0\\\": http: server gave HTTP response to HTTPS client\"", "stderr_lines": ["time=\"2026-09-07T08:55:15+02:00\" level=info msg=\"fetch failed\" error=\"failed to do request: Head \\\"https://172.16.2.1:5000/v2/k8snetworkplumbingwg/multus-cni/manifests/v4.1.0\\\": http: server gave HTTP response to HTTPS client\" host=\"172.16.2.1:5000\"", "time=\"2026-09-07T08:55:15+02:00\" level=error msg=\"server \\\"172.16.2.1:5000\\\" does not seem to support HTTPS\" error=\"failed to resolve reference \\\"172.16.2.1:5000/k8snetworkplumbingwg/multus-cni:v4.1.0\\\": failed to do request: Head \\\"https://172.16.2.1:5000/v2/k8snetworkplumbingwg/multus-cni/manifests/v4.1.0\\\": http: server gave HTTP response to HTTPS client\"", "time=\"2026-09-07T08:55:15+02:00\" level=info msg=\"Hint: you may want to try --insecure-registry to allow plain HTTP (if you are in a trusted network)\"", "time=\"2026-09-07T08:55:15+02:00\" level=fatal msg=\"failed to resolve reference \\\"172.16.2.1:5000/k8snetworkplumbingwg/multus-cni:v4.1.0\\\": failed to do request: Head \\\"https://172.16.2.1:5000/v2/k8snetworkplumbingwg/multus-cni/manifests/v4.1.0\\\": http: server gave HTTP response to HTTPS client\""], "stdout": "", "stdout_lines": []}
fatal: [osh-net-02]: FAILED! => {"attempts": 4, "changed": true, "cmd": ["/usr/local/bin/nerdctl", "-n", "k8s.io", "pull", "--quiet", "172.16.2.1:5000/k8snetworkplumbingwg/multus-cni:v4.1.0"], "delta": "0:00:00.065183", "end": "2026-09-07 08:55:16.426765", "msg": "non-zero return code", "rc": 1, "start": "2026-09-07 08:55:16.361582", "stderr": "time=\"2026-09-07T08:55:16+02:00\" level=info msg=\"fetch failed\" error=\"failed to do request: Head \\\"https://172.16.2.1:5000/v2/k8snetworkplumbingwg/multus-cni/manifests/v4.1.0\\\": http: server gave HTTP response to HTTPS client\" host=\"172.16.2.1:5000\"\ntime=\"2026-09-07T08:55:16+02:00\" level=error msg=\"server \\\"172.16.2.1:5000\\\" does not seem to support HTTPS\" error=\"failed to resolve reference \\\"172.16.2.1:5000/k8snetworkplumbingwg/multus-cni:v4.1.0\\\": failed to do request: Head \\\"https://172.16.2.1:5000/v2/k8snetworkplumbingwg/multus-cni/manifests/v4.1.0\\\": http: server gave HTTP response to HTTPS client\"\ntime=\"2026-09-07T08:55:16+02:00\" level=info msg=\"Hint: you may want to try --insecure-registry to allow plain HTTP (if you are in a trusted network)\"\ntime=\"2026-09-07T08:55:16+02:00\" level=fatal msg=\"failed to resolve reference \\\"172.16.2.1:5000/k8snetworkplumbingwg/multus-cni:v4.1.0\\\": failed to do request: Head \\\"https://172.16.2.1:5000/v2/k8snetworkplumbingwg/multus-cni/manifests/v4.1.0\\\": http: server gave HTTP response to HTTPS client\"", "stderr_lines": ["time=\"2026-09-07T08:55:16+02:00\" level=info msg=\"fetch failed\" error=\"failed to do request: Head \\\"https://172.16.2.1:5000/v2/k8snetworkplumbingwg/multus-cni/manifests/v4.1.0\\\": http: server gave HTTP response to HTTPS client\" host=\"172.16.2.1:5000\"", "time=\"2026-09-07T08:55:16+02:00\" level=error msg=\"server \\\"172.16.2.1:5000\\\" does not seem to support HTTPS\" error=\"failed to resolve reference \\\"172.16.2.1:5000/k8snetworkplumbingwg/multus-cni:v4.1.0\\\": failed to do request: Head \\\"https://172.16.2.1:5000/v2/k8snetworkplumbingwg/multus-cni/manifests/v4.1.0\\\": http: server gave HTTP response to HTTPS client\"", "time=\"2026-09-07T08:55:16+02:00\" level=info msg=\"Hint: you may want to try --insecure-registry to allow plain HTTP (if you are in a trusted network)\"", "time=\"2026-09-07T08:55:16+02:00\" level=fatal msg=\"failed to resolve reference \\\"172.16.2.1:5000/k8snetworkplumbingwg/multus-cni:v4.1.0\\\": failed to do request: Head \\\"https://172.16.2.1:5000/v2/k8snetworkplumbingwg/multus-cni/manifests/v4.1.0\\\": http: server gave HTTP response to HTTPS client\""], "stdout": "", "stdout_lines": []}
FAILED - RETRYING: [osh-comp-01]: Download_container | Download image if required (3 retries left).
FAILED - RETRYING: [osh-comp-03]: Download_container | Download image if required (4 retries left).
FAILED - RETRYING: [osh-comp-04]: Download_container | Download image if required (4 retries left).
FAILED - RETRYING: [MonSrv]: Download_container | Download image if required (2 retries left).
FAILED - RETRYING: [osh-comp-02]: Download_container | Download image if required (3 retries left).
FAILED - RETRYING: [osh-comp-01]: Download_container | Download image if required (2 retries left).
FAILED - RETRYING: [osh-comp-03]: Download_container | Download image if required (3 retries left).
FAILED - RETRYING: [MonSrv]: Download_container | Download image if required (1 retries left).
FAILED - RETRYING: [osh-comp-04]: Download_container | Download image if required (3 retries left).
FAILED - RETRYING: [osh-comp-01]: Download_container | Download image if required (1 retries left).
FAILED - RETRYING: [osh-comp-02]: Download_container | Download image if required (2 retries left).
FAILED - RETRYING: [osh-comp-03]: Download_container | Download image if required (2 retries left).
fatal: [osh-comp-01]: FAILED! => {"attempts": 4, "changed": true, "cmd": ["/usr/local/bin/nerdctl", "-n", "k8s.io", "pull", "--quiet", "172.16.2.1:5000/k8snetworkplumbingwg/multus-cni:v4.1.0"], "delta": "0:00:00.072218", "end": "2026-09-07 08:55:35.583279", "msg": "non-zero return code", "rc": 1, "start": "2026-09-07 08:55:35.511061", "stderr": "time=\"2026-09-07T08:55:35+02:00\" level=info msg=\"fetch failed\" error=\"failed to do request: Head \\\"https://172.16.2.1:5000/v2/k8snetworkplumbingwg/multus-cni/manifests/v4.1.0\\\": http: server gave HTTP response to HTTPS client\" host=\"172.16.2.1:5000\"\ntime=\"2026-09-07T08:55:35+02:00\" level=error msg=\"server \\\"172.16.2.1:5000\\\" does not seem to support HTTPS\" error=\"failed to resolve reference \\\"172.16.2.1:5000/k8snetworkplumbingwg/multus-cni:v4.1.0\\\": failed to do request: Head \\\"https://172.16.2.1:5000/v2/k8snetworkplumbingwg/multus-cni/manifests/v4.1.0\\\": http: server gave HTTP response to HTTPS client\"\ntime=\"2026-09-07T08:55:35+02:00\" level=info msg=\"Hint: you may want to try --insecure-registry to allow plain HTTP (if you are in a trusted network)\"\ntime=\"2026-09-07T08:55:35+02:00\" level=fatal msg=\"failed to resolve reference \\\"172.16.2.1:5000/k8snetworkplumbingwg/multus-cni:v4.1.0\\\": failed to do request: Head \\\"https://172.16.2.1:5000/v2/k8snetworkplumbingwg/multus-cni/manifests/v4.1.0\\\": http: server gave HTTP response to HTTPS client\"", "stderr_lines": ["time=\"2026-09-07T08:55:35+02:00\" level=info msg=\"fetch failed\" error=\"failed to do request: Head \\\"https://172.16.2.1:5000/v2/k8snetworkplumbingwg/multus-cni/manifests/v4.1.0\\\": http: server gave HTTP response to HTTPS client\" host=\"172.16.2.1:5000\"", "time=\"2026-09-07T08:55:35+02:00\" level=error msg=\"server \\\"172.16.2.1:5000\\\" does not seem to support HTTPS\" error=\"failed to resolve reference \\\"172.16.2.1:5000/k8snetworkplumbingwg/multus-cni:v4.1.0\\\": failed to do request: Head \\\"https://172.16.2.1:5000/v2/k8snetworkplumbingwg/multus-cni/manifests/v4.1.0\\\": http: server gave HTTP response to HTTPS client\"", "time=\"2026-09-07T08:55:35+02:00\" level=info msg=\"Hint: you may want to try --insecure-registry to allow plain HTTP (if you are in a trusted network)\"", "time=\"2026-09-07T08:55:35+02:00\" level=fatal msg=\"failed to resolve reference \\\"172.16.2.1:5000/k8snetworkplumbingwg/multus-cni:v4.1.0\\\": failed to do request: Head \\\"https://172.16.2.1:5000/v2/k8snetworkplumbingwg/multus-cni/manifests/v4.1.0\\\": http: server gave HTTP response to HTTPS client\""], "stdout": "", "stdout_lines": []}
fatal: [MonSrv]: FAILED! => {"attempts": 4, "changed": true, "cmd": ["/usr/local/bin/nerdctl", "-n", "k8s.io", "pull", "--quiet", "172.16.2.1:5000/k8snetworkplumbingwg/multus-cni:v4.1.0"], "delta": "0:00:00.066538", "end": "2026-09-07 08:55:35.603096", "msg": "non-zero return code", "rc": 1, "start": "2026-09-07 08:55:35.536558", "stderr": "time=\"2026-09-07T08:55:35+02:00\" level=info msg=\"fetch failed\" error=\"failed to do request: Head \\\"https://172.16.2.1:5000/v2/k8snetworkplumbingwg/multus-cni/manifests/v4.1.0\\\": http: server gave HTTP response to HTTPS client\" host=\"172.16.2.1:5000\"\ntime=\"2026-09-07T08:55:35+02:00\" level=error msg=\"server \\\"172.16.2.1:5000\\\" does not seem to support HTTPS\" error=\"failed to resolve reference \\\"172.16.2.1:5000/k8snetworkplumbingwg/multus-cni:v4.1.0\\\": failed to do request: Head \\\"https://172.16.2.1:5000/v2/k8snetworkplumbingwg/multus-cni/manifests/v4.1.0\\\": http: server gave HTTP response to HTTPS client\"\ntime=\"2026-09-07T08:55:35+02:00\" level=info msg=\"Hint: you may want to try --insecure-registry to allow plain HTTP (if you are in a trusted network)\"\ntime=\"2026-09-07T08:55:35+02:00\" level=fatal msg=\"failed to resolve reference \\\"172.16.2.1:5000/k8snetworkplumbingwg/multus-cni:v4.1.0\\\": failed to do request: Head \\\"https://172.16.2.1:5000/v2/k8snetworkplumbingwg/multus-cni/manifests/v4.1.0\\\": http: server gave HTTP response to HTTPS client\"", "stderr_lines": ["time=\"2026-09-07T08:55:35+02:00\" level=info msg=\"fetch failed\" error=\"failed to do request: Head \\\"https://172.16.2.1:5000/v2/k8snetworkplumbingwg/multus-cni/manifests/v4.1.0\\\": http: server gave HTTP response to HTTPS client\" host=\"172.16.2.1:5000\"", "time=\"2026-09-07T08:55:35+02:00\" level=error msg=\"server \\\"172.16.2.1:5000\\\" does not seem to support HTTPS\" error=\"failed to resolve reference \\\"172.16.2.1:5000/k8snetworkplumbingwg/multus-cni:v4.1.0\\\": failed to do request: Head \\\"https://172.16.2.1:5000/v2/k8snetworkplumbingwg/multus-cni/manifests/v4.1.0\\\": http: server gave HTTP response to HTTPS client\"", "time=\"2026-09-07T08:55:35+02:00\" level=info msg=\"Hint: you may want to try --insecure-registry to allow plain HTTP (if you are in a trusted network)\"", "time=\"2026-09-07T08:55:35+02:00\" level=fatal msg=\"failed to resolve reference \\\"172.16.2.1:5000/k8snetworkplumbingwg/multus-cni:v4.1.0\\\": failed to do request: Head \\\"https://172.16.2.1:5000/v2/k8snetworkplumbingwg/multus-cni/manifests/v4.1.0\\\": http: server gave HTTP response to HTTPS client\""], "stdout": "", "stdout_lines": []}
FAILED - RETRYING: [osh-comp-03]: Download_container | Download image if required (1 retries left).
FAILED - RETRYING: [osh-comp-04]: Download_container | Download image if required (2 retries left).
FAILED - RETRYING: [osh-comp-02]: Download_container | Download image if required (1 retries left).
fatal: [osh-comp-03]: FAILED! => {"attempts": 4, "changed": true, "cmd": ["/usr/local/bin/nerdctl", "-n", "k8s.io", "pull", "--quiet", "172.16.2.1:5000/k8snetworkplumbingwg/multus-cni:v4.1.0"], "delta": "0:00:00.077131", "end": "2026-09-07 08:55:41.390083", "msg": "non-zero return code", "rc": 1, "start": "2026-09-07 08:55:41.312952", "stderr": "time=\"2026-09-07T08:55:41+02:00\" level=info msg=\"fetch failed\" error=\"failed to do request: Head \\\"https://172.16.2.1:5000/v2/k8snetworkplumbingwg/multus-cni/manifests/v4.1.0\\\": http: server gave HTTP response to HTTPS client\" host=\"172.16.2.1:5000\"\ntime=\"2026-09-07T08:55:41+02:00\" level=error msg=\"server \\\"172.16.2.1:5000\\\" does not seem to support HTTPS\" error=\"failed to resolve reference \\\"172.16.2.1:5000/k8snetworkplumbingwg/multus-cni:v4.1.0\\\": failed to do request: Head \\\"https://172.16.2.1:5000/v2/k8snetworkplumbingwg/multus-cni/manifests/v4.1.0\\\": http: server gave HTTP response to HTTPS client\"\ntime=\"2026-09-07T08:55:41+02:00\" level=info msg=\"Hint: you may want to try --insecure-registry to allow plain HTTP (if you are in a trusted network)\"\ntime=\"2026-09-07T08:55:41+02:00\" level=fatal msg=\"failed to resolve reference \\\"172.16.2.1:5000/k8snetworkplumbingwg/multus-cni:v4.1.0\\\": failed to do request: Head \\\"https://172.16.2.1:5000/v2/k8snetworkplumbingwg/multus-cni/manifests/v4.1.0\\\": http: server gave HTTP response to HTTPS client\"", "stderr_lines": ["time=\"2026-09-07T08:55:41+02:00\" level=info msg=\"fetch failed\" error=\"failed to do request: Head \\\"https://172.16.2.1:5000/v2/k8snetworkplumbingwg/multus-cni/manifests/v4.1.0\\\": http: server gave HTTP response to HTTPS client\" host=\"172.16.2.1:5000\"", "time=\"2026-09-07T08:55:41+02:00\" level=error msg=\"server \\\"172.16.2.1:5000\\\" does not seem to support HTTPS\" error=\"failed to resolve reference \\\"172.16.2.1:5000/k8snetworkplumbingwg/multus-cni:v4.1.0\\\": failed to do request: Head \\\"https://172.16.2.1:5000/v2/k8snetworkplumbingwg/multus-cni/manifests/v4.1.0\\\": http: server gave HTTP response to HTTPS client\"", "time=\"2026-09-07T08:55:41+02:00\" level=info msg=\"Hint: you may want to try --insecure-registry to allow plain HTTP (if you are in a trusted network)\"", "time=\"2026-09-07T08:55:41+02:00\" level=fatal msg=\"failed to resolve reference \\\"172.16.2.1:5000/k8snetworkplumbingwg/multus-cni:v4.1.0\\\": failed to do request: Head \\\"https://172.16.2.1:5000/v2/k8snetworkplumbingwg/multus-cni/manifests/v4.1.0\\\": http: server gave HTTP response to HTTPS client\""], "stdout": "", "stdout_lines": []}
fatal: [osh-comp-02]: FAILED! => {"attempts": 4, "changed": true, "cmd": ["/usr/local/bin/nerdctl", "-n", "k8s.io", "pull", "--quiet", "172.16.2.1:5000/k8snetworkplumbingwg/multus-cni:v4.1.0"], "delta": "0:00:00.508688", "end": "2026-09-07 08:55:45.792886", "msg": "non-zero return code", "rc": 1, "start": "2026-09-07 08:55:45.284198", "stderr": "time=\"2026-09-07T08:55:45+02:00\" level=info msg=\"fetch failed\" error=\"failed to do request: Head \\\"https://172.16.2.1:5000/v2/k8snetworkplumbingwg/multus-cni/manifests/v4.1.0\\\": http: server gave HTTP response to HTTPS client\" host=\"172.16.2.1:5000\"\ntime=\"2026-09-07T08:55:45+02:00\" level=error msg=\"server \\\"172.16.2.1:5000\\\" does not seem to support HTTPS\" error=\"failed to resolve reference \\\"172.16.2.1:5000/k8snetworkplumbingwg/multus-cni:v4.1.0\\\": failed to do request: Head \\\"https://172.16.2.1:5000/v2/k8snetworkplumbingwg/multus-cni/manifests/v4.1.0\\\": http: server gave HTTP response to HTTPS client\"\ntime=\"2026-09-07T08:55:45+02:00\" level=info msg=\"Hint: you may want to try --insecure-registry to allow plain HTTP (if you are in a trusted network)\"\ntime=\"2026-09-07T08:55:45+02:00\" level=fatal msg=\"failed to resolve reference \\\"172.16.2.1:5000/k8snetworkplumbingwg/multus-cni:v4.1.0\\\": failed to do request: Head \\\"https://172.16.2.1:5000/v2/k8snetworkplumbingwg/multus-cni/manifests/v4.1.0\\\": http: server gave HTTP response to HTTPS client\"", "stderr_lines": ["time=\"2026-09-07T08:55:45+02:00\" level=info msg=\"fetch failed\" error=\"failed to do request: Head \\\"https://172.16.2.1:5000/v2/k8snetworkplumbingwg/multus-cni/manifests/v4.1.0\\\": http: server gave HTTP response to HTTPS client\" host=\"172.16.2.1:5000\"", "time=\"2026-09-07T08:55:45+02:00\" level=error msg=\"server \\\"172.16.2.1:5000\\\" does not seem to support HTTPS\" error=\"failed to resolve reference \\\"172.16.2.1:5000/k8snetworkplumbingwg/multus-cni:v4.1.0\\\": failed to do request: Head \\\"https://172.16.2.1:5000/v2/k8snetworkplumbingwg/multus-cni/manifests/v4.1.0\\\": http: server gave HTTP response to HTTPS client\"", "time=\"2026-09-07T08:55:45+02:00\" level=info msg=\"Hint: you may want to try --insecure-registry to allow plain HTTP (if you are in a trusted network)\"", "time=\"2026-09-07T08:55:45+02:00\" level=fatal msg=\"failed to resolve reference \\\"172.16.2.1:5000/k8snetworkplumbingwg/multus-cni:v4.1.0\\\": failed to do request: Head \\\"https://172.16.2.1:5000/v2/k8snetworkplumbingwg/multus-cni/manifests/v4.1.0\\\": http: server gave HTTP response to HTTPS client\""], "stdout": "", "stdout_lines": []}
FAILED - RETRYING: [osh-comp-04]: Download_container | Download image if required (1 retries left).
fatal: [osh-comp-04]: FAILED! => {"attempts": 4, "changed": true, "cmd": ["/usr/local/bin/nerdctl", "-n", "k8s.io", "pull", "--quiet", "172.16.2.1:5000/k8snetworkplumbingwg/multus-cni:v4.1.0"], "delta": "0:00:00.075174", "end": "2026-09-07 08:55:54.598937", "msg": "non-zero return code", "rc": 1, "start": "2026-09-07 08:55:54.523763", "stderr": "time=\"2026-09-07T08:55:54+02:00\" level=info msg=\"fetch failed\" error=\"failed to do request: Head \\\"https://172.16.2.1:5000/v2/k8snetworkplumbingwg/multus-cni/manifests/v4.1.0\\\": http: server gave HTTP response to HTTPS client\" host=\"172.16.2.1:5000\"\ntime=\"2026-09-07T08:55:54+02:00\" level=error msg=\"server \\\"172.16.2.1:5000\\\" does not seem to support HTTPS\" error=\"failed to resolve reference \\\"172.16.2.1:5000/k8snetworkplumbingwg/multus-cni:v4.1.0\\\": failed to do request: Head \\\"https://172.16.2.1:5000/v2/k8snetworkplumbingwg/multus-cni/manifests/v4.1.0\\\": http: server gave HTTP response to HTTPS client\"\ntime=\"2026-09-07T08:55:54+02:00\" level=info msg=\"Hint: you may want to try --insecure-registry to allow plain HTTP (if you are in a trusted network)\"\ntime=\"2026-09-07T08:55:54+02:00\" level=fatal msg=\"failed to resolve reference \\\"172.16.2.1:5000/k8snetworkplumbingwg/multus-cni:v4.1.0\\\": failed to do request: Head \\\"https://172.16.2.1:5000/v2/k8snetworkplumbingwg/multus-cni/manifests/v4.1.0\\\": http: server gave HTTP response to HTTPS client\"", "stderr_lines": ["time=\"2026-09-07T08:55:54+02:00\" level=info msg=\"fetch failed\" error=\"failed to do request: Head \\\"https://172.16.2.1:5000/v2/k8snetworkplumbingwg/multus-cni/manifests/v4.1.0\\\": http: server gave HTTP response to HTTPS client\" host=\"172.16.2.1:5000\"", "time=\"2026-09-07T08:55:54+02:00\" level=error msg=\"server \\\"172.16.2.1:5000\\\" does not seem to support HTTPS\" error=\"failed to resolve reference \\\"172.16.2.1:5000/k8snetworkplumbingwg/multus-cni:v4.1.0\\\": failed to do request: Head \\\"https://172.16.2.1:5000/v2/k8snetworkplumbingwg/multus-cni/manifests/v4.1.0\\\": http: server gave HTTP response to HTTPS client\"", "time=\"2026-09-07T08:55:54+02:00\" level=info msg=\"Hint: you may want to try --insecure-registry to allow plain HTTP (if you are in a trusted network)\"", "time=\"2026-09-07T08:55:54+02:00\" level=fatal msg=\"failed to resolve reference \\\"172.16.2.1:5000/k8snetworkplumbingwg/multus-cni:v4.1.0\\\": failed to do request: Head \\\"https://172.16.2.1:5000/v2/k8snetworkplumbingwg/multus-cni/manifests/v4.1.0\\\": http: server gave HTTP response to HTTPS client\""], "stdout": "", "stdout_lines": []}

PLAY RECAP *********************************************************************
MonSrv                     : ok=205  changed=45   unreachable=0    failed=1    skipped=191  rescued=0    ignored=0   
k8s-db-01                  : ok=206  changed=46   unreachable=0    failed=1    skipped=191  rescued=0    ignored=0   
k8s-db-02                  : ok=206  changed=46   unreachable=0    failed=1    skipped=191  rescued=0    ignored=0   
k8s-db-03                  : ok=206  changed=45   unreachable=0    failed=1    skipped=191  rescued=0    ignored=0   
k8s-master-01              : ok=237  changed=49   unreachable=0    failed=1    skipped=238  rescued=0    ignored=0   
k8s-master-02              : ok=225  changed=49   unreachable=0    failed=1    skipped=198  rescued=0    ignored=0   
k8s-master-03              : ok=225  changed=48   unreachable=0    failed=1    skipped=198  rescued=0    ignored=0   
osh-comp-01                : ok=205  changed=45   unreachable=0    failed=1    skipped=191  rescued=0    ignored=0   
osh-comp-02                : ok=205  changed=45   unreachable=0    failed=1    skipped=191  rescued=0    ignored=0   
osh-comp-03                : ok=205  changed=45   unreachable=0    failed=1    skipped=191  rescued=0    ignored=0   
osh-comp-04                : ok=205  changed=44   unreachable=0    failed=1    skipped=191  rescued=0    ignored=0   
osh-ctrl-01                : ok=205  changed=45   unreachable=0    failed=1    skipped=191  rescued=0    ignored=0   
osh-ctrl-02                : ok=205  changed=45   unreachable=0    failed=1    skipped=191  rescued=0    ignored=0   
osh-ctrl-03                : ok=205  changed=45   unreachable=0    failed=1    skipped=191  rescued=0    ignored=0   
osh-net-01                 : ok=205  changed=45   unreachable=0    failed=1    skipped=191  rescued=0    ignored=0   
osh-net-02                 : ok=205  changed=45   unreachable=0    failed=1    skipped=191  rescued=0    ignored=0   

Monday 07 September 2026  01:55:54 -0500 (0:01:50.780)       1:11:36.994 ****** 
=============================================================================== 
system_packages : Manage packages ------------------------------------- 334.22s
container-engine/containerd : Containerd | Write hosts.toml file ------ 144.30s
download : Download | Download files / images ------------------------- 113.08s
download : Download_container | Download image if required ------------ 110.78s
container-engine/crictl : Extract_file | Unpacking archive ------------- 84.27s
container-engine/nerdctl : Extract_file | Unpacking archive ------------ 75.91s
container-engine/runc : Download_file | Download item ------------------ 74.20s
container-engine/containerd : Containerd | Unpack containerd archive --- 72.27s
container-engine/crictl : Download_file | Download item ---------------- 69.77s
container-engine/containerd : Download_file | Download item ------------ 65.04s
kubernetes/preinstall : Write Kubespray DNS settings to systemd-resolved -- 63.45s
container-engine/nerdctl : Download_file | Download item --------------- 63.20s
kubernetes/preinstall : Ensure kubelet expected parameters are set ----- 59.80s
container-engine/containerd : Containerd | Generate systemd service for containerd -- 55.90s
container-engine/containerd : Containerd | Write base_runtime_specs ---- 54.17s
container-engine/containerd : Containerd | Copy containerd config file -- 50.78s
container-engine/crictl : Install crictl config ------------------------ 50.48s
container-engine/crictl : Install crictl completion -------------------- 48.37s
container-engine/nerdctl : Install nerdctl completion ------------------ 46.63s
container-engine/nerdctl : Nerdctl | Install nerdctl configuration ----- 45.64s


Then again:


TASK [download : Download | Download files / images] ***************************
included: /opt/fabric-cache/repos/kubespray/roles/download/tasks/download_file.yml for k8s-master-02, k8s-master-01, k8s-db-01, k8s-db-02, k8s-master-03, osh-ctrl-01, k8s-db-03, osh-ctrl-03, osh-ctrl-02, osh-net-01, MonSrv, osh-net-02, osh-comp-01, osh-comp-02, osh-comp-03, osh-comp-04 => (item={'key': 'cni', 'value': {'enabled': True, 'file': True, 'dest': '/opt/fabric-cache/cni-plugins-linux-amd64-1.9.1.tgz', 'checksum': 'sha256:b98f74a0f8522f0a83867178729c1aa70f2158f90c45a2ca8fa791db1c76b303', 'url': 'http://172.16.2.1:8080/cni-plugins-linux-amd64-v1.9.1.tgz', 'unarchive': False, 'owner': 'root', 'mode': '0755', 'groups': ['k8s_cluster']}})
included: /opt/fabric-cache/repos/kubespray/roles/download/tasks/download_file.yml for k8s-master-02, k8s-master-01, k8s-db-01, k8s-db-02, k8s-master-03, osh-ctrl-01, k8s-db-03, osh-ctrl-03, osh-ctrl-02, osh-net-01, MonSrv, osh-net-02, osh-comp-01, osh-comp-02, osh-comp-03, osh-comp-04 => (item={'key': 'kubeadm', 'value': {'enabled': True, 'file': True, 'dest': '/opt/fabric-cache/kubeadm-1.35.4-amd64', 'checksum': 'sha256:0c0497da793f8897c14e45340da919534b615294a1aab69dc1998896c0f11145', 'url': 'http://172.16.2.1:8080/kubeadm-v1.35.4-amd64', 'unarchive': False, 'owner': 'root', 'mode': '0755', 'groups': ['k8s_cluster']}})
included: /opt/fabric-cache/repos/kubespray/roles/download/tasks/download_file.yml for k8s-master-02, k8s-master-01, k8s-db-01, k8s-db-02, k8s-master-03, osh-ctrl-01, k8s-db-03, osh-ctrl-03, osh-ctrl-02, osh-net-01, MonSrv, osh-net-02, osh-comp-01, osh-comp-02, osh-comp-03, osh-comp-04 => (item={'key': 'kubelet', 'value': {'enabled': True, 'file': True, 'dest': '/opt/fabric-cache/kubelet-1.35.4-amd64', 'checksum': 'sha256:983a6ba5a49823dcdd745c674e5e2416377dd27d6ad1b42d2befa0fb961a19f6', 'url': 'http://172.16.2.1:8080/kubelet-v1.35.4-amd64', 'unarchive': False, 'owner': 'root', 'mode': '0755', 'groups': ['k8s_cluster']}})
included: /opt/fabric-cache/repos/kubespray/roles/download/tasks/download_file.yml for k8s-master-02, k8s-master-01, k8s-master-03 => (item={'key': 'kubectl', 'value': {'enabled': True, 'file': True, 'dest': '/opt/fabric-cache/kubectl-1.35.4-amd64', 'checksum': 'sha256:b529430df69a688fd61b64ad2299edb5fd71cb58be2a4779dba624c7d3510efd', 'url': 'http://172.16.2.1:8080/kubectl-v1.35.4-amd64', 'unarchive': False, 'owner': 'root', 'mode': '0755', 'groups': ['kube_control_plane']}})
included: /opt/fabric-cache/repos/kubespray/roles/download/tasks/download_file.yml for k8s-master-02, k8s-master-01, k8s-db-01, k8s-db-02, k8s-master-03, osh-ctrl-01, k8s-db-03, osh-ctrl-03, osh-ctrl-02, osh-net-01, MonSrv, osh-net-02, osh-comp-01, osh-comp-02, osh-comp-03, osh-comp-04 => (item={'key': 'crictl', 'value': {'file': True, 'enabled': True, 'dest': '/opt/fabric-cache/crictl-1.35.0-linux-amd64.tar.gz', 'checksum': 'sha256:2e141e5b22cb189c40365a11807d69b76b9b3caced89fac2f4ec879408ce2177', 'url': 'http://172.16.2.1:8080/crictl-v1.35.0-linux-amd64.tar.gz', 'unarchive': True, 'owner': 'root', 'mode': '0755', 'groups': ['k8s_cluster']}})
included: /opt/fabric-cache/repos/kubespray/roles/download/tasks/download_file.yml for k8s-master-02, k8s-master-01, k8s-db-01, k8s-db-02, k8s-master-03, osh-ctrl-01, k8s-db-03, osh-ctrl-03, osh-ctrl-02, osh-net-01, MonSrv, osh-net-02, osh-comp-01, osh-comp-02, osh-comp-03, osh-comp-04 => (item={'key': 'runc', 'value': {'file': True, 'enabled': True, 'dest': '/opt/fabric-cache/runc-1.4.2.amd64', 'checksum': 'sha256:ac8a90f9e225bb9322189937b230cdc5478d5753f0e31e1bda98a5cf06bd9539', 'url': 'http://172.16.2.1:8080/runc.amd64', 'unarchive': False, 'owner': 'root', 'mode': '0755', 'groups': ['k8s_cluster']}})
included: /opt/fabric-cache/repos/kubespray/roles/download/tasks/download_file.yml for k8s-master-02, k8s-master-01, k8s-db-01, k8s-db-02, k8s-master-03, osh-ctrl-01, k8s-db-03, osh-ctrl-03, osh-ctrl-02, osh-net-01, MonSrv, osh-net-02, osh-comp-01, osh-comp-02, osh-comp-03, osh-comp-04 => (item={'key': 'containerd', 'value': {'enabled': True, 'file': True, 'dest': '/opt/fabric-cache/containerd-2.2.3-linux-amd64.tar.gz', 'checksum': 'sha256:ca26ef5138f17b847bbeeec36d4bf5e002b54d25858197a870c125d57f44d32f', 'url': 'http://172.16.2.1:8080/containerd-2.2.3-linux-amd64.tar.gz', 'unarchive': False, 'owner': 'root', 'mode': '0755', 'groups': ['k8s_cluster']}})
included: /opt/fabric-cache/repos/kubespray/roles/download/tasks/download_file.yml for k8s-master-02, k8s-master-01, k8s-db-01, k8s-db-02, k8s-master-03, osh-ctrl-01, k8s-db-03, osh-ctrl-03, osh-ctrl-02, osh-net-01, MonSrv, osh-net-02, osh-comp-01, osh-comp-02, osh-comp-03, osh-comp-04 => (item={'key': 'nerdctl', 'value': {'file': True, 'enabled': True, 'dest': '/opt/fabric-cache/nerdctl-2.2.2-linux-amd64.tar.gz', 'checksum': 'sha256:6f637760fb2875e3454e97c3de7438fd17281b5996908cbd8ee1c872b0653cc8', 'url': 'http://172.16.2.1:8080/nerdctl-2.2.2-linux-amd64.tar.gz', 'unarchive': True, 'owner': 'root', 'mode': '0755', 'groups': ['k8s_cluster']}})
included: /opt/fabric-cache/repos/kubespray/roles/download/tasks/download_container.yml for k8s-master-02, k8s-master-01, k8s-db-01, k8s-db-02, k8s-master-03, osh-ctrl-01, k8s-db-03, osh-ctrl-03, osh-ctrl-02, osh-net-01, MonSrv, osh-net-02, osh-comp-01, osh-comp-02, osh-comp-03, osh-comp-04 => (item={'key': 'multus', 'value': {'enabled': True, 'container': True, 'repo': '172.16.2.1:5000/k8snetworkplumbingwg/multus-cni', 'tag': 'v4.1.0', 'checksum': '', 'groups': ['k8s_cluster']}})
included: /opt/fabric-cache/repos/kubespray/roles/download/tasks/download_file.yml for k8s-master-02, k8s-master-01, k8s-db-01, k8s-db-02, k8s-master-03, osh-ctrl-01, k8s-db-03, osh-ctrl-03, osh-ctrl-02, osh-net-01, MonSrv, osh-net-02, osh-comp-01, osh-comp-02, osh-comp-03, osh-comp-04 => (item={'key': 'calicoctl', 'value': {'enabled': True, 'file': True, 'dest': '/opt/fabric-cache/calicoctl-3.29.2-amd64', 'checksum': 'sha256:6076d6745c4d60c0c4322961cbb256a0ffa8476cf7f8dbe5de4ae82c55bca020', 'url': 'http://172.16.2.1:8080/calicoctl-3.29.2-linux-amd64', 'unarchive': False, 'owner': 'root', 'mode': '0755', 'groups': ['k8s_cluster']}})
included: /opt/fabric-cache/repos/kubespray/roles/download/tasks/download_container.yml for k8s-master-02, k8s-master-01, k8s-db-01, k8s-db-02, k8s-master-03, osh-ctrl-01, k8s-db-03, osh-ctrl-03, osh-ctrl-02, osh-net-01, MonSrv, osh-net-02, osh-comp-01, osh-comp-02, osh-comp-03, osh-comp-04 => (item={'key': 'calico_node', 'value': {'enabled': True, 'container': True, 'repo': '172.16.2.1:5000/calico/node', 'tag': 'v3.29.2', 'checksum': '', 'groups': ['k8s_cluster']}})
included: /opt/fabric-cache/repos/kubespray/roles/download/tasks/download_container.yml for k8s-master-02, k8s-master-01, k8s-db-01, k8s-db-02, k8s-master-03, osh-ctrl-01, k8s-db-03, osh-ctrl-03, osh-ctrl-02, osh-net-01, MonSrv, osh-net-02, osh-comp-01, osh-comp-02, osh-comp-03, osh-comp-04 => (item={'key': 'calico_cni', 'value': {'enabled': True, 'container': True, 'repo': '172.16.2.1:5000/calico/cni', 'tag': 'v3.29.2', 'checksum': '', 'groups': ['k8s_cluster']}})
included: /opt/fabric-cache/repos/kubespray/roles/download/tasks/download_container.yml for k8s-master-02, k8s-master-01, k8s-db-01, k8s-db-02, k8s-master-03, osh-ctrl-01, k8s-db-03, osh-ctrl-03, osh-ctrl-02, osh-net-01, MonSrv, osh-net-02, osh-comp-01, osh-comp-02, osh-comp-03, osh-comp-04 => (item={'key': 'calico_policy', 'value': {'enabled': True, 'container': True, 'repo': '172.16.2.1:5000/calico/kube-controllers', 'tag': 'v3.29.2', 'checksum': '', 'groups': ['k8s_cluster']}})
included: /opt/fabric-cache/repos/kubespray/roles/download/tasks/download_file.yml for k8s-master-02, k8s-master-01, k8s-master-03 => (item={'key': 'calico_crds', 'value': {'file': True, 'enabled': True, 'dest': '/opt/fabric-cache/calico-3.29.2-kdd-crds/crds.yaml', 'checksum': 'sha256:1620ee6f539de44bbb3ec4aa3c2687b5023d4ee30795b30663ab3423b0c5f5d5', 'url': 'https://github.com/projectcalico/calico/raw/v3.29.2/manifests/crds.yaml', 'owner': 'root', 'mode': '0755', 'groups': ['kube_control_plane']}})
included: /opt/fabric-cache/repos/kubespray/roles/download/tasks/download_container.yml for k8s-master-02, k8s-master-01, k8s-db-01, k8s-db-02, k8s-master-03, osh-ctrl-01, k8s-db-03, osh-ctrl-03, osh-ctrl-02, osh-net-01, MonSrv, osh-net-02, osh-comp-01, osh-comp-02, osh-comp-03, osh-comp-04 => (item={'key': 'pod_infra', 'value': {'enabled': True, 'container': True, 'repo': '172.16.2.1:5000/pause', 'tag': '3.10.1', 'checksum': '', 'groups': ['k8s_cluster']}})
included: /opt/fabric-cache/repos/kubespray/roles/download/tasks/download_container.yml for k8s-master-02, k8s-master-01, k8s-db-01, k8s-db-02, k8s-master-03, osh-ctrl-01, k8s-db-03, osh-ctrl-03, osh-ctrl-02, osh-net-01, MonSrv, osh-net-02, osh-comp-01, osh-comp-02, osh-comp-03, osh-comp-04 => (item={'key': 'coredns', 'value': {'enabled': True, 'container': True, 'repo': '172.16.2.1:5000/coredns/coredns', 'tag': 'v1.12.0', 'checksum': '', 'groups': ['k8s_cluster']}})
included: /opt/fabric-cache/repos/kubespray/roles/download/tasks/download_container.yml for k8s-master-02, k8s-master-01, k8s-db-01, k8s-db-02, k8s-master-03, osh-ctrl-01, k8s-db-03, osh-ctrl-03, osh-ctrl-02, osh-net-01, MonSrv, osh-net-02, osh-comp-01, osh-comp-02, osh-comp-03, osh-comp-04 => (item={'key': 'nodelocaldns', 'value': {'enabled': True, 'container': True, 'repo': '172.16.2.1:5000/dns/k8s-dns-node-cache', 'tag': '1.25.0', 'checksum': '', 'groups': ['k8s_cluster']}})
included: /opt/fabric-cache/repos/kubespray/roles/download/tasks/download_container.yml for k8s-master-02, k8s-master-01, k8s-master-03 => (item={'key': 'dnsautoscaler', 'value': {'enabled': True, 'container': True, 'repo': '172.16.2.1:5000/cpa/cluster-proportional-autoscaler', 'tag': 'v1.8.8', 'checksum': '', 'groups': ['kube_control_plane']}})
included: /opt/fabric-cache/repos/kubespray/roles/download/tasks/download_container.yml for k8s-master-02, k8s-master-01, k8s-master-03 => (item={'key': 'metallb_speaker', 'value': {'enabled': True, 'container': True, 'repo': '172.16.2.1:5000/metallb/speaker', 'tag': 'v0.13.9', 'checksum': '', 'groups': ['kube_control_plane']}})
included: /opt/fabric-cache/repos/kubespray/roles/download/tasks/download_container.yml for k8s-master-02, k8s-master-01, k8s-master-03 => (item={'key': 'metallb_controller', 'value': {'enabled': True, 'container': True, 'repo': '172.16.2.1:5000/metallb/controller', 'tag': 'v0.13.9', 'checksum': '', 'groups': ['kube_control_plane']}})
included: /opt/fabric-cache/repos/kubespray/roles/download/tasks/download_container.yml for k8s-master-02, k8s-master-01, k8s-db-01, k8s-db-02, k8s-master-03, osh-ctrl-01, k8s-db-03, osh-ctrl-03, osh-ctrl-02, osh-net-01, MonSrv, osh-net-02, osh-comp-01, osh-comp-02, osh-comp-03, osh-comp-04 => (item={'key': 'kubeadm_kube-apiserver', 'value': {'enabled': True, 'container': True, 'repo': '172.16.2.1:5000/kube-apiserver', 'tag': 'v1.35.4', 'groups': ['k8s_cluster']}})
included: /opt/fabric-cache/repos/kubespray/roles/download/tasks/download_container.yml for k8s-master-02, k8s-master-01, k8s-db-01, k8s-db-02, k8s-master-03, osh-ctrl-01, k8s-db-03, osh-ctrl-03, osh-ctrl-02, osh-net-01, MonSrv, osh-net-02, osh-comp-01, osh-comp-02, osh-comp-03, osh-comp-04 => (item={'key': 'kubeadm_kube-controller-manager', 'value': {'enabled': True, 'container': True, 'repo': '172.16.2.1:5000/kube-controller-manager', 'tag': 'v1.35.4', 'groups': ['k8s_cluster']}})
included: /opt/fabric-cache/repos/kubespray/roles/download/tasks/download_container.yml for k8s-master-02, k8s-master-01, k8s-db-01, k8s-db-02, k8s-master-03, osh-ctrl-01, k8s-db-03, osh-ctrl-03, osh-ctrl-02, osh-net-01, MonSrv, osh-net-02, osh-comp-01, osh-comp-02, osh-comp-03, osh-comp-04 => (item={'key': 'kubeadm_kube-scheduler', 'value': {'enabled': True, 'container': True, 'repo': '172.16.2.1:5000/kube-scheduler', 'tag': 'v1.35.4', 'groups': ['k8s_cluster']}})
included: /opt/fabric-cache/repos/kubespray/roles/download/tasks/download_container.yml for k8s-master-02, k8s-master-01, k8s-db-01, k8s-db-02, k8s-master-03, osh-ctrl-01, k8s-db-03, osh-ctrl-03, osh-ctrl-02, osh-net-01, MonSrv, osh-net-02, osh-comp-01, osh-comp-02, osh-comp-03, osh-comp-04 => (item={'key': 'kubeadm_kube-proxy', 'value': {'enabled': True, 'container': True, 'repo': '172.16.2.1:5000/kube-proxy', 'tag': 'v1.35.4', 'groups': ['k8s_cluster']}})
included: /opt/fabric-cache/repos/kubespray/roles/download/tasks/download_file.yml for k8s-db-01, k8s-db-02, k8s-db-03 => (item={'key': 'etcd', 'value': {'container': False, 'file': True, 'enabled': True, 'dest': '/opt/fabric-cache/etcd-3.5.17-linux-amd64.tar.gz', 'repo': '172.16.2.1:5000/coreos/etcd', 'tag': 'v3.5.17', 'checksum': 'sha256:eff6ac621d41711085d0f38fab17d8fa3705f6326c3ff11301a1f5a71fc94edd', 'url': 'http://172.16.2.1:8080/etcd-v3.5.17-linux-amd64.tar.gz', 'unarchive': True, 'owner': 'root', 'mode': '0755', 'groups': ['etcd']}})
included: /opt/fabric-cache/repos/kubespray/roles/download/tasks/download_container.yml for k8s-db-01, k8s-db-02, osh-ctrl-01, k8s-db-03, osh-ctrl-03, osh-ctrl-02, osh-net-01, MonSrv, osh-net-02, osh-comp-01, osh-comp-02, osh-comp-03, osh-comp-04 => (item={'key': 'nginx', 'value': {'enabled': True, 'container': True, 'repo': '172.16.2.1:5000/library/nginx', 'tag': '1.28.2-alpine', 'checksum': '', 'groups': ['kube_node']}})
Monday 07 September 2026  03:28:03 -0500 (0:01:53.944)       0:57:17.999 ****** 

TASK [download : Prep_download | Set a few facts] ******************************
ok: [k8s-master-01]
ok: [k8s-master-02]
ok: [k8s-master-03]
ok: [k8s-db-01]
ok: [k8s-db-02]
ok: [k8s-db-03]
ok: [osh-ctrl-01]
ok: [osh-ctrl-02]
ok: [osh-ctrl-03]
ok: [osh-net-01]
ok: [osh-net-02]
ok: [MonSrv]
ok: [osh-comp-01]
ok: [osh-comp-02]
ok: [osh-comp-03]
ok: [osh-comp-04]
Monday 07 September 2026  03:28:05 -0500 (0:00:02.808)       0:57:20.808 ****** 

TASK [download : Download_file | Show url of file to download] *****************
ok: [k8s-master-01] => {
    "msg": "http://172.16.2.1:8080/cni-plugins-linux-amd64-v1.9.1.tgz"
}
ok: [k8s-master-02] => {
    "msg": "http://172.16.2.1:8080/cni-plugins-linux-amd64-v1.9.1.tgz"
}
ok: [k8s-master-03] => {
    "msg": "http://172.16.2.1:8080/cni-plugins-linux-amd64-v1.9.1.tgz"
}
ok: [k8s-db-01] => {
    "msg": "http://172.16.2.1:8080/cni-plugins-linux-amd64-v1.9.1.tgz"
}
ok: [k8s-db-02] => {
    "msg": "http://172.16.2.1:8080/cni-plugins-linux-amd64-v1.9.1.tgz"
}
ok: [k8s-db-03] => {
    "msg": "http://172.16.2.1:8080/cni-plugins-linux-amd64-v1.9.1.tgz"
}
ok: [osh-ctrl-01] => {
    "msg": "http://172.16.2.1:8080/cni-plugins-linux-amd64-v1.9.1.tgz"
}
ok: [osh-ctrl-02] => {
    "msg": "http://172.16.2.1:8080/cni-plugins-linux-amd64-v1.9.1.tgz"
}
ok: [osh-ctrl-03] => {
    "msg": "http://172.16.2.1:8080/cni-plugins-linux-amd64-v1.9.1.tgz"
}
ok: [osh-net-01] => {
    "msg": "http://172.16.2.1:8080/cni-plugins-linux-amd64-v1.9.1.tgz"
}
ok: [osh-net-02] => {
    "msg": "http://172.16.2.1:8080/cni-plugins-linux-amd64-v1.9.1.tgz"
}
ok: [MonSrv] => {
    "msg": "http://172.16.2.1:8080/cni-plugins-linux-amd64-v1.9.1.tgz"
}
ok: [osh-comp-01] => {
    "msg": "http://172.16.2.1:8080/cni-plugins-linux-amd64-v1.9.1.tgz"
}
ok: [osh-comp-02] => {
    "msg": "http://172.16.2.1:8080/cni-plugins-linux-amd64-v1.9.1.tgz"
}
ok: [osh-comp-03] => {
    "msg": "http://172.16.2.1:8080/cni-plugins-linux-amd64-v1.9.1.tgz"
}
ok: [osh-comp-04] => {
    "msg": "http://172.16.2.1:8080/cni-plugins-linux-amd64-v1.9.1.tgz"
}
Monday 07 September 2026  03:28:08 -0500 (0:00:03.052)       0:57:23.860 ****** 

TASK [download : Download_file | Set pathname of cached file] ******************
ok: [k8s-master-01]
ok: [k8s-master-02]
ok: [k8s-master-03]
ok: [k8s-db-01]
ok: [k8s-db-02]
ok: [k8s-db-03]
ok: [osh-ctrl-01]
ok: [osh-ctrl-02]
ok: [osh-ctrl-03]
ok: [osh-net-01]
ok: [osh-net-02]
ok: [MonSrv]
ok: [osh-comp-01]
ok: [osh-comp-02]
ok: [osh-comp-03]
ok: [osh-comp-04]
Monday 07 September 2026  03:28:11 -0500 (0:00:03.035)       0:57:26.896 ****** 

TASK [download : Download_file | Create dest directory on node] ****************
ok: [k8s-master-01]
ok: [k8s-master-03]
ok: [k8s-master-02]
changed: [k8s-db-01]
changed: [k8s-db-02]
changed: [k8s-db-03]
changed: [osh-ctrl-03]
changed: [osh-ctrl-01]
changed: [osh-ctrl-02]
changed: [osh-net-01]
changed: [MonSrv]
changed: [osh-comp-01]
changed: [osh-net-02]
changed: [osh-comp-02]
changed: [osh-comp-03]
changed: [osh-comp-04]
Monday 07 September 2026  03:28:25 -0500 (0:00:13.093)       0:57:39.989 ****** 
Monday 07 September 2026  03:28:25 -0500 (0:00:00.052)       0:57:40.041 ****** 
Monday 07 September 2026  03:28:25 -0500 (0:00:00.063)       0:57:40.105 ****** 

TASK [download : Download_file | Download item] ********************************
ok: [k8s-master-01]
ok: [k8s-db-02]
ok: [k8s-master-03]
ok: [k8s-db-01]
ok: [k8s-master-02]
ok: [k8s-db-03]
ok: [osh-ctrl-03]
ok: [osh-ctrl-01]
ok: [osh-net-01]
ok: [osh-ctrl-02]
ok: [MonSrv]
ok: [osh-net-02]
ok: [osh-comp-03]
ok: [osh-comp-01]
ok: [osh-comp-02]
ok: [osh-comp-04]
Monday 07 September 2026  03:28:37 -0500 (0:00:12.807)       0:57:52.913 ****** 
Monday 07 September 2026  03:28:38 -0500 (0:00:00.627)       0:57:53.540 ****** 
Monday 07 September 2026  03:28:39 -0500 (0:00:00.840)       0:57:54.381 ****** 
Monday 07 September 2026  03:28:40 -0500 (0:00:00.761)       0:57:55.142 ****** 

TASK [download : Download_file | Extract file archives] ************************
included: /opt/fabric-cache/repos/kubespray/roles/download/tasks/extract_file.yml for k8s-master-01, k8s-master-02, k8s-master-03, k8s-db-01, k8s-db-02, k8s-db-03, osh-ctrl-01, osh-ctrl-02, osh-ctrl-03, osh-net-01, osh-net-02, MonSrv, osh-comp-01, osh-comp-02, osh-comp-03, osh-comp-04
Monday 07 September 2026  03:28:41 -0500 (0:00:01.487)       0:57:56.629 ****** 
Monday 07 September 2026  03:28:42 -0500 (0:00:01.279)       0:57:57.909 ****** 

TASK [download : Prep_download | Set a few facts] ******************************
ok: [k8s-master-01]
ok: [k8s-master-02]
ok: [k8s-master-03]
ok: [k8s-db-01]
ok: [k8s-db-02]
ok: [k8s-db-03]
ok: [osh-ctrl-01]
ok: [osh-ctrl-02]
ok: [osh-ctrl-03]
ok: [osh-net-01]
ok: [osh-net-02]
ok: [MonSrv]
ok: [osh-comp-01]
ok: [osh-comp-02]
ok: [osh-comp-03]
ok: [osh-comp-04]
Monday 07 September 2026  03:28:45 -0500 (0:00:02.767)       0:58:00.676 ****** 

TASK [download : Download_file | Show url of file to download] *****************
ok: [k8s-master-01] => {
    "msg": "http://172.16.2.1:8080/kubeadm-v1.35.4-amd64"
}
ok: [k8s-master-02] => {
    "msg": "http://172.16.2.1:8080/kubeadm-v1.35.4-amd64"
}
ok: [k8s-master-03] => {
    "msg": "http://172.16.2.1:8080/kubeadm-v1.35.4-amd64"
}
ok: [k8s-db-01] => {
    "msg": "http://172.16.2.1:8080/kubeadm-v1.35.4-amd64"
}
ok: [k8s-db-02] => {
    "msg": "http://172.16.2.1:8080/kubeadm-v1.35.4-amd64"
}
ok: [k8s-db-03] => {
    "msg": "http://172.16.2.1:8080/kubeadm-v1.35.4-amd64"
}
ok: [osh-ctrl-01] => {
    "msg": "http://172.16.2.1:8080/kubeadm-v1.35.4-amd64"
}
ok: [osh-ctrl-02] => {
    "msg": "http://172.16.2.1:8080/kubeadm-v1.35.4-amd64"
}
ok: [osh-ctrl-03] => {
    "msg": "http://172.16.2.1:8080/kubeadm-v1.35.4-amd64"
}
ok: [osh-net-01] => {
    "msg": "http://172.16.2.1:8080/kubeadm-v1.35.4-amd64"
}
ok: [osh-net-02] => {
    "msg": "http://172.16.2.1:8080/kubeadm-v1.35.4-amd64"
}
ok: [MonSrv] => {
    "msg": "http://172.16.2.1:8080/kubeadm-v1.35.4-amd64"
}
ok: [osh-comp-01] => {
    "msg": "http://172.16.2.1:8080/kubeadm-v1.35.4-amd64"
}
ok: [osh-comp-02] => {
    "msg": "http://172.16.2.1:8080/kubeadm-v1.35.4-amd64"
}
ok: [osh-comp-03] => {
    "msg": "http://172.16.2.1:8080/kubeadm-v1.35.4-amd64"
}
ok: [osh-comp-04] => {
    "msg": "http://172.16.2.1:8080/kubeadm-v1.35.4-amd64"
}
Monday 07 September 2026  03:28:48 -0500 (0:00:02.927)       0:58:03.604 ****** 

TASK [download : Download_file | Set pathname of cached file] ******************
ok: [k8s-master-01]
ok: [k8s-master-02]
ok: [k8s-master-03]
ok: [k8s-db-01]
ok: [k8s-db-02]
ok: [k8s-db-03]
ok: [osh-ctrl-01]
ok: [osh-ctrl-02]
ok: [osh-ctrl-03]
ok: [osh-net-01]
ok: [osh-net-02]
ok: [MonSrv]
ok: [osh-comp-01]
ok: [osh-comp-02]
ok: [osh-comp-03]
ok: [osh-comp-04]
Monday 07 September 2026  03:28:51 -0500 (0:00:02.778)       0:58:06.382 ****** 

TASK [download : Download_file | Create dest directory on node] ****************
ok: [k8s-master-01]
ok: [k8s-db-02]
ok: [k8s-master-03]
ok: [k8s-master-02]
ok: [k8s-db-03]
ok: [k8s-db-01]
ok: [osh-ctrl-01]
ok: [osh-ctrl-03]
ok: [osh-ctrl-02]
ok: [osh-net-01]
ok: [osh-net-02]
ok: [osh-comp-01]
ok: [MonSrv]
ok: [osh-comp-02]
ok: [osh-comp-03]
ok: [osh-comp-04]
Monday 07 September 2026  03:29:05 -0500 (0:00:13.990)       0:58:20.372 ****** 
Monday 07 September 2026  03:29:05 -0500 (0:00:00.054)       0:58:20.427 ****** 
Monday 07 September 2026  03:29:05 -0500 (0:00:00.063)       0:58:20.490 ****** 

TASK [download : Download_file | Download item] ********************************
ok: [k8s-master-01]
ok: [k8s-master-03]
ok: [k8s-db-01]
ok: [k8s-master-02]
ok: [k8s-db-02]
ok: [k8s-db-03]
ok: [osh-ctrl-03]
ok: [osh-ctrl-02]
ok: [osh-net-01]
ok: [osh-ctrl-01]
ok: [MonSrv]
ok: [osh-net-02]
ok: [osh-comp-01]
ok: [osh-comp-02]
ok: [osh-comp-03]
ok: [osh-comp-04]
Monday 07 September 2026  03:29:18 -0500 (0:00:13.347)       0:58:33.837 ****** 
Monday 07 September 2026  03:29:19 -0500 (0:00:00.677)       0:58:34.515 ****** 
Monday 07 September 2026  03:29:20 -0500 (0:00:00.822)       0:58:35.337 ****** 
Monday 07 September 2026  03:29:21 -0500 (0:00:00.839)       0:58:36.177 ****** 

TASK [download : Download_file | Extract file archives] ************************
included: /opt/fabric-cache/repos/kubespray/roles/download/tasks/extract_file.yml for k8s-master-01, k8s-master-02, k8s-master-03, k8s-db-01, k8s-db-02, k8s-db-03, osh-ctrl-01, osh-ctrl-02, osh-ctrl-03, osh-net-01, osh-net-02, MonSrv, osh-comp-01, osh-comp-02, osh-comp-03, osh-comp-04
Monday 07 September 2026  03:29:22 -0500 (0:00:01.403)       0:58:37.580 ****** 
Monday 07 September 2026  03:29:23 -0500 (0:00:01.297)       0:58:38.878 ****** 

TASK [download : Prep_download | Set a few facts] ******************************
ok: [k8s-master-01]
ok: [k8s-master-02]
ok: [k8s-master-03]
ok: [k8s-db-01]
ok: [k8s-db-02]
ok: [k8s-db-03]
ok: [osh-ctrl-01]
ok: [osh-ctrl-02]
ok: [osh-ctrl-03]
ok: [osh-net-01]
ok: [osh-net-02]
ok: [MonSrv]
ok: [osh-comp-01]
ok: [osh-comp-02]
ok: [osh-comp-03]
ok: [osh-comp-04]
Monday 07 September 2026  03:29:26 -0500 (0:00:03.041)       0:58:41.919 ****** 

TASK [download : Download_file | Show url of file to download] *****************
ok: [k8s-master-01] => {
    "msg": "http://172.16.2.1:8080/kubelet-v1.35.4-amd64"
}
ok: [k8s-master-02] => {
    "msg": "http://172.16.2.1:8080/kubelet-v1.35.4-amd64"
}
ok: [k8s-master-03] => {
    "msg": "http://172.16.2.1:8080/kubelet-v1.35.4-amd64"
}
ok: [k8s-db-01] => {
    "msg": "http://172.16.2.1:8080/kubelet-v1.35.4-amd64"
}
ok: [k8s-db-02] => {
    "msg": "http://172.16.2.1:8080/kubelet-v1.35.4-amd64"
}
ok: [k8s-db-03] => {
    "msg": "http://172.16.2.1:8080/kubelet-v1.35.4-amd64"
}
ok: [osh-ctrl-01] => {
    "msg": "http://172.16.2.1:8080/kubelet-v1.35.4-amd64"
}
ok: [osh-ctrl-02] => {
    "msg": "http://172.16.2.1:8080/kubelet-v1.35.4-amd64"
}
ok: [osh-ctrl-03] => {
    "msg": "http://172.16.2.1:8080/kubelet-v1.35.4-amd64"
}
ok: [osh-net-01] => {
    "msg": "http://172.16.2.1:8080/kubelet-v1.35.4-amd64"
}
ok: [osh-net-02] => {
    "msg": "http://172.16.2.1:8080/kubelet-v1.35.4-amd64"
}
ok: [MonSrv] => {
    "msg": "http://172.16.2.1:8080/kubelet-v1.35.4-amd64"
}
ok: [osh-comp-01] => {
    "msg": "http://172.16.2.1:8080/kubelet-v1.35.4-amd64"
}
ok: [osh-comp-02] => {
    "msg": "http://172.16.2.1:8080/kubelet-v1.35.4-amd64"
}
ok: [osh-comp-03] => {
    "msg": "http://172.16.2.1:8080/kubelet-v1.35.4-amd64"
}
ok: [osh-comp-04] => {
    "msg": "http://172.16.2.1:8080/kubelet-v1.35.4-amd64"
}
Monday 07 September 2026  03:29:30 -0500 (0:00:03.561)       0:58:45.480 ****** 

TASK [download : Download_file | Set pathname of cached file] ******************
ok: [k8s-master-01]
ok: [k8s-master-02]
ok: [k8s-master-03]
ok: [k8s-db-01]
ok: [k8s-db-02]
ok: [k8s-db-03]
ok: [osh-ctrl-01]
ok: [osh-ctrl-02]
ok: [osh-ctrl-03]
ok: [osh-net-01]
ok: [osh-net-02]
ok: [MonSrv]
ok: [osh-comp-01]
ok: [osh-comp-02]
ok: [osh-comp-03]
ok: [osh-comp-04]
Monday 07 September 2026  03:29:33 -0500 (0:00:02.736)       0:58:48.217 ****** 

TASK [download : Download_file | Create dest directory on node] ****************
ok: [k8s-master-01]
ok: [k8s-master-02]
ok: [k8s-db-02]
ok: [k8s-master-03]
ok: [k8s-db-01]
ok: [k8s-db-03]
ok: [osh-ctrl-03]
ok: [osh-net-01]
ok: [osh-ctrl-01]
ok: [osh-ctrl-02]
ok: [osh-net-02]
ok: [MonSrv]
ok: [osh-comp-01]
ok: [osh-comp-02]
ok: [osh-comp-03]
ok: [osh-comp-04]
Monday 07 September 2026  03:29:53 -0500 (0:00:20.431)       0:59:08.648 ****** 
Monday 07 September 2026  03:29:53 -0500 (0:00:00.055)       0:59:08.703 ****** 
Monday 07 September 2026  03:29:53 -0500 (0:00:00.062)       0:59:08.765 ****** 

TASK [download : Download_file | Download item] ********************************
ok: [k8s-master-01]
ok: [k8s-master-02]
ok: [k8s-db-02]
ok: [k8s-db-01]
ok: [k8s-master-03]
ok: [k8s-db-03]
ok: [osh-ctrl-03]
ok: [osh-ctrl-01]
ok: [osh-ctrl-02]
ok: [osh-net-01]
ok: [MonSrv]
ok: [osh-net-02]
ok: [osh-comp-01]
ok: [osh-comp-02]
ok: [osh-comp-03]
ok: [osh-comp-04]
Monday 07 September 2026  03:30:06 -0500 (0:00:12.680)       0:59:21.446 ****** 
Monday 07 September 2026  03:30:07 -0500 (0:00:00.889)       0:59:22.335 ****** 
Monday 07 September 2026  03:30:08 -0500 (0:00:00.836)       0:59:23.171 ****** 
Monday 07 September 2026  03:30:09 -0500 (0:00:00.960)       0:59:24.132 ****** 

TASK [download : Download_file | Extract file archives] ************************
included: /opt/fabric-cache/repos/kubespray/roles/download/tasks/extract_file.yml for k8s-master-01, k8s-master-02, k8s-master-03, k8s-db-01, k8s-db-02, k8s-db-03, osh-ctrl-01, osh-ctrl-02, osh-ctrl-03, osh-net-01, osh-net-02, MonSrv, osh-comp-01, osh-comp-02, osh-comp-03, osh-comp-04
Monday 07 September 2026  03:30:10 -0500 (0:00:01.335)       0:59:25.467 ****** 
Monday 07 September 2026  03:30:11 -0500 (0:00:01.319)       0:59:26.787 ****** 

TASK [download : Prep_download | Set a few facts] ******************************
ok: [k8s-master-01]
ok: [k8s-master-02]
ok: [k8s-master-03]
Monday 07 September 2026  03:30:12 -0500 (0:00:00.856)       0:59:27.643 ****** 

TASK [download : Download_file | Show url of file to download] *****************
ok: [k8s-master-01] => {
    "msg": "http://172.16.2.1:8080/kubectl-v1.35.4-amd64"
}
ok: [k8s-master-02] => {
    "msg": "http://172.16.2.1:8080/kubectl-v1.35.4-amd64"
}
ok: [k8s-master-03] => {
    "msg": "http://172.16.2.1:8080/kubectl-v1.35.4-amd64"
}
Monday 07 September 2026  03:30:13 -0500 (0:00:00.713)       0:59:28.356 ****** 

TASK [download : Download_file | Set pathname of cached file] ******************
ok: [k8s-master-01]
ok: [k8s-master-02]
ok: [k8s-master-03]
Monday 07 September 2026  03:30:14 -0500 (0:00:00.721)       0:59:29.078 ****** 

TASK [download : Download_file | Create dest directory on node] ****************
ok: [k8s-master-01]
ok: [k8s-master-02]
ok: [k8s-master-03]
Monday 07 September 2026  03:30:16 -0500 (0:00:02.819)       0:59:31.898 ****** 
Monday 07 September 2026  03:30:16 -0500 (0:00:00.050)       0:59:31.949 ****** 
Monday 07 September 2026  03:30:17 -0500 (0:00:00.072)       0:59:32.022 ****** 

TASK [download : Download_file | Download item] ********************************
ok: [k8s-master-02]
ok: [k8s-master-03]
ok: [k8s-master-01]
Monday 07 September 2026  03:30:20 -0500 (0:00:03.431)       0:59:35.454 ****** 
Monday 07 September 2026  03:30:20 -0500 (0:00:00.111)       0:59:35.565 ****** 
Monday 07 September 2026  03:30:20 -0500 (0:00:00.126)       0:59:35.692 ****** 
Monday 07 September 2026  03:30:20 -0500 (0:00:00.164)       0:59:35.856 ****** 

TASK [download : Download_file | Extract file archives] ************************
included: /opt/fabric-cache/repos/kubespray/roles/download/tasks/extract_file.yml for k8s-master-01, k8s-master-02, k8s-master-03
Monday 07 September 2026  03:30:21 -0500 (0:00:00.615)       0:59:36.472 ****** 
Monday 07 September 2026  03:30:22 -0500 (0:00:00.552)       0:59:37.024 ****** 

TASK [download : Prep_download | Set a few facts] ******************************
ok: [k8s-master-02]
ok: [k8s-master-01]
ok: [k8s-master-03]
ok: [k8s-db-01]
ok: [k8s-db-02]
ok: [k8s-db-03]
ok: [osh-ctrl-01]
ok: [osh-ctrl-02]
ok: [osh-ctrl-03]
ok: [osh-net-01]
ok: [osh-net-02]
ok: [MonSrv]
ok: [osh-comp-01]
ok: [osh-comp-02]
ok: [osh-comp-03]
ok: [osh-comp-04]
Monday 07 September 2026  03:30:25 -0500 (0:00:03.170)       0:59:40.195 ****** 

TASK [download : Download_file | Show url of file to download] *****************
ok: [k8s-master-01] => {
    "msg": "http://172.16.2.1:8080/crictl-v1.35.0-linux-amd64.tar.gz"
}
ok: [k8s-master-02] => {
    "msg": "http://172.16.2.1:8080/crictl-v1.35.0-linux-amd64.tar.gz"
}
ok: [k8s-master-03] => {
    "msg": "http://172.16.2.1:8080/crictl-v1.35.0-linux-amd64.tar.gz"
}
ok: [k8s-db-01] => {
    "msg": "http://172.16.2.1:8080/crictl-v1.35.0-linux-amd64.tar.gz"
}
ok: [k8s-db-02] => {
    "msg": "http://172.16.2.1:8080/crictl-v1.35.0-linux-amd64.tar.gz"
}
ok: [k8s-db-03] => {
    "msg": "http://172.16.2.1:8080/crictl-v1.35.0-linux-amd64.tar.gz"
}
ok: [osh-ctrl-01] => {
    "msg": "http://172.16.2.1:8080/crictl-v1.35.0-linux-amd64.tar.gz"
}
ok: [osh-ctrl-02] => {
    "msg": "http://172.16.2.1:8080/crictl-v1.35.0-linux-amd64.tar.gz"
}
ok: [osh-ctrl-03] => {
    "msg": "http://172.16.2.1:8080/crictl-v1.35.0-linux-amd64.tar.gz"
}
ok: [osh-net-01] => {
    "msg": "http://172.16.2.1:8080/crictl-v1.35.0-linux-amd64.tar.gz"
}
ok: [osh-net-02] => {
    "msg": "http://172.16.2.1:8080/crictl-v1.35.0-linux-amd64.tar.gz"
}
ok: [MonSrv] => {
    "msg": "http://172.16.2.1:8080/crictl-v1.35.0-linux-amd64.tar.gz"
}
ok: [osh-comp-01] => {
    "msg": "http://172.16.2.1:8080/crictl-v1.35.0-linux-amd64.tar.gz"
}
ok: [osh-comp-02] => {
    "msg": "http://172.16.2.1:8080/crictl-v1.35.0-linux-amd64.tar.gz"
}
ok: [osh-comp-03] => {
    "msg": "http://172.16.2.1:8080/crictl-v1.35.0-linux-amd64.tar.gz"
}
ok: [osh-comp-04] => {
    "msg": "http://172.16.2.1:8080/crictl-v1.35.0-linux-amd64.tar.gz"
}
Monday 07 September 2026  03:30:28 -0500 (0:00:02.962)       0:59:43.157 ****** 

TASK [download : Download_file | Set pathname of cached file] ******************
ok: [k8s-master-01]
ok: [k8s-master-02]
ok: [k8s-master-03]
ok: [k8s-db-01]
ok: [k8s-db-02]
ok: [k8s-db-03]
ok: [osh-ctrl-01]
ok: [osh-ctrl-02]
ok: [osh-ctrl-03]
ok: [osh-net-01]
ok: [osh-net-02]
ok: [MonSrv]
ok: [osh-comp-01]
ok: [osh-comp-02]
ok: [osh-comp-03]
ok: [osh-comp-04]
Monday 07 September 2026  03:30:31 -0500 (0:00:03.239)       0:59:46.397 ****** 

TASK [download : Download_file | Create dest directory on node] ****************
ok: [k8s-master-01]
ok: [k8s-master-02]
ok: [k8s-master-03]
ok: [k8s-db-01]
ok: [k8s-db-02]
ok: [k8s-db-03]
ok: [osh-ctrl-03]
ok: [osh-ctrl-01]
ok: [osh-ctrl-02]
ok: [osh-net-01]
ok: [MonSrv]
ok: [osh-comp-01]
ok: [osh-net-02]
ok: [osh-comp-02]
ok: [osh-comp-03]
ok: [osh-comp-04]
Monday 07 September 2026  03:30:43 -0500 (0:00:11.757)       0:59:58.154 ****** 
Monday 07 September 2026  03:30:43 -0500 (0:00:00.069)       0:59:58.224 ****** 
Monday 07 September 2026  03:30:43 -0500 (0:00:00.082)       0:59:58.307 ****** 

TASK [download : Download_file | Download item] ********************************
ok: [k8s-master-01]
ok: [k8s-master-03]
ok: [k8s-master-02]
ok: [k8s-db-02]
ok: [k8s-db-01]
ok: [k8s-db-03]
ok: [osh-ctrl-03]
ok: [osh-ctrl-01]
ok: [osh-ctrl-02]
ok: [osh-net-01]
ok: [osh-comp-01]
ok: [MonSrv]
ok: [osh-net-02]
ok: [osh-comp-02]
ok: [osh-comp-03]
ok: [osh-comp-04]
Monday 07 September 2026  03:31:00 -0500 (0:00:17.101)       1:00:15.408 ****** 
Monday 07 September 2026  03:31:01 -0500 (0:00:00.575)       1:00:15.984 ****** 
Monday 07 September 2026  03:31:01 -0500 (0:00:00.887)       1:00:16.871 ****** 
Monday 07 September 2026  03:31:02 -0500 (0:00:01.008)       1:00:17.880 ****** 

TASK [download : Download_file | Extract file archives] ************************
included: /opt/fabric-cache/repos/kubespray/roles/download/tasks/extract_file.yml for k8s-master-01, k8s-master-02, k8s-master-03, k8s-db-01, k8s-db-02, k8s-db-03, osh-ctrl-01, osh-ctrl-02, osh-ctrl-03, osh-net-01, osh-net-02, MonSrv, osh-comp-01, osh-comp-02, osh-comp-03, osh-comp-04
Monday 07 September 2026  03:31:04 -0500 (0:00:01.450)       1:00:19.331 ****** 

TASK [download : Extract_file | Unpacking archive] *****************************
ok: [k8s-db-02]
ok: [k8s-db-01]
ok: [k8s-master-03]
ok: [k8s-master-02]
ok: [k8s-master-01]
ok: [k8s-db-03]
ok: [osh-ctrl-01]
ok: [osh-ctrl-03]
ok: [osh-net-01]
ok: [osh-ctrl-02]
ok: [MonSrv]
ok: [osh-net-02]
ok: [osh-comp-01]
ok: [osh-comp-03]
ok: [osh-comp-02]
ok: [osh-comp-04]
Monday 07 September 2026  03:31:42 -0500 (0:00:37.702)       1:00:57.034 ****** 

TASK [download : Prep_download | Set a few facts] ******************************
ok: [k8s-master-01]
ok: [k8s-master-02]
ok: [k8s-master-03]
ok: [k8s-db-01]
ok: [k8s-db-02]
ok: [k8s-db-03]
ok: [osh-ctrl-01]
ok: [osh-ctrl-02]
ok: [osh-ctrl-03]
ok: [osh-net-01]
ok: [osh-net-02]
ok: [MonSrv]
ok: [osh-comp-01]
ok: [osh-comp-02]
ok: [osh-comp-03]
ok: [osh-comp-04]
Monday 07 September 2026  03:31:44 -0500 (0:00:02.825)       1:00:59.860 ****** 

TASK [download : Download_file | Show url of file to download] *****************
ok: [k8s-master-01] => {
    "msg": "http://172.16.2.1:8080/runc.amd64"
}
ok: [k8s-master-02] => {
    "msg": "http://172.16.2.1:8080/runc.amd64"
}
ok: [k8s-master-03] => {
    "msg": "http://172.16.2.1:8080/runc.amd64"
}
ok: [k8s-db-01] => {
    "msg": "http://172.16.2.1:8080/runc.amd64"
}
ok: [k8s-db-02] => {
    "msg": "http://172.16.2.1:8080/runc.amd64"
}
ok: [k8s-db-03] => {
    "msg": "http://172.16.2.1:8080/runc.amd64"
}
ok: [osh-ctrl-01] => {
    "msg": "http://172.16.2.1:8080/runc.amd64"
}
ok: [osh-ctrl-02] => {
    "msg": "http://172.16.2.1:8080/runc.amd64"
}
ok: [osh-ctrl-03] => {
    "msg": "http://172.16.2.1:8080/runc.amd64"
}
ok: [osh-net-01] => {
    "msg": "http://172.16.2.1:8080/runc.amd64"
}
ok: [osh-net-02] => {
    "msg": "http://172.16.2.1:8080/runc.amd64"
}
ok: [MonSrv] => {
    "msg": "http://172.16.2.1:8080/runc.amd64"
}
ok: [osh-comp-01] => {
    "msg": "http://172.16.2.1:8080/runc.amd64"
}
ok: [osh-comp-02] => {
    "msg": "http://172.16.2.1:8080/runc.amd64"
}
ok: [osh-comp-03] => {
    "msg": "http://172.16.2.1:8080/runc.amd64"
}
ok: [osh-comp-04] => {
    "msg": "http://172.16.2.1:8080/runc.amd64"
}
Monday 07 September 2026  03:31:47 -0500 (0:00:02.775)       1:01:02.635 ****** 

TASK [download : Download_file | Set pathname of cached file] ******************
ok: [k8s-master-01]
ok: [k8s-master-02]
ok: [k8s-master-03]
ok: [k8s-db-01]
ok: [k8s-db-02]
ok: [k8s-db-03]
ok: [osh-ctrl-01]
ok: [osh-ctrl-02]
ok: [osh-ctrl-03]
ok: [osh-net-01]
ok: [osh-net-02]
ok: [MonSrv]
ok: [osh-comp-01]
ok: [osh-comp-02]
ok: [osh-comp-03]
ok: [osh-comp-04]
Monday 07 September 2026  03:31:50 -0500 (0:00:02.920)       1:01:05.556 ****** 

TASK [download : Download_file | Create dest directory on node] ****************
ok: [k8s-master-01]
ok: [k8s-db-02]
ok: [k8s-master-02]
ok: [k8s-master-03]
ok: [k8s-db-01]
ok: [k8s-db-03]
ok: [osh-ctrl-03]
ok: [osh-ctrl-01]
ok: [osh-ctrl-02]
ok: [osh-comp-01]
ok: [MonSrv]
ok: [osh-net-01]
ok: [osh-net-02]
ok: [osh-comp-02]
ok: [osh-comp-03]
ok: [osh-comp-04]
Monday 07 September 2026  03:32:03 -0500 (0:00:13.222)       1:01:18.778 ****** 
Monday 07 September 2026  03:32:03 -0500 (0:00:00.053)       1:01:18.832 ****** 
Monday 07 September 2026  03:32:03 -0500 (0:00:00.058)       1:01:18.891 ****** 

TASK [download : Download_file | Download item] ********************************
ok: [k8s-master-01]
ok: [k8s-db-01]
ok: [k8s-master-02]
ok: [k8s-master-03]
ok: [k8s-db-02]
ok: [k8s-db-03]
ok: [osh-ctrl-03]
ok: [osh-ctrl-01]
ok: [osh-ctrl-02]
ok: [osh-net-01]
ok: [MonSrv]
ok: [osh-comp-01]
ok: [osh-net-02]
ok: [osh-comp-02]
ok: [osh-comp-03]
ok: [osh-comp-04]
Monday 07 September 2026  03:32:16 -0500 (0:00:12.437)       1:01:31.329 ****** 
Monday 07 September 2026  03:32:17 -0500 (0:00:00.696)       1:01:32.025 ****** 
Monday 07 September 2026  03:32:17 -0500 (0:00:00.832)       1:01:32.857 ****** 
Monday 07 September 2026  03:32:18 -0500 (0:00:00.910)       1:01:33.768 ****** 

TASK [download : Download_file | Extract file archives] ************************
included: /opt/fabric-cache/repos/kubespray/roles/download/tasks/extract_file.yml for k8s-master-01, k8s-master-02, k8s-master-03, k8s-db-01, k8s-db-02, k8s-db-03, osh-ctrl-01, osh-ctrl-02, osh-ctrl-03, osh-net-01, osh-net-02, MonSrv, osh-comp-01, osh-comp-02, osh-comp-03, osh-comp-04
Monday 07 September 2026  03:32:20 -0500 (0:00:01.372)       1:01:35.141 ****** 
Monday 07 September 2026  03:32:21 -0500 (0:00:01.346)       1:01:36.487 ****** 

TASK [download : Prep_download | Set a few facts] ******************************
ok: [k8s-master-01]
ok: [k8s-master-02]
ok: [k8s-master-03]
ok: [k8s-db-01]
ok: [k8s-db-02]
ok: [k8s-db-03]
ok: [osh-ctrl-01]
ok: [osh-ctrl-02]
ok: [osh-ctrl-03]
ok: [osh-net-01]
ok: [osh-net-02]
ok: [MonSrv]
ok: [osh-comp-01]
ok: [osh-comp-02]
ok: [osh-comp-03]
ok: [osh-comp-04]
Monday 07 September 2026  03:32:24 -0500 (0:00:03.148)       1:01:39.636 ****** 

TASK [download : Download_file | Show url of file to download] *****************
ok: [k8s-master-01] => {
    "msg": "http://172.16.2.1:8080/containerd-2.2.3-linux-amd64.tar.gz"
}
ok: [k8s-master-02] => {
    "msg": "http://172.16.2.1:8080/containerd-2.2.3-linux-amd64.tar.gz"
}
ok: [k8s-master-03] => {
    "msg": "http://172.16.2.1:8080/containerd-2.2.3-linux-amd64.tar.gz"
}
ok: [k8s-db-01] => {
    "msg": "http://172.16.2.1:8080/containerd-2.2.3-linux-amd64.tar.gz"
}
ok: [k8s-db-02] => {
    "msg": "http://172.16.2.1:8080/containerd-2.2.3-linux-amd64.tar.gz"
}
ok: [k8s-db-03] => {
    "msg": "http://172.16.2.1:8080/containerd-2.2.3-linux-amd64.tar.gz"
}
ok: [osh-ctrl-01] => {
    "msg": "http://172.16.2.1:8080/containerd-2.2.3-linux-amd64.tar.gz"
}
ok: [osh-ctrl-02] => {
    "msg": "http://172.16.2.1:8080/containerd-2.2.3-linux-amd64.tar.gz"
}
ok: [osh-ctrl-03] => {
    "msg": "http://172.16.2.1:8080/containerd-2.2.3-linux-amd64.tar.gz"
}
ok: [osh-net-01] => {
    "msg": "http://172.16.2.1:8080/containerd-2.2.3-linux-amd64.tar.gz"
}
ok: [osh-net-02] => {
    "msg": "http://172.16.2.1:8080/containerd-2.2.3-linux-amd64.tar.gz"
}
ok: [MonSrv] => {
    "msg": "http://172.16.2.1:8080/containerd-2.2.3-linux-amd64.tar.gz"
}
ok: [osh-comp-01] => {
    "msg": "http://172.16.2.1:8080/containerd-2.2.3-linux-amd64.tar.gz"
}
ok: [osh-comp-02] => {
    "msg": "http://172.16.2.1:8080/containerd-2.2.3-linux-amd64.tar.gz"
}
ok: [osh-comp-03] => {
    "msg": "http://172.16.2.1:8080/containerd-2.2.3-linux-amd64.tar.gz"
}
ok: [osh-comp-04] => {
    "msg": "http://172.16.2.1:8080/containerd-2.2.3-linux-amd64.tar.gz"
}
Monday 07 September 2026  03:32:27 -0500 (0:00:02.782)       1:01:42.419 ****** 

TASK [download : Download_file | Set pathname of cached file] ******************
ok: [k8s-master-01]
ok: [k8s-master-02]
ok: [k8s-master-03]
ok: [k8s-db-01]
ok: [k8s-db-02]
ok: [k8s-db-03]
ok: [osh-ctrl-01]
ok: [osh-ctrl-02]
ok: [osh-ctrl-03]
ok: [osh-net-01]
ok: [osh-net-02]
ok: [MonSrv]
ok: [osh-comp-01]
ok: [osh-comp-02]
ok: [osh-comp-03]
ok: [osh-comp-04]
Monday 07 September 2026  03:32:30 -0500 (0:00:02.802)       1:01:45.222 ****** 

TASK [download : Download_file | Create dest directory on node] ****************
ok: [k8s-master-01]
ok: [k8s-db-02]
ok: [k8s-master-02]
ok: [k8s-db-01]
ok: [k8s-master-03]
ok: [osh-ctrl-01]
ok: [k8s-db-03]
ok: [osh-ctrl-02]
ok: [osh-net-01]
ok: [osh-ctrl-03]
ok: [MonSrv]
ok: [osh-comp-01]
ok: [osh-net-02]
ok: [osh-comp-02]
ok: [osh-comp-04]
ok: [osh-comp-03]
Monday 07 September 2026  03:32:41 -0500 (0:00:11.545)       1:01:56.767 ****** 
Monday 07 September 2026  03:32:41 -0500 (0:00:00.050)       1:01:56.817 ****** 
Monday 07 September 2026  03:32:41 -0500 (0:00:00.058)       1:01:56.876 ****** 

TASK [download : Download_file | Download item] ********************************
ok: [k8s-master-01]
ok: [k8s-db-02]
ok: [k8s-db-01]
ok: [k8s-master-03]
ok: [k8s-master-02]
ok: [k8s-db-03]
ok: [osh-ctrl-01]
ok: [osh-ctrl-02]
ok: [osh-ctrl-03]
ok: [osh-net-01]
ok: [MonSrv]
ok: [osh-net-02]
ok: [osh-comp-01]
ok: [osh-comp-02]
ok: [osh-comp-03]
ok: [osh-comp-04]
Monday 07 September 2026  03:32:54 -0500 (0:00:12.631)       1:02:09.507 ****** 
Monday 07 September 2026  03:32:55 -0500 (0:00:00.786)       1:02:10.294 ****** 
Monday 07 September 2026  03:32:55 -0500 (0:00:00.675)       1:02:10.969 ****** 
Monday 07 September 2026  03:32:56 -0500 (0:00:00.742)       1:02:11.712 ****** 

TASK [download : Download_file | Extract file archives] ************************
included: /opt/fabric-cache/repos/kubespray/roles/download/tasks/extract_file.yml for k8s-master-01, k8s-master-02, k8s-master-03, k8s-db-01, k8s-db-02, k8s-db-03, osh-ctrl-01, osh-ctrl-02, osh-ctrl-03, osh-net-01, osh-net-02, MonSrv, osh-comp-01, osh-comp-02, osh-comp-03, osh-comp-04
Monday 07 September 2026  03:32:58 -0500 (0:00:01.302)       1:02:13.015 ****** 
Monday 07 September 2026  03:32:59 -0500 (0:00:01.492)       1:02:14.508 ****** 

TASK [download : Prep_download | Set a few facts] ******************************
ok: [k8s-master-01]
ok: [k8s-master-02]
ok: [k8s-master-03]
ok: [k8s-db-01]
ok: [k8s-db-02]
ok: [k8s-db-03]
ok: [osh-ctrl-01]
ok: [osh-ctrl-02]
ok: [osh-ctrl-03]
ok: [osh-net-01]
ok: [osh-net-02]
ok: [MonSrv]
ok: [osh-comp-01]
ok: [osh-comp-02]
ok: [osh-comp-03]
ok: [osh-comp-04]
Monday 07 September 2026  03:33:02 -0500 (0:00:03.116)       1:02:17.624 ****** 

TASK [download : Download_file | Show url of file to download] *****************
ok: [k8s-master-01] => {
    "msg": "http://172.16.2.1:8080/nerdctl-2.2.2-linux-amd64.tar.gz"
}
ok: [k8s-master-02] => {
    "msg": "http://172.16.2.1:8080/nerdctl-2.2.2-linux-amd64.tar.gz"
}
ok: [k8s-master-03] => {
    "msg": "http://172.16.2.1:8080/nerdctl-2.2.2-linux-amd64.tar.gz"
}
ok: [k8s-db-01] => {
    "msg": "http://172.16.2.1:8080/nerdctl-2.2.2-linux-amd64.tar.gz"
}
ok: [k8s-db-02] => {
    "msg": "http://172.16.2.1:8080/nerdctl-2.2.2-linux-amd64.tar.gz"
}
ok: [k8s-db-03] => {
    "msg": "http://172.16.2.1:8080/nerdctl-2.2.2-linux-amd64.tar.gz"
}
ok: [osh-ctrl-01] => {
    "msg": "http://172.16.2.1:8080/nerdctl-2.2.2-linux-amd64.tar.gz"
}
ok: [osh-ctrl-02] => {
    "msg": "http://172.16.2.1:8080/nerdctl-2.2.2-linux-amd64.tar.gz"
}
ok: [osh-ctrl-03] => {
    "msg": "http://172.16.2.1:8080/nerdctl-2.2.2-linux-amd64.tar.gz"
}
ok: [osh-net-01] => {
    "msg": "http://172.16.2.1:8080/nerdctl-2.2.2-linux-amd64.tar.gz"
}
ok: [osh-net-02] => {
    "msg": "http://172.16.2.1:8080/nerdctl-2.2.2-linux-amd64.tar.gz"
}
ok: [MonSrv] => {
    "msg": "http://172.16.2.1:8080/nerdctl-2.2.2-linux-amd64.tar.gz"
}
ok: [osh-comp-01] => {
    "msg": "http://172.16.2.1:8080/nerdctl-2.2.2-linux-amd64.tar.gz"
}
ok: [osh-comp-02] => {
    "msg": "http://172.16.2.1:8080/nerdctl-2.2.2-linux-amd64.tar.gz"
}
ok: [osh-comp-03] => {
    "msg": "http://172.16.2.1:8080/nerdctl-2.2.2-linux-amd64.tar.gz"
}
ok: [osh-comp-04] => {
    "msg": "http://172.16.2.1:8080/nerdctl-2.2.2-linux-amd64.tar.gz"
}
Monday 07 September 2026  03:33:05 -0500 (0:00:03.158)       1:02:20.783 ****** 

TASK [download : Download_file | Set pathname of cached file] ******************
ok: [k8s-master-01]
ok: [k8s-master-02]
ok: [k8s-master-03]
ok: [k8s-db-01]
ok: [k8s-db-02]
ok: [k8s-db-03]
ok: [osh-ctrl-01]
ok: [osh-ctrl-02]
ok: [osh-ctrl-03]
ok: [osh-net-01]
ok: [osh-net-02]
ok: [MonSrv]
ok: [osh-comp-01]
ok: [osh-comp-02]
ok: [osh-comp-03]
ok: [osh-comp-04]
Monday 07 September 2026  03:33:08 -0500 (0:00:02.872)       1:02:23.655 ****** 

TASK [download : Download_file | Create dest directory on node] ****************
ok: [k8s-master-01]
ok: [k8s-master-02]
ok: [k8s-db-02]
ok: [k8s-master-03]
ok: [k8s-db-03]
ok: [k8s-db-01]
ok: [osh-ctrl-01]
ok: [osh-ctrl-02]
ok: [osh-ctrl-03]
ok: [osh-net-01]
ok: [MonSrv]
ok: [osh-net-02]
ok: [osh-comp-01]
ok: [osh-comp-02]
ok: [osh-comp-03]
ok: [osh-comp-04]
Monday 07 September 2026  03:33:26 -0500 (0:00:17.532)       1:02:41.187 ****** 
Monday 07 September 2026  03:33:26 -0500 (0:00:00.058)       1:02:41.245 ****** 
Monday 07 September 2026  03:33:26 -0500 (0:00:00.061)       1:02:41.307 ****** 

TASK [download : Download_file | Download item] ********************************
ok: [k8s-master-01]
ok: [k8s-master-03]
ok: [k8s-master-02]
ok: [k8s-db-02]
ok: [k8s-db-01]
ok: [k8s-db-03]
ok: [osh-ctrl-01]
ok: [osh-ctrl-03]
ok: [osh-ctrl-02]
ok: [osh-net-01]
ok: [MonSrv]
ok: [osh-comp-01]
ok: [osh-net-02]
ok: [osh-comp-02]
ok: [osh-comp-03]
ok: [osh-comp-04]
Monday 07 September 2026  03:33:39 -0500 (0:00:12.803)       1:02:54.111 ****** 
Monday 07 September 2026  03:33:39 -0500 (0:00:00.558)       1:02:54.670 ****** 
Monday 07 September 2026  03:33:40 -0500 (0:00:00.743)       1:02:55.413 ****** 
Monday 07 September 2026  03:33:41 -0500 (0:00:00.771)       1:02:56.185 ****** 

TASK [download : Download_file | Extract file archives] ************************
included: /opt/fabric-cache/repos/kubespray/roles/download/tasks/extract_file.yml for k8s-master-01, k8s-master-02, k8s-master-03, k8s-db-01, k8s-db-02, k8s-db-03, osh-ctrl-01, osh-ctrl-02, osh-ctrl-03, osh-net-01, osh-net-02, MonSrv, osh-comp-01, osh-comp-02, osh-comp-03, osh-comp-04
Monday 07 September 2026  03:33:42 -0500 (0:00:01.353)       1:02:57.538 ****** 

TASK [download : Extract_file | Unpacking archive] *****************************
ok: [k8s-master-02]
ok: [k8s-db-01]
ok: [k8s-db-02]
ok: [k8s-master-01]
ok: [k8s-master-03]
ok: [osh-ctrl-03]
ok: [osh-ctrl-02]
ok: [k8s-db-03]
ok: [osh-ctrl-01]
ok: [osh-net-01]
ok: [osh-net-02]
ok: [MonSrv]
ok: [osh-comp-01]
ok: [osh-comp-02]
ok: [osh-comp-03]
ok: [osh-comp-04]
Monday 07 September 2026  03:34:23 -0500 (0:00:40.780)       1:03:38.319 ****** 

TASK [download : Set default values for flag variables] ************************
ok: [k8s-master-01]
ok: [k8s-master-02]
ok: [k8s-master-03]
ok: [k8s-db-01]
ok: [k8s-db-02]
ok: [k8s-db-03]
ok: [osh-ctrl-01]
ok: [osh-ctrl-02]
ok: [osh-ctrl-03]
ok: [osh-net-01]
ok: [osh-net-02]
ok: [MonSrv]
ok: [osh-comp-01]
ok: [osh-comp-02]
ok: [osh-comp-03]
ok: [osh-comp-04]
Monday 07 September 2026  03:34:25 -0500 (0:00:02.317)       1:03:40.636 ****** 

TASK [download : Set_container_facts | Display the name of the image being processed] ***
ok: [k8s-master-01] => {
    "msg": "172.16.2.1:5000/k8snetworkplumbingwg/multus-cni"
}
ok: [k8s-master-02] => {
    "msg": "172.16.2.1:5000/k8snetworkplumbingwg/multus-cni"
}
ok: [k8s-master-03] => {
    "msg": "172.16.2.1:5000/k8snetworkplumbingwg/multus-cni"
}
ok: [k8s-db-01] => {
    "msg": "172.16.2.1:5000/k8snetworkplumbingwg/multus-cni"
}
ok: [k8s-db-02] => {
    "msg": "172.16.2.1:5000/k8snetworkplumbingwg/multus-cni"
}
ok: [k8s-db-03] => {
    "msg": "172.16.2.1:5000/k8snetworkplumbingwg/multus-cni"
}
ok: [osh-ctrl-01] => {
    "msg": "172.16.2.1:5000/k8snetworkplumbingwg/multus-cni"
}
ok: [osh-ctrl-02] => {
    "msg": "172.16.2.1:5000/k8snetworkplumbingwg/multus-cni"
}
ok: [osh-ctrl-03] => {
    "msg": "172.16.2.1:5000/k8snetworkplumbingwg/multus-cni"
}
ok: [osh-net-01] => {
    "msg": "172.16.2.1:5000/k8snetworkplumbingwg/multus-cni"
}
ok: [osh-net-02] => {
    "msg": "172.16.2.1:5000/k8snetworkplumbingwg/multus-cni"
}
ok: [MonSrv] => {
    "msg": "172.16.2.1:5000/k8snetworkplumbingwg/multus-cni"
}
ok: [osh-comp-01] => {
    "msg": "172.16.2.1:5000/k8snetworkplumbingwg/multus-cni"
}
ok: [osh-comp-02] => {
    "msg": "172.16.2.1:5000/k8snetworkplumbingwg/multus-cni"
}
ok: [osh-comp-03] => {
    "msg": "172.16.2.1:5000/k8snetworkplumbingwg/multus-cni"
}
ok: [osh-comp-04] => {
    "msg": "172.16.2.1:5000/k8snetworkplumbingwg/multus-cni"
}
Monday 07 September 2026  03:34:29 -0500 (0:00:03.507)       1:03:44.143 ****** 

TASK [download : Set_container_facts | Set if containers should be pulled by digest] ***
ok: [k8s-master-01]
ok: [k8s-master-02]
ok: [k8s-master-03]
ok: [k8s-db-01]
ok: [k8s-db-02]
ok: [k8s-db-03]
ok: [osh-ctrl-01]
ok: [osh-ctrl-02]
ok: [osh-ctrl-03]
ok: [osh-net-01]
ok: [osh-net-02]
ok: [MonSrv]
ok: [osh-comp-01]
ok: [osh-comp-02]
ok: [osh-comp-03]
ok: [osh-comp-04]
Monday 07 September 2026  03:34:32 -0500 (0:00:03.125)       1:03:47.268 ****** 

TASK [download : Set_container_facts | Define by what name to pull the image] ***
ok: [k8s-master-01]
ok: [k8s-master-02]
ok: [k8s-master-03]
ok: [k8s-db-01]
ok: [k8s-db-02]
ok: [k8s-db-03]
ok: [osh-ctrl-01]
ok: [osh-ctrl-02]
ok: [osh-ctrl-03]
ok: [osh-net-01]
ok: [osh-net-02]
ok: [MonSrv]
ok: [osh-comp-01]
ok: [osh-comp-02]
ok: [osh-comp-03]
ok: [osh-comp-04]
Monday 07 September 2026  03:34:35 -0500 (0:00:02.810)       1:03:50.079 ****** 

TASK [download : Set_container_facts | Define file name of image] **************
ok: [k8s-master-01]
ok: [k8s-master-02]
ok: [k8s-master-03]
ok: [k8s-db-01]
ok: [k8s-db-02]
ok: [k8s-db-03]
ok: [osh-ctrl-01]
ok: [osh-ctrl-02]
ok: [osh-ctrl-03]
ok: [osh-net-01]
ok: [osh-net-02]
ok: [MonSrv]
ok: [osh-comp-01]
ok: [osh-comp-02]
ok: [osh-comp-03]
ok: [osh-comp-04]
Monday 07 September 2026  03:34:37 -0500 (0:00:02.803)       1:03:52.883 ****** 

TASK [download : Set_container_facts | Define path of image] *******************
ok: [k8s-master-01]
ok: [k8s-master-02]
ok: [k8s-master-03]
ok: [k8s-db-01]
ok: [k8s-db-02]
ok: [k8s-db-03]
ok: [osh-ctrl-01]
ok: [osh-ctrl-02]
ok: [osh-ctrl-03]
ok: [osh-net-01]
ok: [osh-net-02]
ok: [MonSrv]
ok: [osh-comp-01]
ok: [osh-comp-02]
ok: [osh-comp-03]
ok: [osh-comp-04]
Monday 07 September 2026  03:34:40 -0500 (0:00:02.936)       1:03:55.820 ****** 
Monday 07 September 2026  03:34:41 -0500 (0:00:00.736)       1:03:56.557 ****** 

TASK [download : Set image save/load command for containerd] *******************
ok: [k8s-master-01]
ok: [k8s-master-02]
ok: [k8s-master-03]
ok: [k8s-db-01]
ok: [k8s-db-02]
ok: [k8s-db-03]
ok: [osh-ctrl-01]
ok: [osh-ctrl-02]
ok: [osh-ctrl-03]
ok: [osh-net-01]
ok: [osh-net-02]
ok: [MonSrv]
ok: [osh-comp-01]
ok: [osh-comp-02]
ok: [osh-comp-03]
ok: [osh-comp-04]
Monday 07 September 2026  03:34:44 -0500 (0:00:02.771)       1:03:59.328 ****** 
Monday 07 September 2026  03:34:45 -0500 (0:00:00.779)       1:04:00.107 ****** 
Monday 07 September 2026  03:34:45 -0500 (0:00:00.747)       1:04:00.855 ****** 

TASK [download : Set image save/load command for containerd on localhost] ******
ok: [k8s-master-01]
ok: [k8s-master-02]
ok: [k8s-master-03]
ok: [k8s-db-01]
ok: [k8s-db-02]
ok: [k8s-db-03]
ok: [osh-ctrl-01]
ok: [osh-ctrl-02]
ok: [osh-ctrl-03]
ok: [osh-net-01]
ok: [osh-net-02]
ok: [MonSrv]
ok: [osh-comp-01]
ok: [osh-comp-02]
ok: [osh-comp-03]
ok: [osh-comp-04]
Monday 07 September 2026  03:34:48 -0500 (0:00:02.751)       1:04:03.606 ****** 
Monday 07 September 2026  03:34:49 -0500 (0:00:00.810)       1:04:04.417 ****** 

TASK [download : Download_container | Prepare container download] **************
included: /opt/fabric-cache/repos/kubespray/roles/download/tasks/check_pull_required.yml for k8s-master-01, k8s-master-02, k8s-master-03, k8s-db-01, k8s-db-02, k8s-db-03, osh-ctrl-01, osh-ctrl-02, osh-ctrl-03, osh-net-01, osh-net-02, MonSrv, osh-comp-01, osh-comp-02, osh-comp-03, osh-comp-04
Monday 07 September 2026  03:34:51 -0500 (0:00:01.618)       1:04:06.035 ****** 

TASK [download : Check_pull_required |  Generate a list of information about the images on a node] ***
ok: [k8s-master-01]
ok: [k8s-master-02]
ok: [k8s-db-01]
ok: [k8s-db-02]
ok: [k8s-master-03]
ok: [k8s-db-03]
ok: [osh-ctrl-03]
ok: [osh-ctrl-02]
ok: [osh-ctrl-01]
ok: [osh-net-01]
ok: [MonSrv]
ok: [osh-comp-01]
ok: [osh-net-02]
ok: [osh-comp-03]
ok: [osh-comp-02]
ok: [osh-comp-04]
Monday 07 September 2026  03:35:04 -0500 (0:00:13.893)       1:04:19.929 ****** 

TASK [download : Check_pull_required | Set pull_required if the desired image is not yet loaded] ***
ok: [k8s-master-01]
ok: [k8s-master-02]
ok: [k8s-master-03]
ok: [k8s-db-01]
ok: [k8s-db-02]
ok: [k8s-db-03]
ok: [osh-ctrl-01]
ok: [osh-ctrl-02]
ok: [osh-ctrl-03]
ok: [osh-net-01]
ok: [osh-net-02]
ok: [MonSrv]
ok: [osh-comp-01]
ok: [osh-comp-02]
ok: [osh-comp-03]
ok: [osh-comp-04]
Monday 07 September 2026  03:35:07 -0500 (0:00:02.557)       1:04:22.487 ****** 
Monday 07 September 2026  03:35:08 -0500 (0:00:00.896)       1:04:23.384 ****** 

TASK [download : debug] ********************************************************
ok: [k8s-master-01] => {
    "msg": "Pull 172.16.2.1:5000/k8snetworkplumbingwg/multus-cni:v4.1.0 required is: True"
}
ok: [k8s-master-02] => {
    "msg": "Pull 172.16.2.1:5000/k8snetworkplumbingwg/multus-cni:v4.1.0 required is: True"
}
ok: [k8s-master-03] => {
    "msg": "Pull 172.16.2.1:5000/k8snetworkplumbingwg/multus-cni:v4.1.0 required is: True"
}
ok: [k8s-db-01] => {
    "msg": "Pull 172.16.2.1:5000/k8snetworkplumbingwg/multus-cni:v4.1.0 required is: True"
}
ok: [k8s-db-02] => {
    "msg": "Pull 172.16.2.1:5000/k8snetworkplumbingwg/multus-cni:v4.1.0 required is: True"
}
ok: [k8s-db-03] => {
    "msg": "Pull 172.16.2.1:5000/k8snetworkplumbingwg/multus-cni:v4.1.0 required is: True"
}
ok: [osh-ctrl-01] => {
    "msg": "Pull 172.16.2.1:5000/k8snetworkplumbingwg/multus-cni:v4.1.0 required is: True"
}
ok: [osh-ctrl-02] => {
    "msg": "Pull 172.16.2.1:5000/k8snetworkplumbingwg/multus-cni:v4.1.0 required is: True"
}
ok: [osh-ctrl-03] => {
    "msg": "Pull 172.16.2.1:5000/k8snetworkplumbingwg/multus-cni:v4.1.0 required is: True"
}
ok: [osh-net-01] => {
    "msg": "Pull 172.16.2.1:5000/k8snetworkplumbingwg/multus-cni:v4.1.0 required is: True"
}
ok: [osh-net-02] => {
    "msg": "Pull 172.16.2.1:5000/k8snetworkplumbingwg/multus-cni:v4.1.0 required is: True"
}
ok: [MonSrv] => {
    "msg": "Pull 172.16.2.1:5000/k8snetworkplumbingwg/multus-cni:v4.1.0 required is: True"
}
ok: [osh-comp-01] => {
    "msg": "Pull 172.16.2.1:5000/k8snetworkplumbingwg/multus-cni:v4.1.0 required is: True"
}
ok: [osh-comp-02] => {
    "msg": "Pull 172.16.2.1:5000/k8snetworkplumbingwg/multus-cni:v4.1.0 required is: True"
}
ok: [osh-comp-03] => {
    "msg": "Pull 172.16.2.1:5000/k8snetworkplumbingwg/multus-cni:v4.1.0 required is: True"
}
ok: [osh-comp-04] => {
    "msg": "Pull 172.16.2.1:5000/k8snetworkplumbingwg/multus-cni:v4.1.0 required is: True"
}
Monday 07 September 2026  03:35:11 -0500 (0:00:03.201)       1:04:26.585 ****** 
Monday 07 September 2026  03:35:12 -0500 (0:00:00.746)       1:04:27.332 ****** 
Monday 07 September 2026  03:35:13 -0500 (0:00:00.845)       1:04:28.177 ****** 
Monday 07 September 2026  03:35:14 -0500 (0:00:00.821)       1:04:28.999 ****** 
FAILED - RETRYING: [k8s-db-02]: Download_container | Download image if required (4 retries left).
FAILED - RETRYING: [k8s-master-02]: Download_container | Download image if required (4 retries left).
FAILED - RETRYING: [k8s-master-03]: Download_container | Download image if required (4 retries left).
FAILED - RETRYING: [k8s-db-01]: Download_container | Download image if required (4 retries left).
FAILED - RETRYING: [k8s-master-01]: Download_container | Download image if required (4 retries left).
FAILED - RETRYING: [k8s-master-03]: Download_container | Download image if required (3 retries left).
FAILED - RETRYING: [k8s-db-02]: Download_container | Download image if required (3 retries left).
FAILED - RETRYING: [k8s-db-01]: Download_container | Download image if required (3 retries left).
FAILED - RETRYING: [k8s-master-02]: Download_container | Download image if required (3 retries left).
FAILED - RETRYING: [k8s-master-01]: Download_container | Download image if required (3 retries left).
FAILED - RETRYING: [k8s-master-03]: Download_container | Download image if required (2 retries left).
FAILED - RETRYING: [k8s-db-02]: Download_container | Download image if required (2 retries left).
FAILED - RETRYING: [k8s-master-02]: Download_container | Download image if required (2 retries left).
FAILED - RETRYING: [k8s-db-01]: Download_container | Download image if required (2 retries left).
FAILED - RETRYING: [k8s-master-03]: Download_container | Download image if required (1 retries left).
FAILED - RETRYING: [k8s-master-01]: Download_container | Download image if required (2 retries left).
FAILED - RETRYING: [k8s-db-02]: Download_container | Download image if required (1 retries left).
FAILED - RETRYING: [k8s-master-02]: Download_container | Download image if required (1 retries left).
FAILED - RETRYING: [k8s-db-01]: Download_container | Download image if required (1 retries left).

TASK [download : Download_container | Download image if required] **************
fatal: [k8s-master-03]: FAILED! => {"attempts": 4, "changed": true, "cmd": ["/usr/local/bin/nerdctl", "-n", "k8s.io", "pull", "--quiet", "172.16.2.1:5000/k8snetworkplumbingwg/multus-cni:v4.1.0"], "delta": "0:00:00.482760", "end": "2026-09-07 10:35:41.674161", "msg": "non-zero return code", "rc": 1, "start": "2026-09-07 10:35:41.191401", "stderr": "time=\"2026-09-07T10:35:41+02:00\" level=info msg=\"fetch failed\" error=\"failed to do request: Head \\\"https://172.16.2.1:5000/v2/k8snetworkplumbingwg/multus-cni/manifests/v4.1.0\\\": http: server gave HTTP response to HTTPS client\" host=\"172.16.2.1:5000\"\ntime=\"2026-09-07T10:35:41+02:00\" level=error msg=\"server \\\"172.16.2.1:5000\\\" does not seem to support HTTPS\" error=\"failed to resolve reference \\\"172.16.2.1:5000/k8snetworkplumbingwg/multus-cni:v4.1.0\\\": failed to do request: Head \\\"https://172.16.2.1:5000/v2/k8snetworkplumbingwg/multus-cni/manifests/v4.1.0\\\": http: server gave HTTP response to HTTPS client\"\ntime=\"2026-09-07T10:35:41+02:00\" level=info msg=\"Hint: you may want to try --insecure-registry to allow plain HTTP (if you are in a trusted network)\"\ntime=\"2026-09-07T10:35:41+02:00\" level=fatal msg=\"failed to resolve reference \\\"172.16.2.1:5000/k8snetworkplumbingwg/multus-cni:v4.1.0\\\": failed to do request: Head \\\"https://172.16.2.1:5000/v2/k8snetworkplumbingwg/multus-cni/manifests/v4.1.0\\\": http: server gave HTTP response to HTTPS client\"", "stderr_lines": ["time=\"2026-09-07T10:35:41+02:00\" level=info msg=\"fetch failed\" error=\"failed to do request: Head \\\"https://172.16.2.1:5000/v2/k8snetworkplumbingwg/multus-cni/manifests/v4.1.0\\\": http: server gave HTTP response to HTTPS client\" host=\"172.16.2.1:5000\"", "time=\"2026-09-07T10:35:41+02:00\" level=error msg=\"server \\\"172.16.2.1:5000\\\" does not seem to support HTTPS\" error=\"failed to resolve reference \\\"172.16.2.1:5000/k8snetworkplumbingwg/multus-cni:v4.1.0\\\": failed to do request: Head \\\"https://172.16.2.1:5000/v2/k8snetworkplumbingwg/multus-cni/manifests/v4.1.0\\\": http: server gave HTTP response to HTTPS client\"", "time=\"2026-09-07T10:35:41+02:00\" level=info msg=\"Hint: you may want to try --insecure-registry to allow plain HTTP (if you are in a trusted network)\"", "time=\"2026-09-07T10:35:41+02:00\" level=fatal msg=\"failed to resolve reference \\\"172.16.2.1:5000/k8snetworkplumbingwg/multus-cni:v4.1.0\\\": failed to do request: Head \\\"https://172.16.2.1:5000/v2/k8snetworkplumbingwg/multus-cni/manifests/v4.1.0\\\": http: server gave HTTP response to HTTPS client\""], "stdout": "", "stdout_lines": []}
fatal: [k8s-db-02]: FAILED! => {"attempts": 4, "changed": true, "cmd": ["/usr/local/bin/nerdctl", "-n", "k8s.io", "pull", "--quiet", "172.16.2.1:5000/k8snetworkplumbingwg/multus-cni:v4.1.0"], "delta": "0:00:00.080666", "end": "2026-09-07 10:35:43.369804", "msg": "non-zero return code", "rc": 1, "start": "2026-09-07 10:35:43.289138", "stderr": "time=\"2026-09-07T10:35:43+02:00\" level=info msg=\"fetch failed\" error=\"failed to do request: Head \\\"https://172.16.2.1:5000/v2/k8snetworkplumbingwg/multus-cni/manifests/v4.1.0\\\": http: server gave HTTP response to HTTPS client\" host=\"172.16.2.1:5000\"\ntime=\"2026-09-07T10:35:43+02:00\" level=error msg=\"server \\\"172.16.2.1:5000\\\" does not seem to support HTTPS\" error=\"failed to resolve reference \\\"172.16.2.1:5000/k8snetworkplumbingwg/multus-cni:v4.1.0\\\": failed to do request: Head \\\"https://172.16.2.1:5000/v2/k8snetworkplumbingwg/multus-cni/manifests/v4.1.0\\\": http: server gave HTTP response to HTTPS client\"\ntime=\"2026-09-07T10:35:43+02:00\" level=info msg=\"Hint: you may want to try --insecure-registry to allow plain HTTP (if you are in a trusted network)\"\ntime=\"2026-09-07T10:35:43+02:00\" level=fatal msg=\"failed to resolve reference \\\"172.16.2.1:5000/k8snetworkplumbingwg/multus-cni:v4.1.0\\\": failed to do request: Head \\\"https://172.16.2.1:5000/v2/k8snetworkplumbingwg/multus-cni/manifests/v4.1.0\\\": http: server gave HTTP response to HTTPS client\"", "stderr_lines": ["time=\"2026-09-07T10:35:43+02:00\" level=info msg=\"fetch failed\" error=\"failed to do request: Head \\\"https://172.16.2.1:5000/v2/k8snetworkplumbingwg/multus-cni/manifests/v4.1.0\\\": http: server gave HTTP response to HTTPS client\" host=\"172.16.2.1:5000\"", "time=\"2026-09-07T10:35:43+02:00\" level=error msg=\"server \\\"172.16.2.1:5000\\\" does not seem to support HTTPS\" error=\"failed to resolve reference \\\"172.16.2.1:5000/k8snetworkplumbingwg/multus-cni:v4.1.0\\\": failed to do request: Head \\\"https://172.16.2.1:5000/v2/k8snetworkplumbingwg/multus-cni/manifests/v4.1.0\\\": http: server gave HTTP response to HTTPS client\"", "time=\"2026-09-07T10:35:43+02:00\" level=info msg=\"Hint: you may want to try --insecure-registry to allow plain HTTP (if you are in a trusted network)\"", "time=\"2026-09-07T10:35:43+02:00\" level=fatal msg=\"failed to resolve reference \\\"172.16.2.1:5000/k8snetworkplumbingwg/multus-cni:v4.1.0\\\": failed to do request: Head \\\"https://172.16.2.1:5000/v2/k8snetworkplumbingwg/multus-cni/manifests/v4.1.0\\\": http: server gave HTTP response to HTTPS client\""], "stdout": "", "stdout_lines": []}
fatal: [k8s-master-02]: FAILED! => {"attempts": 4, "changed": true, "cmd": ["/usr/local/bin/nerdctl", "-n", "k8s.io", "pull", "--quiet", "172.16.2.1:5000/k8snetworkplumbingwg/multus-cni:v4.1.0"], "delta": "0:00:00.064845", "end": "2026-09-07 10:35:43.691279", "msg": "non-zero return code", "rc": 1, "start": "2026-09-07 10:35:43.626434", "stderr": "time=\"2026-09-07T10:35:43+02:00\" level=info msg=\"fetch failed\" error=\"failed to do request: Head \\\"https://172.16.2.1:5000/v2/k8snetworkplumbingwg/multus-cni/manifests/v4.1.0\\\": http: server gave HTTP response to HTTPS client\" host=\"172.16.2.1:5000\"\ntime=\"2026-09-07T10:35:43+02:00\" level=error msg=\"server \\\"172.16.2.1:5000\\\" does not seem to support HTTPS\" error=\"failed to resolve reference \\\"172.16.2.1:5000/k8snetworkplumbingwg/multus-cni:v4.1.0\\\": failed to do request: Head \\\"https://172.16.2.1:5000/v2/k8snetworkplumbingwg/multus-cni/manifests/v4.1.0\\\": http: server gave HTTP response to HTTPS client\"\ntime=\"2026-09-07T10:35:43+02:00\" level=info msg=\"Hint: you may want to try --insecure-registry to allow plain HTTP (if you are in a trusted network)\"\ntime=\"2026-09-07T10:35:43+02:00\" level=fatal msg=\"failed to resolve reference \\\"172.16.2.1:5000/k8snetworkplumbingwg/multus-cni:v4.1.0\\\": failed to do request: Head \\\"https://172.16.2.1:5000/v2/k8snetworkplumbingwg/multus-cni/manifests/v4.1.0\\\": http: server gave HTTP response to HTTPS client\"", "stderr_lines": ["time=\"2026-09-07T10:35:43+02:00\" level=info msg=\"fetch failed\" error=\"failed to do request: Head \\\"https://172.16.2.1:5000/v2/k8snetworkplumbingwg/multus-cni/manifests/v4.1.0\\\": http: server gave HTTP response to HTTPS client\" host=\"172.16.2.1:5000\"", "time=\"2026-09-07T10:35:43+02:00\" level=error msg=\"server \\\"172.16.2.1:5000\\\" does not seem to support HTTPS\" error=\"failed to resolve reference \\\"172.16.2.1:5000/k8snetworkplumbingwg/multus-cni:v4.1.0\\\": failed to do request: Head \\\"https://172.16.2.1:5000/v2/k8snetworkplumbingwg/multus-cni/manifests/v4.1.0\\\": http: server gave HTTP response to HTTPS client\"", "time=\"2026-09-07T10:35:43+02:00\" level=info msg=\"Hint: you may want to try --insecure-registry to allow plain HTTP (if you are in a trusted network)\"", "time=\"2026-09-07T10:35:43+02:00\" level=fatal msg=\"failed to resolve reference \\\"172.16.2.1:5000/k8snetworkplumbingwg/multus-cni:v4.1.0\\\": failed to do request: Head \\\"https://172.16.2.1:5000/v2/k8snetworkplumbingwg/multus-cni/manifests/v4.1.0\\\": http: server gave HTTP response to HTTPS client\""], "stdout": "", "stdout_lines": []}
FAILED - RETRYING: [k8s-db-03]: Download_container | Download image if required (4 retries left).
fatal: [k8s-db-01]: FAILED! => {"attempts": 4, "changed": true, "cmd": ["/usr/local/bin/nerdctl", "-n", "k8s.io", "pull", "--quiet", "172.16.2.1:5000/k8snetworkplumbingwg/multus-cni:v4.1.0"], "delta": "0:00:00.076919", "end": "2026-09-07 10:35:44.021068", "msg": "non-zero return code", "rc": 1, "start": "2026-09-07 10:35:43.944149", "stderr": "time=\"2026-09-07T10:35:44+02:00\" level=info msg=\"fetch failed\" error=\"failed to do request: Head \\\"https://172.16.2.1:5000/v2/k8snetworkplumbingwg/multus-cni/manifests/v4.1.0\\\": http: server gave HTTP response to HTTPS client\" host=\"172.16.2.1:5000\"\ntime=\"2026-09-07T10:35:44+02:00\" level=error msg=\"server \\\"172.16.2.1:5000\\\" does not seem to support HTTPS\" error=\"failed to resolve reference \\\"172.16.2.1:5000/k8snetworkplumbingwg/multus-cni:v4.1.0\\\": failed to do request: Head \\\"https://172.16.2.1:5000/v2/k8snetworkplumbingwg/multus-cni/manifests/v4.1.0\\\": http: server gave HTTP response to HTTPS client\"\ntime=\"2026-09-07T10:35:44+02:00\" level=info msg=\"Hint: you may want to try --insecure-registry to allow plain HTTP (if you are in a trusted network)\"\ntime=\"2026-09-07T10:35:44+02:00\" level=fatal msg=\"failed to resolve reference \\\"172.16.2.1:5000/k8snetworkplumbingwg/multus-cni:v4.1.0\\\": failed to do request: Head \\\"https://172.16.2.1:5000/v2/k8snetworkplumbingwg/multus-cni/manifests/v4.1.0\\\": http: server gave HTTP response to HTTPS client\"", "stderr_lines": ["time=\"2026-09-07T10:35:44+02:00\" level=info msg=\"fetch failed\" error=\"failed to do request: Head \\\"https://172.16.2.1:5000/v2/k8snetworkplumbingwg/multus-cni/manifests/v4.1.0\\\": http: server gave HTTP response to HTTPS client\" host=\"172.16.2.1:5000\"", "time=\"2026-09-07T10:35:44+02:00\" level=error msg=\"server \\\"172.16.2.1:5000\\\" does not seem to support HTTPS\" error=\"failed to resolve reference \\\"172.16.2.1:5000/k8snetworkplumbingwg/multus-cni:v4.1.0\\\": failed to do request: Head \\\"https://172.16.2.1:5000/v2/k8snetworkplumbingwg/multus-cni/manifests/v4.1.0\\\": http: server gave HTTP response to HTTPS client\"", "time=\"2026-09-07T10:35:44+02:00\" level=info msg=\"Hint: you may want to try --insecure-registry to allow plain HTTP (if you are in a trusted network)\"", "time=\"2026-09-07T10:35:44+02:00\" level=fatal msg=\"failed to resolve reference \\\"172.16.2.1:5000/k8snetworkplumbingwg/multus-cni:v4.1.0\\\": failed to do request: Head \\\"https://172.16.2.1:5000/v2/k8snetworkplumbingwg/multus-cni/manifests/v4.1.0\\\": http: server gave HTTP response to HTTPS client\""], "stdout": "", "stdout_lines": []}
FAILED - RETRYING: [k8s-master-01]: Download_container | Download image if required (1 retries left).
FAILED - RETRYING: [osh-ctrl-01]: Download_container | Download image if required (4 retries left).
FAILED - RETRYING: [osh-ctrl-02]: Download_container | Download image if required (4 retries left).
FAILED - RETRYING: [osh-ctrl-03]: Download_container | Download image if required (4 retries left).
FAILED - RETRYING: [k8s-db-03]: Download_container | Download image if required (3 retries left).
FAILED - RETRYING: [osh-ctrl-02]: Download_container | Download image if required (3 retries left).
fatal: [k8s-master-01]: FAILED! => {"attempts": 4, "changed": true, "cmd": ["/usr/local/bin/nerdctl", "-n", "k8s.io", "pull", "--quiet", "172.16.2.1:5000/k8snetworkplumbingwg/multus-cni:v4.1.0"], "delta": "0:00:00.074954", "end": "2026-09-07 10:35:53.759187", "msg": "non-zero return code", "rc": 1, "start": "2026-09-07 10:35:53.684233", "stderr": "time=\"2026-09-07T10:35:53+02:00\" level=info msg=\"fetch failed\" error=\"failed to do request: Head \\\"https://172.16.2.1:5000/v2/k8snetworkplumbingwg/multus-cni/manifests/v4.1.0\\\": http: server gave HTTP response to HTTPS client\" host=\"172.16.2.1:5000\"\ntime=\"2026-09-07T10:35:53+02:00\" level=error msg=\"server \\\"172.16.2.1:5000\\\" does not seem to support HTTPS\" error=\"failed to resolve reference \\\"172.16.2.1:5000/k8snetworkplumbingwg/multus-cni:v4.1.0\\\": failed to do request: Head \\\"https://172.16.2.1:5000/v2/k8snetworkplumbingwg/multus-cni/manifests/v4.1.0\\\": http: server gave HTTP response to HTTPS client\"\ntime=\"2026-09-07T10:35:53+02:00\" level=info msg=\"Hint: you may want to try --insecure-registry to allow plain HTTP (if you are in a trusted network)\"\ntime=\"2026-09-07T10:35:53+02:00\" level=fatal msg=\"failed to resolve reference \\\"172.16.2.1:5000/k8snetworkplumbingwg/multus-cni:v4.1.0\\\": failed to do request: Head \\\"https://172.16.2.1:5000/v2/k8snetworkplumbingwg/multus-cni/manifests/v4.1.0\\\": http: server gave HTTP response to HTTPS client\"", "stderr_lines": ["time=\"2026-09-07T10:35:53+02:00\" level=info msg=\"fetch failed\" error=\"failed to do request: Head \\\"https://172.16.2.1:5000/v2/k8snetworkplumbingwg/multus-cni/manifests/v4.1.0\\\": http: server gave HTTP response to HTTPS client\" host=\"172.16.2.1:5000\"", "time=\"2026-09-07T10:35:53+02:00\" level=error msg=\"server \\\"172.16.2.1:5000\\\" does not seem to support HTTPS\" error=\"failed to resolve reference \\\"172.16.2.1:5000/k8snetworkplumbingwg/multus-cni:v4.1.0\\\": failed to do request: Head \\\"https://172.16.2.1:5000/v2/k8snetworkplumbingwg/multus-cni/manifests/v4.1.0\\\": http: server gave HTTP response to HTTPS client\"", "time=\"2026-09-07T10:35:53+02:00\" level=info msg=\"Hint: you may want to try --insecure-registry to allow plain HTTP (if you are in a trusted network)\"", "time=\"2026-09-07T10:35:53+02:00\" level=fatal msg=\"failed to resolve reference \\\"172.16.2.1:5000/k8snetworkplumbingwg/multus-cni:v4.1.0\\\": failed to do request: Head \\\"https://172.16.2.1:5000/v2/k8snetworkplumbingwg/multus-cni/manifests/v4.1.0\\\": http: server gave HTTP response to HTTPS client\""], "stdout": "", "stdout_lines": []}
FAILED - RETRYING: [osh-ctrl-01]: Download_container | Download image if required (3 retries left).
FAILED - RETRYING: [osh-ctrl-03]: Download_container | Download image if required (3 retries left).
FAILED - RETRYING: [k8s-db-03]: Download_container | Download image if required (2 retries left).
FAILED - RETRYING: [osh-net-01]: Download_container | Download image if required (4 retries left).
FAILED - RETRYING: [osh-ctrl-02]: Download_container | Download image if required (2 retries left).
FAILED - RETRYING: [osh-ctrl-03]: Download_container | Download image if required (2 retries left).
FAILED - RETRYING: [k8s-db-03]: Download_container | Download image if required (1 retries left).
FAILED - RETRYING: [osh-ctrl-01]: Download_container | Download image if required (2 retries left).
FAILED - RETRYING: [osh-ctrl-02]: Download_container | Download image if required (1 retries left).
FAILED - RETRYING: [osh-net-01]: Download_container | Download image if required (3 retries left).
FAILED - RETRYING: [osh-ctrl-03]: Download_container | Download image if required (1 retries left).
fatal: [k8s-db-03]: FAILED! => {"attempts": 4, "changed": true, "cmd": ["/usr/local/bin/nerdctl", "-n", "k8s.io", "pull", "--quiet", "172.16.2.1:5000/k8snetworkplumbingwg/multus-cni:v4.1.0"], "delta": "0:00:00.068674", "end": "2026-09-07 10:36:07.388380", "msg": "non-zero return code", "rc": 1, "start": "2026-09-07 10:36:07.319706", "stderr": "time=\"2026-09-07T10:36:07+02:00\" level=info msg=\"fetch failed\" error=\"failed to do request: Head \\\"https://172.16.2.1:5000/v2/k8snetworkplumbingwg/multus-cni/manifests/v4.1.0\\\": http: server gave HTTP response to HTTPS client\" host=\"172.16.2.1:5000\"\ntime=\"2026-09-07T10:36:07+02:00\" level=error msg=\"server \\\"172.16.2.1:5000\\\" does not seem to support HTTPS\" error=\"failed to resolve reference \\\"172.16.2.1:5000/k8snetworkplumbingwg/multus-cni:v4.1.0\\\": failed to do request: Head \\\"https://172.16.2.1:5000/v2/k8snetworkplumbingwg/multus-cni/manifests/v4.1.0\\\": http: server gave HTTP response to HTTPS client\"\ntime=\"2026-09-07T10:36:07+02:00\" level=info msg=\"Hint: you may want to try --insecure-registry to allow plain HTTP (if you are in a trusted network)\"\ntime=\"2026-09-07T10:36:07+02:00\" level=fatal msg=\"failed to resolve reference \\\"172.16.2.1:5000/k8snetworkplumbingwg/multus-cni:v4.1.0\\\": failed to do request: Head \\\"https://172.16.2.1:5000/v2/k8snetworkplumbingwg/multus-cni/manifests/v4.1.0\\\": http: server gave HTTP response to HTTPS client\"", "stderr_lines": ["time=\"2026-09-07T10:36:07+02:00\" level=info msg=\"fetch failed\" error=\"failed to do request: Head \\\"https://172.16.2.1:5000/v2/k8snetworkplumbingwg/multus-cni/manifests/v4.1.0\\\": http: server gave HTTP response to HTTPS client\" host=\"172.16.2.1:5000\"", "time=\"2026-09-07T10:36:07+02:00\" level=error msg=\"server \\\"172.16.2.1:5000\\\" does not seem to support HTTPS\" error=\"failed to resolve reference \\\"172.16.2.1:5000/k8snetworkplumbingwg/multus-cni:v4.1.0\\\": failed to do request: Head \\\"https://172.16.2.1:5000/v2/k8snetworkplumbingwg/multus-cni/manifests/v4.1.0\\\": http: server gave HTTP response to HTTPS client\"", "time=\"2026-09-07T10:36:07+02:00\" level=info msg=\"Hint: you may want to try --insecure-registry to allow plain HTTP (if you are in a trusted network)\"", "time=\"2026-09-07T10:36:07+02:00\" level=fatal msg=\"failed to resolve reference \\\"172.16.2.1:5000/k8snetworkplumbingwg/multus-cni:v4.1.0\\\": failed to do request: Head \\\"https://172.16.2.1:5000/v2/k8snetworkplumbingwg/multus-cni/manifests/v4.1.0\\\": http: server gave HTTP response to HTTPS client\""], "stdout": "", "stdout_lines": []}
fatal: [osh-ctrl-02]: FAILED! => {"attempts": 4, "changed": true, "cmd": ["/usr/local/bin/nerdctl", "-n", "k8s.io", "pull", "--quiet", "172.16.2.1:5000/k8snetworkplumbingwg/multus-cni:v4.1.0"], "delta": "0:00:00.073051", "end": "2026-09-07 10:36:08.726214", "msg": "non-zero return code", "rc": 1, "start": "2026-09-07 10:36:08.653163", "stderr": "time=\"2026-09-07T10:36:08+02:00\" level=info msg=\"fetch failed\" error=\"failed to do request: Head \\\"https://172.16.2.1:5000/v2/k8snetworkplumbingwg/multus-cni/manifests/v4.1.0\\\": http: server gave HTTP response to HTTPS client\" host=\"172.16.2.1:5000\"\ntime=\"2026-09-07T10:36:08+02:00\" level=error msg=\"server \\\"172.16.2.1:5000\\\" does not seem to support HTTPS\" error=\"failed to resolve reference \\\"172.16.2.1:5000/k8snetworkplumbingwg/multus-cni:v4.1.0\\\": failed to do request: Head \\\"https://172.16.2.1:5000/v2/k8snetworkplumbingwg/multus-cni/manifests/v4.1.0\\\": http: server gave HTTP response to HTTPS client\"\ntime=\"2026-09-07T10:36:08+02:00\" level=info msg=\"Hint: you may want to try --insecure-registry to allow plain HTTP (if you are in a trusted network)\"\ntime=\"2026-09-07T10:36:08+02:00\" level=fatal msg=\"failed to resolve reference \\\"172.16.2.1:5000/k8snetworkplumbingwg/multus-cni:v4.1.0\\\": failed to do request: Head \\\"https://172.16.2.1:5000/v2/k8snetworkplumbingwg/multus-cni/manifests/v4.1.0\\\": http: server gave HTTP response to HTTPS client\"", "stderr_lines": ["time=\"2026-09-07T10:36:08+02:00\" level=info msg=\"fetch failed\" error=\"failed to do request: Head \\\"https://172.16.2.1:5000/v2/k8snetworkplumbingwg/multus-cni/manifests/v4.1.0\\\": http: server gave HTTP response to HTTPS client\" host=\"172.16.2.1:5000\"", "time=\"2026-09-07T10:36:08+02:00\" level=error msg=\"server \\\"172.16.2.1:5000\\\" does not seem to support HTTPS\" error=\"failed to resolve reference \\\"172.16.2.1:5000/k8snetworkplumbingwg/multus-cni:v4.1.0\\\": failed to do request: Head \\\"https://172.16.2.1:5000/v2/k8snetworkplumbingwg/multus-cni/manifests/v4.1.0\\\": http: server gave HTTP response to HTTPS client\"", "time=\"2026-09-07T10:36:08+02:00\" level=info msg=\"Hint: you may want to try --insecure-registry to allow plain HTTP (if you are in a trusted network)\"", "time=\"2026-09-07T10:36:08+02:00\" level=fatal msg=\"failed to resolve reference \\\"172.16.2.1:5000/k8snetworkplumbingwg/multus-cni:v4.1.0\\\": failed to do request: Head \\\"https://172.16.2.1:5000/v2/k8snetworkplumbingwg/multus-cni/manifests/v4.1.0\\\": http: server gave HTTP response to HTTPS client\""], "stdout": "", "stdout_lines": []}
FAILED - RETRYING: [osh-ctrl-01]: Download_container | Download image if required (1 retries left).
FAILED - RETRYING: [osh-net-02]: Download_container | Download image if required (4 retries left).
FAILED - RETRYING: [osh-net-01]: Download_container | Download image if required (2 retries left).
FAILED - RETRYING: [MonSrv]: Download_container | Download image if required (4 retries left).
fatal: [osh-ctrl-03]: FAILED! => {"attempts": 4, "changed": true, "cmd": ["/usr/local/bin/nerdctl", "-n", "k8s.io", "pull", "--quiet", "172.16.2.1:5000/k8snetworkplumbingwg/multus-cni:v4.1.0"], "delta": "0:00:00.063328", "end": "2026-09-07 10:36:14.020933", "msg": "non-zero return code", "rc": 1, "start": "2026-09-07 10:36:13.957605", "stderr": "time=\"2026-09-07T10:36:14+02:00\" level=info msg=\"fetch failed\" error=\"failed to do request: Head \\\"https://172.16.2.1:5000/v2/k8snetworkplumbingwg/multus-cni/manifests/v4.1.0\\\": http: server gave HTTP response to HTTPS client\" host=\"172.16.2.1:5000\"\ntime=\"2026-09-07T10:36:14+02:00\" level=error msg=\"server \\\"172.16.2.1:5000\\\" does not seem to support HTTPS\" error=\"failed to resolve reference \\\"172.16.2.1:5000/k8snetworkplumbingwg/multus-cni:v4.1.0\\\": failed to do request: Head \\\"https://172.16.2.1:5000/v2/k8snetworkplumbingwg/multus-cni/manifests/v4.1.0\\\": http: server gave HTTP response to HTTPS client\"\ntime=\"2026-09-07T10:36:14+02:00\" level=info msg=\"Hint: you may want to try --insecure-registry to allow plain HTTP (if you are in a trusted network)\"\ntime=\"2026-09-07T10:36:14+02:00\" level=fatal msg=\"failed to resolve reference \\\"172.16.2.1:5000/k8snetworkplumbingwg/multus-cni:v4.1.0\\\": failed to do request: Head \\\"https://172.16.2.1:5000/v2/k8snetworkplumbingwg/multus-cni/manifests/v4.1.0\\\": http: server gave HTTP response to HTTPS client\"", "stderr_lines": ["time=\"2026-09-07T10:36:14+02:00\" level=info msg=\"fetch failed\" error=\"failed to do request: Head \\\"https://172.16.2.1:5000/v2/k8snetworkplumbingwg/multus-cni/manifests/v4.1.0\\\": http: server gave HTTP response to HTTPS client\" host=\"172.16.2.1:5000\"", "time=\"2026-09-07T10:36:14+02:00\" level=error msg=\"server \\\"172.16.2.1:5000\\\" does not seem to support HTTPS\" error=\"failed to resolve reference \\\"172.16.2.1:5000/k8snetworkplumbingwg/multus-cni:v4.1.0\\\": failed to do request: Head \\\"https://172.16.2.1:5000/v2/k8snetworkplumbingwg/multus-cni/manifests/v4.1.0\\\": http: server gave HTTP response to HTTPS client\"", "time=\"2026-09-07T10:36:14+02:00\" level=info msg=\"Hint: you may want to try --insecure-registry to allow plain HTTP (if you are in a trusted network)\"", "time=\"2026-09-07T10:36:14+02:00\" level=fatal msg=\"failed to resolve reference \\\"172.16.2.1:5000/k8snetworkplumbingwg/multus-cni:v4.1.0\\\": failed to do request: Head \\\"https://172.16.2.1:5000/v2/k8snetworkplumbingwg/multus-cni/manifests/v4.1.0\\\": http: server gave HTTP response to HTTPS client\""], "stdout": "", "stdout_lines": []}
FAILED - RETRYING: [osh-comp-01]: Download_container | Download image if required (4 retries left).
fatal: [osh-ctrl-01]: FAILED! => {"attempts": 4, "changed": true, "cmd": ["/usr/local/bin/nerdctl", "-n", "k8s.io", "pull", "--quiet", "172.16.2.1:5000/k8snetworkplumbingwg/multus-cni:v4.1.0"], "delta": "0:00:00.516336", "end": "2026-09-07 10:36:17.543336", "msg": "non-zero return code", "rc": 1, "start": "2026-09-07 10:36:17.027000", "stderr": "time=\"2026-09-07T10:36:17+02:00\" level=info msg=\"fetch failed\" error=\"failed to do request: Head \\\"https://172.16.2.1:5000/v2/k8snetworkplumbingwg/multus-cni/manifests/v4.1.0\\\": http: server gave HTTP response to HTTPS client\" host=\"172.16.2.1:5000\"\ntime=\"2026-09-07T10:36:17+02:00\" level=error msg=\"server \\\"172.16.2.1:5000\\\" does not seem to support HTTPS\" error=\"failed to resolve reference \\\"172.16.2.1:5000/k8snetworkplumbingwg/multus-cni:v4.1.0\\\": failed to do request: Head \\\"https://172.16.2.1:5000/v2/k8snetworkplumbingwg/multus-cni/manifests/v4.1.0\\\": http: server gave HTTP response to HTTPS client\"\ntime=\"2026-09-07T10:36:17+02:00\" level=info msg=\"Hint: you may want to try --insecure-registry to allow plain HTTP (if you are in a trusted network)\"\ntime=\"2026-09-07T10:36:17+02:00\" level=fatal msg=\"failed to resolve reference \\\"172.16.2.1:5000/k8snetworkplumbingwg/multus-cni:v4.1.0\\\": failed to do request: Head \\\"https://172.16.2.1:5000/v2/k8snetworkplumbingwg/multus-cni/manifests/v4.1.0\\\": http: server gave HTTP response to HTTPS client\"", "stderr_lines": ["time=\"2026-09-07T10:36:17+02:00\" level=info msg=\"fetch failed\" error=\"failed to do request: Head \\\"https://172.16.2.1:5000/v2/k8snetworkplumbingwg/multus-cni/manifests/v4.1.0\\\": http: server gave HTTP response to HTTPS client\" host=\"172.16.2.1:5000\"", "time=\"2026-09-07T10:36:17+02:00\" level=error msg=\"server \\\"172.16.2.1:5000\\\" does not seem to support HTTPS\" error=\"failed to resolve reference \\\"172.16.2.1:5000/k8snetworkplumbingwg/multus-cni:v4.1.0\\\": failed to do request: Head \\\"https://172.16.2.1:5000/v2/k8snetworkplumbingwg/multus-cni/manifests/v4.1.0\\\": http: server gave HTTP response to HTTPS client\"", "time=\"2026-09-07T10:36:17+02:00\" level=info msg=\"Hint: you may want to try --insecure-registry to allow plain HTTP (if you are in a trusted network)\"", "time=\"2026-09-07T10:36:17+02:00\" level=fatal msg=\"failed to resolve reference \\\"172.16.2.1:5000/k8snetworkplumbingwg/multus-cni:v4.1.0\\\": failed to do request: Head \\\"https://172.16.2.1:5000/v2/k8snetworkplumbingwg/multus-cni/manifests/v4.1.0\\\": http: server gave HTTP response to HTTPS client\""], "stdout": "", "stdout_lines": []}
FAILED - RETRYING: [osh-net-01]: Download_container | Download image if required (1 retries left).
FAILED - RETRYING: [MonSrv]: Download_container | Download image if required (3 retries left).
FAILED - RETRYING: [osh-net-02]: Download_container | Download image if required (3 retries left).
FAILED - RETRYING: [osh-comp-02]: Download_container | Download image if required (4 retries left).
FAILED - RETRYING: [MonSrv]: Download_container | Download image if required (2 retries left).
fatal: [osh-net-01]: FAILED! => {"attempts": 4, "changed": true, "cmd": ["/usr/local/bin/nerdctl", "-n", "k8s.io", "pull", "--quiet", "172.16.2.1:5000/k8snetworkplumbingwg/multus-cni:v4.1.0"], "delta": "0:00:00.061369", "end": "2026-09-07 10:36:24.236472", "msg": "non-zero return code", "rc": 1, "start": "2026-09-07 10:36:24.175103", "stderr": "time=\"2026-09-07T10:36:24+02:00\" level=info msg=\"fetch failed\" error=\"failed to do request: Head \\\"https://172.16.2.1:5000/v2/k8snetworkplumbingwg/multus-cni/manifests/v4.1.0\\\": http: server gave HTTP response to HTTPS client\" host=\"172.16.2.1:5000\"\ntime=\"2026-09-07T10:36:24+02:00\" level=error msg=\"server \\\"172.16.2.1:5000\\\" does not seem to support HTTPS\" error=\"failed to resolve reference \\\"172.16.2.1:5000/k8snetworkplumbingwg/multus-cni:v4.1.0\\\": failed to do request: Head \\\"https://172.16.2.1:5000/v2/k8snetworkplumbingwg/multus-cni/manifests/v4.1.0\\\": http: server gave HTTP response to HTTPS client\"\ntime=\"2026-09-07T10:36:24+02:00\" level=info msg=\"Hint: you may want to try --insecure-registry to allow plain HTTP (if you are in a trusted network)\"\ntime=\"2026-09-07T10:36:24+02:00\" level=fatal msg=\"failed to resolve reference \\\"172.16.2.1:5000/k8snetworkplumbingwg/multus-cni:v4.1.0\\\": failed to do request: Head \\\"https://172.16.2.1:5000/v2/k8snetworkplumbingwg/multus-cni/manifests/v4.1.0\\\": http: server gave HTTP response to HTTPS client\"", "stderr_lines": ["time=\"2026-09-07T10:36:24+02:00\" level=info msg=\"fetch failed\" error=\"failed to do request: Head \\\"https://172.16.2.1:5000/v2/k8snetworkplumbingwg/multus-cni/manifests/v4.1.0\\\": http: server gave HTTP response to HTTPS client\" host=\"172.16.2.1:5000\"", "time=\"2026-09-07T10:36:24+02:00\" level=error msg=\"server \\\"172.16.2.1:5000\\\" does not seem to support HTTPS\" error=\"failed to resolve reference \\\"172.16.2.1:5000/k8snetworkplumbingwg/multus-cni:v4.1.0\\\": failed to do request: Head \\\"https://172.16.2.1:5000/v2/k8snetworkplumbingwg/multus-cni/manifests/v4.1.0\\\": http: server gave HTTP response to HTTPS client\"", "time=\"2026-09-07T10:36:24+02:00\" level=info msg=\"Hint: you may want to try --insecure-registry to allow plain HTTP (if you are in a trusted network)\"", "time=\"2026-09-07T10:36:24+02:00\" level=fatal msg=\"failed to resolve reference \\\"172.16.2.1:5000/k8snetworkplumbingwg/multus-cni:v4.1.0\\\": failed to do request: Head \\\"https://172.16.2.1:5000/v2/k8snetworkplumbingwg/multus-cni/manifests/v4.1.0\\\": http: server gave HTTP response to HTTPS client\""], "stdout": "", "stdout_lines": []}
FAILED - RETRYING: [osh-comp-01]: Download_container | Download image if required (3 retries left).
FAILED - RETRYING: [osh-net-02]: Download_container | Download image if required (2 retries left).
FAILED - RETRYING: [osh-comp-03]: Download_container | Download image if required (4 retries left).
FAILED - RETRYING: [MonSrv]: Download_container | Download image if required (1 retries left).
FAILED - RETRYING: [osh-comp-02]: Download_container | Download image if required (3 retries left).
fatal: [MonSrv]: FAILED! => {"attempts": 4, "changed": true, "cmd": ["/usr/local/bin/nerdctl", "-n", "k8s.io", "pull", "--quiet", "172.16.2.1:5000/k8snetworkplumbingwg/multus-cni:v4.1.0"], "delta": "0:00:00.069740", "end": "2026-09-07 10:36:33.435865", "msg": "non-zero return code", "rc": 1, "start": "2026-09-07 10:36:33.366125", "stderr": "time=\"2026-09-07T10:36:33+02:00\" level=info msg=\"fetch failed\" error=\"failed to do request: Head \\\"https://172.16.2.1:5000/v2/k8snetworkplumbingwg/multus-cni/manifests/v4.1.0\\\": http: server gave HTTP response to HTTPS client\" host=\"172.16.2.1:5000\"\ntime=\"2026-09-07T10:36:33+02:00\" level=error msg=\"server \\\"172.16.2.1:5000\\\" does not seem to support HTTPS\" error=\"failed to resolve reference \\\"172.16.2.1:5000/k8snetworkplumbingwg/multus-cni:v4.1.0\\\": failed to do request: Head \\\"https://172.16.2.1:5000/v2/k8snetworkplumbingwg/multus-cni/manifests/v4.1.0\\\": http: server gave HTTP response to HTTPS client\"\ntime=\"2026-09-07T10:36:33+02:00\" level=info msg=\"Hint: you may want to try --insecure-registry to allow plain HTTP (if you are in a trusted network)\"\ntime=\"2026-09-07T10:36:33+02:00\" level=fatal msg=\"failed to resolve reference \\\"172.16.2.1:5000/k8snetworkplumbingwg/multus-cni:v4.1.0\\\": failed to do request: Head \\\"https://172.16.2.1:5000/v2/k8snetworkplumbingwg/multus-cni/manifests/v4.1.0\\\": http: server gave HTTP response to HTTPS client\"", "stderr_lines": ["time=\"2026-09-07T10:36:33+02:00\" level=info msg=\"fetch failed\" error=\"failed to do request: Head \\\"https://172.16.2.1:5000/v2/k8snetworkplumbingwg/multus-cni/manifests/v4.1.0\\\": http: server gave HTTP response to HTTPS client\" host=\"172.16.2.1:5000\"", "time=\"2026-09-07T10:36:33+02:00\" level=error msg=\"server \\\"172.16.2.1:5000\\\" does not seem to support HTTPS\" error=\"failed to resolve reference \\\"172.16.2.1:5000/k8snetworkplumbingwg/multus-cni:v4.1.0\\\": failed to do request: Head \\\"https://172.16.2.1:5000/v2/k8snetworkplumbingwg/multus-cni/manifests/v4.1.0\\\": http: server gave HTTP response to HTTPS client\"", "time=\"2026-09-07T10:36:33+02:00\" level=info msg=\"Hint: you may want to try --insecure-registry to allow plain HTTP (if you are in a trusted network)\"", "time=\"2026-09-07T10:36:33+02:00\" level=fatal msg=\"failed to resolve reference \\\"172.16.2.1:5000/k8snetworkplumbingwg/multus-cni:v4.1.0\\\": failed to do request: Head \\\"https://172.16.2.1:5000/v2/k8snetworkplumbingwg/multus-cni/manifests/v4.1.0\\\": http: server gave HTTP response to HTTPS client\""], "stdout": "", "stdout_lines": []}
FAILED - RETRYING: [osh-comp-01]: Download_container | Download image if required (2 retries left).
FAILED - RETRYING: [osh-comp-03]: Download_container | Download image if required (3 retries left).
FAILED - RETRYING: [osh-net-02]: Download_container | Download image if required (1 retries left).
FAILED - RETRYING: [osh-comp-02]: Download_container | Download image if required (2 retries left).
FAILED - RETRYING: [osh-comp-04]: Download_container | Download image if required (4 retries left).
FAILED - RETRYING: [osh-comp-03]: Download_container | Download image if required (2 retries left).
FAILED - RETRYING: [osh-comp-04]: Download_container | Download image if required (3 retries left).
fatal: [osh-net-02]: FAILED! => {"attempts": 4, "changed": true, "cmd": ["/usr/local/bin/nerdctl", "-n", "k8s.io", "pull", "--quiet", "172.16.2.1:5000/k8snetworkplumbingwg/multus-cni:v4.1.0"], "delta": "0:00:00.647605", "end": "2026-09-07 10:36:43.646969", "msg": "non-zero return code", "rc": 1, "start": "2026-09-07 10:36:42.999364", "stderr": "time=\"2026-09-07T10:36:43+02:00\" level=info msg=\"fetch failed\" error=\"failed to do request: Head \\\"https://172.16.2.1:5000/v2/k8snetworkplumbingwg/multus-cni/manifests/v4.1.0\\\": http: server gave HTTP response to HTTPS client\" host=\"172.16.2.1:5000\"\ntime=\"2026-09-07T10:36:43+02:00\" level=error msg=\"server \\\"172.16.2.1:5000\\\" does not seem to support HTTPS\" error=\"failed to resolve reference \\\"172.16.2.1:5000/k8snetworkplumbingwg/multus-cni:v4.1.0\\\": failed to do request: Head \\\"https://172.16.2.1:5000/v2/k8snetworkplumbingwg/multus-cni/manifests/v4.1.0\\\": http: server gave HTTP response to HTTPS client\"\ntime=\"2026-09-07T10:36:43+02:00\" level=info msg=\"Hint: you may want to try --insecure-registry to allow plain HTTP (if you are in a trusted network)\"\ntime=\"2026-09-07T10:36:43+02:00\" level=fatal msg=\"failed to resolve reference \\\"172.16.2.1:5000/k8snetworkplumbingwg/multus-cni:v4.1.0\\\": failed to do request: Head \\\"https://172.16.2.1:5000/v2/k8snetworkplumbingwg/multus-cni/manifests/v4.1.0\\\": http: server gave HTTP response to HTTPS client\"", "stderr_lines": ["time=\"2026-09-07T10:36:43+02:00\" level=info msg=\"fetch failed\" error=\"failed to do request: Head \\\"https://172.16.2.1:5000/v2/k8snetworkplumbingwg/multus-cni/manifests/v4.1.0\\\": http: server gave HTTP response to HTTPS client\" host=\"172.16.2.1:5000\"", "time=\"2026-09-07T10:36:43+02:00\" level=error msg=\"server \\\"172.16.2.1:5000\\\" does not seem to support HTTPS\" error=\"failed to resolve reference \\\"172.16.2.1:5000/k8snetworkplumbingwg/multus-cni:v4.1.0\\\": failed to do request: Head \\\"https://172.16.2.1:5000/v2/k8snetworkplumbingwg/multus-cni/manifests/v4.1.0\\\": http: server gave HTTP response to HTTPS client\"", "time=\"2026-09-07T10:36:43+02:00\" level=info msg=\"Hint: you may want to try --insecure-registry to allow plain HTTP (if you are in a trusted network)\"", "time=\"2026-09-07T10:36:43+02:00\" level=fatal msg=\"failed to resolve reference \\\"172.16.2.1:5000/k8snetworkplumbingwg/multus-cni:v4.1.0\\\": failed to do request: Head \\\"https://172.16.2.1:5000/v2/k8snetworkplumbingwg/multus-cni/manifests/v4.1.0\\\": http: server gave HTTP response to HTTPS client\""], "stdout": "", "stdout_lines": []}
FAILED - RETRYING: [osh-comp-01]: Download_container | Download image if required (1 retries left).
FAILED - RETRYING: [osh-comp-02]: Download_container | Download image if required (1 retries left).
FAILED - RETRYING: [osh-comp-04]: Download_container | Download image if required (2 retries left).
FAILED - RETRYING: [osh-comp-03]: Download_container | Download image if required (1 retries left).
FAILED - RETRYING: [osh-comp-04]: Download_container | Download image if required (1 retries left).
fatal: [osh-comp-01]: FAILED! => {"attempts": 4, "changed": true, "cmd": ["/usr/local/bin/nerdctl", "-n", "k8s.io", "pull", "--quiet", "172.16.2.1:5000/k8snetworkplumbingwg/multus-cni:v4.1.0"], "delta": "0:00:00.079771", "end": "2026-09-07 10:36:52.088021", "msg": "non-zero return code", "rc": 1, "start": "2026-09-07 10:36:52.008250", "stderr": "time=\"2026-09-07T10:36:52+02:00\" level=info msg=\"fetch failed\" error=\"failed to do request: Head \\\"https://172.16.2.1:5000/v2/k8snetworkplumbingwg/multus-cni/manifests/v4.1.0\\\": http: server gave HTTP response to HTTPS client\" host=\"172.16.2.1:5000\"\ntime=\"2026-09-07T10:36:52+02:00\" level=error msg=\"server \\\"172.16.2.1:5000\\\" does not seem to support HTTPS\" error=\"failed to resolve reference \\\"172.16.2.1:5000/k8snetworkplumbingwg/multus-cni:v4.1.0\\\": failed to do request: Head \\\"https://172.16.2.1:5000/v2/k8snetworkplumbingwg/multus-cni/manifests/v4.1.0\\\": http: server gave HTTP response to HTTPS client\"\ntime=\"2026-09-07T10:36:52+02:00\" level=info msg=\"Hint: you may want to try --insecure-registry to allow plain HTTP (if you are in a trusted network)\"\ntime=\"2026-09-07T10:36:52+02:00\" level=fatal msg=\"failed to resolve reference \\\"172.16.2.1:5000/k8snetworkplumbingwg/multus-cni:v4.1.0\\\": failed to do request: Head \\\"https://172.16.2.1:5000/v2/k8snetworkplumbingwg/multus-cni/manifests/v4.1.0\\\": http: server gave HTTP response to HTTPS client\"", "stderr_lines": ["time=\"2026-09-07T10:36:52+02:00\" level=info msg=\"fetch failed\" error=\"failed to do request: Head \\\"https://172.16.2.1:5000/v2/k8snetworkplumbingwg/multus-cni/manifests/v4.1.0\\\": http: server gave HTTP response to HTTPS client\" host=\"172.16.2.1:5000\"", "time=\"2026-09-07T10:36:52+02:00\" level=error msg=\"server \\\"172.16.2.1:5000\\\" does not seem to support HTTPS\" error=\"failed to resolve reference \\\"172.16.2.1:5000/k8snetworkplumbingwg/multus-cni:v4.1.0\\\": failed to do request: Head \\\"https://172.16.2.1:5000/v2/k8snetworkplumbingwg/multus-cni/manifests/v4.1.0\\\": http: server gave HTTP response to HTTPS client\"", "time=\"2026-09-07T10:36:52+02:00\" level=info msg=\"Hint: you may want to try --insecure-registry to allow plain HTTP (if you are in a trusted network)\"", "time=\"2026-09-07T10:36:52+02:00\" level=fatal msg=\"failed to resolve reference \\\"172.16.2.1:5000/k8snetworkplumbingwg/multus-cni:v4.1.0\\\": failed to do request: Head \\\"https://172.16.2.1:5000/v2/k8snetworkplumbingwg/multus-cni/manifests/v4.1.0\\\": http: server gave HTTP response to HTTPS client\""], "stdout": "", "stdout_lines": []}
fatal: [osh-comp-02]: FAILED! => {"attempts": 4, "changed": true, "cmd": ["/usr/local/bin/nerdctl", "-n", "k8s.io", "pull", "--quiet", "172.16.2.1:5000/k8snetworkplumbingwg/multus-cni:v4.1.0"], "delta": "0:00:01.052376", "end": "2026-09-07 10:36:53.148949", "msg": "non-zero return code", "rc": 1, "start": "2026-09-07 10:36:52.096573", "stderr": "time=\"2026-09-07T10:36:53+02:00\" level=info msg=\"fetch failed\" error=\"failed to do request: Head \\\"https://172.16.2.1:5000/v2/k8snetworkplumbingwg/multus-cni/manifests/v4.1.0\\\": http: server gave HTTP response to HTTPS client\" host=\"172.16.2.1:5000\"\ntime=\"2026-09-07T10:36:53+02:00\" level=error msg=\"server \\\"172.16.2.1:5000\\\" does not seem to support HTTPS\" error=\"failed to resolve reference \\\"172.16.2.1:5000/k8snetworkplumbingwg/multus-cni:v4.1.0\\\": failed to do request: Head \\\"https://172.16.2.1:5000/v2/k8snetworkplumbingwg/multus-cni/manifests/v4.1.0\\\": http: server gave HTTP response to HTTPS client\"\ntime=\"2026-09-07T10:36:53+02:00\" level=info msg=\"Hint: you may want to try --insecure-registry to allow plain HTTP (if you are in a trusted network)\"\ntime=\"2026-09-07T10:36:53+02:00\" level=fatal msg=\"failed to resolve reference \\\"172.16.2.1:5000/k8snetworkplumbingwg/multus-cni:v4.1.0\\\": failed to do request: Head \\\"https://172.16.2.1:5000/v2/k8snetworkplumbingwg/multus-cni/manifests/v4.1.0\\\": http: server gave HTTP response to HTTPS client\"", "stderr_lines": ["time=\"2026-09-07T10:36:53+02:00\" level=info msg=\"fetch failed\" error=\"failed to do request: Head \\\"https://172.16.2.1:5000/v2/k8snetworkplumbingwg/multus-cni/manifests/v4.1.0\\\": http: server gave HTTP response to HTTPS client\" host=\"172.16.2.1:5000\"", "time=\"2026-09-07T10:36:53+02:00\" level=error msg=\"server \\\"172.16.2.1:5000\\\" does not seem to support HTTPS\" error=\"failed to resolve reference \\\"172.16.2.1:5000/k8snetworkplumbingwg/multus-cni:v4.1.0\\\": failed to do request: Head \\\"https://172.16.2.1:5000/v2/k8snetworkplumbingwg/multus-cni/manifests/v4.1.0\\\": http: server gave HTTP response to HTTPS client\"", "time=\"2026-09-07T10:36:53+02:00\" level=info msg=\"Hint: you may want to try --insecure-registry to allow plain HTTP (if you are in a trusted network)\"", "time=\"2026-09-07T10:36:53+02:00\" level=fatal msg=\"failed to resolve reference \\\"172.16.2.1:5000/k8snetworkplumbingwg/multus-cni:v4.1.0\\\": failed to do request: Head \\\"https://172.16.2.1:5000/v2/k8snetworkplumbingwg/multus-cni/manifests/v4.1.0\\\": http: server gave HTTP response to HTTPS client\""], "stdout": "", "stdout_lines": []}
fatal: [osh-comp-03]: FAILED! => {"attempts": 4, "changed": true, "cmd": ["/usr/local/bin/nerdctl", "-n", "k8s.io", "pull", "--quiet", "172.16.2.1:5000/k8snetworkplumbingwg/multus-cni:v4.1.0"], "delta": "0:00:00.080320", "end": "2026-09-07 10:36:54.281234", "msg": "non-zero return code", "rc": 1, "start": "2026-09-07 10:36:54.200914", "stderr": "time=\"2026-09-07T10:36:54+02:00\" level=info msg=\"fetch failed\" error=\"failed to do request: Head \\\"https://172.16.2.1:5000/v2/k8snetworkplumbingwg/multus-cni/manifests/v4.1.0\\\": http: server gave HTTP response to HTTPS client\" host=\"172.16.2.1:5000\"\ntime=\"2026-09-07T10:36:54+02:00\" level=error msg=\"server \\\"172.16.2.1:5000\\\" does not seem to support HTTPS\" error=\"failed to resolve reference \\\"172.16.2.1:5000/k8snetworkplumbingwg/multus-cni:v4.1.0\\\": failed to do request: Head \\\"https://172.16.2.1:5000/v2/k8snetworkplumbingwg/multus-cni/manifests/v4.1.0\\\": http: server gave HTTP response to HTTPS client\"\ntime=\"2026-09-07T10:36:54+02:00\" level=info msg=\"Hint: you may want to try --insecure-registry to allow plain HTTP (if you are in a trusted network)\"\ntime=\"2026-09-07T10:36:54+02:00\" level=fatal msg=\"failed to resolve reference \\\"172.16.2.1:5000/k8snetworkplumbingwg/multus-cni:v4.1.0\\\": failed to do request: Head \\\"https://172.16.2.1:5000/v2/k8snetworkplumbingwg/multus-cni/manifests/v4.1.0\\\": http: server gave HTTP response to HTTPS client\"", "stderr_lines": ["time=\"2026-09-07T10:36:54+02:00\" level=info msg=\"fetch failed\" error=\"failed to do request: Head \\\"https://172.16.2.1:5000/v2/k8snetworkplumbingwg/multus-cni/manifests/v4.1.0\\\": http: server gave HTTP response to HTTPS client\" host=\"172.16.2.1:5000\"", "time=\"2026-09-07T10:36:54+02:00\" level=error msg=\"server \\\"172.16.2.1:5000\\\" does not seem to support HTTPS\" error=\"failed to resolve reference \\\"172.16.2.1:5000/k8snetworkplumbingwg/multus-cni:v4.1.0\\\": failed to do request: Head \\\"https://172.16.2.1:5000/v2/k8snetworkplumbingwg/multus-cni/manifests/v4.1.0\\\": http: server gave HTTP response to HTTPS client\"", "time=\"2026-09-07T10:36:54+02:00\" level=info msg=\"Hint: you may want to try --insecure-registry to allow plain HTTP (if you are in a trusted network)\"", "time=\"2026-09-07T10:36:54+02:00\" level=fatal msg=\"failed to resolve reference \\\"172.16.2.1:5000/k8snetworkplumbingwg/multus-cni:v4.1.0\\\": failed to do request: Head \\\"https://172.16.2.1:5000/v2/k8snetworkplumbingwg/multus-cni/manifests/v4.1.0\\\": http: server gave HTTP response to HTTPS client\""], "stdout": "", "stdout_lines": []}
fatal: [osh-comp-04]: FAILED! => {"attempts": 4, "changed": true, "cmd": ["/usr/local/bin/nerdctl", "-n", "k8s.io", "pull", "--quiet", "172.16.2.1:5000/k8snetworkplumbingwg/multus-cni:v4.1.0"], "delta": "0:00:00.076641", "end": "2026-09-07 10:36:55.481162", "msg": "non-zero return code", "rc": 1, "start": "2026-09-07 10:36:55.404521", "stderr": "time=\"2026-09-07T10:36:55+02:00\" level=info msg=\"fetch failed\" error=\"failed to do request: Head \\\"https://172.16.2.1:5000/v2/k8snetworkplumbingwg/multus-cni/manifests/v4.1.0\\\": http: server gave HTTP response to HTTPS client\" host=\"172.16.2.1:5000\"\ntime=\"2026-09-07T10:36:55+02:00\" level=error msg=\"server \\\"172.16.2.1:5000\\\" does not seem to support HTTPS\" error=\"failed to resolve reference \\\"172.16.2.1:5000/k8snetworkplumbingwg/multus-cni:v4.1.0\\\": failed to do request: Head \\\"https://172.16.2.1:5000/v2/k8snetworkplumbingwg/multus-cni/manifests/v4.1.0\\\": http: server gave HTTP response to HTTPS client\"\ntime=\"2026-09-07T10:36:55+02:00\" level=info msg=\"Hint: you may want to try --insecure-registry to allow plain HTTP (if you are in a trusted network)\"\ntime=\"2026-09-07T10:36:55+02:00\" level=fatal msg=\"failed to resolve reference \\\"172.16.2.1:5000/k8snetworkplumbingwg/multus-cni:v4.1.0\\\": failed to do request: Head \\\"https://172.16.2.1:5000/v2/k8snetworkplumbingwg/multus-cni/manifests/v4.1.0\\\": http: server gave HTTP response to HTTPS client\"", "stderr_lines": ["time=\"2026-09-07T10:36:55+02:00\" level=info msg=\"fetch failed\" error=\"failed to do request: Head \\\"https://172.16.2.1:5000/v2/k8snetworkplumbingwg/multus-cni/manifests/v4.1.0\\\": http: server gave HTTP response to HTTPS client\" host=\"172.16.2.1:5000\"", "time=\"2026-09-07T10:36:55+02:00\" level=error msg=\"server \\\"172.16.2.1:5000\\\" does not seem to support HTTPS\" error=\"failed to resolve reference \\\"172.16.2.1:5000/k8snetworkplumbingwg/multus-cni:v4.1.0\\\": failed to do request: Head \\\"https://172.16.2.1:5000/v2/k8snetworkplumbingwg/multus-cni/manifests/v4.1.0\\\": http: server gave HTTP response to HTTPS client\"", "time=\"2026-09-07T10:36:55+02:00\" level=info msg=\"Hint: you may want to try --insecure-registry to allow plain HTTP (if you are in a trusted network)\"", "time=\"2026-09-07T10:36:55+02:00\" level=fatal msg=\"failed to resolve reference \\\"172.16.2.1:5000/k8snetworkplumbingwg/multus-cni:v4.1.0\\\": failed to do request: Head \\\"https://172.16.2.1:5000/v2/k8snetworkplumbingwg/multus-cni/manifests/v4.1.0\\\": http: server gave HTTP response to HTTPS client\""], "stdout": "", "stdout_lines": []}

PLAY RECAP *********************************************************************
MonSrv                     : ok=195  changed=4    unreachable=0    failed=1    skipped=194  rescued=0    ignored=0   
k8s-db-01                  : ok=196  changed=5    unreachable=0    failed=1    skipped=194  rescued=0    ignored=0   
k8s-db-02                  : ok=196  changed=5    unreachable=0    failed=1    skipped=194  rescued=0    ignored=0   
k8s-db-03                  : ok=196  changed=4    unreachable=0    failed=1    skipped=194  rescued=0    ignored=0   
k8s-master-01              : ok=227  changed=5    unreachable=0    failed=1    skipped=241  rescued=0    ignored=0   
k8s-master-02              : ok=215  changed=5    unreachable=0    failed=1    skipped=201  rescued=0    ignored=0   
k8s-master-03              : ok=215  changed=4    unreachable=0    failed=1    skipped=201  rescued=0    ignored=0   
osh-comp-01                : ok=195  changed=4    unreachable=0    failed=1    skipped=194  rescued=0    ignored=0   
osh-comp-02                : ok=195  changed=4    unreachable=0    failed=1    skipped=194  rescued=0    ignored=0   
osh-comp-03                : ok=195  changed=4    unreachable=0    failed=1    skipped=194  rescued=0    ignored=0   
osh-comp-04                : ok=195  changed=4    unreachable=0    failed=1    skipped=194  rescued=0    ignored=0   
osh-ctrl-01                : ok=195  changed=4    unreachable=0    failed=1    skipped=194  rescued=0    ignored=0   
osh-ctrl-02                : ok=195  changed=4    unreachable=0    failed=1    skipped=194  rescued=0    ignored=0   
osh-ctrl-03                : ok=195  changed=4    unreachable=0    failed=1    skipped=194  rescued=0    ignored=0   
osh-net-01                 : ok=195  changed=4    unreachable=0    failed=1    skipped=194  rescued=0    ignored=0   
osh-net-02                 : ok=195  changed=4    unreachable=0    failed=1    skipped=194  rescued=0    ignored=0   

Monday 07 September 2026  03:36:55 -0500 (0:01:41.502)       1:06:10.501 ****** 
=============================================================================== 
container-engine/containerd : Containerd | Write hosts.toml file ------ 148.81s
download : Download | Download files / images ------------------------- 113.94s
download : Download_container | Download image if required ------------ 101.50s
container-engine/crictl : Extract_file | Unpacking archive ------------- 85.66s
container-engine/containerd : Download_file | Download item ------------ 83.24s
container-engine/runc : Download_file | Download item ------------------ 82.87s
container-engine/nerdctl : Extract_file | Unpacking archive ------------ 81.30s
container-engine/crictl : Download_file | Download item ---------------- 76.90s
container-engine/nerdctl : Download_file | Download item --------------- 75.32s
kubernetes/preinstall : Ensure kubelet expected parameters are set ----- 71.93s
container-engine/containerd : Containerd | Unpack containerd archive --- 59.85s
kubernetes/preinstall : Write Kubespray DNS settings to systemd-resolved -- 52.12s
container-engine/runc : Copy runc binary from download dir ------------- 49.76s
container-engine/validate-container-engine : Populate service facts ---- 46.82s
container-engine/containerd : Containerd | Copy containerd config file -- 46.78s
kubernetes/preinstall : Create kubernetes directories ------------------ 45.47s
container-engine/crictl : Install crictl config ------------------------ 43.96s
bootstrap_os : Assign inventory name to unconfigured hostnames (non-CoreOS, non-Flatcar, Suse and ClearLinux, non-Fedora) -- 42.47s
container-engine/containerd : Containerd | Generate systemd service for containerd -- 41.82s
container-engine/containerd : Containerd | Write base_runtime_specs ---- 41.64s


And then again:

TASK [container-engine/containerd : Containerd | Store generated default base_runtime_spec] ***
ok: [k8s-master-01]
ok: [k8s-master-02]
ok: [k8s-master-03]
ok: [k8s-db-01]
ok: [k8s-db-02]
ok: [k8s-db-03]
ok: [osh-ctrl-01]
ok: [osh-ctrl-02]
ok: [osh-ctrl-03]
ok: [osh-net-01]
ok: [osh-net-02]
ok: [MonSrv]
ok: [osh-comp-01]
ok: [osh-comp-02]
ok: [osh-comp-03]
ok: [osh-comp-04]
Monday 07 September 2026  06:22:19 -0500 (0:00:04.574)       0:48:27.597 ****** 

TASK [container-engine/containerd : Containerd | Write base_runtime_specs] *****
ok: [k8s-master-03] => (item={'key': 'cri-base.json', 'value': {'ociVersion': '1.3.0', 'process': {'user': {'uid': 0, 'gid': 0}, 'cwd': '/', 'capabilities': {'bounding': ['CAP_CHOWN', 'CAP_DAC_OVERRIDE', 'CAP_FSETID', 'CAP_FOWNER', 'CAP_MKNOD', 'CAP_NET_RAW', 'CAP_SETGID', 'CAP_SETUID', 'CAP_SETFCAP', 'CAP_SETPCAP', 'CAP_NET_BIND_SERVICE', 'CAP_SYS_CHROOT', 'CAP_KILL', 'CAP_AUDIT_WRITE'], 'effective': ['CAP_CHOWN', 'CAP_DAC_OVERRIDE', 'CAP_FSETID', 'CAP_FOWNER', 'CAP_MKNOD', 'CAP_NET_RAW', 'CAP_SETGID', 'CAP_SETUID', 'CAP_SETFCAP', 'CAP_SETPCAP', 'CAP_NET_BIND_SERVICE', 'CAP_SYS_CHROOT', 'CAP_KILL', 'CAP_AUDIT_WRITE'], 'permitted': ['CAP_CHOWN', 'CAP_DAC_OVERRIDE', 'CAP_FSETID', 'CAP_FOWNER', 'CAP_MKNOD', 'CAP_NET_RAW', 'CAP_SETGID', 'CAP_SETUID', 'CAP_SETFCAP', 'CAP_SETPCAP', 'CAP_NET_BIND_SERVICE', 'CAP_SYS_CHROOT', 'CAP_KILL', 'CAP_AUDIT_WRITE']}, 'rlimits': [{'type': 'RLIMIT_NOFILE', 'hard': 65535, 'soft': 65535}], 'noNewPrivileges': True}, 'root': {'path': 'rootfs'}, 'mounts': [{'destination': '/proc', 'type': 'proc', 'source': 'proc', 'options': ['nosuid', 'noexec', 'nodev']}, {'destination': '/dev', 'type': 'tmpfs', 'source': 'tmpfs', 'options': ['nosuid', 'strictatime', 'mode=755', 'size=65536k']}, {'destination': '/dev/pts', 'type': 'devpts', 'source': 'devpts', 'options': ['nosuid', 'noexec', 'newinstance', 'ptmxmode=0666', 'mode=0620', 'gid=5']}, {'destination': '/dev/shm', 'type': 'tmpfs', 'source': 'shm', 'options': ['nosuid', 'noexec', 'nodev', 'mode=1777', 'size=65536k']}, {'destination': '/dev/mqueue', 'type': 'mqueue', 'source': 'mqueue', 'options': ['nosuid', 'noexec', 'nodev']}, {'destination': '/sys', 'type': 'sysfs', 'source': 'sysfs', 'options': ['nosuid', 'noexec', 'nodev', 'ro']}, {'destination': '/run', 'type': 'tmpfs', 'source': 'tmpfs', 'options': ['nosuid', 'strictatime', 'mode=755', 'size=65536k']}], 'linux': {'resources': {'devices': [{'allow': False, 'access': 'rwm'}]}, 'cgroupsPath': '/default', 'namespaces': [{'type': 'pid'}, {'type': 'ipc'}, {'type': 'uts'}, {'type': 'mount'}, {'type': 'network'}], 'maskedPaths': ['/proc/acpi', '/proc/asound', '/proc/kcore', '/proc/keys', '/proc/latency_stats', '/proc/timer_list', '/proc/timer_stats', '/proc/sched_debug', '/sys/firmware', '/sys/devices/virtual/powercap', '/proc/scsi'], 'readonlyPaths': ['/proc/bus', '/proc/fs', '/proc/irq', '/proc/sys', '/proc/sysrq-trigger']}}})
ok: [k8s-master-01] => (item={'key': 'cri-base.json', 'value': {'ociVersion': '1.3.0', 'process': {'user': {'uid': 0, 'gid': 0}, 'cwd': '/', 'capabilities': {'bounding': ['CAP_CHOWN', 'CAP_DAC_OVERRIDE', 'CAP_FSETID', 'CAP_FOWNER', 'CAP_MKNOD', 'CAP_NET_RAW', 'CAP_SETGID', 'CAP_SETUID', 'CAP_SETFCAP', 'CAP_SETPCAP', 'CAP_NET_BIND_SERVICE', 'CAP_SYS_CHROOT', 'CAP_KILL', 'CAP_AUDIT_WRITE'], 'effective': ['CAP_CHOWN', 'CAP_DAC_OVERRIDE', 'CAP_FSETID', 'CAP_FOWNER', 'CAP_MKNOD', 'CAP_NET_RAW', 'CAP_SETGID', 'CAP_SETUID', 'CAP_SETFCAP', 'CAP_SETPCAP', 'CAP_NET_BIND_SERVICE', 'CAP_SYS_CHROOT', 'CAP_KILL', 'CAP_AUDIT_WRITE'], 'permitted': ['CAP_CHOWN', 'CAP_DAC_OVERRIDE', 'CAP_FSETID', 'CAP_FOWNER', 'CAP_MKNOD', 'CAP_NET_RAW', 'CAP_SETGID', 'CAP_SETUID', 'CAP_SETFCAP', 'CAP_SETPCAP', 'CAP_NET_BIND_SERVICE', 'CAP_SYS_CHROOT', 'CAP_KILL', 'CAP_AUDIT_WRITE']}, 'rlimits': [{'type': 'RLIMIT_NOFILE', 'hard': 65535, 'soft': 65535}], 'noNewPrivileges': True}, 'root': {'path': 'rootfs'}, 'mounts': [{'destination': '/proc', 'type': 'proc', 'source': 'proc', 'options': ['nosuid', 'noexec', 'nodev']}, {'destination': '/dev', 'type': 'tmpfs', 'source': 'tmpfs', 'options': ['nosuid', 'strictatime', 'mode=755', 'size=65536k']}, {'destination': '/dev/pts', 'type': 'devpts', 'source': 'devpts', 'options': ['nosuid', 'noexec', 'newinstance', 'ptmxmode=0666', 'mode=0620', 'gid=5']}, {'destination': '/dev/shm', 'type': 'tmpfs', 'source': 'shm', 'options': ['nosuid', 'noexec', 'nodev', 'mode=1777', 'size=65536k']}, {'destination': '/dev/mqueue', 'type': 'mqueue', 'source': 'mqueue', 'options': ['nosuid', 'noexec', 'nodev']}, {'destination': '/sys', 'type': 'sysfs', 'source': 'sysfs', 'options': ['nosuid', 'noexec', 'nodev', 'ro']}, {'destination': '/run', 'type': 'tmpfs', 'source': 'tmpfs', 'options': ['nosuid', 'strictatime', 'mode=755', 'size=65536k']}], 'linux': {'resources': {'devices': [{'allow': False, 'access': 'rwm'}]}, 'cgroupsPath': '/default', 'namespaces': [{'type': 'pid'}, {'type': 'ipc'}, {'type': 'uts'}, {'type': 'mount'}, {'type': 'network'}], 'maskedPaths': ['/proc/acpi', '/proc/asound', '/proc/kcore', '/proc/keys', '/proc/latency_stats', '/proc/timer_list', '/proc/timer_stats', '/proc/sched_debug', '/sys/firmware', '/sys/devices/virtual/powercap', '/proc/scsi'], 'readonlyPaths': ['/proc/bus', '/proc/fs', '/proc/irq', '/proc/sys', '/proc/sysrq-trigger']}}})
ok: [k8s-db-02] => (item={'key': 'cri-base.json', 'value': {'ociVersion': '1.3.0', 'process': {'user': {'uid': 0, 'gid': 0}, 'cwd': '/', 'capabilities': {'bounding': ['CAP_CHOWN', 'CAP_DAC_OVERRIDE', 'CAP_FSETID', 'CAP_FOWNER', 'CAP_MKNOD', 'CAP_NET_RAW', 'CAP_SETGID', 'CAP_SETUID', 'CAP_SETFCAP', 'CAP_SETPCAP', 'CAP_NET_BIND_SERVICE', 'CAP_SYS_CHROOT', 'CAP_KILL', 'CAP_AUDIT_WRITE'], 'effective': ['CAP_CHOWN', 'CAP_DAC_OVERRIDE', 'CAP_FSETID', 'CAP_FOWNER', 'CAP_MKNOD', 'CAP_NET_RAW', 'CAP_SETGID', 'CAP_SETUID', 'CAP_SETFCAP', 'CAP_SETPCAP', 'CAP_NET_BIND_SERVICE', 'CAP_SYS_CHROOT', 'CAP_KILL', 'CAP_AUDIT_WRITE'], 'permitted': ['CAP_CHOWN', 'CAP_DAC_OVERRIDE', 'CAP_FSETID', 'CAP_FOWNER', 'CAP_MKNOD', 'CAP_NET_RAW', 'CAP_SETGID', 'CAP_SETUID', 'CAP_SETFCAP', 'CAP_SETPCAP', 'CAP_NET_BIND_SERVICE', 'CAP_SYS_CHROOT', 'CAP_KILL', 'CAP_AUDIT_WRITE']}, 'rlimits': [{'type': 'RLIMIT_NOFILE', 'hard': 65535, 'soft': 65535}], 'noNewPrivileges': True}, 'root': {'path': 'rootfs'}, 'mounts': [{'destination': '/proc', 'type': 'proc', 'source': 'proc', 'options': ['nosuid', 'noexec', 'nodev']}, {'destination': '/dev', 'type': 'tmpfs', 'source': 'tmpfs', 'options': ['nosuid', 'strictatime', 'mode=755', 'size=65536k']}, {'destination': '/dev/pts', 'type': 'devpts', 'source': 'devpts', 'options': ['nosuid', 'noexec', 'newinstance', 'ptmxmode=0666', 'mode=0620', 'gid=5']}, {'destination': '/dev/shm', 'type': 'tmpfs', 'source': 'shm', 'options': ['nosuid', 'noexec', 'nodev', 'mode=1777', 'size=65536k']}, {'destination': '/dev/mqueue', 'type': 'mqueue', 'source': 'mqueue', 'options': ['nosuid', 'noexec', 'nodev']}, {'destination': '/sys', 'type': 'sysfs', 'source': 'sysfs', 'options': ['nosuid', 'noexec', 'nodev', 'ro']}, {'destination': '/run', 'type': 'tmpfs', 'source': 'tmpfs', 'options': ['nosuid', 'strictatime', 'mode=755', 'size=65536k']}], 'linux': {'resources': {'devices': [{'allow': False, 'access': 'rwm'}]}, 'cgroupsPath': '/default', 'namespaces': [{'type': 'pid'}, {'type': 'ipc'}, {'type': 'uts'}, {'type': 'mount'}, {'type': 'network'}], 'maskedPaths': ['/proc/acpi', '/proc/asound', '/proc/kcore', '/proc/keys', '/proc/latency_stats', '/proc/timer_list', '/proc/timer_stats', '/proc/sched_debug', '/sys/firmware', '/sys/devices/virtual/powercap', '/proc/scsi'], 'readonlyPaths': ['/proc/bus', '/proc/fs', '/proc/irq', '/proc/sys', '/proc/sysrq-trigger']}}})
ok: [k8s-master-02] => (item={'key': 'cri-base.json', 'value': {'ociVersion': '1.3.0', 'process': {'user': {'uid': 0, 'gid': 0}, 'cwd': '/', 'capabilities': {'bounding': ['CAP_CHOWN', 'CAP_DAC_OVERRIDE', 'CAP_FSETID', 'CAP_FOWNER', 'CAP_MKNOD', 'CAP_NET_RAW', 'CAP_SETGID', 'CAP_SETUID', 'CAP_SETFCAP', 'CAP_SETPCAP', 'CAP_NET_BIND_SERVICE', 'CAP_SYS_CHROOT', 'CAP_KILL', 'CAP_AUDIT_WRITE'], 'effective': ['CAP_CHOWN', 'CAP_DAC_OVERRIDE', 'CAP_FSETID', 'CAP_FOWNER', 'CAP_MKNOD', 'CAP_NET_RAW', 'CAP_SETGID', 'CAP_SETUID', 'CAP_SETFCAP', 'CAP_SETPCAP', 'CAP_NET_BIND_SERVICE', 'CAP_SYS_CHROOT', 'CAP_KILL', 'CAP_AUDIT_WRITE'], 'permitted': ['CAP_CHOWN', 'CAP_DAC_OVERRIDE', 'CAP_FSETID', 'CAP_FOWNER', 'CAP_MKNOD', 'CAP_NET_RAW', 'CAP_SETGID', 'CAP_SETUID', 'CAP_SETFCAP', 'CAP_SETPCAP', 'CAP_NET_BIND_SERVICE', 'CAP_SYS_CHROOT', 'CAP_KILL', 'CAP_AUDIT_WRITE']}, 'rlimits': [{'type': 'RLIMIT_NOFILE', 'hard': 65535, 'soft': 65535}], 'noNewPrivileges': True}, 'root': {'path': 'rootfs'}, 'mounts': [{'destination': '/proc', 'type': 'proc', 'source': 'proc', 'options': ['nosuid', 'noexec', 'nodev']}, {'destination': '/dev', 'type': 'tmpfs', 'source': 'tmpfs', 'options': ['nosuid', 'strictatime', 'mode=755', 'size=65536k']}, {'destination': '/dev/pts', 'type': 'devpts', 'source': 'devpts', 'options': ['nosuid', 'noexec', 'newinstance', 'ptmxmode=0666', 'mode=0620', 'gid=5']}, {'destination': '/dev/shm', 'type': 'tmpfs', 'source': 'shm', 'options': ['nosuid', 'noexec', 'nodev', 'mode=1777', 'size=65536k']}, {'destination': '/dev/mqueue', 'type': 'mqueue', 'source': 'mqueue', 'options': ['nosuid', 'noexec', 'nodev']}, {'destination': '/sys', 'type': 'sysfs', 'source': 'sysfs', 'options': ['nosuid', 'noexec', 'nodev', 'ro']}, {'destination': '/run', 'type': 'tmpfs', 'source': 'tmpfs', 'options': ['nosuid', 'strictatime', 'mode=755', 'size=65536k']}], 'linux': {'resources': {'devices': [{'allow': False, 'access': 'rwm'}]}, 'cgroupsPath': '/default', 'namespaces': [{'type': 'pid'}, {'type': 'ipc'}, {'type': 'uts'}, {'type': 'mount'}, {'type': 'network'}], 'maskedPaths': ['/proc/acpi', '/proc/asound', '/proc/kcore', '/proc/keys', '/proc/latency_stats', '/proc/timer_list', '/proc/timer_stats', '/proc/sched_debug', '/sys/firmware', '/sys/devices/virtual/powercap', '/proc/scsi'], 'readonlyPaths': ['/proc/bus', '/proc/fs', '/proc/irq', '/proc/sys', '/proc/sysrq-trigger']}}})
ok: [k8s-db-01] => (item={'key': 'cri-base.json', 'value': {'ociVersion': '1.3.0', 'process': {'user': {'uid': 0, 'gid': 0}, 'cwd': '/', 'capabilities': {'bounding': ['CAP_CHOWN', 'CAP_DAC_OVERRIDE', 'CAP_FSETID', 'CAP_FOWNER', 'CAP_MKNOD', 'CAP_NET_RAW', 'CAP_SETGID', 'CAP_SETUID', 'CAP_SETFCAP', 'CAP_SETPCAP', 'CAP_NET_BIND_SERVICE', 'CAP_SYS_CHROOT', 'CAP_KILL', 'CAP_AUDIT_WRITE'], 'effective': ['CAP_CHOWN', 'CAP_DAC_OVERRIDE', 'CAP_FSETID', 'CAP_FOWNER', 'CAP_MKNOD', 'CAP_NET_RAW', 'CAP_SETGID', 'CAP_SETUID', 'CAP_SETFCAP', 'CAP_SETPCAP', 'CAP_NET_BIND_SERVICE', 'CAP_SYS_CHROOT', 'CAP_KILL', 'CAP_AUDIT_WRITE'], 'permitted': ['CAP_CHOWN', 'CAP_DAC_OVERRIDE', 'CAP_FSETID', 'CAP_FOWNER', 'CAP_MKNOD', 'CAP_NET_RAW', 'CAP_SETGID', 'CAP_SETUID', 'CAP_SETFCAP', 'CAP_SETPCAP', 'CAP_NET_BIND_SERVICE', 'CAP_SYS_CHROOT', 'CAP_KILL', 'CAP_AUDIT_WRITE']}, 'rlimits': [{'type': 'RLIMIT_NOFILE', 'hard': 65535, 'soft': 65535}], 'noNewPrivileges': True}, 'root': {'path': 'rootfs'}, 'mounts': [{'destination': '/proc', 'type': 'proc', 'source': 'proc', 'options': ['nosuid', 'noexec', 'nodev']}, {'destination': '/dev', 'type': 'tmpfs', 'source': 'tmpfs', 'options': ['nosuid', 'strictatime', 'mode=755', 'size=65536k']}, {'destination': '/dev/pts', 'type': 'devpts', 'source': 'devpts', 'options': ['nosuid', 'noexec', 'newinstance', 'ptmxmode=0666', 'mode=0620', 'gid=5']}, {'destination': '/dev/shm', 'type': 'tmpfs', 'source': 'shm', 'options': ['nosuid', 'noexec', 'nodev', 'mode=1777', 'size=65536k']}, {'destination': '/dev/mqueue', 'type': 'mqueue', 'source': 'mqueue', 'options': ['nosuid', 'noexec', 'nodev']}, {'destination': '/sys', 'type': 'sysfs', 'source': 'sysfs', 'options': ['nosuid', 'noexec', 'nodev', 'ro']}, {'destination': '/run', 'type': 'tmpfs', 'source': 'tmpfs', 'options': ['nosuid', 'strictatime', 'mode=755', 'size=65536k']}], 'linux': {'resources': {'devices': [{'allow': False, 'access': 'rwm'}]}, 'cgroupsPath': '/default', 'namespaces': [{'type': 'pid'}, {'type': 'ipc'}, {'type': 'uts'}, {'type': 'mount'}, {'type': 'network'}], 'maskedPaths': ['/proc/acpi', '/proc/asound', '/proc/kcore', '/proc/keys', '/proc/latency_stats', '/proc/timer_list', '/proc/timer_stats', '/proc/sched_debug', '/sys/firmware', '/sys/devices/virtual/powercap', '/proc/scsi'], 'readonlyPaths': ['/proc/bus', '/proc/fs', '/proc/irq', '/proc/sys', '/proc/sysrq-trigger']}}})
ok: [k8s-db-03] => (item={'key': 'cri-base.json', 'value': {'ociVersion': '1.3.0', 'process': {'user': {'uid': 0, 'gid': 0}, 'cwd': '/', 'capabilities': {'bounding': ['CAP_CHOWN', 'CAP_DAC_OVERRIDE', 'CAP_FSETID', 'CAP_FOWNER', 'CAP_MKNOD', 'CAP_NET_RAW', 'CAP_SETGID', 'CAP_SETUID', 'CAP_SETFCAP', 'CAP_SETPCAP', 'CAP_NET_BIND_SERVICE', 'CAP_SYS_CHROOT', 'CAP_KILL', 'CAP_AUDIT_WRITE'], 'effective': ['CAP_CHOWN', 'CAP_DAC_OVERRIDE', 'CAP_FSETID', 'CAP_FOWNER', 'CAP_MKNOD', 'CAP_NET_RAW', 'CAP_SETGID', 'CAP_SETUID', 'CAP_SETFCAP', 'CAP_SETPCAP', 'CAP_NET_BIND_SERVICE', 'CAP_SYS_CHROOT', 'CAP_KILL', 'CAP_AUDIT_WRITE'], 'permitted': ['CAP_CHOWN', 'CAP_DAC_OVERRIDE', 'CAP_FSETID', 'CAP_FOWNER', 'CAP_MKNOD', 'CAP_NET_RAW', 'CAP_SETGID', 'CAP_SETUID', 'CAP_SETFCAP', 'CAP_SETPCAP', 'CAP_NET_BIND_SERVICE', 'CAP_SYS_CHROOT', 'CAP_KILL', 'CAP_AUDIT_WRITE']}, 'rlimits': [{'type': 'RLIMIT_NOFILE', 'hard': 65535, 'soft': 65535}], 'noNewPrivileges': True}, 'root': {'path': 'rootfs'}, 'mounts': [{'destination': '/proc', 'type': 'proc', 'source': 'proc', 'options': ['nosuid', 'noexec', 'nodev']}, {'destination': '/dev', 'type': 'tmpfs', 'source': 'tmpfs', 'options': ['nosuid', 'strictatime', 'mode=755', 'size=65536k']}, {'destination': '/dev/pts', 'type': 'devpts', 'source': 'devpts', 'options': ['nosuid', 'noexec', 'newinstance', 'ptmxmode=0666', 'mode=0620', 'gid=5']}, {'destination': '/dev/shm', 'type': 'tmpfs', 'source': 'shm', 'options': ['nosuid', 'noexec', 'nodev', 'mode=1777', 'size=65536k']}, {'destination': '/dev/mqueue', 'type': 'mqueue', 'source': 'mqueue', 'options': ['nosuid', 'noexec', 'nodev']}, {'destination': '/sys', 'type': 'sysfs', 'source': 'sysfs', 'options': ['nosuid', 'noexec', 'nodev', 'ro']}, {'destination': '/run', 'type': 'tmpfs', 'source': 'tmpfs', 'options': ['nosuid', 'strictatime', 'mode=755', 'size=65536k']}], 'linux': {'resources': {'devices': [{'allow': False, 'access': 'rwm'}]}, 'cgroupsPath': '/default', 'namespaces': [{'type': 'pid'}, {'type': 'ipc'}, {'type': 'uts'}, {'type': 'mount'}, {'type': 'network'}], 'maskedPaths': ['/proc/acpi', '/proc/asound', '/proc/kcore', '/proc/keys', '/proc/latency_stats', '/proc/timer_list', '/proc/timer_stats', '/proc/sched_debug', '/sys/firmware', '/sys/devices/virtual/powercap', '/proc/scsi'], 'readonlyPaths': ['/proc/bus', '/proc/fs', '/proc/irq', '/proc/sys', '/proc/sysrq-trigger']}}})
ok: [osh-ctrl-01] => (item={'key': 'cri-base.json', 'value': {'ociVersion': '1.3.0', 'process': {'user': {'uid': 0, 'gid': 0}, 'cwd': '/', 'capabilities': {'bounding': ['CAP_CHOWN', 'CAP_DAC_OVERRIDE', 'CAP_FSETID', 'CAP_FOWNER', 'CAP_MKNOD', 'CAP_NET_RAW', 'CAP_SETGID', 'CAP_SETUID', 'CAP_SETFCAP', 'CAP_SETPCAP', 'CAP_NET_BIND_SERVICE', 'CAP_SYS_CHROOT', 'CAP_KILL', 'CAP_AUDIT_WRITE'], 'effective': ['CAP_CHOWN', 'CAP_DAC_OVERRIDE', 'CAP_FSETID', 'CAP_FOWNER', 'CAP_MKNOD', 'CAP_NET_RAW', 'CAP_SETGID', 'CAP_SETUID', 'CAP_SETFCAP', 'CAP_SETPCAP', 'CAP_NET_BIND_SERVICE', 'CAP_SYS_CHROOT', 'CAP_KILL', 'CAP_AUDIT_WRITE'], 'permitted': ['CAP_CHOWN', 'CAP_DAC_OVERRIDE', 'CAP_FSETID', 'CAP_FOWNER', 'CAP_MKNOD', 'CAP_NET_RAW', 'CAP_SETGID', 'CAP_SETUID', 'CAP_SETFCAP', 'CAP_SETPCAP', 'CAP_NET_BIND_SERVICE', 'CAP_SYS_CHROOT', 'CAP_KILL', 'CAP_AUDIT_WRITE']}, 'rlimits': [{'type': 'RLIMIT_NOFILE', 'hard': 65535, 'soft': 65535}], 'noNewPrivileges': True}, 'root': {'path': 'rootfs'}, 'mounts': [{'destination': '/proc', 'type': 'proc', 'source': 'proc', 'options': ['nosuid', 'noexec', 'nodev']}, {'destination': '/dev', 'type': 'tmpfs', 'source': 'tmpfs', 'options': ['nosuid', 'strictatime', 'mode=755', 'size=65536k']}, {'destination': '/dev/pts', 'type': 'devpts', 'source': 'devpts', 'options': ['nosuid', 'noexec', 'newinstance', 'ptmxmode=0666', 'mode=0620', 'gid=5']}, {'destination': '/dev/shm', 'type': 'tmpfs', 'source': 'shm', 'options': ['nosuid', 'noexec', 'nodev', 'mode=1777', 'size=65536k']}, {'destination': '/dev/mqueue', 'type': 'mqueue', 'source': 'mqueue', 'options': ['nosuid', 'noexec', 'nodev']}, {'destination': '/sys', 'type': 'sysfs', 'source': 'sysfs', 'options': ['nosuid', 'noexec', 'nodev', 'ro']}, {'destination': '/run', 'type': 'tmpfs', 'source': 'tmpfs', 'options': ['nosuid', 'strictatime', 'mode=755', 'size=65536k']}], 'linux': {'resources': {'devices': [{'allow': False, 'access': 'rwm'}]}, 'cgroupsPath': '/default', 'namespaces': [{'type': 'pid'}, {'type': 'ipc'}, {'type': 'uts'}, {'type': 'mount'}, {'type': 'network'}], 'maskedPaths': ['/proc/acpi', '/proc/asound', '/proc/kcore', '/proc/keys', '/proc/latency_stats', '/proc/timer_list', '/proc/timer_stats', '/proc/sched_debug', '/sys/firmware', '/sys/devices/virtual/powercap', '/proc/scsi'], 'readonlyPaths': ['/proc/bus', '/proc/fs', '/proc/irq', '/proc/sys', '/proc/sysrq-trigger']}}})
ok: [osh-ctrl-03] => (item={'key': 'cri-base.json', 'value': {'ociVersion': '1.3.0', 'process': {'user': {'uid': 0, 'gid': 0}, 'cwd': '/', 'capabilities': {'bounding': ['CAP_CHOWN', 'CAP_DAC_OVERRIDE', 'CAP_FSETID', 'CAP_FOWNER', 'CAP_MKNOD', 'CAP_NET_RAW', 'CAP_SETGID', 'CAP_SETUID', 'CAP_SETFCAP', 'CAP_SETPCAP', 'CAP_NET_BIND_SERVICE', 'CAP_SYS_CHROOT', 'CAP_KILL', 'CAP_AUDIT_WRITE'], 'effective': ['CAP_CHOWN', 'CAP_DAC_OVERRIDE', 'CAP_FSETID', 'CAP_FOWNER', 'CAP_MKNOD', 'CAP_NET_RAW', 'CAP_SETGID', 'CAP_SETUID', 'CAP_SETFCAP', 'CAP_SETPCAP', 'CAP_NET_BIND_SERVICE', 'CAP_SYS_CHROOT', 'CAP_KILL', 'CAP_AUDIT_WRITE'], 'permitted': ['CAP_CHOWN', 'CAP_DAC_OVERRIDE', 'CAP_FSETID', 'CAP_FOWNER', 'CAP_MKNOD', 'CAP_NET_RAW', 'CAP_SETGID', 'CAP_SETUID', 'CAP_SETFCAP', 'CAP_SETPCAP', 'CAP_NET_BIND_SERVICE', 'CAP_SYS_CHROOT', 'CAP_KILL', 'CAP_AUDIT_WRITE']}, 'rlimits': [{'type': 'RLIMIT_NOFILE', 'hard': 65535, 'soft': 65535}], 'noNewPrivileges': True}, 'root': {'path': 'rootfs'}, 'mounts': [{'destination': '/proc', 'type': 'proc', 'source': 'proc', 'options': ['nosuid', 'noexec', 'nodev']}, {'destination': '/dev', 'type': 'tmpfs', 'source': 'tmpfs', 'options': ['nosuid', 'strictatime', 'mode=755', 'size=65536k']}, {'destination': '/dev/pts', 'type': 'devpts', 'source': 'devpts', 'options': ['nosuid', 'noexec', 'newinstance', 'ptmxmode=0666', 'mode=0620', 'gid=5']}, {'destination': '/dev/shm', 'type': 'tmpfs', 'source': 'shm', 'options': ['nosuid', 'noexec', 'nodev', 'mode=1777', 'size=65536k']}, {'destination': '/dev/mqueue', 'type': 'mqueue', 'source': 'mqueue', 'options': ['nosuid', 'noexec', 'nodev']}, {'destination': '/sys', 'type': 'sysfs', 'source': 'sysfs', 'options': ['nosuid', 'noexec', 'nodev', 'ro']}, {'destination': '/run', 'type': 'tmpfs', 'source': 'tmpfs', 'options': ['nosuid', 'strictatime', 'mode=755', 'size=65536k']}], 'linux': {'resources': {'devices': [{'allow': False, 'access': 'rwm'}]}, 'cgroupsPath': '/default', 'namespaces': [{'type': 'pid'}, {'type': 'ipc'}, {'type': 'uts'}, {'type': 'mount'}, {'type': 'network'}], 'maskedPaths': ['/proc/acpi', '/proc/asound', '/proc/kcore', '/proc/keys', '/proc/latency_stats', '/proc/timer_list', '/proc/timer_stats', '/proc/sched_debug', '/sys/firmware', '/sys/devices/virtual/powercap', '/proc/scsi'], 'readonlyPaths': ['/proc/bus', '/proc/fs', '/proc/irq', '/proc/sys', '/proc/sysrq-trigger']}}})
ok: [osh-ctrl-02] => (item={'key': 'cri-base.json', 'value': {'ociVersion': '1.3.0', 'process': {'user': {'uid': 0, 'gid': 0}, 'cwd': '/', 'capabilities': {'bounding': ['CAP_CHOWN', 'CAP_DAC_OVERRIDE', 'CAP_FSETID', 'CAP_FOWNER', 'CAP_MKNOD', 'CAP_NET_RAW', 'CAP_SETGID', 'CAP_SETUID', 'CAP_SETFCAP', 'CAP_SETPCAP', 'CAP_NET_BIND_SERVICE', 'CAP_SYS_CHROOT', 'CAP_KILL', 'CAP_AUDIT_WRITE'], 'effective': ['CAP_CHOWN', 'CAP_DAC_OVERRIDE', 'CAP_FSETID', 'CAP_FOWNER', 'CAP_MKNOD', 'CAP_NET_RAW', 'CAP_SETGID', 'CAP_SETUID', 'CAP_SETFCAP', 'CAP_SETPCAP', 'CAP_NET_BIND_SERVICE', 'CAP_SYS_CHROOT', 'CAP_KILL', 'CAP_AUDIT_WRITE'], 'permitted': ['CAP_CHOWN', 'CAP_DAC_OVERRIDE', 'CAP_FSETID', 'CAP_FOWNER', 'CAP_MKNOD', 'CAP_NET_RAW', 'CAP_SETGID', 'CAP_SETUID', 'CAP_SETFCAP', 'CAP_SETPCAP', 'CAP_NET_BIND_SERVICE', 'CAP_SYS_CHROOT', 'CAP_KILL', 'CAP_AUDIT_WRITE']}, 'rlimits': [{'type': 'RLIMIT_NOFILE', 'hard': 65535, 'soft': 65535}], 'noNewPrivileges': True}, 'root': {'path': 'rootfs'}, 'mounts': [{'destination': '/proc', 'type': 'proc', 'source': 'proc', 'options': ['nosuid', 'noexec', 'nodev']}, {'destination': '/dev', 'type': 'tmpfs', 'source': 'tmpfs', 'options': ['nosuid', 'strictatime', 'mode=755', 'size=65536k']}, {'destination': '/dev/pts', 'type': 'devpts', 'source': 'devpts', 'options': ['nosuid', 'noexec', 'newinstance', 'ptmxmode=0666', 'mode=0620', 'gid=5']}, {'destination': '/dev/shm', 'type': 'tmpfs', 'source': 'shm', 'options': ['nosuid', 'noexec', 'nodev', 'mode=1777', 'size=65536k']}, {'destination': '/dev/mqueue', 'type': 'mqueue', 'source': 'mqueue', 'options': ['nosuid', 'noexec', 'nodev']}, {'destination': '/sys', 'type': 'sysfs', 'source': 'sysfs', 'options': ['nosuid', 'noexec', 'nodev', 'ro']}, {'destination': '/run', 'type': 'tmpfs', 'source': 'tmpfs', 'options': ['nosuid', 'strictatime', 'mode=755', 'size=65536k']}], 'linux': {'resources': {'devices': [{'allow': False, 'access': 'rwm'}]}, 'cgroupsPath': '/default', 'namespaces': [{'type': 'pid'}, {'type': 'ipc'}, {'type': 'uts'}, {'type': 'mount'}, {'type': 'network'}], 'maskedPaths': ['/proc/acpi', '/proc/asound', '/proc/kcore', '/proc/keys', '/proc/latency_stats', '/proc/timer_list', '/proc/timer_stats', '/proc/sched_debug', '/sys/firmware', '/sys/devices/virtual/powercap', '/proc/scsi'], 'readonlyPaths': ['/proc/bus', '/proc/fs', '/proc/irq', '/proc/sys', '/proc/sysrq-trigger']}}})
ok: [osh-net-01] => (item={'key': 'cri-base.json', 'value': {'ociVersion': '1.3.0', 'process': {'user': {'uid': 0, 'gid': 0}, 'cwd': '/', 'capabilities': {'bounding': ['CAP_CHOWN', 'CAP_DAC_OVERRIDE', 'CAP_FSETID', 'CAP_FOWNER', 'CAP_MKNOD', 'CAP_NET_RAW', 'CAP_SETGID', 'CAP_SETUID', 'CAP_SETFCAP', 'CAP_SETPCAP', 'CAP_NET_BIND_SERVICE', 'CAP_SYS_CHROOT', 'CAP_KILL', 'CAP_AUDIT_WRITE'], 'effective': ['CAP_CHOWN', 'CAP_DAC_OVERRIDE', 'CAP_FSETID', 'CAP_FOWNER', 'CAP_MKNOD', 'CAP_NET_RAW', 'CAP_SETGID', 'CAP_SETUID', 'CAP_SETFCAP', 'CAP_SETPCAP', 'CAP_NET_BIND_SERVICE', 'CAP_SYS_CHROOT', 'CAP_KILL', 'CAP_AUDIT_WRITE'], 'permitted': ['CAP_CHOWN', 'CAP_DAC_OVERRIDE', 'CAP_FSETID', 'CAP_FOWNER', 'CAP_MKNOD', 'CAP_NET_RAW', 'CAP_SETGID', 'CAP_SETUID', 'CAP_SETFCAP', 'CAP_SETPCAP', 'CAP_NET_BIND_SERVICE', 'CAP_SYS_CHROOT', 'CAP_KILL', 'CAP_AUDIT_WRITE']}, 'rlimits': [{'type': 'RLIMIT_NOFILE', 'hard': 65535, 'soft': 65535}], 'noNewPrivileges': True}, 'root': {'path': 'rootfs'}, 'mounts': [{'destination': '/proc', 'type': 'proc', 'source': 'proc', 'options': ['nosuid', 'noexec', 'nodev']}, {'destination': '/dev', 'type': 'tmpfs', 'source': 'tmpfs', 'options': ['nosuid', 'strictatime', 'mode=755', 'size=65536k']}, {'destination': '/dev/pts', 'type': 'devpts', 'source': 'devpts', 'options': ['nosuid', 'noexec', 'newinstance', 'ptmxmode=0666', 'mode=0620', 'gid=5']}, {'destination': '/dev/shm', 'type': 'tmpfs', 'source': 'shm', 'options': ['nosuid', 'noexec', 'nodev', 'mode=1777', 'size=65536k']}, {'destination': '/dev/mqueue', 'type': 'mqueue', 'source': 'mqueue', 'options': ['nosuid', 'noexec', 'nodev']}, {'destination': '/sys', 'type': 'sysfs', 'source': 'sysfs', 'options': ['nosuid', 'noexec', 'nodev', 'ro']}, {'destination': '/run', 'type': 'tmpfs', 'source': 'tmpfs', 'options': ['nosuid', 'strictatime', 'mode=755', 'size=65536k']}], 'linux': {'resources': {'devices': [{'allow': False, 'access': 'rwm'}]}, 'cgroupsPath': '/default', 'namespaces': [{'type': 'pid'}, {'type': 'ipc'}, {'type': 'uts'}, {'type': 'mount'}, {'type': 'network'}], 'maskedPaths': ['/proc/acpi', '/proc/asound', '/proc/kcore', '/proc/keys', '/proc/latency_stats', '/proc/timer_list', '/proc/timer_stats', '/proc/sched_debug', '/sys/firmware', '/sys/devices/virtual/powercap', '/proc/scsi'], 'readonlyPaths': ['/proc/bus', '/proc/fs', '/proc/irq', '/proc/sys', '/proc/sysrq-trigger']}}})
ok: [osh-net-02] => (item={'key': 'cri-base.json', 'value': {'ociVersion': '1.3.0', 'process': {'user': {'uid': 0, 'gid': 0}, 'cwd': '/', 'capabilities': {'bounding': ['CAP_CHOWN', 'CAP_DAC_OVERRIDE', 'CAP_FSETID', 'CAP_FOWNER', 'CAP_MKNOD', 'CAP_NET_RAW', 'CAP_SETGID', 'CAP_SETUID', 'CAP_SETFCAP', 'CAP_SETPCAP', 'CAP_NET_BIND_SERVICE', 'CAP_SYS_CHROOT', 'CAP_KILL', 'CAP_AUDIT_WRITE'], 'effective': ['CAP_CHOWN', 'CAP_DAC_OVERRIDE', 'CAP_FSETID', 'CAP_FOWNER', 'CAP_MKNOD', 'CAP_NET_RAW', 'CAP_SETGID', 'CAP_SETUID', 'CAP_SETFCAP', 'CAP_SETPCAP', 'CAP_NET_BIND_SERVICE', 'CAP_SYS_CHROOT', 'CAP_KILL', 'CAP_AUDIT_WRITE'], 'permitted': ['CAP_CHOWN', 'CAP_DAC_OVERRIDE', 'CAP_FSETID', 'CAP_FOWNER', 'CAP_MKNOD', 'CAP_NET_RAW', 'CAP_SETGID', 'CAP_SETUID', 'CAP_SETFCAP', 'CAP_SETPCAP', 'CAP_NET_BIND_SERVICE', 'CAP_SYS_CHROOT', 'CAP_KILL', 'CAP_AUDIT_WRITE']}, 'rlimits': [{'type': 'RLIMIT_NOFILE', 'hard': 65535, 'soft': 65535}], 'noNewPrivileges': True}, 'root': {'path': 'rootfs'}, 'mounts': [{'destination': '/proc', 'type': 'proc', 'source': 'proc', 'options': ['nosuid', 'noexec', 'nodev']}, {'destination': '/dev', 'type': 'tmpfs', 'source': 'tmpfs', 'options': ['nosuid', 'strictatime', 'mode=755', 'size=65536k']}, {'destination': '/dev/pts', 'type': 'devpts', 'source': 'devpts', 'options': ['nosuid', 'noexec', 'newinstance', 'ptmxmode=0666', 'mode=0620', 'gid=5']}, {'destination': '/dev/shm', 'type': 'tmpfs', 'source': 'shm', 'options': ['nosuid', 'noexec', 'nodev', 'mode=1777', 'size=65536k']}, {'destination': '/dev/mqueue', 'type': 'mqueue', 'source': 'mqueue', 'options': ['nosuid', 'noexec', 'nodev']}, {'destination': '/sys', 'type': 'sysfs', 'source': 'sysfs', 'options': ['nosuid', 'noexec', 'nodev', 'ro']}, {'destination': '/run', 'type': 'tmpfs', 'source': 'tmpfs', 'options': ['nosuid', 'strictatime', 'mode=755', 'size=65536k']}], 'linux': {'resources': {'devices': [{'allow': False, 'access': 'rwm'}]}, 'cgroupsPath': '/default', 'namespaces': [{'type': 'pid'}, {'type': 'ipc'}, {'type': 'uts'}, {'type': 'mount'}, {'type': 'network'}], 'maskedPaths': ['/proc/acpi', '/proc/asound', '/proc/kcore', '/proc/keys', '/proc/latency_stats', '/proc/timer_list', '/proc/timer_stats', '/proc/sched_debug', '/sys/firmware', '/sys/devices/virtual/powercap', '/proc/scsi'], 'readonlyPaths': ['/proc/bus', '/proc/fs', '/proc/irq', '/proc/sys', '/proc/sysrq-trigger']}}})
ok: [MonSrv] => (item={'key': 'cri-base.json', 'value': {'ociVersion': '1.3.0', 'process': {'user': {'uid': 0, 'gid': 0}, 'cwd': '/', 'capabilities': {'bounding': ['CAP_CHOWN', 'CAP_DAC_OVERRIDE', 'CAP_FSETID', 'CAP_FOWNER', 'CAP_MKNOD', 'CAP_NET_RAW', 'CAP_SETGID', 'CAP_SETUID', 'CAP_SETFCAP', 'CAP_SETPCAP', 'CAP_NET_BIND_SERVICE', 'CAP_SYS_CHROOT', 'CAP_KILL', 'CAP_AUDIT_WRITE'], 'effective': ['CAP_CHOWN', 'CAP_DAC_OVERRIDE', 'CAP_FSETID', 'CAP_FOWNER', 'CAP_MKNOD', 'CAP_NET_RAW', 'CAP_SETGID', 'CAP_SETUID', 'CAP_SETFCAP', 'CAP_SETPCAP', 'CAP_NET_BIND_SERVICE', 'CAP_SYS_CHROOT', 'CAP_KILL', 'CAP_AUDIT_WRITE'], 'permitted': ['CAP_CHOWN', 'CAP_DAC_OVERRIDE', 'CAP_FSETID', 'CAP_FOWNER', 'CAP_MKNOD', 'CAP_NET_RAW', 'CAP_SETGID', 'CAP_SETUID', 'CAP_SETFCAP', 'CAP_SETPCAP', 'CAP_NET_BIND_SERVICE', 'CAP_SYS_CHROOT', 'CAP_KILL', 'CAP_AUDIT_WRITE']}, 'rlimits': [{'type': 'RLIMIT_NOFILE', 'hard': 65535, 'soft': 65535}], 'noNewPrivileges': True}, 'root': {'path': 'rootfs'}, 'mounts': [{'destination': '/proc', 'type': 'proc', 'source': 'proc', 'options': ['nosuid', 'noexec', 'nodev']}, {'destination': '/dev', 'type': 'tmpfs', 'source': 'tmpfs', 'options': ['nosuid', 'strictatime', 'mode=755', 'size=65536k']}, {'destination': '/dev/pts', 'type': 'devpts', 'source': 'devpts', 'options': ['nosuid', 'noexec', 'newinstance', 'ptmxmode=0666', 'mode=0620', 'gid=5']}, {'destination': '/dev/shm', 'type': 'tmpfs', 'source': 'shm', 'options': ['nosuid', 'noexec', 'nodev', 'mode=1777', 'size=65536k']}, {'destination': '/dev/mqueue', 'type': 'mqueue', 'source': 'mqueue', 'options': ['nosuid', 'noexec', 'nodev']}, {'destination': '/sys', 'type': 'sysfs', 'source': 'sysfs', 'options': ['nosuid', 'noexec', 'nodev', 'ro']}, {'destination': '/run', 'type': 'tmpfs', 'source': 'tmpfs', 'options': ['nosuid', 'strictatime', 'mode=755', 'size=65536k']}], 'linux': {'resources': {'devices': [{'allow': False, 'access': 'rwm'}]}, 'cgroupsPath': '/default', 'namespaces': [{'type': 'pid'}, {'type': 'ipc'}, {'type': 'uts'}, {'type': 'mount'}, {'type': 'network'}], 'maskedPaths': ['/proc/acpi', '/proc/asound', '/proc/kcore', '/proc/keys', '/proc/latency_stats', '/proc/timer_list', '/proc/timer_stats', '/proc/sched_debug', '/sys/firmware', '/sys/devices/virtual/powercap', '/proc/scsi'], 'readonlyPaths': ['/proc/bus', '/proc/fs', '/proc/irq', '/proc/sys', '/proc/sysrq-trigger']}}})
ok: [osh-comp-02] => (item={'key': 'cri-base.json', 'value': {'ociVersion': '1.3.0', 'process': {'user': {'uid': 0, 'gid': 0}, 'cwd': '/', 'capabilities': {'bounding': ['CAP_CHOWN', 'CAP_DAC_OVERRIDE', 'CAP_FSETID', 'CAP_FOWNER', 'CAP_MKNOD', 'CAP_NET_RAW', 'CAP_SETGID', 'CAP_SETUID', 'CAP_SETFCAP', 'CAP_SETPCAP', 'CAP_NET_BIND_SERVICE', 'CAP_SYS_CHROOT', 'CAP_KILL', 'CAP_AUDIT_WRITE'], 'effective': ['CAP_CHOWN', 'CAP_DAC_OVERRIDE', 'CAP_FSETID', 'CAP_FOWNER', 'CAP_MKNOD', 'CAP_NET_RAW', 'CAP_SETGID', 'CAP_SETUID', 'CAP_SETFCAP', 'CAP_SETPCAP', 'CAP_NET_BIND_SERVICE', 'CAP_SYS_CHROOT', 'CAP_KILL', 'CAP_AUDIT_WRITE'], 'permitted': ['CAP_CHOWN', 'CAP_DAC_OVERRIDE', 'CAP_FSETID', 'CAP_FOWNER', 'CAP_MKNOD', 'CAP_NET_RAW', 'CAP_SETGID', 'CAP_SETUID', 'CAP_SETFCAP', 'CAP_SETPCAP', 'CAP_NET_BIND_SERVICE', 'CAP_SYS_CHROOT', 'CAP_KILL', 'CAP_AUDIT_WRITE']}, 'rlimits': [{'type': 'RLIMIT_NOFILE', 'hard': 65535, 'soft': 65535}], 'noNewPrivileges': True}, 'root': {'path': 'rootfs'}, 'mounts': [{'destination': '/proc', 'type': 'proc', 'source': 'proc', 'options': ['nosuid', 'noexec', 'nodev']}, {'destination': '/dev', 'type': 'tmpfs', 'source': 'tmpfs', 'options': ['nosuid', 'strictatime', 'mode=755', 'size=65536k']}, {'destination': '/dev/pts', 'type': 'devpts', 'source': 'devpts', 'options': ['nosuid', 'noexec', 'newinstance', 'ptmxmode=0666', 'mode=0620', 'gid=5']}, {'destination': '/dev/shm', 'type': 'tmpfs', 'source': 'shm', 'options': ['nosuid', 'noexec', 'nodev', 'mode=1777', 'size=65536k']}, {'destination': '/dev/mqueue', 'type': 'mqueue', 'source': 'mqueue', 'options': ['nosuid', 'noexec', 'nodev']}, {'destination': '/sys', 'type': 'sysfs', 'source': 'sysfs', 'options': ['nosuid', 'noexec', 'nodev', 'ro']}, {'destination': '/run', 'type': 'tmpfs', 'source': 'tmpfs', 'options': ['nosuid', 'strictatime', 'mode=755', 'size=65536k']}], 'linux': {'resources': {'devices': [{'allow': False, 'access': 'rwm'}]}, 'cgroupsPath': '/default', 'namespaces': [{'type': 'pid'}, {'type': 'ipc'}, {'type': 'uts'}, {'type': 'mount'}, {'type': 'network'}], 'maskedPaths': ['/proc/acpi', '/proc/asound', '/proc/kcore', '/proc/keys', '/proc/latency_stats', '/proc/timer_list', '/proc/timer_stats', '/proc/sched_debug', '/sys/firmware', '/sys/devices/virtual/powercap', '/proc/scsi'], 'readonlyPaths': ['/proc/bus', '/proc/fs', '/proc/irq', '/proc/sys', '/proc/sysrq-trigger']}}})
ok: [osh-comp-01] => (item={'key': 'cri-base.json', 'value': {'ociVersion': '1.3.0', 'process': {'user': {'uid': 0, 'gid': 0}, 'cwd': '/', 'capabilities': {'bounding': ['CAP_CHOWN', 'CAP_DAC_OVERRIDE', 'CAP_FSETID', 'CAP_FOWNER', 'CAP_MKNOD', 'CAP_NET_RAW', 'CAP_SETGID', 'CAP_SETUID', 'CAP_SETFCAP', 'CAP_SETPCAP', 'CAP_NET_BIND_SERVICE', 'CAP_SYS_CHROOT', 'CAP_KILL', 'CAP_AUDIT_WRITE'], 'effective': ['CAP_CHOWN', 'CAP_DAC_OVERRIDE', 'CAP_FSETID', 'CAP_FOWNER', 'CAP_MKNOD', 'CAP_NET_RAW', 'CAP_SETGID', 'CAP_SETUID', 'CAP_SETFCAP', 'CAP_SETPCAP', 'CAP_NET_BIND_SERVICE', 'CAP_SYS_CHROOT', 'CAP_KILL', 'CAP_AUDIT_WRITE'], 'permitted': ['CAP_CHOWN', 'CAP_DAC_OVERRIDE', 'CAP_FSETID', 'CAP_FOWNER', 'CAP_MKNOD', 'CAP_NET_RAW', 'CAP_SETGID', 'CAP_SETUID', 'CAP_SETFCAP', 'CAP_SETPCAP', 'CAP_NET_BIND_SERVICE', 'CAP_SYS_CHROOT', 'CAP_KILL', 'CAP_AUDIT_WRITE']}, 'rlimits': [{'type': 'RLIMIT_NOFILE', 'hard': 65535, 'soft': 65535}], 'noNewPrivileges': True}, 'root': {'path': 'rootfs'}, 'mounts': [{'destination': '/proc', 'type': 'proc', 'source': 'proc', 'options': ['nosuid', 'noexec', 'nodev']}, {'destination': '/dev', 'type': 'tmpfs', 'source': 'tmpfs', 'options': ['nosuid', 'strictatime', 'mode=755', 'size=65536k']}, {'destination': '/dev/pts', 'type': 'devpts', 'source': 'devpts', 'options': ['nosuid', 'noexec', 'newinstance', 'ptmxmode=0666', 'mode=0620', 'gid=5']}, {'destination': '/dev/shm', 'type': 'tmpfs', 'source': 'shm', 'options': ['nosuid', 'noexec', 'nodev', 'mode=1777', 'size=65536k']}, {'destination': '/dev/mqueue', 'type': 'mqueue', 'source': 'mqueue', 'options': ['nosuid', 'noexec', 'nodev']}, {'destination': '/sys', 'type': 'sysfs', 'source': 'sysfs', 'options': ['nosuid', 'noexec', 'nodev', 'ro']}, {'destination': '/run', 'type': 'tmpfs', 'source': 'tmpfs', 'options': ['nosuid', 'strictatime', 'mode=755', 'size=65536k']}], 'linux': {'resources': {'devices': [{'allow': False, 'access': 'rwm'}]}, 'cgroupsPath': '/default', 'namespaces': [{'type': 'pid'}, {'type': 'ipc'}, {'type': 'uts'}, {'type': 'mount'}, {'type': 'network'}], 'maskedPaths': ['/proc/acpi', '/proc/asound', '/proc/kcore', '/proc/keys', '/proc/latency_stats', '/proc/timer_list', '/proc/timer_stats', '/proc/sched_debug', '/sys/firmware', '/sys/devices/virtual/powercap', '/proc/scsi'], 'readonlyPaths': ['/proc/bus', '/proc/fs', '/proc/irq', '/proc/sys', '/proc/sysrq-trigger']}}})
ok: [osh-comp-03] => (item={'key': 'cri-base.json', 'value': {'ociVersion': '1.3.0', 'process': {'user': {'uid': 0, 'gid': 0}, 'cwd': '/', 'capabilities': {'bounding': ['CAP_CHOWN', 'CAP_DAC_OVERRIDE', 'CAP_FSETID', 'CAP_FOWNER', 'CAP_MKNOD', 'CAP_NET_RAW', 'CAP_SETGID', 'CAP_SETUID', 'CAP_SETFCAP', 'CAP_SETPCAP', 'CAP_NET_BIND_SERVICE', 'CAP_SYS_CHROOT', 'CAP_KILL', 'CAP_AUDIT_WRITE'], 'effective': ['CAP_CHOWN', 'CAP_DAC_OVERRIDE', 'CAP_FSETID', 'CAP_FOWNER', 'CAP_MKNOD', 'CAP_NET_RAW', 'CAP_SETGID', 'CAP_SETUID', 'CAP_SETFCAP', 'CAP_SETPCAP', 'CAP_NET_BIND_SERVICE', 'CAP_SYS_CHROOT', 'CAP_KILL', 'CAP_AUDIT_WRITE'], 'permitted': ['CAP_CHOWN', 'CAP_DAC_OVERRIDE', 'CAP_FSETID', 'CAP_FOWNER', 'CAP_MKNOD', 'CAP_NET_RAW', 'CAP_SETGID', 'CAP_SETUID', 'CAP_SETFCAP', 'CAP_SETPCAP', 'CAP_NET_BIND_SERVICE', 'CAP_SYS_CHROOT', 'CAP_KILL', 'CAP_AUDIT_WRITE']}, 'rlimits': [{'type': 'RLIMIT_NOFILE', 'hard': 65535, 'soft': 65535}], 'noNewPrivileges': True}, 'root': {'path': 'rootfs'}, 'mounts': [{'destination': '/proc', 'type': 'proc', 'source': 'proc', 'options': ['nosuid', 'noexec', 'nodev']}, {'destination': '/dev', 'type': 'tmpfs', 'source': 'tmpfs', 'options': ['nosuid', 'strictatime', 'mode=755', 'size=65536k']}, {'destination': '/dev/pts', 'type': 'devpts', 'source': 'devpts', 'options': ['nosuid', 'noexec', 'newinstance', 'ptmxmode=0666', 'mode=0620', 'gid=5']}, {'destination': '/dev/shm', 'type': 'tmpfs', 'source': 'shm', 'options': ['nosuid', 'noexec', 'nodev', 'mode=1777', 'size=65536k']}, {'destination': '/dev/mqueue', 'type': 'mqueue', 'source': 'mqueue', 'options': ['nosuid', 'noexec', 'nodev']}, {'destination': '/sys', 'type': 'sysfs', 'source': 'sysfs', 'options': ['nosuid', 'noexec', 'nodev', 'ro']}, {'destination': '/run', 'type': 'tmpfs', 'source': 'tmpfs', 'options': ['nosuid', 'strictatime', 'mode=755', 'size=65536k']}], 'linux': {'resources': {'devices': [{'allow': False, 'access': 'rwm'}]}, 'cgroupsPath': '/default', 'namespaces': [{'type': 'pid'}, {'type': 'ipc'}, {'type': 'uts'}, {'type': 'mount'}, {'type': 'network'}], 'maskedPaths': ['/proc/acpi', '/proc/asound', '/proc/kcore', '/proc/keys', '/proc/latency_stats', '/proc/timer_list', '/proc/timer_stats', '/proc/sched_debug', '/sys/firmware', '/sys/devices/virtual/powercap', '/proc/scsi'], 'readonlyPaths': ['/proc/bus', '/proc/fs', '/proc/irq', '/proc/sys', '/proc/sysrq-trigger']}}})
ok: [osh-comp-04] => (item={'key': 'cri-base.json', 'value': {'ociVersion': '1.3.0', 'process': {'user': {'uid': 0, 'gid': 0}, 'cwd': '/', 'capabilities': {'bounding': ['CAP_CHOWN', 'CAP_DAC_OVERRIDE', 'CAP_FSETID', 'CAP_FOWNER', 'CAP_MKNOD', 'CAP_NET_RAW', 'CAP_SETGID', 'CAP_SETUID', 'CAP_SETFCAP', 'CAP_SETPCAP', 'CAP_NET_BIND_SERVICE', 'CAP_SYS_CHROOT', 'CAP_KILL', 'CAP_AUDIT_WRITE'], 'effective': ['CAP_CHOWN', 'CAP_DAC_OVERRIDE', 'CAP_FSETID', 'CAP_FOWNER', 'CAP_MKNOD', 'CAP_NET_RAW', 'CAP_SETGID', 'CAP_SETUID', 'CAP_SETFCAP', 'CAP_SETPCAP', 'CAP_NET_BIND_SERVICE', 'CAP_SYS_CHROOT', 'CAP_KILL', 'CAP_AUDIT_WRITE'], 'permitted': ['CAP_CHOWN', 'CAP_DAC_OVERRIDE', 'CAP_FSETID', 'CAP_FOWNER', 'CAP_MKNOD', 'CAP_NET_RAW', 'CAP_SETGID', 'CAP_SETUID', 'CAP_SETFCAP', 'CAP_SETPCAP', 'CAP_NET_BIND_SERVICE', 'CAP_SYS_CHROOT', 'CAP_KILL', 'CAP_AUDIT_WRITE']}, 'rlimits': [{'type': 'RLIMIT_NOFILE', 'hard': 65535, 'soft': 65535}], 'noNewPrivileges': True}, 'root': {'path': 'rootfs'}, 'mounts': [{'destination': '/proc', 'type': 'proc', 'source': 'proc', 'options': ['nosuid', 'noexec', 'nodev']}, {'destination': '/dev', 'type': 'tmpfs', 'source': 'tmpfs', 'options': ['nosuid', 'strictatime', 'mode=755', 'size=65536k']}, {'destination': '/dev/pts', 'type': 'devpts', 'source': 'devpts', 'options': ['nosuid', 'noexec', 'newinstance', 'ptmxmode=0666', 'mode=0620', 'gid=5']}, {'destination': '/dev/shm', 'type': 'tmpfs', 'source': 'shm', 'options': ['nosuid', 'noexec', 'nodev', 'mode=1777', 'size=65536k']}, {'destination': '/dev/mqueue', 'type': 'mqueue', 'source': 'mqueue', 'options': ['nosuid', 'noexec', 'nodev']}, {'destination': '/sys', 'type': 'sysfs', 'source': 'sysfs', 'options': ['nosuid', 'noexec', 'nodev', 'ro']}, {'destination': '/run', 'type': 'tmpfs', 'source': 'tmpfs', 'options': ['nosuid', 'strictatime', 'mode=755', 'size=65536k']}], 'linux': {'resources': {'devices': [{'allow': False, 'access': 'rwm'}]}, 'cgroupsPath': '/default', 'namespaces': [{'type': 'pid'}, {'type': 'ipc'}, {'type': 'uts'}, {'type': 'mount'}, {'type': 'network'}], 'maskedPaths': ['/proc/acpi', '/proc/asound', '/proc/kcore', '/proc/keys', '/proc/latency_stats', '/proc/timer_list', '/proc/timer_stats', '/proc/sched_debug', '/sys/firmware', '/sys/devices/virtual/powercap', '/proc/scsi'], 'readonlyPaths': ['/proc/bus', '/proc/fs', '/proc/irq', '/proc/sys', '/proc/sysrq-trigger']}}})
Monday 07 September 2026  06:23:08 -0500 (0:00:49.304)       0:49:16.901 ****** 

TASK [container-engine/containerd : Containerd | Copy containerd config file] ***
ok: [k8s-master-02]
ok: [k8s-db-01]
ok: [k8s-master-01]
ok: [k8s-master-03]
ok: [k8s-db-02]
ok: [osh-ctrl-02]
ok: [osh-ctrl-03]
ok: [osh-ctrl-01]
ok: [k8s-db-03]
ok: [osh-net-01]
ok: [osh-net-02]
ok: [MonSrv]
ok: [osh-comp-01]
ok: [osh-comp-02]
ok: [osh-comp-03]
ok: [osh-comp-04]
Monday 07 September 2026  06:24:06 -0500 (0:00:58.581)       0:50:15.482 ****** 

TASK [container-engine/containerd : Containerd | Create registry directories] ***
changed: [k8s-master-01] => (item={'prefix': '172.16.2.1:5000', 'mirrors': [{'endpoint': ['http://172.16.2.1:5000'], 'capabilities': ['pull', 'resolve'], 'skip_verify': True}]})
changed: [k8s-master-02] => (item={'prefix': '172.16.2.1:5000', 'mirrors': [{'endpoint': ['http://172.16.2.1:5000'], 'capabilities': ['pull', 'resolve'], 'skip_verify': True}]})
changed: [k8s-db-02] => (item={'prefix': '172.16.2.1:5000', 'mirrors': [{'endpoint': ['http://172.16.2.1:5000'], 'capabilities': ['pull', 'resolve'], 'skip_verify': True}]})
changed: [k8s-db-01] => (item={'prefix': '172.16.2.1:5000', 'mirrors': [{'endpoint': ['http://172.16.2.1:5000'], 'capabilities': ['pull', 'resolve'], 'skip_verify': True}]})
changed: [k8s-master-03] => (item={'prefix': '172.16.2.1:5000', 'mirrors': [{'endpoint': ['http://172.16.2.1:5000'], 'capabilities': ['pull', 'resolve'], 'skip_verify': True}]})
ok: [k8s-master-01] => (item={'prefix': 'docker.io', 'mirrors': [{'host': 'http://172.16.2.1:5000', 'capabilities': ['pull', 'resolve'], 'skip_verify': True}]})
ok: [k8s-master-02] => (item={'prefix': 'docker.io', 'mirrors': [{'host': 'http://172.16.2.1:5000', 'capabilities': ['pull', 'resolve'], 'skip_verify': True}]})
ok: [k8s-db-02] => (item={'prefix': 'docker.io', 'mirrors': [{'host': 'http://172.16.2.1:5000', 'capabilities': ['pull', 'resolve'], 'skip_verify': True}]})
ok: [k8s-db-01] => (item={'prefix': 'docker.io', 'mirrors': [{'host': 'http://172.16.2.1:5000', 'capabilities': ['pull', 'resolve'], 'skip_verify': True}]})
ok: [k8s-master-03] => (item={'prefix': 'docker.io', 'mirrors': [{'host': 'http://172.16.2.1:5000', 'capabilities': ['pull', 'resolve'], 'skip_verify': True}]})
ok: [k8s-master-02] => (item={'prefix': 'registry.k8s.io', 'mirrors': [{'host': 'http://172.16.2.1:5000', 'capabilities': ['pull', 'resolve'], 'skip_verify': True}]})
ok: [k8s-master-01] => (item={'prefix': 'registry.k8s.io', 'mirrors': [{'host': 'http://172.16.2.1:5000', 'capabilities': ['pull', 'resolve'], 'skip_verify': True}]})
ok: [k8s-db-02] => (item={'prefix': 'registry.k8s.io', 'mirrors': [{'host': 'http://172.16.2.1:5000', 'capabilities': ['pull', 'resolve'], 'skip_verify': True}]})
ok: [k8s-db-01] => (item={'prefix': 'registry.k8s.io', 'mirrors': [{'host': 'http://172.16.2.1:5000', 'capabilities': ['pull', 'resolve'], 'skip_verify': True}]})
ok: [k8s-master-02] => (item={'prefix': 'quay.io', 'mirrors': [{'host': 'http://172.16.2.1:5000', 'capabilities': ['pull', 'resolve'], 'skip_verify': True}]})
ok: [k8s-master-03] => (item={'prefix': 'registry.k8s.io', 'mirrors': [{'host': 'http://172.16.2.1:5000', 'capabilities': ['pull', 'resolve'], 'skip_verify': True}]})
ok: [k8s-master-01] => (item={'prefix': 'quay.io', 'mirrors': [{'host': 'http://172.16.2.1:5000', 'capabilities': ['pull', 'resolve'], 'skip_verify': True}]})
ok: [k8s-db-02] => (item={'prefix': 'quay.io', 'mirrors': [{'host': 'http://172.16.2.1:5000', 'capabilities': ['pull', 'resolve'], 'skip_verify': True}]})
ok: [k8s-db-01] => (item={'prefix': 'quay.io', 'mirrors': [{'host': 'http://172.16.2.1:5000', 'capabilities': ['pull', 'resolve'], 'skip_verify': True}]})
ok: [k8s-master-03] => (item={'prefix': 'quay.io', 'mirrors': [{'host': 'http://172.16.2.1:5000', 'capabilities': ['pull', 'resolve'], 'skip_verify': True}]})
changed: [k8s-db-03] => (item={'prefix': '172.16.2.1:5000', 'mirrors': [{'endpoint': ['http://172.16.2.1:5000'], 'capabilities': ['pull', 'resolve'], 'skip_verify': True}]})
changed: [osh-ctrl-03] => (item={'prefix': '172.16.2.1:5000', 'mirrors': [{'endpoint': ['http://172.16.2.1:5000'], 'capabilities': ['pull', 'resolve'], 'skip_verify': True}]})
changed: [osh-ctrl-02] => (item={'prefix': '172.16.2.1:5000', 'mirrors': [{'endpoint': ['http://172.16.2.1:5000'], 'capabilities': ['pull', 'resolve'], 'skip_verify': True}]})
changed: [osh-ctrl-01] => (item={'prefix': '172.16.2.1:5000', 'mirrors': [{'endpoint': ['http://172.16.2.1:5000'], 'capabilities': ['pull', 'resolve'], 'skip_verify': True}]})
changed: [osh-net-01] => (item={'prefix': '172.16.2.1:5000', 'mirrors': [{'endpoint': ['http://172.16.2.1:5000'], 'capabilities': ['pull', 'resolve'], 'skip_verify': True}]})
ok: [osh-ctrl-02] => (item={'prefix': 'docker.io', 'mirrors': [{'host': 'http://172.16.2.1:5000', 'capabilities': ['pull', 'resolve'], 'skip_verify': True}]})
ok: [osh-ctrl-01] => (item={'prefix': 'docker.io', 'mirrors': [{'host': 'http://172.16.2.1:5000', 'capabilities': ['pull', 'resolve'], 'skip_verify': True}]})
ok: [osh-ctrl-03] => (item={'prefix': 'docker.io', 'mirrors': [{'host': 'http://172.16.2.1:5000', 'capabilities': ['pull', 'resolve'], 'skip_verify': True}]})
ok: [k8s-db-03] => (item={'prefix': 'docker.io', 'mirrors': [{'host': 'http://172.16.2.1:5000', 'capabilities': ['pull', 'resolve'], 'skip_verify': True}]})
ok: [osh-net-01] => (item={'prefix': 'docker.io', 'mirrors': [{'host': 'http://172.16.2.1:5000', 'capabilities': ['pull', 'resolve'], 'skip_verify': True}]})
ok: [osh-ctrl-02] => (item={'prefix': 'registry.k8s.io', 'mirrors': [{'host': 'http://172.16.2.1:5000', 'capabilities': ['pull', 'resolve'], 'skip_verify': True}]})
ok: [osh-ctrl-03] => (item={'prefix': 'registry.k8s.io', 'mirrors': [{'host': 'http://172.16.2.1:5000', 'capabilities': ['pull', 'resolve'], 'skip_verify': True}]})
ok: [k8s-db-03] => (item={'prefix': 'registry.k8s.io', 'mirrors': [{'host': 'http://172.16.2.1:5000', 'capabilities': ['pull', 'resolve'], 'skip_verify': True}]})
ok: [osh-ctrl-01] => (item={'prefix': 'registry.k8s.io', 'mirrors': [{'host': 'http://172.16.2.1:5000', 'capabilities': ['pull', 'resolve'], 'skip_verify': True}]})
ok: [osh-net-01] => (item={'prefix': 'registry.k8s.io', 'mirrors': [{'host': 'http://172.16.2.1:5000', 'capabilities': ['pull', 'resolve'], 'skip_verify': True}]})
ok: [osh-ctrl-02] => (item={'prefix': 'quay.io', 'mirrors': [{'host': 'http://172.16.2.1:5000', 'capabilities': ['pull', 'resolve'], 'skip_verify': True}]})
ok: [osh-ctrl-03] => (item={'prefix': 'quay.io', 'mirrors': [{'host': 'http://172.16.2.1:5000', 'capabilities': ['pull', 'resolve'], 'skip_verify': True}]})
ok: [k8s-db-03] => (item={'prefix': 'quay.io', 'mirrors': [{'host': 'http://172.16.2.1:5000', 'capabilities': ['pull', 'resolve'], 'skip_verify': True}]})
ok: [osh-ctrl-01] => (item={'prefix': 'quay.io', 'mirrors': [{'host': 'http://172.16.2.1:5000', 'capabilities': ['pull', 'resolve'], 'skip_verify': True}]})
ok: [osh-net-01] => (item={'prefix': 'quay.io', 'mirrors': [{'host': 'http://172.16.2.1:5000', 'capabilities': ['pull', 'resolve'], 'skip_verify': True}]})
changed: [MonSrv] => (item={'prefix': '172.16.2.1:5000', 'mirrors': [{'endpoint': ['http://172.16.2.1:5000'], 'capabilities': ['pull', 'resolve'], 'skip_verify': True}]})
changed: [osh-net-02] => (item={'prefix': '172.16.2.1:5000', 'mirrors': [{'endpoint': ['http://172.16.2.1:5000'], 'capabilities': ['pull', 'resolve'], 'skip_verify': True}]})
changed: [osh-comp-01] => (item={'prefix': '172.16.2.1:5000', 'mirrors': [{'endpoint': ['http://172.16.2.1:5000'], 'capabilities': ['pull', 'resolve'], 'skip_verify': True}]})
changed: [osh-comp-02] => (item={'prefix': '172.16.2.1:5000', 'mirrors': [{'endpoint': ['http://172.16.2.1:5000'], 'capabilities': ['pull', 'resolve'], 'skip_verify': True}]})
changed: [osh-comp-03] => (item={'prefix': '172.16.2.1:5000', 'mirrors': [{'endpoint': ['http://172.16.2.1:5000'], 'capabilities': ['pull', 'resolve'], 'skip_verify': True}]})
ok: [MonSrv] => (item={'prefix': 'docker.io', 'mirrors': [{'host': 'http://172.16.2.1:5000', 'capabilities': ['pull', 'resolve'], 'skip_verify': True}]})
ok: [osh-net-02] => (item={'prefix': 'docker.io', 'mirrors': [{'host': 'http://172.16.2.1:5000', 'capabilities': ['pull', 'resolve'], 'skip_verify': True}]})
ok: [osh-comp-01] => (item={'prefix': 'docker.io', 'mirrors': [{'host': 'http://172.16.2.1:5000', 'capabilities': ['pull', 'resolve'], 'skip_verify': True}]})
ok: [osh-comp-02] => (item={'prefix': 'docker.io', 'mirrors': [{'host': 'http://172.16.2.1:5000', 'capabilities': ['pull', 'resolve'], 'skip_verify': True}]})
ok: [osh-comp-03] => (item={'prefix': 'docker.io', 'mirrors': [{'host': 'http://172.16.2.1:5000', 'capabilities': ['pull', 'resolve'], 'skip_verify': True}]})
ok: [osh-net-02] => (item={'prefix': 'registry.k8s.io', 'mirrors': [{'host': 'http://172.16.2.1:5000', 'capabilities': ['pull', 'resolve'], 'skip_verify': True}]})
ok: [MonSrv] => (item={'prefix': 'registry.k8s.io', 'mirrors': [{'host': 'http://172.16.2.1:5000', 'capabilities': ['pull', 'resolve'], 'skip_verify': True}]})
ok: [osh-comp-01] => (item={'prefix': 'registry.k8s.io', 'mirrors': [{'host': 'http://172.16.2.1:5000', 'capabilities': ['pull', 'resolve'], 'skip_verify': True}]})
ok: [osh-comp-02] => (item={'prefix': 'registry.k8s.io', 'mirrors': [{'host': 'http://172.16.2.1:5000', 'capabilities': ['pull', 'resolve'], 'skip_verify': True}]})
ok: [osh-comp-03] => (item={'prefix': 'registry.k8s.io', 'mirrors': [{'host': 'http://172.16.2.1:5000', 'capabilities': ['pull', 'resolve'], 'skip_verify': True}]})
ok: [osh-net-02] => (item={'prefix': 'quay.io', 'mirrors': [{'host': 'http://172.16.2.1:5000', 'capabilities': ['pull', 'resolve'], 'skip_verify': True}]})
ok: [MonSrv] => (item={'prefix': 'quay.io', 'mirrors': [{'host': 'http://172.16.2.1:5000', 'capabilities': ['pull', 'resolve'], 'skip_verify': True}]})
ok: [osh-comp-01] => (item={'prefix': 'quay.io', 'mirrors': [{'host': 'http://172.16.2.1:5000', 'capabilities': ['pull', 'resolve'], 'skip_verify': True}]})
ok: [osh-comp-02] => (item={'prefix': 'quay.io', 'mirrors': [{'host': 'http://172.16.2.1:5000', 'capabilities': ['pull', 'resolve'], 'skip_verify': True}]})
ok: [osh-comp-03] => (item={'prefix': 'quay.io', 'mirrors': [{'host': 'http://172.16.2.1:5000', 'capabilities': ['pull', 'resolve'], 'skip_verify': True}]})
changed: [osh-comp-04] => (item={'prefix': '172.16.2.1:5000', 'mirrors': [{'endpoint': ['http://172.16.2.1:5000'], 'capabilities': ['pull', 'resolve'], 'skip_verify': True}]})
ok: [osh-comp-04] => (item={'prefix': 'docker.io', 'mirrors': [{'host': 'http://172.16.2.1:5000', 'capabilities': ['pull', 'resolve'], 'skip_verify': True}]})
ok: [osh-comp-04] => (item={'prefix': 'registry.k8s.io', 'mirrors': [{'host': 'http://172.16.2.1:5000', 'capabilities': ['pull', 'resolve'], 'skip_verify': True}]})
ok: [osh-comp-04] => (item={'prefix': 'quay.io', 'mirrors': [{'host': 'http://172.16.2.1:5000', 'capabilities': ['pull', 'resolve'], 'skip_verify': True}]})
Monday 07 September 2026  06:24:53 -0500 (0:00:46.980)       0:51:02.463 ****** 

TASK [container-engine/containerd : Containerd | Write hosts.toml file] ********
An exception occurred during task execution. To see the full traceback, use -vvv. The error was: ansible.errors.AnsibleUndefinedVariable: 'dict object' has no attribute 'host'
failed: [k8s-master-01] (item={'prefix': '172.16.2.1:5000', 'mirrors': [{'endpoint': ['http://172.16.2.1:5000'], 'capabilities': ['pull', 'resolve'], 'skip_verify': True}]}) => {"ansible_loop_var": "item", "changed": false, "item": {"mirrors": [{"capabilities": ["pull", "resolve"], "endpoint": ["http://172.16.2.1:5000"], "skip_verify": true}], "prefix": "172.16.2.1:5000"}, "msg": "AnsibleUndefinedVariable: 'dict object' has no attribute 'host'"}
An exception occurred during task execution. To see the full traceback, use -vvv. The error was: ansible.errors.AnsibleUndefinedVariable: 'dict object' has no attribute 'host'
failed: [k8s-db-02] (item={'prefix': '172.16.2.1:5000', 'mirrors': [{'endpoint': ['http://172.16.2.1:5000'], 'capabilities': ['pull', 'resolve'], 'skip_verify': True}]}) => {"ansible_loop_var": "item", "changed": false, "item": {"mirrors": [{"capabilities": ["pull", "resolve"], "endpoint": ["http://172.16.2.1:5000"], "skip_verify": true}], "prefix": "172.16.2.1:5000"}, "msg": "AnsibleUndefinedVariable: 'dict object' has no attribute 'host'"}
An exception occurred during task execution. To see the full traceback, use -vvv. The error was: ansible.errors.AnsibleUndefinedVariable: 'dict object' has no attribute 'host'
failed: [k8s-db-01] (item={'prefix': '172.16.2.1:5000', 'mirrors': [{'endpoint': ['http://172.16.2.1:5000'], 'capabilities': ['pull', 'resolve'], 'skip_verify': True}]}) => {"ansible_loop_var": "item", "changed": false, "item": {"mirrors": [{"capabilities": ["pull", "resolve"], "endpoint": ["http://172.16.2.1:5000"], "skip_verify": true}], "prefix": "172.16.2.1:5000"}, "msg": "AnsibleUndefinedVariable: 'dict object' has no attribute 'host'"}
An exception occurred during task execution. To see the full traceback, use -vvv. The error was: ansible.errors.AnsibleUndefinedVariable: 'dict object' has no attribute 'host'
failed: [k8s-master-02] (item={'prefix': '172.16.2.1:5000', 'mirrors': [{'endpoint': ['http://172.16.2.1:5000'], 'capabilities': ['pull', 'resolve'], 'skip_verify': True}]}) => {"ansible_loop_var": "item", "changed": false, "item": {"mirrors": [{"capabilities": ["pull", "resolve"], "endpoint": ["http://172.16.2.1:5000"], "skip_verify": true}], "prefix": "172.16.2.1:5000"}, "msg": "AnsibleUndefinedVariable: 'dict object' has no attribute 'host'"}
An exception occurred during task execution. To see the full traceback, use -vvv. The error was: ansible.errors.AnsibleUndefinedVariable: 'dict object' has no attribute 'host'
failed: [k8s-master-03] (item={'prefix': '172.16.2.1:5000', 'mirrors': [{'endpoint': ['http://172.16.2.1:5000'], 'capabilities': ['pull', 'resolve'], 'skip_verify': True}]}) => {"ansible_loop_var": "item", "changed": false, "item": {"mirrors": [{"capabilities": ["pull", "resolve"], "endpoint": ["http://172.16.2.1:5000"], "skip_verify": true}], "prefix": "172.16.2.1:5000"}, "msg": "AnsibleUndefinedVariable: 'dict object' has no attribute 'host'"}
ok: [k8s-master-01] => (item={'prefix': 'docker.io', 'mirrors': [{'host': 'http://172.16.2.1:5000', 'capabilities': ['pull', 'resolve'], 'skip_verify': True}]})
ok: [k8s-master-02] => (item={'prefix': 'docker.io', 'mirrors': [{'host': 'http://172.16.2.1:5000', 'capabilities': ['pull', 'resolve'], 'skip_verify': True}]})
ok: [k8s-db-01] => (item={'prefix': 'docker.io', 'mirrors': [{'host': 'http://172.16.2.1:5000', 'capabilities': ['pull', 'resolve'], 'skip_verify': True}]})
ok: [k8s-master-03] => (item={'prefix': 'docker.io', 'mirrors': [{'host': 'http://172.16.2.1:5000', 'capabilities': ['pull', 'resolve'], 'skip_verify': True}]})
ok: [k8s-db-02] => (item={'prefix': 'docker.io', 'mirrors': [{'host': 'http://172.16.2.1:5000', 'capabilities': ['pull', 'resolve'], 'skip_verify': True}]})
ok: [k8s-master-02] => (item={'prefix': 'registry.k8s.io', 'mirrors': [{'host': 'http://172.16.2.1:5000', 'capabilities': ['pull', 'resolve'], 'skip_verify': True}]})
ok: [k8s-master-01] => (item={'prefix': 'registry.k8s.io', 'mirrors': [{'host': 'http://172.16.2.1:5000', 'capabilities': ['pull', 'resolve'], 'skip_verify': True}]})
ok: [k8s-db-01] => (item={'prefix': 'registry.k8s.io', 'mirrors': [{'host': 'http://172.16.2.1:5000', 'capabilities': ['pull', 'resolve'], 'skip_verify': True}]})
ok: [k8s-master-03] => (item={'prefix': 'registry.k8s.io', 'mirrors': [{'host': 'http://172.16.2.1:5000', 'capabilities': ['pull', 'resolve'], 'skip_verify': True}]})
ok: [k8s-db-02] => (item={'prefix': 'registry.k8s.io', 'mirrors': [{'host': 'http://172.16.2.1:5000', 'capabilities': ['pull', 'resolve'], 'skip_verify': True}]})
ok: [k8s-master-02] => (item={'prefix': 'quay.io', 'mirrors': [{'host': 'http://172.16.2.1:5000', 'capabilities': ['pull', 'resolve'], 'skip_verify': True}]})
ok: [k8s-master-01] => (item={'prefix': 'quay.io', 'mirrors': [{'host': 'http://172.16.2.1:5000', 'capabilities': ['pull', 'resolve'], 'skip_verify': True}]})
ok: [k8s-db-01] => (item={'prefix': 'quay.io', 'mirrors': [{'host': 'http://172.16.2.1:5000', 'capabilities': ['pull', 'resolve'], 'skip_verify': True}]})
ok: [k8s-master-03] => (item={'prefix': 'quay.io', 'mirrors': [{'host': 'http://172.16.2.1:5000', 'capabilities': ['pull', 'resolve'], 'skip_verify': True}]})
ok: [k8s-db-02] => (item={'prefix': 'quay.io', 'mirrors': [{'host': 'http://172.16.2.1:5000', 'capabilities': ['pull', 'resolve'], 'skip_verify': True}]})
An exception occurred during task execution. To see the full traceback, use -vvv. The error was: ansible.errors.AnsibleUndefinedVariable: 'dict object' has no attribute 'host'
failed: [osh-ctrl-01] (item={'prefix': '172.16.2.1:5000', 'mirrors': [{'endpoint': ['http://172.16.2.1:5000'], 'capabilities': ['pull', 'resolve'], 'skip_verify': True}]}) => {"ansible_loop_var": "item", "changed": false, "item": {"mirrors": [{"capabilities": ["pull", "resolve"], "endpoint": ["http://172.16.2.1:5000"], "skip_verify": true}], "prefix": "172.16.2.1:5000"}, "msg": "AnsibleUndefinedVariable: 'dict object' has no attribute 'host'"}
An exception occurred during task execution. To see the full traceback, use -vvv. The error was: ansible.errors.AnsibleUndefinedVariable: 'dict object' has no attribute 'host'
failed: [k8s-db-03] (item={'prefix': '172.16.2.1:5000', 'mirrors': [{'endpoint': ['http://172.16.2.1:5000'], 'capabilities': ['pull', 'resolve'], 'skip_verify': True}]}) => {"ansible_loop_var": "item", "changed": false, "item": {"mirrors": [{"capabilities": ["pull", "resolve"], "endpoint": ["http://172.16.2.1:5000"], "skip_verify": true}], "prefix": "172.16.2.1:5000"}, "msg": "AnsibleUndefinedVariable: 'dict object' has no attribute 'host'"}
An exception occurred during task execution. To see the full traceback, use -vvv. The error was: ansible.errors.AnsibleUndefinedVariable: 'dict object' has no attribute 'host'
failed: [osh-ctrl-03] (item={'prefix': '172.16.2.1:5000', 'mirrors': [{'endpoint': ['http://172.16.2.1:5000'], 'capabilities': ['pull', 'resolve'], 'skip_verify': True}]}) => {"ansible_loop_var": "item", "changed": false, "item": {"mirrors": [{"capabilities": ["pull", "resolve"], "endpoint": ["http://172.16.2.1:5000"], "skip_verify": true}], "prefix": "172.16.2.1:5000"}, "msg": "AnsibleUndefinedVariable: 'dict object' has no attribute 'host'"}
An exception occurred during task execution. To see the full traceback, use -vvv. The error was: ansible.errors.AnsibleUndefinedVariable: 'dict object' has no attribute 'host'
failed: [osh-ctrl-02] (item={'prefix': '172.16.2.1:5000', 'mirrors': [{'endpoint': ['http://172.16.2.1:5000'], 'capabilities': ['pull', 'resolve'], 'skip_verify': True}]}) => {"ansible_loop_var": "item", "changed": false, "item": {"mirrors": [{"capabilities": ["pull", "resolve"], "endpoint": ["http://172.16.2.1:5000"], "skip_verify": true}], "prefix": "172.16.2.1:5000"}, "msg": "AnsibleUndefinedVariable: 'dict object' has no attribute 'host'"}
An exception occurred during task execution. To see the full traceback, use -vvv. The error was: ansible.errors.AnsibleUndefinedVariable: 'dict object' has no attribute 'host'
failed: [osh-net-01] (item={'prefix': '172.16.2.1:5000', 'mirrors': [{'endpoint': ['http://172.16.2.1:5000'], 'capabilities': ['pull', 'resolve'], 'skip_verify': True}]}) => {"ansible_loop_var": "item", "changed": false, "item": {"mirrors": [{"capabilities": ["pull", "resolve"], "endpoint": ["http://172.16.2.1:5000"], "skip_verify": true}], "prefix": "172.16.2.1:5000"}, "msg": "AnsibleUndefinedVariable: 'dict object' has no attribute 'host'"}
ok: [osh-ctrl-01] => (item={'prefix': 'docker.io', 'mirrors': [{'host': 'http://172.16.2.1:5000', 'capabilities': ['pull', 'resolve'], 'skip_verify': True}]})
ok: [osh-ctrl-03] => (item={'prefix': 'docker.io', 'mirrors': [{'host': 'http://172.16.2.1:5000', 'capabilities': ['pull', 'resolve'], 'skip_verify': True}]})
ok: [osh-ctrl-02] => (item={'prefix': 'docker.io', 'mirrors': [{'host': 'http://172.16.2.1:5000', 'capabilities': ['pull', 'resolve'], 'skip_verify': True}]})
ok: [k8s-db-03] => (item={'prefix': 'docker.io', 'mirrors': [{'host': 'http://172.16.2.1:5000', 'capabilities': ['pull', 'resolve'], 'skip_verify': True}]})
ok: [osh-net-01] => (item={'prefix': 'docker.io', 'mirrors': [{'host': 'http://172.16.2.1:5000', 'capabilities': ['pull', 'resolve'], 'skip_verify': True}]})
ok: [osh-ctrl-01] => (item={'prefix': 'registry.k8s.io', 'mirrors': [{'host': 'http://172.16.2.1:5000', 'capabilities': ['pull', 'resolve'], 'skip_verify': True}]})
ok: [osh-ctrl-03] => (item={'prefix': 'registry.k8s.io', 'mirrors': [{'host': 'http://172.16.2.1:5000', 'capabilities': ['pull', 'resolve'], 'skip_verify': True}]})
ok: [osh-ctrl-02] => (item={'prefix': 'registry.k8s.io', 'mirrors': [{'host': 'http://172.16.2.1:5000', 'capabilities': ['pull', 'resolve'], 'skip_verify': True}]})
ok: [k8s-db-03] => (item={'prefix': 'registry.k8s.io', 'mirrors': [{'host': 'http://172.16.2.1:5000', 'capabilities': ['pull', 'resolve'], 'skip_verify': True}]})
ok: [osh-net-01] => (item={'prefix': 'registry.k8s.io', 'mirrors': [{'host': 'http://172.16.2.1:5000', 'capabilities': ['pull', 'resolve'], 'skip_verify': True}]})
ok: [osh-ctrl-03] => (item={'prefix': 'quay.io', 'mirrors': [{'host': 'http://172.16.2.1:5000', 'capabilities': ['pull', 'resolve'], 'skip_verify': True}]})
ok: [osh-ctrl-01] => (item={'prefix': 'quay.io', 'mirrors': [{'host': 'http://172.16.2.1:5000', 'capabilities': ['pull', 'resolve'], 'skip_verify': True}]})
ok: [osh-ctrl-02] => (item={'prefix': 'quay.io', 'mirrors': [{'host': 'http://172.16.2.1:5000', 'capabilities': ['pull', 'resolve'], 'skip_verify': True}]})
ok: [k8s-db-03] => (item={'prefix': 'quay.io', 'mirrors': [{'host': 'http://172.16.2.1:5000', 'capabilities': ['pull', 'resolve'], 'skip_verify': True}]})
ok: [osh-net-01] => (item={'prefix': 'quay.io', 'mirrors': [{'host': 'http://172.16.2.1:5000', 'capabilities': ['pull', 'resolve'], 'skip_verify': True}]})
An exception occurred during task execution. To see the full traceback, use -vvv. The error was: ansible.errors.AnsibleUndefinedVariable: 'dict object' has no attribute 'host'
failed: [MonSrv] (item={'prefix': '172.16.2.1:5000', 'mirrors': [{'endpoint': ['http://172.16.2.1:5000'], 'capabilities': ['pull', 'resolve'], 'skip_verify': True}]}) => {"ansible_loop_var": "item", "changed": false, "item": {"mirrors": [{"capabilities": ["pull", "resolve"], "endpoint": ["http://172.16.2.1:5000"], "skip_verify": true}], "prefix": "172.16.2.1:5000"}, "msg": "AnsibleUndefinedVariable: 'dict object' has no attribute 'host'"}
An exception occurred during task execution. To see the full traceback, use -vvv. The error was: ansible.errors.AnsibleUndefinedVariable: 'dict object' has no attribute 'host'
failed: [osh-net-02] (item={'prefix': '172.16.2.1:5000', 'mirrors': [{'endpoint': ['http://172.16.2.1:5000'], 'capabilities': ['pull', 'resolve'], 'skip_verify': True}]}) => {"ansible_loop_var": "item", "changed": false, "item": {"mirrors": [{"capabilities": ["pull", "resolve"], "endpoint": ["http://172.16.2.1:5000"], "skip_verify": true}], "prefix": "172.16.2.1:5000"}, "msg": "AnsibleUndefinedVariable: 'dict object' has no attribute 'host'"}
An exception occurred during task execution. To see the full traceback, use -vvv. The error was: ansible.errors.AnsibleUndefinedVariable: 'dict object' has no attribute 'host'
failed: [osh-comp-02] (item={'prefix': '172.16.2.1:5000', 'mirrors': [{'endpoint': ['http://172.16.2.1:5000'], 'capabilities': ['pull', 'resolve'], 'skip_verify': True}]}) => {"ansible_loop_var": "item", "changed": false, "item": {"mirrors": [{"capabilities": ["pull", "resolve"], "endpoint": ["http://172.16.2.1:5000"], "skip_verify": true}], "prefix": "172.16.2.1:5000"}, "msg": "AnsibleUndefinedVariable: 'dict object' has no attribute 'host'"}
An exception occurred during task execution. To see the full traceback, use -vvv. The error was: ansible.errors.AnsibleUndefinedVariable: 'dict object' has no attribute 'host'
failed: [osh-comp-01] (item={'prefix': '172.16.2.1:5000', 'mirrors': [{'endpoint': ['http://172.16.2.1:5000'], 'capabilities': ['pull', 'resolve'], 'skip_verify': True}]}) => {"ansible_loop_var": "item", "changed": false, "item": {"mirrors": [{"capabilities": ["pull", "resolve"], "endpoint": ["http://172.16.2.1:5000"], "skip_verify": true}], "prefix": "172.16.2.1:5000"}, "msg": "AnsibleUndefinedVariable: 'dict object' has no attribute 'host'"}
An exception occurred during task execution. To see the full traceback, use -vvv. The error was: ansible.errors.AnsibleUndefinedVariable: 'dict object' has no attribute 'host'
failed: [osh-comp-03] (item={'prefix': '172.16.2.1:5000', 'mirrors': [{'endpoint': ['http://172.16.2.1:5000'], 'capabilities': ['pull', 'resolve'], 'skip_verify': True}]}) => {"ansible_loop_var": "item", "changed": false, "item": {"mirrors": [{"capabilities": ["pull", "resolve"], "endpoint": ["http://172.16.2.1:5000"], "skip_verify": true}], "prefix": "172.16.2.1:5000"}, "msg": "AnsibleUndefinedVariable: 'dict object' has no attribute 'host'"}
ok: [MonSrv] => (item={'prefix': 'docker.io', 'mirrors': [{'host': 'http://172.16.2.1:5000', 'capabilities': ['pull', 'resolve'], 'skip_verify': True}]})
ok: [osh-net-02] => (item={'prefix': 'docker.io', 'mirrors': [{'host': 'http://172.16.2.1:5000', 'capabilities': ['pull', 'resolve'], 'skip_verify': True}]})
ok: [osh-comp-02] => (item={'prefix': 'docker.io', 'mirrors': [{'host': 'http://172.16.2.1:5000', 'capabilities': ['pull', 'resolve'], 'skip_verify': True}]})
ok: [osh-comp-01] => (item={'prefix': 'docker.io', 'mirrors': [{'host': 'http://172.16.2.1:5000', 'capabilities': ['pull', 'resolve'], 'skip_verify': True}]})
ok: [osh-comp-03] => (item={'prefix': 'docker.io', 'mirrors': [{'host': 'http://172.16.2.1:5000', 'capabilities': ['pull', 'resolve'], 'skip_verify': True}]})
ok: [MonSrv] => (item={'prefix': 'registry.k8s.io', 'mirrors': [{'host': 'http://172.16.2.1:5000', 'capabilities': ['pull', 'resolve'], 'skip_verify': True}]})
ok: [osh-net-02] => (item={'prefix': 'registry.k8s.io', 'mirrors': [{'host': 'http://172.16.2.1:5000', 'capabilities': ['pull', 'resolve'], 'skip_verify': True}]})
ok: [osh-comp-02] => (item={'prefix': 'registry.k8s.io', 'mirrors': [{'host': 'http://172.16.2.1:5000', 'capabilities': ['pull', 'resolve'], 'skip_verify': True}]})
ok: [osh-comp-01] => (item={'prefix': 'registry.k8s.io', 'mirrors': [{'host': 'http://172.16.2.1:5000', 'capabilities': ['pull', 'resolve'], 'skip_verify': True}]})
ok: [osh-comp-03] => (item={'prefix': 'registry.k8s.io', 'mirrors': [{'host': 'http://172.16.2.1:5000', 'capabilities': ['pull', 'resolve'], 'skip_verify': True}]})
ok: [MonSrv] => (item={'prefix': 'quay.io', 'mirrors': [{'host': 'http://172.16.2.1:5000', 'capabilities': ['pull', 'resolve'], 'skip_verify': True}]})
ok: [osh-net-02] => (item={'prefix': 'quay.io', 'mirrors': [{'host': 'http://172.16.2.1:5000', 'capabilities': ['pull', 'resolve'], 'skip_verify': True}]})
ok: [osh-comp-02] => (item={'prefix': 'quay.io', 'mirrors': [{'host': 'http://172.16.2.1:5000', 'capabilities': ['pull', 'resolve'], 'skip_verify': True}]})
ok: [osh-comp-01] => (item={'prefix': 'quay.io', 'mirrors': [{'host': 'http://172.16.2.1:5000', 'capabilities': ['pull', 'resolve'], 'skip_verify': True}]})
ok: [osh-comp-03] => (item={'prefix': 'quay.io', 'mirrors': [{'host': 'http://172.16.2.1:5000', 'capabilities': ['pull', 'resolve'], 'skip_verify': True}]})
An exception occurred during task execution. To see the full traceback, use -vvv. The error was: ansible.errors.AnsibleUndefinedVariable: 'dict object' has no attribute 'host'
failed: [osh-comp-04] (item={'prefix': '172.16.2.1:5000', 'mirrors': [{'endpoint': ['http://172.16.2.1:5000'], 'capabilities': ['pull', 'resolve'], 'skip_verify': True}]}) => {"ansible_loop_var": "item", "changed": false, "item": {"mirrors": [{"capabilities": ["pull", "resolve"], "endpoint": ["http://172.16.2.1:5000"], "skip_verify": true}], "prefix": "172.16.2.1:5000"}, "msg": "AnsibleUndefinedVariable: 'dict object' has no attribute 'host'"}
ok: [osh-comp-04] => (item={'prefix': 'docker.io', 'mirrors': [{'host': 'http://172.16.2.1:5000', 'capabilities': ['pull', 'resolve'], 'skip_verify': True}]})
ok: [osh-comp-04] => (item={'prefix': 'registry.k8s.io', 'mirrors': [{'host': 'http://172.16.2.1:5000', 'capabilities': ['pull', 'resolve'], 'skip_verify': True}]})
ok: [osh-comp-04] => (item={'prefix': 'quay.io', 'mirrors': [{'host': 'http://172.16.2.1:5000', 'capabilities': ['pull', 'resolve'], 'skip_verify': True}]})

PLAY RECAP *********************************************************************
MonSrv                     : ok=114  changed=2    unreachable=0    failed=1    skipped=157  rescued=0    ignored=0   
k8s-db-01                  : ok=114  changed=3    unreachable=0    failed=1    skipped=157  rescued=0    ignored=0   
k8s-db-02                  : ok=114  changed=3    unreachable=0    failed=1    skipped=157  rescued=0    ignored=0   
k8s-db-03                  : ok=114  changed=2    unreachable=0    failed=1    skipped=157  rescued=0    ignored=0   
k8s-master-01              : ok=123  changed=3    unreachable=0    failed=1    skipped=176  rescued=0    ignored=0   
k8s-master-02              : ok=114  changed=3    unreachable=0    failed=1    skipped=157  rescued=0    ignored=0   
k8s-master-03              : ok=114  changed=2    unreachable=0    failed=1    skipped=157  rescued=0    ignored=0   
osh-comp-01                : ok=114  changed=2    unreachable=0    failed=1    skipped=157  rescued=0    ignored=0   
osh-comp-02                : ok=114  changed=2    unreachable=0    failed=1    skipped=157  rescued=0    ignored=0   
osh-comp-03                : ok=114  changed=2    unreachable=0    failed=1    skipped=157  rescued=0    ignored=0   
osh-comp-04                : ok=114  changed=2    unreachable=0    failed=1    skipped=157  rescued=0    ignored=0   
osh-ctrl-01                : ok=114  changed=2    unreachable=0    failed=1    skipped=157  rescued=0    ignored=0   
osh-ctrl-02                : ok=114  changed=2    unreachable=0    failed=1    skipped=157  rescued=0    ignored=0   
osh-ctrl-03                : ok=114  changed=2    unreachable=0    failed=1    skipped=157  rescued=0    ignored=0   
osh-net-01                 : ok=114  changed=2    unreachable=0    failed=1    skipped=157  rescued=0    ignored=0   
osh-net-02                 : ok=114  changed=2    unreachable=0    failed=1    skipped=157  rescued=0    ignored=0   

Monday 07 September 2026  06:27:04 -0500 (0:02:10.387)       0:53:12.850 ****** 
=============================================================================== 
container-engine/containerd : Containerd | Write hosts.toml file ------ 130.39s
container-engine/crictl : Extract_file | Unpacking archive ------------- 89.97s
container-engine/nerdctl : Extract_file | Unpacking archive ------------ 88.59s
container-engine/containerd : Download_file | Download item ------------ 88.28s
container-engine/runc : Download_file | Download item ------------------ 86.85s
container-engine/crictl : Download_file | Download item ---------------- 76.12s
container-engine/nerdctl : Download_file | Download item --------------- 73.51s
container-engine/containerd : Containerd | Unpack containerd archive --- 66.99s
kubernetes/preinstall : Ensure kubelet expected parameters are set ----- 64.82s
container-engine/containerd : Containerd | Copy containerd config file -- 58.58s
kubernetes/preinstall : Write Kubespray DNS settings to systemd-resolved -- 57.05s
container-engine/runc : Copy runc binary from download dir ------------- 51.98s
container-engine/containerd : Containerd | Write base_runtime_specs ---- 49.30s
container-engine/validate-container-engine : Populate service facts ---- 48.56s
container-engine/containerd : Containerd | Create registry directories -- 46.98s
bootstrap_os : Assign inventory name to unconfigured hostnames (non-CoreOS, non-Flatcar, Suse and ClearLinux, non-Fedora) -- 44.20s
kubernetes/preinstall : Create kubernetes directories ------------------ 43.87s
container-engine/containerd : Containerd | Generate systemd service for containerd -- 43.85s
container-engine/nerdctl : Nerdctl | Install nerdctl configuration ----- 42.98s
container-engine/crictl : Install crictl config ------------------------ 41.65s


I have the following on Server R810 running:
nh1221@PowerEdge-R810:~$
nh1221@PowerEdge-R810:~$ sudo docker images
                                                                                                                                                                                            i Info →   U  In Use
IMAGE                                                                    ID             DISK USAGE   CONTENT SIZE   EXTRA
127.0.0.1:5000/brancz/kube-rbac-proxy:v0.18.1                            0e66baf34f64        107MB         32.1MB
127.0.0.1:5000/calico/cni:v3.28.2                                        04bd5d80c32a        304MB         94.7MB
127.0.0.1:5000/calico/cni:v3.29.2                                        5c7827667dab        319MB         99.3MB
127.0.0.1:5000/calico/kube-controllers:v3.28.2                           7de855fcbff8        114MB         34.9MB
127.0.0.1:5000/calico/kube-controllers:v3.29.2                           4313495b1ce8        119MB         36.3MB
127.0.0.1:5000/calico/node:v3.28.2                                       856ac0c26116        499MB          120MB
127.0.0.1:5000/calico/node:v3.29.2                                       97dfd69511ab        520MB          142MB
127.0.0.1:5000/calico/pod2daemon-flexvol:v3.28.2                         884a37672683       20.3MB         6.63MB
127.0.0.1:5000/calico/pod2daemon-flexvol:v3.29.2                         ba44244500bf       20.9MB         6.86MB
127.0.0.1:5000/calico/typha:v3.28.2                                      58c09de1af1c        102MB         30.9MB
127.0.0.1:5000/calico/typha:v3.29.2                                      54134801a39c        106MB         31.9MB
127.0.0.1:5000/ceph/ceph:v19.2.0                                         200087c35811       1.81GB          457MB
127.0.0.1:5000/coredns/coredns:v1.11.3                                   9caabbf6238b       85.1MB         18.6MB
127.0.0.1:5000/coredns/coredns:v1.12.0                                   2c3f515bffd2       93.8MB         20.8MB
127.0.0.1:5000/cpa/cluster-proportional-autoscaler:v1.9.0                8f3b4e4beb62       64.2MB         13.4MB
127.0.0.1:5000/dns/k8s-dns-node-cache:1.23.1                             e3dccb1a21d1        117MB         35.1MB
127.0.0.1:5000/etcd:v3.5.16                                              1bd8edbbdb21       85.2MB         21.7MB
127.0.0.1:5000/etcd:v3.5.17                                              ac1bfd8985f4       85.2MB         21.7MB
127.0.0.1:5000/fossbilling/fossbilling:latest                            81eea9624261        952MB          231MB
127.0.0.1:5000/grafana/grafana:11.3.1                                    fa801ab6e1ae        646MB          133MB
127.0.0.1:5000/ingress-nginx/controller:v1.12.0                          e6b8de175acd        415MB          108MB
127.0.0.1:5000/ingress-nginx/kube-webhook-certgen:v1.4.4                 3f6f0a764592       92.9MB           26MB
127.0.0.1:5000/jetstack/cert-manager-cainjector:v1.16.2                  b72b33172d09       71.4MB         15.4MB
127.0.0.1:5000/jetstack/cert-manager-controller:v1.16.2                  4705286cd4e5       96.8MB         21.2MB
127.0.0.1:5000/jetstack/cert-manager-startupapicheck:v1.16.2             2ae926cbcd0b       59.8MB         14.1MB
127.0.0.1:5000/jetstack/cert-manager-webhook:v1.16.2                     2ba472fab666       82.7MB         18.2MB
127.0.0.1:5000/k8snetworkplumbingwg/multus-cni:v4.1.0                    189f6955481b        598MB          182MB
127.0.0.1:5000/kube-apiserver:v1.31.4                                    ace6a943b058        125MB           28MB
127.0.0.1:5000/kube-apiserver:v1.33.3                                    125a8b488def        135MB         30.1MB
127.0.0.1:5000/kube-controller-manager:v1.31.4                           4bd1d4a449e7        118MB         26.1MB
127.0.0.1:5000/kube-controller-manager:v1.33.3                           96091626e37c        126MB         27.6MB
127.0.0.1:5000/kube-proxy:v1.31.4                                        1739b3febca3        126MB         30.2MB
127.0.0.1:5000/kube-proxy:v1.33.3                                        c69929cfba9e        134MB         31.9MB
127.0.0.1:5000/kube-scheduler:v1.31.4                                    1a3081cb7d21       90.8MB         20.1MB
127.0.0.1:5000/kube-scheduler:v1.33.3                                    f3a2ffdd7483       98.5MB         21.8MB
127.0.0.1:5000/kube-state-metrics/kube-state-metrics:v2.14.0             37d841299325       69.9MB         15.4MB
127.0.0.1:5000/kubernetesui/dashboard:v2.7.0                             2e500d29e9d5        334MB         75.8MB
127.0.0.1:5000/kubernetesui/metrics-scraper:v1.0.9                       92a7659b554e       63.6MB         19.7MB
127.0.0.1:5000/mariadb:10.11                                             de61fed4a40d        458MB          109MB
127.0.0.1:5000/mariadb:11                                                d9f7eb263729        466MB          111MB
127.0.0.1:5000/memcached:1.6                                             eeb9eaa939ff        128MB         34.2MB
127.0.0.1:5000/metallb/controller:v0.14.9                                4cd4edf97021        103MB           29MB
127.0.0.1:5000/metallb/speaker:v0.14.9                                   de0829bd1fb7        186MB         55.1MB
127.0.0.1:5000/metrics-server/metrics-server:v0.7.2                      ffcb2bf004d6       89.8MB         19.5MB
127.0.0.1:5000/metrics-server/metrics-server:v0.8.0                      89258156d0e9        108MB         22.5MB
127.0.0.1:5000/nginx:1.27-alpine                                         65645c7bb6a0       74.5MB         21.9MB
127.0.0.1:5000/pause:3.10                                                bb8c9648cc56       1.08MB          318kB
127.0.0.1:5000/prometheus-operator/prometheus-config-reloader:v0.78.2    944b2c67345c       61.7MB         14.7MB
127.0.0.1:5000/prometheus-operator/prometheus-operator:v0.78.2           bfcc5d6058be       86.2MB         18.8MB
127.0.0.1:5000/prometheus/alertmanager:v0.27.0                           e13b6ed5cb92        106MB         32.4MB
127.0.0.1:5000/prometheus/node-exporter:v1.8.2                           4032c6d5bfd7       38.2MB           12MB
127.0.0.1:5000/prometheus/prometheus:v2.55.1                             2659f4c2ebb7        407MB          114MB
127.0.0.1:5000/rabbitmq:3.13-management                                  e582c0bc7766        392MB          118MB
127.0.0.1:5000/registry:2                                                a3d8aaa63ed8       37.4MB         10.3MB    U
127.0.0.1:5000/rook/ceph:v1.15.5                                         b94b23ecaf32       1.89GB          471MB
127.0.0.1:5000/sig-storage/csi-attacher:v4.7.0                           6e54dae32284        109MB           31MB
127.0.0.1:5000/sig-storage/csi-node-driver-registrar:v2.12.0             0d23a6fd60c4       45.9MB           14MB
127.0.0.1:5000/sig-storage/csi-provisioner:v5.1.0                        672e45d6a556        113MB         32.2MB
127.0.0.1:5000/sig-storage/csi-resizer:v1.12.0                           ab774734705a        109MB         30.9MB
127.0.0.1:5000/sig-storage/csi-snapshotter:v8.1.0                        b3e90b337816        108MB         30.6MB
172.16.2.1:5000/brancz/kube-rbac-proxy:v0.18.1                           20f297c4cf6f        107MB         32.1MB
172.16.2.1:5000/calico/cni:v3.28.2                                       04bd5d80c32a        304MB         94.7MB
172.16.2.1:5000/calico/cni:v3.29.2                                       5c7827667dab        319MB         99.3MB
172.16.2.1:5000/calico/kube-controllers:v3.28.2                          7de855fcbff8        114MB         34.9MB
172.16.2.1:5000/calico/kube-controllers:v3.29.2                          4313495b1ce8        119MB         36.3MB
172.16.2.1:5000/calico/node:v3.28.2                                      856ac0c26116        499MB          120MB
172.16.2.1:5000/calico/node:v3.29.2                                      97dfd69511ab        520MB          142MB
172.16.2.1:5000/calico/pod2daemon-flexvol:v3.28.2                        884a37672683       20.3MB         6.63MB
172.16.2.1:5000/calico/pod2daemon-flexvol:v3.29.2                        ba44244500bf       20.9MB         6.86MB
172.16.2.1:5000/calico/typha:v3.28.2                                     58c09de1af1c        102MB         30.9MB
172.16.2.1:5000/calico/typha:v3.29.2                                     54134801a39c        106MB         31.9MB
172.16.2.1:5000/ceph/ceph:v19.2.0                                        200087c35811       1.81GB          457MB
172.16.2.1:5000/coredns/coredns:v1.11.3                                  9caabbf6238b       85.1MB         18.6MB
172.16.2.1:5000/coredns/coredns:v1.12.0                                  f5e03bc00912       93.8MB         20.8MB
172.16.2.1:5000/cpa/cluster-proportional-autoscaler:v1.8.8               69bf675e3567         54MB         11.6MB
172.16.2.1:5000/cpa/cluster-proportional-autoscaler:v1.9.0               8f3b4e4beb62       64.2MB         13.4MB
172.16.2.1:5000/dns/k8s-dns-node-cache:1.23.1                            e3dccb1a21d1        117MB         35.1MB
172.16.2.1:5000/dns/k8s-dns-node-cache:1.25.0                            c10362235fc2        126MB         37.8MB
172.16.2.1:5000/etcd:v3.5.16                                             88ae68f558b8       85.2MB         21.7MB
172.16.2.1:5000/etcd:v3.5.17                                             329f6ea0dcdd       85.2MB         21.7MB
172.16.2.1:5000/fossbilling/fossbilling:latest                           81eea9624261        952MB          231MB
172.16.2.1:5000/grafana/grafana:11.3.1                                   fa801ab6e1ae        646MB          133MB
172.16.2.1:5000/ingress-nginx/controller:v1.12.0                         e6b8de175acd        415MB          108MB
172.16.2.1:5000/ingress-nginx/kube-webhook-certgen:v1.4.4                a21358af9f10       92.9MB           26MB
172.16.2.1:5000/jetstack/cert-manager-cainjector:v1.16.2                 b453439c7f32       71.4MB         15.4MB
172.16.2.1:5000/jetstack/cert-manager-controller:v1.16.2                 db778c9a9be4       96.8MB         21.2MB
172.16.2.1:5000/jetstack/cert-manager-startupapicheck:v1.16.2            17398546a4bd       59.8MB         14.1MB
172.16.2.1:5000/jetstack/cert-manager-webhook:v1.16.2                    ac3eebb05f95       82.7MB         18.2MB
172.16.2.1:5000/k8snetworkplumbingwg/multus-cni:v4.1.0                   80b1139b833f        598MB          182MB
172.16.2.1:5000/kube-apiserver:v1.31.4                                   ace6a943b058        125MB           28MB
172.16.2.1:5000/kube-apiserver:v1.33.3                                   125a8b488def        135MB         30.1MB
172.16.2.1:5000/kube-apiserver:v1.35.4                                   06b4bb208634        121MB         27.6MB
172.16.2.1:5000/kube-apiserver:v1.36.4                                   cfcdb0165330        129MB         29.8MB
172.16.2.1:5000/kube-controller-manager:v1.31.4                          4bd1d4a449e7        118MB         26.1MB
172.16.2.1:5000/kube-controller-manager:v1.33.3                          96091626e37c        126MB         27.6MB
172.16.2.1:5000/kube-controller-manager:v1.35.4                          7b036c805d57        102MB           23MB
172.16.2.1:5000/kube-controller-manager:v1.36.4                          232878d552ad        115MB         26.5MB
172.16.2.1:5000/kube-proxy:v1.31.4                                       1739b3febca3        126MB         30.2MB
172.16.2.1:5000/kube-proxy:v1.33.3                                       c69929cfba9e        134MB         31.9MB
172.16.2.1:5000/kube-proxy:v1.35.4                                       c5daa23c7247       99.9MB         25.7MB
172.16.2.1:5000/kube-proxy:v1.36.4                                       b33fcdd83192        114MB         30.1MB
172.16.2.1:5000/kube-scheduler:v1.31.4                                   1a3081cb7d21       90.8MB         20.1MB
172.16.2.1:5000/kube-scheduler:v1.33.3                                   f3a2ffdd7483       98.5MB         21.8MB
172.16.2.1:5000/kube-scheduler:v1.35.4                                   9054fecb4fa0       72.2MB         17.1MB
172.16.2.1:5000/kube-scheduler:v1.36.4                                   7d84d58f091f       83.6MB         20.5MB
172.16.2.1:5000/kube-state-metrics/kube-state-metrics:v2.14.0            37d841299325       69.9MB         15.4MB
172.16.2.1:5000/kubernetesui/dashboard:v2.7.0                            2e500d29e9d5        334MB         75.8MB
172.16.2.1:5000/kubernetesui/metrics-scraper:v1.0.9                      92a7659b554e       63.6MB         19.7MB
172.16.2.1:5000/library/nginx:1.28.2-alpine                              db35bfc6b295       94.2MB         27.2MB    U
172.16.2.1:5000/mariadb:10.11                                            de61fed4a40d        458MB          109MB
172.16.2.1:5000/mariadb:11                                               d9f7eb263729        466MB          111MB
172.16.2.1:5000/memcached:1.6                                            eeb9eaa939ff        128MB         34.2MB
172.16.2.1:5000/metallb/controller:v0.13.9                               c9ffd7215dcf       92.6MB         27.8MB
172.16.2.1:5000/metallb/controller:v0.14.9                               b6a224a3e827        103MB           29MB
172.16.2.1:5000/metallb/speaker:v0.13.9                                  ed242e213112        165MB         50.1MB
172.16.2.1:5000/metallb/speaker:v0.14.9                                  997d3f3c09db        186MB         55.1MB
172.16.2.1:5000/metrics-server/metrics-server:v0.7.2                     ffcb2bf004d6       89.8MB         19.5MB
172.16.2.1:5000/metrics-server/metrics-server:v0.8.0                     89258156d0e9        108MB         22.5MB
172.16.2.1:5000/nginx:1.27-alpine                                        65645c7bb6a0       74.5MB         21.9MB
172.16.2.1:5000/nginx:1.28.2-alpine                                      db35bfc6b295       94.2MB         27.2MB    U
172.16.2.1:5000/pause:3.10                                               f65dd6a8a8d9       1.08MB          318kB
172.16.2.1:5000/pause:3.10.1                                             278fb9dbcca9       1.06MB          318kB
172.16.2.1:5000/prometheus-operator/prometheus-config-reloader:v0.78.2   944b2c67345c       61.7MB         14.7MB
172.16.2.1:5000/prometheus-operator/prometheus-operator:v0.78.2          bfcc5d6058be       86.2MB         18.8MB
172.16.2.1:5000/prometheus/alertmanager:v0.27.0                          e13b6ed5cb92        106MB         32.4MB
172.16.2.1:5000/prometheus/node-exporter:v1.8.2                          4032c6d5bfd7       38.2MB           12MB
172.16.2.1:5000/prometheus/prometheus:v2.55.1                            2659f4c2ebb7        407MB          114MB
172.16.2.1:5000/rabbitmq:3.13-management                                 e582c0bc7766        392MB          118MB
172.16.2.1:5000/registry.k8s.io/k8snetworkplumbingwg/multus-cni:v4.1.0   8133d5ff41bd        598MB          182MB
172.16.2.1:5000/registry:2                                               a3d8aaa63ed8       37.4MB         10.3MB    U
172.16.2.1:5000/rook/ceph:v1.15.5                                        b94b23ecaf32       1.89GB          471MB
172.16.2.1:5000/sig-storage/csi-attacher:v4.7.0                          6e54dae32284        109MB           31MB
172.16.2.1:5000/sig-storage/csi-node-driver-registrar:v2.12.0            0d23a6fd60c4       45.9MB           14MB
172.16.2.1:5000/sig-storage/csi-provisioner:v5.1.0                       672e45d6a556        113MB         32.2MB
172.16.2.1:5000/sig-storage/csi-resizer:v1.12.0                          ab774734705a        109MB         30.9MB
172.16.2.1:5000/sig-storage/csi-snapshotter:v8.1.0                       b3e90b337816        108MB         30.6MB
calico/cni:v3.28.2                                                       04bd5d80c32a        304MB         94.7MB
calico/cni:v3.29.2                                                       5c7827667dab        319MB         99.3MB
calico/kube-controllers:v3.28.2                                          7de855fcbff8        114MB         34.9MB
calico/kube-controllers:v3.29.2                                          4313495b1ce8        119MB         36.3MB
calico/node:v3.28.2                                                      856ac0c26116        499MB          120MB
calico/node:v3.29.2                                                      97dfd69511ab        520MB          142MB
calico/pod2daemon-flexvol:v3.28.2                                        884a37672683       20.3MB         6.63MB
calico/pod2daemon-flexvol:v3.29.2                                        ba44244500bf       20.9MB         6.86MB
calico/typha:v3.28.2                                                     58c09de1af1c        102MB         30.9MB
calico/typha:v3.29.2                                                     54134801a39c        106MB         31.9MB
fossbilling/fossbilling:latest                                           81eea9624261        952MB          231MB
ghcr.io/hellt/network-multitool:latest                                   a8d96c19e593        274MB         6.86kB
grafana/grafana:11.3.1                                                   fa801ab6e1ae        646MB          133MB
kubernetesui/dashboard:v2.7.0                                            2e500d29e9d5        334MB         75.8MB
kubernetesui/metrics-scraper:v1.0.9                                      92a7659b554e       63.6MB         19.7MB
mariadb:10.11                                                            de61fed4a40d        458MB          109MB
mariadb:11                                                               d9f7eb263729        466MB          111MB
memcached:1.6                                                            eeb9eaa939ff        128MB         34.2MB
nginx:1.27-alpine                                                        65645c7bb6a0       74.5MB         21.9MB
nginx:alpine                                                             db35bfc6b295       94.2MB         27.2MB    U
quay.io/ceph/ceph:v19.2.0                                                200087c35811       1.81GB          457MB
quay.io/frrouting/frr:10.0.1                                             8ab9fe2ded0b        169MB         4.59kB    U
quay.io/metallb/controller:v0.13.9                                       c9ffd7215dcf       92.6MB         27.8MB
quay.io/metallb/speaker:v0.13.9                                          ed242e213112        165MB         50.1MB
quay.io/prometheus-operator/prometheus-config-reloader:v0.78.2           944b2c67345c       61.7MB         14.7MB
quay.io/prometheus-operator/prometheus-operator:v0.78.2                  bfcc5d6058be       86.2MB         18.8MB
quay.io/prometheus/alertmanager:v0.27.0                                  e13b6ed5cb92        106MB         32.4MB
quay.io/prometheus/node-exporter:v1.8.2                                  4032c6d5bfd7       38.2MB           12MB
quay.io/prometheus/prometheus:v2.55.1                                    2659f4c2ebb7        407MB          114MB
rabbitmq:3.13-management                                                 e582c0bc7766        392MB          118MB
registry.k8s.io/coredns/coredns:v1.11.3                                  9caabbf6238b       85.1MB         18.6MB
registry.k8s.io/cpa/cluster-proportional-autoscaler:v1.8.8               69bf675e3567         54MB         11.6MB
registry.k8s.io/cpa/cluster-proportional-autoscaler:v1.9.0               8f3b4e4beb62       64.2MB         13.4MB
registry.k8s.io/dns/k8s-dns-node-cache:1.23.1                            e3dccb1a21d1        117MB         35.1MB
registry.k8s.io/dns/k8s-dns-node-cache:1.25.0                            c10362235fc2        126MB         37.8MB
registry.k8s.io/ingress-nginx/controller:v1.12.0                         e6b8de175acd        415MB          108MB
registry.k8s.io/kube-apiserver:v1.31.4                                   ace6a943b058        125MB           28MB
registry.k8s.io/kube-apiserver:v1.33.3                                   125a8b488def        135MB         30.1MB
registry.k8s.io/kube-apiserver:v1.35.4                                   06b4bb208634        121MB         27.6MB
registry.k8s.io/kube-apiserver:v1.36.4                                   cfcdb0165330        129MB         29.8MB
registry.k8s.io/kube-controller-manager:v1.31.4                          4bd1d4a449e7        118MB         26.1MB
registry.k8s.io/kube-controller-manager:v1.33.3                          96091626e37c        126MB         27.6MB
registry.k8s.io/kube-controller-manager:v1.35.4                          7b036c805d57        102MB           23MB
registry.k8s.io/kube-controller-manager:v1.36.4                          232878d552ad        115MB         26.5MB
registry.k8s.io/kube-proxy:v1.31.4                                       1739b3febca3        126MB         30.2MB
registry.k8s.io/kube-proxy:v1.33.3                                       c69929cfba9e        134MB         31.9MB
registry.k8s.io/kube-proxy:v1.35.4                                       c5daa23c7247       99.9MB         25.7MB
registry.k8s.io/kube-proxy:v1.36.4                                       b33fcdd83192        114MB         30.1MB
registry.k8s.io/kube-scheduler:v1.31.4                                   1a3081cb7d21       90.8MB         20.1MB
registry.k8s.io/kube-scheduler:v1.33.3                                   f3a2ffdd7483       98.5MB         21.8MB
registry.k8s.io/kube-scheduler:v1.35.4                                   9054fecb4fa0       72.2MB         17.1MB
registry.k8s.io/kube-scheduler:v1.36.4                                   7d84d58f091f       83.6MB         20.5MB
registry.k8s.io/kube-state-metrics/kube-state-metrics:v2.14.0            37d841299325       69.9MB         15.4MB
registry.k8s.io/metrics-server/metrics-server:v0.7.2                     ffcb2bf004d6       89.8MB         19.5MB
registry.k8s.io/metrics-server/metrics-server:v0.8.0                     89258156d0e9        108MB         22.5MB
registry.k8s.io/pause:3.10.1                                             278fb9dbcca9       1.06MB          318kB
registry.k8s.io/sig-storage/csi-attacher:v4.7.0                          6e54dae32284        109MB           31MB
registry.k8s.io/sig-storage/csi-node-driver-registrar:v2.12.0            0d23a6fd60c4       45.9MB           14MB
registry.k8s.io/sig-storage/csi-provisioner:v5.1.0                       672e45d6a556        113MB         32.2MB
registry.k8s.io/sig-storage/csi-resizer:v1.12.0                          ab774734705a        109MB         30.9MB
registry.k8s.io/sig-storage/csi-snapshotter:v8.1.0                       b3e90b337816        108MB         30.6MB
registry:2                                                               a3d8aaa63ed8       37.4MB         10.3MB    U
rook/ceph:v1.15.5                                                        b94b23ecaf32       1.89GB          471MB
vrnetlab/canonical_ubuntu:resolute                                       cd8a41eb9024        3.2GB          1.3GB    U
vrnetlab/sonic_sonic-vs:202605                                           c25d55237da0       10.3GB         2.47GB    U
nh1221@PowerEdge-R810:~$



nh1221@PowerEdge-R810:~$ curl http://172.16.2.1:8080
<html>
<head><title>403 Forbidden</title></head>
<body>
<center><h1>403 Forbidden</h1></center>
<hr><center>nginx/1.31.4</center>
</body>
</html>
nh1221@PowerEdge-R810:~$ curl http://172.16.2.1:8080 | jq .
  % Total    % Received % Xferd  Average Speed  Time    Time    Time   Current
                                 Dload  Upload  Total   Spent   Left   Speed
100    153 100    153   0      0  83242      0                              0
jq: parse error: Invalid numeric literal at line 1, column 7
nh1221@PowerEdge-R810:~$ sudo docker ps --filter "publish=8080" --format "{{.Names}}" | xargs -I {} sudo docker inspect -f '{{range .Mounts}}{{.Source}} -> {{.Destination}}{{"\n"}}{{end}}' {}
/opt/fabric-cache/downloads -> /usr/share/nginx/html

nh1221@PowerEdge-R810:~$ sudo docker ps --filter "publish=8080"
CONTAINER ID   IMAGE          COMMAND                  CREATED      STATUS      PORTS                  NAMES
a0a91e191bd1   nginx:alpine   "/docker-entrypoint.…"   9 days ago   Up 9 days   0.0.0.0:8080->80/tcp   sheba-file-server
nh1221@PowerEdge-R810:~$
nh1221@PowerEdge-R810:~$
nh1221@PowerEdge-R810:~$ curl -s http://172.16.2.1:8080 | grep -oE 'href="([^"#]+)"' | cut -d'"' -f2
nh1221@PowerEdge-R810:~$ sudo docker inspect -f '{{range .Mounts}}{{.Source}} -> {{.Destination}}{{"\n"}}{{end}}' sheba-file-server
/opt/fabric-cache/downloads -> /usr/share/nginx/html

nh1221@PowerEdge-R810:~$ # Replace this path with the exact 'Source' path printed by the command above
ls -la /opt/fabric-cache/downloads
total 589572
drwxr-xr-x  3 root   root       4096 Aug 29 17:57 .
drwxr-xr-x  3 root   root       4096 Aug 29 08:04 ..
-rwxr-xr-x  1 root   root   70297012 Feb  5  2025 calicoctl-3.29.2-linux-amd64
-rwxr-xr-x  1 nh1221 nh1221 70297012 Aug 29 10:05 calicoctl-linux-amd64-v3.29.2
-rwxr-xr-x  1 nh1221 nh1221 52713273 Aug 29 10:07 cni-plugins-linux-amd64-v1.6.0.tgz
-rwxr-xr-x  1 root   root   55418181 Mar 16 09:18 cni-plugins-linux-amd64-v1.9.1.tgz
-rwxr-xr-x  1 root   root   35352990 Apr 14 12:38 containerd-2.2.3-linux-amd64.tar.gz
-rwxr-xr-x  1 nh1221 nh1221 34497346 Aug 29 11:30 containerd-2.3.0-linux-amd64.tar.gz
-rwxr-xr-x  1 root   root   19185064 Dec 10  2025 crictl-v1.35.0-linux-amd64.tar.gz
-rwxr-xr-x  1 nh1221 nh1221 19263420 Aug 29 10:06 crictl-v1.36.0-linux-amd64.tar.gz
-rwxr-xr-x  1 root   root   20488380 Nov 12  2024 etcd-v3.5.17-linux-amd64.tar.gz
-rwxr-xr-x  1 nh1221 nh1221 72413368 Aug 29 10:06 kubeadm-v1.35.4-amd64
-rwxr-xr-x  1 nh1221 nh1221 58613944 Aug 29 10:06 kubectl-v1.35.4-amd64
-rwxr-xr-x  1 nh1221 nh1221 58138916 Aug 29 10:07 kubelet-v1.35.4-amd64
-rwxr-xr-x  1 root   root   11373900 Mar 31 04:35 nerdctl-2.2.2-linux-amd64.tar.gz
-rwxr-xr-x  1 root   root   11744522 Jul 20 03:13 nerdctl-2.3.5-linux-amd64.tar.gz
drwxr-xr-x 12 root   root       4096 Jul 13 19:24 runc-1.5.1
-rwxr-xr-x  1 nh1221 nh1221  1634504 Aug 29 11:30 runc-1.5.1.tar.xz
-rwxr-xr-x  1 root   root   12233104 Apr  2 19:16 runc.amd64
nh1221@PowerEdge-R810:~$ # 1. Inject 'autoindex on;' into the default Nginx server configuration
sudo docker exec sheba-file-server sh -c "sed -i '/location \/ {/a \        autoindex on;' /etc/nginx/conf.d/default.conf"

# 2. Tell Nginx to reload its configuration profile safely in-memory
sudo docker exec sheba-file-server nginx -s reload
2026/09/07 14:09:43 [notice] 100#100: signal process started
nh1221@PowerEdge-R810:~$ curl -s http://172.16.2.1:8080 | grep -oE 'href="([^"#]+)"' | cut -d'"' -f2
../
runc-1.5.1/
calicoctl-3.29.2-linux-amd64
calicoctl-linux-amd64-v3.29.2
cni-plugins-linux-amd64-v1.6.0.tgz
cni-plugins-linux-amd64-v1.9.1.tgz
containerd-2.2.3-linux-amd64.tar.gz
containerd-2.3.0-linux-amd64.tar.gz
crictl-v1.35.0-linux-amd64.tar.gz
crictl-v1.36.0-linux-amd64.tar.gz
etcd-v3.5.17-linux-amd64.tar.gz
kubeadm-v1.35.4-amd64
kubectl-v1.35.4-amd64
kubelet-v1.35.4-amd64
nerdctl-2.2.2-linux-amd64.tar.gz
nerdctl-2.3.5-linux-amd64.tar.gz
runc-1.5.1.tar.xz
runc.amd64
nh1221@PowerEdge-R810:~$

