(venv) nh1221@Lab-ControlNode:/mnt/c/Users/nh1221/dc_lab/clab/sonic-clab$ ansible-playbook -i inv-osh.yml playbooks/lab/fabric-full.yml

PLAY [Control-node preflight and transport setup] **********************************************************************************************************

TASK [Validate networking mode] ****************************************************************************************************************************
ok: [localhost] => {
    "changed": false,
    "msg": "All assertions passed"
}

TASK [Remove stale host keys for SONiC nodes] **************************************************************************************************************
ok: [localhost] => (item=Spine-S1)
ok: [localhost] => (item=Spine-S2)
ok: [localhost] => (item=Leaf-L1)
ok: [localhost] => (item=Leaf-L2)
ok: [localhost] => (item=Leaf-L3)
ok: [localhost] => (item=Leaf-L4)
ok: [localhost] => (item=Border-Leaf1)
ok: [localhost] => (item=Border-Leaf2)
[WARNING]: Platform linux on host localhost is using the discovered Python interpreter at /mnt/c/Users/nh1221/data-center/venv/bin/python3.12, but future
installation of another Python interpreter could change the meaning of that path. See https://docs.ansible.com/ansible-
core/2.18/reference_appendices/interpreter_discovery.html for more information.

TASK [Ensure route mode has network path to SONiC mgmt subnet] *********************************************************************************************
skipping: [localhost]

TASK [Check ssh command exists for socks mode] *************************************************************************************************************
skipping: [localhost]

TASK [Check nc command exists for socks mode] **************************************************************************************************************
skipping: [localhost]

TASK [Detect existing SOCKS tunnel] ************************************************************************************************************************
skipping: [localhost]

TASK [Start SOCKS tunnel to R810] **************************************************************************************************************************
skipping: [localhost]

PLAY [Orchestrate Sheba Laboratory Cloud Architecture Environment] *****************************************************************************************

TASK [clab_topology_prep : Generate finalized topology configuration from Jinja2 template] *****************************************************************
ok: [localhost]

PLAY [Deploy containerlab topology on R810, Storage & OverlayFS Fabric Audit] ******************************************************************************

TASK [Gathering Facts] *************************************************************************************************************************************
[WARNING]: Platform linux on host poweredge_r810 is using the discovered Python interpreter at /usr/bin/python3, but future installation of another Python
interpreter could change the meaning of that path. See https://docs.ansible.com/ansible-core/2.18/reference_appendices/interpreter_discovery.html for more
information.
ok: [poweredge_r810]

TASK [Ensure containerlab is installed] ********************************************************************************************************************
ok: [poweredge_r810]

TASK [Ensure remote lab directory exists] ******************************************************************************************************************
ok: [poweredge_r810]

TASK [Sync project tree to R810] ***************************************************************************************************************************
changed: [poweredge_r810]

TASK [Ensure ISO utilities are installed (for cloud-init seed ISO)] ****************************************************************************************
ok: [poweredge_r810]

TASK [Generate cloud-init seed ISO for generic_vm nodes] ***************************************************************************************************
changed: [poweredge_r810]

TASK [Create Ceph OSD backing disks required by topology bind mounts] **************************************************************************************
changed: [poweredge_r810]

TASK [Create K8/OSH VM data disks required by topology bind mounts] ****************************************************************************************
changed: [poweredge_r810]

TASK [Guardrail - fail if topology still contains unsupported serial=hostdata] *****************************************************************************
ok: [poweredge_r810]

TASK [Destroy existing topology if present] ****************************************************************************************************************
changed: [poweredge_r810]

TASK [Remove stale containerlab state directories] *********************************************************************************************************
changed: [poweredge_r810]

TASK [Deploy topology on R810] *****************************************************************************************************************************
changed: [poweredge_r810]

TASK [Probe All Datacenter SSH Ports Concurrently (Non-Blocking)] ******************************************************************************************
changed: [poweredge_r810] => (item=Checking socket readiness: Spine-S1 -> 172.16.2.11)
changed: [poweredge_r810] => (item=Checking socket readiness: Spine-S2 -> 172.16.2.12)
changed: [poweredge_r810] => (item=Checking socket readiness: Leaf-L1 -> 172.16.2.21)
changed: [poweredge_r810] => (item=Checking socket readiness: Leaf-L2 -> 172.16.2.22)
changed: [poweredge_r810] => (item=Checking socket readiness: Leaf-L3 -> 172.16.2.23)
changed: [poweredge_r810] => (item=Checking socket readiness: Leaf-L4 -> 172.16.2.24)
changed: [poweredge_r810] => (item=Checking socket readiness: Border-Leaf1 -> 172.16.2.31)
changed: [poweredge_r810] => (item=Checking socket readiness: Border-Leaf2 -> 172.16.2.32)
changed: [poweredge_r810] => (item=Checking socket readiness: k8s-master-01 -> 172.16.2.51)
changed: [poweredge_r810] => (item=Checking socket readiness: k8s-master-02 -> 172.16.2.61)
changed: [poweredge_r810] => (item=Checking socket readiness: k8s-master-03 -> 172.16.2.71)
changed: [poweredge_r810] => (item=Checking socket readiness: k8s-db-01 -> 172.16.2.52)
changed: [poweredge_r810] => (item=Checking socket readiness: k8s-db-02 -> 172.16.2.62)
changed: [poweredge_r810] => (item=Checking socket readiness: k8s-db-03 -> 172.16.2.72)
changed: [poweredge_r810] => (item=Checking socket readiness: osh-ctrl-01 -> 172.16.2.53)
changed: [poweredge_r810] => (item=Checking socket readiness: osh-ctrl-02 -> 172.16.2.63)
changed: [poweredge_r810] => (item=Checking socket readiness: osh-ctrl-03 -> 172.16.2.73)
changed: [poweredge_r810] => (item=Checking socket readiness: osh-net-01 -> 172.16.2.54)
changed: [poweredge_r810] => (item=Checking socket readiness: osh-net-02 -> 172.16.2.64)
changed: [poweredge_r810] => (item=Checking socket readiness: MonSrv -> 172.16.2.74)
changed: [poweredge_r810] => (item=Checking socket readiness: osh-comp-01 -> 172.16.2.55)
changed: [poweredge_r810] => (item=Checking socket readiness: osh-comp-02 -> 172.16.2.65)
changed: [poweredge_r810] => (item=Checking socket readiness: osh-comp-03 -> 172.16.2.75)
changed: [poweredge_r810] => (item=Checking socket readiness: osh-comp-04 -> 172.16.2.56)
changed: [poweredge_r810] => (item=Checking socket readiness: Exit-Router1 -> 172.16.2.41)
changed: [poweredge_r810] => (item=Checking socket readiness: Exit-Router2 -> 172.16.2.42)

TASK [Synchronize and Await Port Validation Results] *******************************************************************************************************
ok: [poweredge_r810] => (item=Syncing status for JID: j21755655528.681090)
ok: [poweredge_r810] => (item=Syncing status for JID: j274729468648.686279)
ok: [poweredge_r810] => (item=Syncing status for JID: j187291788915.687920)
ok: [poweredge_r810] => (item=Syncing status for JID: j879690768599.689577)
ok: [poweredge_r810] => (item=Syncing status for JID: j833837900861.691841)
ok: [poweredge_r810] => (item=Syncing status for JID: j78894857536.693594)
ok: [poweredge_r810] => (item=Syncing status for JID: j792638851215.694690)
ok: [poweredge_r810] => (item=Syncing status for JID: j375623017009.698011)
ok: [poweredge_r810] => (item=Syncing status for JID: j179293181629.699909)
ok: [poweredge_r810] => (item=Syncing status for JID: j370907224270.700449)
ok: [poweredge_r810] => (item=Syncing status for JID: j526901772614.701322)
ok: [poweredge_r810] => (item=Syncing status for JID: j545396859323.701725)
ok: [poweredge_r810] => (item=Syncing status for JID: j286094447311.702033)
ok: [poweredge_r810] => (item=Syncing status for JID: j233946269358.702575)
ok: [poweredge_r810] => (item=Syncing status for JID: j88519577114.703237)
ok: [poweredge_r810] => (item=Syncing status for JID: j729200227428.703746)
ok: [poweredge_r810] => (item=Syncing status for JID: j335366744860.704191)
ok: [poweredge_r810] => (item=Syncing status for JID: j666633636308.704487)
ok: [poweredge_r810] => (item=Syncing status for JID: j324490132857.705414)
ok: [poweredge_r810] => (item=Syncing status for JID: j680216341813.705791)
ok: [poweredge_r810] => (item=Syncing status for JID: j250157040328.706049)
ok: [poweredge_r810] => (item=Syncing status for JID: j902668476987.706308)
ok: [poweredge_r810] => (item=Syncing status for JID: j284019674195.706565)
ok: [poweredge_r810] => (item=Syncing status for JID: j723802023305.706824)
ok: [poweredge_r810] => (item=Syncing status for JID: j428993490185.707551)
ok: [poweredge_r810] => (item=Syncing status for JID: j553490601065.708081)

TASK [Read control-node SSH public key for VM bootstrap] ***************************************************************************************************
ok: [poweredge_r810]

TASK [Inject SSH public key into all Linux VM nodes over serial console] ***********************************************************************************
FAILED - RETRYING: [poweredge_r810]: Inject SSH public key into all Linux VM nodes over serial console (6 retries left).
FAILED - RETRYING: [poweredge_r810]: Inject SSH public key into all Linux VM nodes over serial console (5 retries left).
FAILED - RETRYING: [poweredge_r810]: Inject SSH public key into all Linux VM nodes over serial console (4 retries left).
FAILED - RETRYING: [poweredge_r810]: Inject SSH public key into all Linux VM nodes over serial console (3 retries left).
FAILED - RETRYING: [poweredge_r810]: Inject SSH public key into all Linux VM nodes over serial console (2 retries left).
FAILED - RETRYING: [poweredge_r810]: Inject SSH public key into all Linux VM nodes over serial console (1 retries left).
failed: [poweredge_r810] (item=Serial key injection: k8s-master-01) => {"ansible_loop_var": "item", "attempts": 6, "changed": true, "cmd": "set -euo pipefail\nPAYLOAD_B64=$(cat <<'EOF' | base64 -w 0\nmkdir -p /home/ubuntu/.ssh\ncat > /home/ubuntu/.ssh/authorized_keys <<'KEYEOF'\nssh-ed25519 AAAAC3NzaC1lZDI1NTE5AAAAIKcdWAA5aDYPkqJwaatRVM8G720Or7I3zYZ4E+Y7BoHL nh1221@Lab-ControlNode\nKEYEOF\nchmod 700 /home/ubuntu/.ssh\nchmod 600 /home/ubuntu/.ssh/authorized_keys\nchown -R ubuntu:ubuntu /home/ubuntu/.ssh || chown -R 1000:1000 /home/ubuntu/.ssh\nexit\nEOF\n)\n\n(\n  sleep 1; echo \"\";\n  sleep 1; echo \"ubuntu\";\n  sleep 1; echo \"ubuntu\";\n  sleep 1; echo \"echo $PAYLOAD_B64 | base64 -d >/tmp/clab-key.sh\";\n  sleep 1; echo \"bash /tmp/clab-key.sh\";\n  sleep 1; echo \"exit\";\n) | docker exec -i clab-sheba-k8s-master-01 python3 -c '\nimport socket\ns = socket.socket(socket.AF_INET, socket.SOCK_STREAM)\ns.settimeout(20)\ns.connect((\"127.0.0.1\", 5000))\nwhile True:\n    try:\n        line = input() + \"\\n\"\n        s.sendall(line.encode(\"utf-8\"))\n    except EOFError:\n        break\ns.close()\n'\n", "delta": "0:00:01.020636", "end": "2026-09-03 19:05:55.292588", "item": "k8s-master-01", "msg": "non-zero return code", "rc": 1, "start": "2026-09-03 19:05:54.271952", "stderr": "Error response from daemon: No such container: clab-sheba-k8s-master-01", "stderr_lines": ["Error response from daemon: No such container: clab-sheba-k8s-master-01"], "stdout": "", "stdout_lines": []}
FAILED - RETRYING: [poweredge_r810]: Inject SSH public key into all Linux VM nodes over serial console (6 retries left).
FAILED - RETRYING: [poweredge_r810]: Inject SSH public key into all Linux VM nodes over serial console (5 retries left).
FAILED - RETRYING: [poweredge_r810]: Inject SSH public key into all Linux VM nodes over serial console (4 retries left).
FAILED - RETRYING: [poweredge_r810]: Inject SSH public key into all Linux VM nodes over serial console (3 retries left).
FAILED - RETRYING: [poweredge_r810]: Inject SSH public key into all Linux VM nodes over serial console (2 retries left).
FAILED - RETRYING: [poweredge_r810]: Inject SSH public key into all Linux VM nodes over serial console (1 retries left).
failed: [poweredge_r810] (item=Serial key injection: k8s-master-02) => {"ansible_loop_var": "item", "attempts": 6, "changed": true, "cmd": "set -euo pipefail\nPAYLOAD_B64=$(cat <<'EOF' | base64 -w 0\nmkdir -p /home/ubuntu/.ssh\ncat > /home/ubuntu/.ssh/authorized_keys <<'KEYEOF'\nssh-ed25519 AAAAC3NzaC1lZDI1NTE5AAAAIKcdWAA5aDYPkqJwaatRVM8G720Or7I3zYZ4E+Y7BoHL nh1221@Lab-ControlNode\nKEYEOF\nchmod 700 /home/ubuntu/.ssh\nchmod 600 /home/ubuntu/.ssh/authorized_keys\nchown -R ubuntu:ubuntu /home/ubuntu/.ssh || chown -R 1000:1000 /home/ubuntu/.ssh\nexit\nEOF\n)\n\n(\n  sleep 1; echo \"\";\n  sleep 1; echo \"ubuntu\";\n  sleep 1; echo \"ubuntu\";\n  sleep 1; echo \"echo $PAYLOAD_B64 | base64 -d >/tmp/clab-key.sh\";\n  sleep 1; echo \"bash /tmp/clab-key.sh\";\n  sleep 1; echo \"exit\";\n) | docker exec -i clab-sheba-k8s-master-02 python3 -c '\nimport socket\ns = socket.socket(socket.AF_INET, socket.SOCK_STREAM)\ns.settimeout(20)\ns.connect((\"127.0.0.1\", 5000))\nwhile True:\n    try:\n        line = input() + \"\\n\"\n        s.sendall(line.encode(\"utf-8\"))\n    except EOFError:\n        break\ns.close()\n'\n", "delta": "0:00:01.020861", "end": "2026-09-03 19:06:41.659427", "item": "k8s-master-02", "msg": "non-zero return code", "rc": 1, "start": "2026-09-03 19:06:40.638566", "stderr": "Error response from daemon: No such container: clab-sheba-k8s-master-02", "stderr_lines": ["Error response from daemon: No such container: clab-sheba-k8s-master-02"], "stdout": "", "stdout_lines": []}
FAILED - RETRYING: [poweredge_r810]: Inject SSH public key into all Linux VM nodes over serial console (6 retries left).
FAILED - RETRYING: [poweredge_r810]: Inject SSH public key into all Linux VM nodes over serial console (5 retries left).
FAILED - RETRYING: [poweredge_r810]: Inject SSH public key into all Linux VM nodes over serial console (4 retries left).
FAILED - RETRYING: [poweredge_r810]: Inject SSH public key into all Linux VM nodes over serial console (3 retries left).
FAILED - RETRYING: [poweredge_r810]: Inject SSH public key into all Linux VM nodes over serial console (2 retries left).
FAILED - RETRYING: [poweredge_r810]: Inject SSH public key into all Linux VM nodes over serial console (1 retries left).
failed: [poweredge_r810] (item=Serial key injection: k8s-master-03) => {"ansible_loop_var": "item", "attempts": 6, "changed": true, "cmd": "set -euo pipefail\nPAYLOAD_B64=$(cat <<'EOF' | base64 -w 0\nmkdir -p /home/ubuntu/.ssh\ncat > /home/ubuntu/.ssh/authorized_keys <<'KEYEOF'\nssh-ed25519 AAAAC3NzaC1lZDI1NTE5AAAAIKcdWAA5aDYPkqJwaatRVM8G720Or7I3zYZ4E+Y7BoHL nh1221@Lab-ControlNode\nKEYEOF\nchmod 700 /home/ubuntu/.ssh\nchmod 600 /home/ubuntu/.ssh/authorized_keys\nchown -R ubuntu:ubuntu /home/ubuntu/.ssh || chown -R 1000:1000 /home/ubuntu/.ssh\nexit\nEOF\n)\n\n(\n  sleep 1; echo \"\";\n  sleep 1; echo \"ubuntu\";\n  sleep 1; echo \"ubuntu\";\n  sleep 1; echo \"echo $PAYLOAD_B64 | base64 -d >/tmp/clab-key.sh\";\n  sleep 1; echo \"bash /tmp/clab-key.sh\";\n  sleep 1; echo \"exit\";\n) | docker exec -i clab-sheba-k8s-master-03 python3 -c '\nimport socket\ns = socket.socket(socket.AF_INET, socket.SOCK_STREAM)\ns.settimeout(20)\ns.connect((\"127.0.0.1\", 5000))\nwhile True:\n    try:\n        line = input() + \"\\n\"\n        s.sendall(line.encode(\"utf-8\"))\n    except EOFError:\n        break\ns.close()\n'\n", "delta": "0:00:01.022172", "end": "2026-09-03 19:07:26.901177", "item": "k8s-master-03", "msg": "non-zero return code", "rc": 1, "start": "2026-09-03 19:07:25.879005", "stderr": "Error response from daemon: No such container: clab-sheba-k8s-master-03", "stderr_lines": ["Error response from daemon: No such container: clab-sheba-k8s-master-03"], "stdout": "", "stdout_lines": []}
^C [ERROR]: User interrupted execution
(venv) nh1221@Lab-ControlNode:/mnt/c/Users/nh1221/dc_lab/clab/sonic-clab$ rm -rf ~/.ansible/cp/* ~/.ansible/tmp/*
(venv) nh1221@Lab-ControlNode:/mnt/c/Users/nh1221/dc_lab/clab/sonic-clab$ ansible-playbook -i inv-osh.yml playbooks/lab/fabric-full.yml

PLAY [Control-node preflight and transport setup] **********************************************************************************************************

TASK [Validate networking mode] ****************************************************************************************************************************
ok: [localhost] => {
    "changed": false,
    "msg": "All assertions passed"
}

TASK [Remove stale host keys for SONiC nodes] **************************************************************************************************************
ok: [localhost] => (item=Spine-S1)
ok: [localhost] => (item=Spine-S2)
ok: [localhost] => (item=Leaf-L1)
ok: [localhost] => (item=Leaf-L2)
ok: [localhost] => (item=Leaf-L3)
ok: [localhost] => (item=Leaf-L4)
ok: [localhost] => (item=Border-Leaf1)
ok: [localhost] => (item=Border-Leaf2)
[WARNING]: Platform linux on host localhost is using the discovered Python interpreter at /mnt/c/Users/nh1221/data-center/venv/bin/python3.12, but future
installation of another Python interpreter could change the meaning of that path. See https://docs.ansible.com/ansible-
core/2.18/reference_appendices/interpreter_discovery.html for more information.

TASK [Ensure route mode has network path to SONiC mgmt subnet] *********************************************************************************************
skipping: [localhost]

TASK [Check ssh command exists for socks mode] *************************************************************************************************************
skipping: [localhost]

TASK [Check nc command exists for socks mode] **************************************************************************************************************
skipping: [localhost]

TASK [Detect existing SOCKS tunnel] ************************************************************************************************************************
skipping: [localhost]

TASK [Start SOCKS tunnel to R810] **************************************************************************************************************************
skipping: [localhost]

PLAY [Orchestrate Sheba Laboratory Cloud Architecture Environment] *****************************************************************************************

TASK [clab_topology_prep : Generate finalized topology configuration from Jinja2 template] *****************************************************************
ok: [localhost]

PLAY [Deploy containerlab topology on R810, Storage & OverlayFS Fabric Audit] ******************************************************************************

TASK [Gathering Facts] *************************************************************************************************************************************
[WARNING]: Platform linux on host poweredge_r810 is using the discovered Python interpreter at /usr/bin/python3, but future installation of another Python
interpreter could change the meaning of that path. See https://docs.ansible.com/ansible-core/2.18/reference_appendices/interpreter_discovery.html for more
information.
ok: [poweredge_r810]

TASK [Ensure containerlab is installed] ********************************************************************************************************************
ok: [poweredge_r810]

TASK [Ensure remote lab directory exists] ******************************************************************************************************************
ok: [poweredge_r810]

TASK [Sync project tree to R810] ***************************************************************************************************************************
changed: [poweredge_r810]

TASK [Ensure ISO utilities are installed (for cloud-init seed ISO)] ****************************************************************************************
ok: [poweredge_r810]

TASK [Generate cloud-init seed ISO for generic_vm nodes] ***************************************************************************************************
changed: [poweredge_r810]

TASK [Create Ceph OSD backing disks required by topology bind mounts] **************************************************************************************
changed: [poweredge_r810]

TASK [Create K8/OSH VM data disks required by topology bind mounts] ****************************************************************************************
changed: [poweredge_r810]

TASK [Guardrail - fail if topology still contains unsupported serial=hostdata] *****************************************************************************
ok: [poweredge_r810]

TASK [Destroy existing topology if present] ****************************************************************************************************************
changed: [poweredge_r810]

TASK [Remove stale containerlab state directories] *********************************************************************************************************
changed: [poweredge_r810]

TASK [Deploy topology on R810] *****************************************************************************************************************************
changed: [poweredge_r810]

TASK [Probe All Datacenter SSH Ports Concurrently (Non-Blocking)] ******************************************************************************************
changed: [poweredge_r810] => (item=Checking socket readiness: Spine-S1 -> 172.16.2.11)
changed: [poweredge_r810] => (item=Checking socket readiness: Spine-S2 -> 172.16.2.12)
changed: [poweredge_r810] => (item=Checking socket readiness: Leaf-L1 -> 172.16.2.21)
changed: [poweredge_r810] => (item=Checking socket readiness: Leaf-L2 -> 172.16.2.22)
changed: [poweredge_r810] => (item=Checking socket readiness: Leaf-L3 -> 172.16.2.23)
changed: [poweredge_r810] => (item=Checking socket readiness: Leaf-L4 -> 172.16.2.24)
changed: [poweredge_r810] => (item=Checking socket readiness: Border-Leaf1 -> 172.16.2.31)
changed: [poweredge_r810] => (item=Checking socket readiness: Border-Leaf2 -> 172.16.2.32)
changed: [poweredge_r810] => (item=Checking socket readiness: k8s-master-01 -> 172.16.2.51)
changed: [poweredge_r810] => (item=Checking socket readiness: k8s-master-02 -> 172.16.2.61)
changed: [poweredge_r810] => (item=Checking socket readiness: k8s-master-03 -> 172.16.2.71)
changed: [poweredge_r810] => (item=Checking socket readiness: k8s-db-01 -> 172.16.2.52)
changed: [poweredge_r810] => (item=Checking socket readiness: k8s-db-02 -> 172.16.2.62)
changed: [poweredge_r810] => (item=Checking socket readiness: k8s-db-03 -> 172.16.2.72)
changed: [poweredge_r810] => (item=Checking socket readiness: osh-ctrl-01 -> 172.16.2.53)
changed: [poweredge_r810] => (item=Checking socket readiness: osh-ctrl-02 -> 172.16.2.63)
changed: [poweredge_r810] => (item=Checking socket readiness: osh-ctrl-03 -> 172.16.2.73)
changed: [poweredge_r810] => (item=Checking socket readiness: osh-net-01 -> 172.16.2.54)
changed: [poweredge_r810] => (item=Checking socket readiness: osh-net-02 -> 172.16.2.64)
changed: [poweredge_r810] => (item=Checking socket readiness: MonSrv -> 172.16.2.74)
changed: [poweredge_r810] => (item=Checking socket readiness: osh-comp-01 -> 172.16.2.55)
changed: [poweredge_r810] => (item=Checking socket readiness: osh-comp-02 -> 172.16.2.65)
changed: [poweredge_r810] => (item=Checking socket readiness: osh-comp-03 -> 172.16.2.75)
changed: [poweredge_r810] => (item=Checking socket readiness: osh-comp-04 -> 172.16.2.56)
changed: [poweredge_r810] => (item=Checking socket readiness: Exit-Router1 -> 172.16.2.41)
changed: [poweredge_r810] => (item=Checking socket readiness: Exit-Router2 -> 172.16.2.42)

TASK [Synchronize and Await Port Validation Results] *******************************************************************************************************
ok: [poweredge_r810] => (item=Syncing status for JID: j737681859923.764999)
ok: [poweredge_r810] => (item=Syncing status for JID: j235301841766.766936)
ok: [poweredge_r810] => (item=Syncing status for JID: j28362453121.768696)
ok: [poweredge_r810] => (item=Syncing status for JID: j515958723052.770656)
ok: [poweredge_r810] => (item=Syncing status for JID: j295721795431.772197)
ok: [poweredge_r810] => (item=Syncing status for JID: j137883900248.773911)
ok: [poweredge_r810] => (item=Syncing status for JID: j780809891796.776481)
ok: [poweredge_r810] => (item=Syncing status for JID: j530651160729.777919)
ok: [poweredge_r810] => (item=Syncing status for JID: j609236752466.778560)
ok: [poweredge_r810] => (item=Syncing status for JID: j249994854893.779413)
ok: [poweredge_r810] => (item=Syncing status for JID: j555240927033.779711)
ok: [poweredge_r810] => (item=Syncing status for JID: j996960249294.780030)
ok: [poweredge_r810] => (item=Syncing status for JID: j954055327544.780683)
ok: [poweredge_r810] => (item=Syncing status for JID: j16791036540.781303)
ok: [poweredge_r810] => (item=Syncing status for JID: j589100914450.782209)
ok: [poweredge_r810] => (item=Syncing status for JID: j190372491528.782468)
ok: [poweredge_r810] => (item=Syncing status for JID: j586621868569.782725)
ok: [poweredge_r810] => (item=Syncing status for JID: j642103781999.782982)
ok: [poweredge_r810] => (item=Syncing status for JID: j844913932562.783240)
ok: [poweredge_r810] => (item=Syncing status for JID: j528256116136.783633)
ok: [poweredge_r810] => (item=Syncing status for JID: j983913768979.784446)
ok: [poweredge_r810] => (item=Syncing status for JID: j689313571367.784885)
ok: [poweredge_r810] => (item=Syncing status for JID: j821481618110.785144)
ok: [poweredge_r810] => (item=Syncing status for JID: j944237004678.785402)
ok: [poweredge_r810] => (item=Syncing status for JID: j824154516996.785891)
ok: [poweredge_r810] => (item=Syncing status for JID: j28479549151.786510)

TASK [Read control-node SSH public key for VM bootstrap] ***************************************************************************************************
ok: [poweredge_r810]

TASK [Inject SSH public key into all Linux VM nodes over serial console] ***********************************************************************************
changed: [poweredge_r810] => (item=Serial key injection: k8s-master-01)
changed: [poweredge_r810] => (item=Serial key injection: k8s-master-02)
changed: [poweredge_r810] => (item=Serial key injection: k8s-master-03)
changed: [poweredge_r810] => (item=Serial key injection: k8s-db-01)
changed: [poweredge_r810] => (item=Serial key injection: k8s-db-02)
changed: [poweredge_r810] => (item=Serial key injection: k8s-db-03)
changed: [poweredge_r810] => (item=Serial key injection: osh-ctrl-01)
changed: [poweredge_r810] => (item=Serial key injection: osh-ctrl-02)
changed: [poweredge_r810] => (item=Serial key injection: osh-ctrl-03)
changed: [poweredge_r810] => (item=Serial key injection: osh-net-01)
changed: [poweredge_r810] => (item=Serial key injection: osh-net-02)
changed: [poweredge_r810] => (item=Serial key injection: MonSrv)
changed: [poweredge_r810] => (item=Serial key injection: osh-comp-01)
changed: [poweredge_r810] => (item=Serial key injection: osh-comp-02)
changed: [poweredge_r810] => (item=Serial key injection: osh-comp-03)
changed: [poweredge_r810] => (item=Serial key injection: osh-comp-04)
changed: [poweredge_r810] => (item=Serial key injection: Exit-Router1)
changed: [poweredge_r810] => (item=Serial key injection: Exit-Router2)

TASK [Verify SSH key login works for all Linux VM nodes] ***************************************************************************************************
ok: [poweredge_r810] => (item=SSH key login check: k8s-master-01)
ok: [poweredge_r810] => (item=SSH key login check: k8s-master-02)
ok: [poweredge_r810] => (item=SSH key login check: k8s-master-03)
ok: [poweredge_r810] => (item=SSH key login check: k8s-db-01)
ok: [poweredge_r810] => (item=SSH key login check: k8s-db-02)
ok: [poweredge_r810] => (item=SSH key login check: k8s-db-03)
ok: [poweredge_r810] => (item=SSH key login check: osh-ctrl-01)
ok: [poweredge_r810] => (item=SSH key login check: osh-ctrl-02)
ok: [poweredge_r810] => (item=SSH key login check: osh-ctrl-03)
ok: [poweredge_r810] => (item=SSH key login check: osh-net-01)
ok: [poweredge_r810] => (item=SSH key login check: osh-net-02)
ok: [poweredge_r810] => (item=SSH key login check: MonSrv)
ok: [poweredge_r810] => (item=SSH key login check: osh-comp-01)
ok: [poweredge_r810] => (item=SSH key login check: osh-comp-02)
ok: [poweredge_r810] => (item=SSH key login check: osh-comp-03)
ok: [poweredge_r810] => (item=SSH key login check: osh-comp-04)
ok: [poweredge_r810] => (item=SSH key login check: Exit-Router1)
ok: [poweredge_r810] => (item=SSH key login check: Exit-Router2)

TASK [Assert key login was successful for all Linux VM nodes] **********************************************************************************************
failed: [poweredge_r810] (item=k8s-master-01) => {
    "ansible_loop_var": "item",
    "assertion": "item.rc == 0",
    "changed": false,
    "evaluated_to": false,
    "item": {
        "ansible_loop_var": "item",
        "changed": false,
        "cmd": "ssh -o BatchMode=yes -o StrictHostKeyChecking=no -o UserKnownHostsFile=/dev/null -o ConnectTimeout=8 -i /home/nh1221/.ssh/id_dc_lab ubuntu@172.16.2.51 \"id -u\"",
        "delta": "0:00:03.121421",
        "end": "2026-09-03 19:18:14.488923",
        "failed": false,
        "failed_when_result": false,
        "invocation": {
            "module_args": {
                "_raw_params": "ssh -o BatchMode=yes -o StrictHostKeyChecking=no -o UserKnownHostsFile=/dev/null -o ConnectTimeout=8 -i /home/nh1221/.ssh/id_dc_lab ubuntu@172.16.2.51 \"id -u\"",
                "_uses_shell": true,
                "argv": null,
                "chdir": null,
                "creates": null,
                "executable": null,
                "expand_argument_vars": true,
                "removes": null,
                "stdin": null,
                "stdin_add_newline": true,
                "strip_empty_ends": true
            }
        },
        "item": "k8s-master-01",
        "msg": "non-zero return code",
        "rc": 255,
        "start": "2026-09-03 19:18:11.367502",
        "stderr": "ssh: connect to host 172.16.2.51 port 22: No route to host",
        "stderr_lines": [
            "ssh: connect to host 172.16.2.51 port 22: No route to host"
        ],
        "stdout": "",
        "stdout_lines": []
    },
    "msg": "Key-based SSH bootstrap failed for k8s-master-01 (172.16.2.51)"
}
failed: [poweredge_r810] (item=k8s-master-02) => {
    "ansible_loop_var": "item",
    "assertion": "item.rc == 0",
    "changed": false,
    "evaluated_to": false,
    "item": {
        "ansible_loop_var": "item",
        "changed": false,
        "cmd": "ssh -o BatchMode=yes -o StrictHostKeyChecking=no -o UserKnownHostsFile=/dev/null -o ConnectTimeout=8 -i /home/nh1221/.ssh/id_dc_lab ubuntu@172.16.2.61 \"id -u\"",
        "delta": "0:00:03.099805",
        "end": "2026-09-03 19:18:18.583336",
        "failed": false,
        "failed_when_result": false,
        "invocation": {
            "module_args": {
                "_raw_params": "ssh -o BatchMode=yes -o StrictHostKeyChecking=no -o UserKnownHostsFile=/dev/null -o ConnectTimeout=8 -i /home/nh1221/.ssh/id_dc_lab ubuntu@172.16.2.61 \"id -u\"",
                "_uses_shell": true,
                "argv": null,
                "chdir": null,
                "creates": null,
                "executable": null,
                "expand_argument_vars": true,
                "removes": null,
                "stdin": null,
                "stdin_add_newline": true,
                "strip_empty_ends": true
            }
        },
        "item": "k8s-master-02",
        "msg": "non-zero return code",
        "rc": 255,
        "start": "2026-09-03 19:18:15.483531",
        "stderr": "ssh: connect to host 172.16.2.61 port 22: No route to host",
        "stderr_lines": [
            "ssh: connect to host 172.16.2.61 port 22: No route to host"
        ],
        "stdout": "",
        "stdout_lines": []
    },
    "msg": "Key-based SSH bootstrap failed for k8s-master-02 (172.16.2.61)"
}
failed: [poweredge_r810] (item=k8s-master-03) => {
    "ansible_loop_var": "item",
    "assertion": "item.rc == 0",
    "changed": false,
    "evaluated_to": false,
    "item": {
        "ansible_loop_var": "item",
        "changed": false,
        "cmd": "ssh -o BatchMode=yes -o StrictHostKeyChecking=no -o UserKnownHostsFile=/dev/null -o ConnectTimeout=8 -i /home/nh1221/.ssh/id_dc_lab ubuntu@172.16.2.71 \"id -u\"",
        "delta": "0:00:03.082626",
        "end": "2026-09-03 19:18:22.615329",
        "failed": false,
        "failed_when_result": false,
        "invocation": {
            "module_args": {
                "_raw_params": "ssh -o BatchMode=yes -o StrictHostKeyChecking=no -o UserKnownHostsFile=/dev/null -o ConnectTimeout=8 -i /home/nh1221/.ssh/id_dc_lab ubuntu@172.16.2.71 \"id -u\"",
                "_uses_shell": true,
                "argv": null,
                "chdir": null,
                "creates": null,
                "executable": null,
                "expand_argument_vars": true,
                "removes": null,
                "stdin": null,
                "stdin_add_newline": true,
                "strip_empty_ends": true
            }
        },
        "item": "k8s-master-03",
        "msg": "non-zero return code",
        "rc": 255,
        "start": "2026-09-03 19:18:19.532703",
        "stderr": "ssh: connect to host 172.16.2.71 port 22: No route to host",
        "stderr_lines": [
            "ssh: connect to host 172.16.2.71 port 22: No route to host"
        ],
        "stdout": "",
        "stdout_lines": []
    },
    "msg": "Key-based SSH bootstrap failed for k8s-master-03 (172.16.2.71)"
}
failed: [poweredge_r810] (item=k8s-db-01) => {
    "ansible_loop_var": "item",
    "assertion": "item.rc == 0",
    "changed": false,
    "evaluated_to": false,
    "item": {
        "ansible_loop_var": "item",
        "changed": false,
        "cmd": "ssh -o BatchMode=yes -o StrictHostKeyChecking=no -o UserKnownHostsFile=/dev/null -o ConnectTimeout=8 -i /home/nh1221/.ssh/id_dc_lab ubuntu@172.16.2.52 \"id -u\"",
        "delta": "0:00:03.083285",
        "end": "2026-09-03 19:18:26.648648",
        "failed": false,
        "failed_when_result": false,
        "invocation": {
            "module_args": {
                "_raw_params": "ssh -o BatchMode=yes -o StrictHostKeyChecking=no -o UserKnownHostsFile=/dev/null -o ConnectTimeout=8 -i /home/nh1221/.ssh/id_dc_lab ubuntu@172.16.2.52 \"id -u\"",
                "_uses_shell": true,
                "argv": null,
                "chdir": null,
                "creates": null,
                "executable": null,
                "expand_argument_vars": true,
                "removes": null,
                "stdin": null,
                "stdin_add_newline": true,
                "strip_empty_ends": true
            }
        },
        "item": "k8s-db-01",
        "msg": "non-zero return code",
        "rc": 255,
        "start": "2026-09-03 19:18:23.565363",
        "stderr": "ssh: connect to host 172.16.2.52 port 22: No route to host",
        "stderr_lines": [
            "ssh: connect to host 172.16.2.52 port 22: No route to host"
        ],
        "stdout": "",
        "stdout_lines": []
    },
    "msg": "Key-based SSH bootstrap failed for k8s-db-01 (172.16.2.52)"
}
failed: [poweredge_r810] (item=k8s-db-02) => {
    "ansible_loop_var": "item",
    "assertion": "item.rc == 0",
    "changed": false,
    "evaluated_to": false,
    "item": {
        "ansible_loop_var": "item",
        "changed": false,
        "cmd": "ssh -o BatchMode=yes -o StrictHostKeyChecking=no -o UserKnownHostsFile=/dev/null -o ConnectTimeout=8 -i /home/nh1221/.ssh/id_dc_lab ubuntu@172.16.2.62 \"id -u\"",
        "delta": "0:00:03.074401",
        "end": "2026-09-03 19:18:30.744268",
        "failed": false,
        "failed_when_result": false,
        "invocation": {
            "module_args": {
                "_raw_params": "ssh -o BatchMode=yes -o StrictHostKeyChecking=no -o UserKnownHostsFile=/dev/null -o ConnectTimeout=8 -i /home/nh1221/.ssh/id_dc_lab ubuntu@172.16.2.62 \"id -u\"",
                "_uses_shell": true,
                "argv": null,
                "chdir": null,
                "creates": null,
                "executable": null,
                "expand_argument_vars": true,
                "removes": null,
                "stdin": null,
                "stdin_add_newline": true,
                "strip_empty_ends": true
            }
        },
        "item": "k8s-db-02",
        "msg": "non-zero return code",
        "rc": 255,
        "start": "2026-09-03 19:18:27.669867",
        "stderr": "ssh: connect to host 172.16.2.62 port 22: No route to host",
        "stderr_lines": [
            "ssh: connect to host 172.16.2.62 port 22: No route to host"
        ],
        "stdout": "",
        "stdout_lines": []
    },
    "msg": "Key-based SSH bootstrap failed for k8s-db-02 (172.16.2.62)"
}
failed: [poweredge_r810] (item=k8s-db-03) => {
    "ansible_loop_var": "item",
    "assertion": "item.rc == 0",
    "changed": false,
    "evaluated_to": false,
    "item": {
        "ansible_loop_var": "item",
        "changed": false,
        "cmd": "ssh -o BatchMode=yes -o StrictHostKeyChecking=no -o UserKnownHostsFile=/dev/null -o ConnectTimeout=8 -i /home/nh1221/.ssh/id_dc_lab ubuntu@172.16.2.72 \"id -u\"",
        "delta": "0:00:03.098134",
        "end": "2026-09-03 19:18:34.776210",
        "failed": false,
        "failed_when_result": false,
        "invocation": {
            "module_args": {
                "_raw_params": "ssh -o BatchMode=yes -o StrictHostKeyChecking=no -o UserKnownHostsFile=/dev/null -o ConnectTimeout=8 -i /home/nh1221/.ssh/id_dc_lab ubuntu@172.16.2.72 \"id -u\"",
                "_uses_shell": true,
                "argv": null,
                "chdir": null,
                "creates": null,
                "executable": null,
                "expand_argument_vars": true,
                "removes": null,
                "stdin": null,
                "stdin_add_newline": true,
                "strip_empty_ends": true
            }
        },
        "item": "k8s-db-03",
        "msg": "non-zero return code",
        "rc": 255,
        "start": "2026-09-03 19:18:31.678076",
        "stderr": "ssh: connect to host 172.16.2.72 port 22: No route to host",
        "stderr_lines": [
            "ssh: connect to host 172.16.2.72 port 22: No route to host"
        ],
        "stdout": "",
        "stdout_lines": []
    },
    "msg": "Key-based SSH bootstrap failed for k8s-db-03 (172.16.2.72)"
}
failed: [poweredge_r810] (item=osh-ctrl-01) => {
    "ansible_loop_var": "item",
    "assertion": "item.rc == 0",
    "changed": false,
    "evaluated_to": false,
    "item": {
        "ansible_loop_var": "item",
        "changed": false,
        "cmd": "ssh -o BatchMode=yes -o StrictHostKeyChecking=no -o UserKnownHostsFile=/dev/null -o ConnectTimeout=8 -i /home/nh1221/.ssh/id_dc_lab ubuntu@172.16.2.53 \"id -u\"",
        "delta": "0:00:03.072739",
        "end": "2026-09-03 19:18:38.807858",
        "failed": false,
        "failed_when_result": false,
        "invocation": {
            "module_args": {
                "_raw_params": "ssh -o BatchMode=yes -o StrictHostKeyChecking=no -o UserKnownHostsFile=/dev/null -o ConnectTimeout=8 -i /home/nh1221/.ssh/id_dc_lab ubuntu@172.16.2.53 \"id -u\"",
                "_uses_shell": true,
                "argv": null,
                "chdir": null,
                "creates": null,
                "executable": null,
                "expand_argument_vars": true,
                "removes": null,
                "stdin": null,
                "stdin_add_newline": true,
                "strip_empty_ends": true
            }
        },
        "item": "osh-ctrl-01",
        "msg": "non-zero return code",
        "rc": 255,
        "start": "2026-09-03 19:18:35.735119",
        "stderr": "ssh: connect to host 172.16.2.53 port 22: No route to host",
        "stderr_lines": [
            "ssh: connect to host 172.16.2.53 port 22: No route to host"
        ],
        "stdout": "",
        "stdout_lines": []
    },
    "msg": "Key-based SSH bootstrap failed for osh-ctrl-01 (172.16.2.53)"
}
failed: [poweredge_r810] (item=osh-ctrl-02) => {
    "ansible_loop_var": "item",
    "assertion": "item.rc == 0",
    "changed": false,
    "evaluated_to": false,
    "item": {
        "ansible_loop_var": "item",
        "changed": false,
        "cmd": "ssh -o BatchMode=yes -o StrictHostKeyChecking=no -o UserKnownHostsFile=/dev/null -o ConnectTimeout=8 -i /home/nh1221/.ssh/id_dc_lab ubuntu@172.16.2.63 \"id -u\"",
        "delta": "0:00:03.107633",
        "end": "2026-09-03 19:18:42.839945",
        "failed": false,
        "failed_when_result": false,
        "invocation": {
            "module_args": {
                "_raw_params": "ssh -o BatchMode=yes -o StrictHostKeyChecking=no -o UserKnownHostsFile=/dev/null -o ConnectTimeout=8 -i /home/nh1221/.ssh/id_dc_lab ubuntu@172.16.2.63 \"id -u\"",
                "_uses_shell": true,
                "argv": null,
                "chdir": null,
                "creates": null,
                "executable": null,
                "expand_argument_vars": true,
                "removes": null,
                "stdin": null,
                "stdin_add_newline": true,
                "strip_empty_ends": true
            }
        },
        "item": "osh-ctrl-02",
        "msg": "non-zero return code",
        "rc": 255,
        "start": "2026-09-03 19:18:39.732312",
        "stderr": "ssh: connect to host 172.16.2.63 port 22: No route to host",
        "stderr_lines": [
            "ssh: connect to host 172.16.2.63 port 22: No route to host"
        ],
        "stdout": "",
        "stdout_lines": []
    },
    "msg": "Key-based SSH bootstrap failed for osh-ctrl-02 (172.16.2.63)"
}
failed: [poweredge_r810] (item=osh-ctrl-03) => {
    "ansible_loop_var": "item",
    "assertion": "item.rc == 0",
    "changed": false,
    "evaluated_to": false,
    "item": {
        "ansible_loop_var": "item",
        "changed": false,
        "cmd": "ssh -o BatchMode=yes -o StrictHostKeyChecking=no -o UserKnownHostsFile=/dev/null -o ConnectTimeout=8 -i /home/nh1221/.ssh/id_dc_lab ubuntu@172.16.2.73 \"id -u\"",
        "delta": "0:00:03.132522",
        "end": "2026-09-03 19:18:46.937278",
        "failed": false,
        "failed_when_result": false,
        "invocation": {
            "module_args": {
                "_raw_params": "ssh -o BatchMode=yes -o StrictHostKeyChecking=no -o UserKnownHostsFile=/dev/null -o ConnectTimeout=8 -i /home/nh1221/.ssh/id_dc_lab ubuntu@172.16.2.73 \"id -u\"",
                "_uses_shell": true,
                "argv": null,
                "chdir": null,
                "creates": null,
                "executable": null,
                "expand_argument_vars": true,
                "removes": null,
                "stdin": null,
                "stdin_add_newline": true,
                "strip_empty_ends": true
            }
        },
        "item": "osh-ctrl-03",
        "msg": "non-zero return code",
        "rc": 255,
        "start": "2026-09-03 19:18:43.804756",
        "stderr": "ssh: connect to host 172.16.2.73 port 22: No route to host",
        "stderr_lines": [
            "ssh: connect to host 172.16.2.73 port 22: No route to host"
        ],
        "stdout": "",
        "stdout_lines": []
    },
    "msg": "Key-based SSH bootstrap failed for osh-ctrl-03 (172.16.2.73)"
}
failed: [poweredge_r810] (item=osh-net-01) => {
    "ansible_loop_var": "item",
    "assertion": "item.rc == 0",
    "changed": false,
    "evaluated_to": false,
    "item": {
        "ansible_loop_var": "item",
        "changed": false,
        "cmd": "ssh -o BatchMode=yes -o StrictHostKeyChecking=no -o UserKnownHostsFile=/dev/null -o ConnectTimeout=8 -i /home/nh1221/.ssh/id_dc_lab ubuntu@172.16.2.54 \"id -u\"",
        "delta": "0:00:03.078183",
        "end": "2026-09-03 19:18:50.967747",
        "failed": false,
        "failed_when_result": false,
        "invocation": {
            "module_args": {
                "_raw_params": "ssh -o BatchMode=yes -o StrictHostKeyChecking=no -o UserKnownHostsFile=/dev/null -o ConnectTimeout=8 -i /home/nh1221/.ssh/id_dc_lab ubuntu@172.16.2.54 \"id -u\"",
                "_uses_shell": true,
                "argv": null,
                "chdir": null,
                "creates": null,
                "executable": null,
                "expand_argument_vars": true,
                "removes": null,
                "stdin": null,
                "stdin_add_newline": true,
                "strip_empty_ends": true
            }
        },
        "item": "osh-net-01",
        "msg": "non-zero return code",
        "rc": 255,
        "start": "2026-09-03 19:18:47.889564",
        "stderr": "ssh: connect to host 172.16.2.54 port 22: No route to host",
        "stderr_lines": [
            "ssh: connect to host 172.16.2.54 port 22: No route to host"
        ],
        "stdout": "",
        "stdout_lines": []
    },
    "msg": "Key-based SSH bootstrap failed for osh-net-01 (172.16.2.54)"
}
failed: [poweredge_r810] (item=osh-net-02) => {
    "ansible_loop_var": "item",
    "assertion": "item.rc == 0",
    "changed": false,
    "evaluated_to": false,
    "item": {
        "ansible_loop_var": "item",
        "changed": false,
        "cmd": "ssh -o BatchMode=yes -o StrictHostKeyChecking=no -o UserKnownHostsFile=/dev/null -o ConnectTimeout=8 -i /home/nh1221/.ssh/id_dc_lab ubuntu@172.16.2.64 \"id -u\"",
        "delta": "0:00:03.082147",
        "end": "2026-09-03 19:18:55.063880",
        "failed": false,
        "failed_when_result": false,
        "invocation": {
            "module_args": {
                "_raw_params": "ssh -o BatchMode=yes -o StrictHostKeyChecking=no -o UserKnownHostsFile=/dev/null -o ConnectTimeout=8 -i /home/nh1221/.ssh/id_dc_lab ubuntu@172.16.2.64 \"id -u\"",
                "_uses_shell": true,
                "argv": null,
                "chdir": null,
                "creates": null,
                "executable": null,
                "expand_argument_vars": true,
                "removes": null,
                "stdin": null,
                "stdin_add_newline": true,
                "strip_empty_ends": true
            }
        },
        "item": "osh-net-02",
        "msg": "non-zero return code",
        "rc": 255,
        "start": "2026-09-03 19:18:51.981733",
        "stderr": "ssh: connect to host 172.16.2.64 port 22: No route to host",
        "stderr_lines": [
            "ssh: connect to host 172.16.2.64 port 22: No route to host"
        ],
        "stdout": "",
        "stdout_lines": []
    },
    "msg": "Key-based SSH bootstrap failed for osh-net-02 (172.16.2.64)"
}
failed: [poweredge_r810] (item=MonSrv) => {
    "ansible_loop_var": "item",
    "assertion": "item.rc == 0",
    "changed": false,
    "evaluated_to": false,
    "item": {
        "ansible_loop_var": "item",
        "changed": false,
        "cmd": "ssh -o BatchMode=yes -o StrictHostKeyChecking=no -o UserKnownHostsFile=/dev/null -o ConnectTimeout=8 -i /home/nh1221/.ssh/id_dc_lab ubuntu@172.16.2.74 \"id -u\"",
        "delta": "0:00:03.118821",
        "end": "2026-09-03 19:18:59.223560",
        "failed": false,
        "failed_when_result": false,
        "invocation": {
            "module_args": {
                "_raw_params": "ssh -o BatchMode=yes -o StrictHostKeyChecking=no -o UserKnownHostsFile=/dev/null -o ConnectTimeout=8 -i /home/nh1221/.ssh/id_dc_lab ubuntu@172.16.2.74 \"id -u\"",
                "_uses_shell": true,
                "argv": null,
                "chdir": null,
                "creates": null,
                "executable": null,
                "expand_argument_vars": true,
                "removes": null,
                "stdin": null,
                "stdin_add_newline": true,
                "strip_empty_ends": true
            }
        },
        "item": "MonSrv",
        "msg": "non-zero return code",
        "rc": 255,
        "start": "2026-09-03 19:18:56.104739",
        "stderr": "ssh: connect to host 172.16.2.74 port 22: No route to host",
        "stderr_lines": [
            "ssh: connect to host 172.16.2.74 port 22: No route to host"
        ],
        "stdout": "",
        "stdout_lines": []
    },
    "msg": "Key-based SSH bootstrap failed for MonSrv (172.16.2.74)"
}
failed: [poweredge_r810] (item=osh-comp-01) => {
    "ansible_loop_var": "item",
    "assertion": "item.rc == 0",
    "changed": false,
    "evaluated_to": false,
    "item": {
        "ansible_loop_var": "item",
        "changed": false,
        "cmd": "ssh -o BatchMode=yes -o StrictHostKeyChecking=no -o UserKnownHostsFile=/dev/null -o ConnectTimeout=8 -i /home/nh1221/.ssh/id_dc_lab ubuntu@172.16.2.55 \"id -u\"",
        "delta": "0:00:03.125951",
        "end": "2026-09-03 19:19:03.256192",
        "failed": false,
        "failed_when_result": false,
        "invocation": {
            "module_args": {
                "_raw_params": "ssh -o BatchMode=yes -o StrictHostKeyChecking=no -o UserKnownHostsFile=/dev/null -o ConnectTimeout=8 -i /home/nh1221/.ssh/id_dc_lab ubuntu@172.16.2.55 \"id -u\"",
                "_uses_shell": true,
                "argv": null,
                "chdir": null,
                "creates": null,
                "executable": null,
                "expand_argument_vars": true,
                "removes": null,
                "stdin": null,
                "stdin_add_newline": true,
                "strip_empty_ends": true
            }
        },
        "item": "osh-comp-01",
        "msg": "non-zero return code",
        "rc": 255,
        "start": "2026-09-03 19:19:00.130241",
        "stderr": "ssh: connect to host 172.16.2.55 port 22: No route to host",
        "stderr_lines": [
            "ssh: connect to host 172.16.2.55 port 22: No route to host"
        ],
        "stdout": "",
        "stdout_lines": []
    },
    "msg": "Key-based SSH bootstrap failed for osh-comp-01 (172.16.2.55)"
}
failed: [poweredge_r810] (item=osh-comp-02) => {
    "ansible_loop_var": "item",
    "assertion": "item.rc == 0",
    "changed": false,
    "evaluated_to": false,
    "item": {
        "ansible_loop_var": "item",
        "changed": false,
        "cmd": "ssh -o BatchMode=yes -o StrictHostKeyChecking=no -o UserKnownHostsFile=/dev/null -o ConnectTimeout=8 -i /home/nh1221/.ssh/id_dc_lab ubuntu@172.16.2.65 \"id -u\"",
        "delta": "0:00:03.072013",
        "end": "2026-09-03 19:19:07.287500",
        "failed": false,
        "failed_when_result": false,
        "invocation": {
            "module_args": {
                "_raw_params": "ssh -o BatchMode=yes -o StrictHostKeyChecking=no -o UserKnownHostsFile=/dev/null -o ConnectTimeout=8 -i /home/nh1221/.ssh/id_dc_lab ubuntu@172.16.2.65 \"id -u\"",
                "_uses_shell": true,
                "argv": null,
                "chdir": null,
                "creates": null,
                "executable": null,
                "expand_argument_vars": true,
                "removes": null,
                "stdin": null,
                "stdin_add_newline": true,
                "strip_empty_ends": true
            }
        },
        "item": "osh-comp-02",
        "msg": "non-zero return code",
        "rc": 255,
        "start": "2026-09-03 19:19:04.215487",
        "stderr": "ssh: connect to host 172.16.2.65 port 22: No route to host",
        "stderr_lines": [
            "ssh: connect to host 172.16.2.65 port 22: No route to host"
        ],
        "stdout": "",
        "stdout_lines": []
    },
    "msg": "Key-based SSH bootstrap failed for osh-comp-02 (172.16.2.65)"
}
failed: [poweredge_r810] (item=osh-comp-03) => {
    "ansible_loop_var": "item",
    "assertion": "item.rc == 0",
    "changed": false,
    "evaluated_to": false,
    "item": {
        "ansible_loop_var": "item",
        "changed": false,
        "cmd": "ssh -o BatchMode=yes -o StrictHostKeyChecking=no -o UserKnownHostsFile=/dev/null -o ConnectTimeout=8 -i /home/nh1221/.ssh/id_dc_lab ubuntu@172.16.2.75 \"id -u\"",
        "delta": "0:00:03.117148",
        "end": "2026-09-03 19:19:11.384459",
        "failed": false,
        "failed_when_result": false,
        "invocation": {
            "module_args": {
                "_raw_params": "ssh -o BatchMode=yes -o StrictHostKeyChecking=no -o UserKnownHostsFile=/dev/null -o ConnectTimeout=8 -i /home/nh1221/.ssh/id_dc_lab ubuntu@172.16.2.75 \"id -u\"",
                "_uses_shell": true,
                "argv": null,
                "chdir": null,
                "creates": null,
                "executable": null,
                "expand_argument_vars": true,
                "removes": null,
                "stdin": null,
                "stdin_add_newline": true,
                "strip_empty_ends": true
            }
        },
        "item": "osh-comp-03",
        "msg": "non-zero return code",
        "rc": 255,
        "start": "2026-09-03 19:19:08.267311",
        "stderr": "ssh: connect to host 172.16.2.75 port 22: No route to host",
        "stderr_lines": [
            "ssh: connect to host 172.16.2.75 port 22: No route to host"
        ],
        "stdout": "",
        "stdout_lines": []
    },
    "msg": "Key-based SSH bootstrap failed for osh-comp-03 (172.16.2.75)"
}
failed: [poweredge_r810] (item=osh-comp-04) => {
    "ansible_loop_var": "item",
    "assertion": "item.rc == 0",
    "changed": false,
    "evaluated_to": false,
    "item": {
        "ansible_loop_var": "item",
        "changed": false,
        "cmd": "ssh -o BatchMode=yes -o StrictHostKeyChecking=no -o UserKnownHostsFile=/dev/null -o ConnectTimeout=8 -i /home/nh1221/.ssh/id_dc_lab ubuntu@172.16.2.56 \"id -u\"",
        "delta": "0:00:03.074142",
        "end": "2026-09-03 19:19:15.351428",
        "failed": false,
        "failed_when_result": false,
        "invocation": {
            "module_args": {
                "_raw_params": "ssh -o BatchMode=yes -o StrictHostKeyChecking=no -o UserKnownHostsFile=/dev/null -o ConnectTimeout=8 -i /home/nh1221/.ssh/id_dc_lab ubuntu@172.16.2.56 \"id -u\"",
                "_uses_shell": true,
                "argv": null,
                "chdir": null,
                "creates": null,
                "executable": null,
                "expand_argument_vars": true,
                "removes": null,
                "stdin": null,
                "stdin_add_newline": true,
                "strip_empty_ends": true
            }
        },
        "item": "osh-comp-04",
        "msg": "non-zero return code",
        "rc": 255,
        "start": "2026-09-03 19:19:12.277286",
        "stderr": "ssh: connect to host 172.16.2.56 port 22: No route to host",
        "stderr_lines": [
            "ssh: connect to host 172.16.2.56 port 22: No route to host"
        ],
        "stdout": "",
        "stdout_lines": []
    },
    "msg": "Key-based SSH bootstrap failed for osh-comp-04 (172.16.2.56)"
}
failed: [poweredge_r810] (item=Exit-Router1) => {
    "ansible_loop_var": "item",
    "assertion": "item.rc == 0",
    "changed": false,
    "evaluated_to": false,
    "item": {
        "ansible_loop_var": "item",
        "changed": false,
        "cmd": "ssh -o BatchMode=yes -o StrictHostKeyChecking=no -o UserKnownHostsFile=/dev/null -o ConnectTimeout=8 -i /home/nh1221/.ssh/id_dc_lab ubuntu@172.16.2.41 \"id -u\"",
        "delta": "0:00:03.064822",
        "end": "2026-09-03 19:19:19.383507",
        "failed": false,
        "failed_when_result": false,
        "invocation": {
            "module_args": {
                "_raw_params": "ssh -o BatchMode=yes -o StrictHostKeyChecking=no -o UserKnownHostsFile=/dev/null -o ConnectTimeout=8 -i /home/nh1221/.ssh/id_dc_lab ubuntu@172.16.2.41 \"id -u\"",
                "_uses_shell": true,
                "argv": null,
                "chdir": null,
                "creates": null,
                "executable": null,
                "expand_argument_vars": true,
                "removes": null,
                "stdin": null,
                "stdin_add_newline": true,
                "strip_empty_ends": true
            }
        },
        "item": "Exit-Router1",
        "msg": "non-zero return code",
        "rc": 255,
        "start": "2026-09-03 19:19:16.318685",
        "stderr": "ssh: connect to host 172.16.2.41 port 22: No route to host",
        "stderr_lines": [
            "ssh: connect to host 172.16.2.41 port 22: No route to host"
        ],
        "stdout": "",
        "stdout_lines": []
    },
    "msg": "Key-based SSH bootstrap failed for Exit-Router1 (172.16.2.41)"
}
failed: [poweredge_r810] (item=Exit-Router2) => {
    "ansible_loop_var": "item",
    "assertion": "item.rc == 0",
    "changed": false,
    "evaluated_to": false,
    "item": {
        "ansible_loop_var": "item",
        "changed": false,
        "cmd": "ssh -o BatchMode=yes -o StrictHostKeyChecking=no -o UserKnownHostsFile=/dev/null -o ConnectTimeout=8 -i /home/nh1221/.ssh/id_dc_lab ubuntu@172.16.2.42 \"id -u\"",
        "delta": "0:00:03.125199",
        "end": "2026-09-03 19:19:23.415344",
        "failed": false,
        "failed_when_result": false,
        "invocation": {
            "module_args": {
                "_raw_params": "ssh -o BatchMode=yes -o StrictHostKeyChecking=no -o UserKnownHostsFile=/dev/null -o ConnectTimeout=8 -i /home/nh1221/.ssh/id_dc_lab ubuntu@172.16.2.42 \"id -u\"",
                "_uses_shell": true,
                "argv": null,
                "chdir": null,
                "creates": null,
                "executable": null,
                "expand_argument_vars": true,
                "removes": null,
                "stdin": null,
                "stdin_add_newline": true,
                "strip_empty_ends": true
            }
        },
        "item": "Exit-Router2",
        "msg": "non-zero return code",
        "rc": 255,
        "start": "2026-09-03 19:19:20.290145",
        "stderr": "ssh: connect to host 172.16.2.42 port 22: No route to host",
        "stderr_lines": [
            "ssh: connect to host 172.16.2.42 port 22: No route to host"
        ],
        "stdout": "",
        "stdout_lines": []
    },
    "msg": "Key-based SSH bootstrap failed for Exit-Router2 (172.16.2.42)"
}

PLAY RECAP *************************************************************************************************************************************************
localhost                  : ok=3    changed=0    unreachable=0    failed=0    skipped=5    rescued=0    ignored=0
poweredge_r810             : ok=17   changed=9    unreachable=0    failed=1    skipped=0    rescued=0    ignored=0

(venv) nh1221@Lab-ControlNode:/mnt/c/Users/nh1221/dc_lab/clab/sonic-clab$ ssh k8s-master-02
The authenticity of host '192.168.9.198 (192.168.9.198)' can't be established.
ED25519 key fingerprint is SHA256:VroBPZhKfKuueBMLPSf4sgtegaOJiWgZYIh15IORYkI.
This key is not known by any other names.
Are you sure you want to continue connecting (yes/no/[fingerprint])? yes
Warning: Permanently added '192.168.9.198' (ED25519) to the list of known hosts.
channel 0: open failed: connect failed: No route to host
stdio forwarding failed
Connection closed by UNKNOWN port 65535
(venv) nh1221@Lab-ControlNode:/mnt/c/Users/nh1221/dc_lab/clab/sonic-clab$ ping -c 3 172.16.2.42
ping -c 3 172.16.2.51
PING 172.16.2.42 (172.16.2.42) 56(84) bytes of data.

--- 172.16.2.42 ping statistics ---
3 packets transmitted, 0 received, 100% packet loss, time 2168ms

PING 172.16.2.51 (172.16.2.51) 56(84) bytes of data.nh1221@PowerEdge-R810:~$ sudo clab ins -a
+----+------------------------------------------------+----------+-----------------+--------------+------------------------------------+----------+---------+-----------------+--------------+
| #  |                   Topo Path                    | Lab Name |      Name       | Container ID |               Image                |   Kind   |  State  |  IPv4 Address   | IPv6 Address |
+----+------------------------------------------------+----------+-----------------+--------------+------------------------------------+----------+---------+-----------------+--------------+
|  1 | ../../opt/containerlab/sheba/topology.clab.yml | sheba    | Border-Leaf1    | 55a72f6f0fc6 | vrnetlab/sonic_sonic-vs:202605     | sonic-vm | running | 172.16.2.31/24  | N/A          |
|  2 |                                                |          | Border-Leaf2    | 9461ff367b07 | vrnetlab/sonic_sonic-vs:202605     | sonic-vm | running | 172.16.2.32/24  | N/A          |
|  3 |                                                |          | Exit-Router1    | cf20785e91dc | vrnetlab/canonical_ubuntu:resolute | linux    | running | 172.16.2.41/24  | N/A          |
|  4 |                                                |          | Exit-Router2    | d249bd01f6d2 | vrnetlab/canonical_ubuntu:resolute | linux    | running | 172.16.2.42/24  | N/A          |
|  5 |                                                |          | External-Router | 569bedb7e7fc | quay.io/frrouting/frr:10.0.1       | linux    | running | 172.16.2.253/24 | N/A          |
|  6 |                                                |          | ISP-1           | 83a9c560f92d | quay.io/frrouting/frr:10.0.1       | linux    | running | 172.16.2.98/24  | N/A          |
|  7 |                                                |          | ISP-2           | f1fd1f2df997 | quay.io/frrouting/frr:10.0.1       | linux    | running | 172.16.2.99/24  | N/A          |
|  8 |                                                |          | Leaf-L1         | ef925c88da82 | vrnetlab/sonic_sonic-vs:202605     | sonic-vm | running | 172.16.2.21/24  | N/A          |
|  9 |                                                |          | Leaf-L2         | 073c1146a827 | vrnetlab/sonic_sonic-vs:202605     | sonic-vm | running | 172.16.2.22/24  | N/A          |
| 10 |                                                |          | Leaf-L3         | e7d34bc932ea | vrnetlab/sonic_sonic-vs:202605     | sonic-vm | running | 172.16.2.23/24  | N/A          |
| 11 |                                                |          | Leaf-L4         | 150dbaa54741 | vrnetlab/sonic_sonic-vs:202605     | sonic-vm | running | 172.16.2.24/24  | N/A          |
| 12 |                                                |          | MonSrv          | 8dbe9ab2b200 | vrnetlab/canonical_ubuntu:resolute | linux    | running | 172.16.2.74/24  | N/A          |
| 13 |                                                |          | Spine-S1        | 01e9e3a788ed | vrnetlab/sonic_sonic-vs:202605     | sonic-vm | running | 172.16.2.11/24  | N/A          |
| 14 |                                                |          | Spine-S2        | 400d771c8330 | vrnetlab/sonic_sonic-vs:202605     | sonic-vm | running | 172.16.2.12/24  | N/A          |
| 15 |                                                |          | k8s-db-01       | 44164d594314 | vrnetlab/canonical_ubuntu:resolute | linux    | running | 172.16.2.52/24  | N/A          |
| 16 |                                                |          | k8s-db-02       | ea886aa40973 | vrnetlab/canonical_ubuntu:resolute | linux    | running | 172.16.2.62/24  | N/A          |
| 17 |                                                |          | k8s-db-03       | 7ae84376406b | vrnetlab/canonical_ubuntu:resolute | linux    | running | 172.16.2.72/24  | N/A          |
| 18 |                                                |          | k8s-master-01   | d9602515602c | vrnetlab/canonical_ubuntu:resolute | linux    | running | 172.16.2.51/24  | N/A          |
| 19 |                                                |          | k8s-master-02   | 3a5959d0e453 | vrnetlab/canonical_ubuntu:resolute | linux    | running | 172.16.2.61/24  | N/A          |
| 20 |                                                |          | k8s-master-03   | c705ec77d822 | vrnetlab/canonical_ubuntu:resolute | linux    | running | 172.16.2.71/24  | N/A          |
| 21 |                                                |          | oob-mgmt-node   | e6ace461f8f3 | vrnetlab/canonical_ubuntu:resolute | linux    | running | 172.16.2.254/24 | N/A          |
| 22 |                                                |          | osh-comp-01     | cf74686f3ed9 | vrnetlab/canonical_ubuntu:resolute | linux    | running | 172.16.2.55/24  | N/A          |
| 23 |                                                |          | osh-comp-02     | fc5e31886ad8 | vrnetlab/canonical_ubuntu:resolute | linux    | running | 172.16.2.65/24  | N/A          |
| 24 |                                                |          | osh-comp-03     | 1c1d739388df | vrnetlab/canonical_ubuntu:resolute | linux    | running | 172.16.2.75/24  | N/A          |
| 25 |                                                |          | osh-comp-04     | 09cfccfe8e8b | vrnetlab/canonical_ubuntu:resolute | linux    | running | 172.16.2.56/24  | N/A          |
| 26 |                                                |          | osh-ctrl-01     | d3731e5e8714 | vrnetlab/canonical_ubuntu:resolute | linux    | running | 172.16.2.53/24  | N/A          |
| 27 |                                                |          | osh-ctrl-02     | cb2eb1a45c9a | vrnetlab/canonical_ubuntu:resolute | linux    | running | 172.16.2.63/24  | N/A          |
| 28 |                                                |          | osh-ctrl-03     | eb051c96765c | vrnetlab/canonical_ubuntu:resolute | linux    | running | 172.16.2.73/24  | N/A          |
| 29 |                                                |          | osh-net-01      | 59d795becd48 | vrnetlab/canonical_ubuntu:resolute | linux    | running | 172.16.2.54/24  | N/A          |
| 30 |                                                |          | osh-net-02      | 455f49d6a384 | vrnetlab/canonical_ubuntu:resolute | linux    | running | 172.16.2.64/24  | N/A          |
+----+------------------------------------------------+----------+-----------------+--------------+------------------------------------+----------+---------+-----------------+--------------+
nh1221@PowerEdge-R810:~$ ip a sh
1: lo: <LOOPBACK,UP,LOWER_UP> mtu 65536 qdisc noqueue state UNKNOWN group default qlen 1000
    link/loopback 00:00:00:00:00:00 brd 00:00:00:00:00:00
    inet 127.0.0.1/8 scope host lo
       valid_lft forever preferred_lft forever
    inet6 ::1/128 scope host noprefixroute
       valid_lft forever preferred_lft forever
2: eno1: <BROADCAST,MULTICAST,UP,LOWER_UP> mtu 1500 qdisc mq state UP group default qlen 1000
    link/ether 14:fe:b5:ca:22:02 brd ff:ff:ff:ff:ff:ff
    altname enp1s0f0
    altname enx14feb5ca2202
    inet 192.168.9.198/24 brd 192.168.9.255 scope global dynamic noprefixroute eno1
       valid_lft 1708sec preferred_lft 1708sec
    inet6 fe80::16fe:b5ff:feca:2202/64 scope link noprefixroute
       valid_lft forever preferred_lft forever
3: eno2: <NO-CARRIER,BROADCAST,MULTICAST,UP> mtu 1500 qdisc mq state DOWN group default qlen 1000
    link/ether 14:fe:b5:ca:22:04 brd ff:ff:ff:ff:ff:ff
    altname enp1s0f1
    altname enx14feb5ca2204
4: eno3: <NO-CARRIER,BROADCAST,MULTICAST,UP> mtu 1500 qdisc mq state DOWN group default qlen 1000
    link/ether 14:fe:b5:ca:22:06 brd ff:ff:ff:ff:ff:ff
    altname enp2s0f0
    altname enx14feb5ca2206
5: eno4: <NO-CARRIER,BROADCAST,MULTICAST,UP> mtu 1500 qdisc mq state DOWN group default qlen 1000
    link/ether 14:fe:b5:ca:22:08 brd ff:ff:ff:ff:ff:ff
    altname enp2s0f1
    altname enx14feb5ca2208
6: enp13s0f0: <NO-CARRIER,BROADCAST,MULTICAST,UP> mtu 1500 qdisc mq state DOWN group default qlen 1000
    link/ether f4:e9:d4:8d:ee:20 brd ff:ff:ff:ff:ff:ff
    altname enxf4e9d48dee20
7: enp12s0f0: <NO-CARRIER,BROADCAST,MULTICAST,UP> mtu 1500 qdisc mq state DOWN group default qlen 1000
    link/ether 00:90:fa:ab:d9:62 brd ff:ff:ff:ff:ff:ff
    altname enx0090faabd962
8: enp13s0f1: <NO-CARRIER,BROADCAST,MULTICAST,UP> mtu 1500 qdisc mq state DOWN group default qlen 1000
    link/ether f4:e9:d4:8d:ee:22 brd ff:ff:ff:ff:ff:ff
    altname enxf4e9d48dee22
9: enp12s0f1: <NO-CARRIER,BROADCAST,MULTICAST,UP> mtu 1500 qdisc mq state DOWN group default qlen 1000
    link/ether 00:90:fa:ab:d9:6a brd ff:ff:ff:ff:ff:ff
    altname enx0090faabd96a
10: enp12s0f4: <NO-CARRIER,BROADCAST,MULTICAST,UP> mtu 1500 qdisc mq state DOWN group default qlen 1000
    link/ether 00:90:fa:ab:d9:64 brd ff:ff:ff:ff:ff:ff
    altname enx0090faabd964
11: enp12s0f5: <NO-CARRIER,BROADCAST,MULTICAST,UP> mtu 1500 qdisc mq state DOWN group default qlen 1000
    link/ether 00:90:fa:ab:d9:6c brd ff:ff:ff:ff:ff:ff
    altname enx0090faabd96c
12: enp12s0f6: <NO-CARRIER,BROADCAST,MULTICAST,UP> mtu 1500 qdisc mq state DOWN group default qlen 1000
    link/ether 00:90:fa:ab:d9:65 brd ff:ff:ff:ff:ff:ff
    altname enx0090faabd965
13: enp12s0f7: <NO-CARRIER,BROADCAST,MULTICAST,UP> mtu 1500 qdisc mq state DOWN group default qlen 1000
    link/ether 00:90:fa:ab:d9:6d brd ff:ff:ff:ff:ff:ff
    altname enx0090faabd96d
14: ovs-system: <BROADCAST,MULTICAST> mtu 1500 qdisc noop state DOWN group default qlen 1000
    link/ether ca:b2:cd:9e:1a:7d brd ff:ff:ff:ff:ff:ff
15: br-H341-L4: <BROADCAST,MULTICAST> mtu 1500 qdisc noop state DOWN group default qlen 1000
    link/ether 5a:f0:00:43:48:4a brd ff:ff:ff:ff:ff:ff
16: br-BL2-S2: <BROADCAST,MULTICAST> mtu 1500 qdisc noop state DOWN group default qlen 1000
    link/ether 9e:12:e5:ff:8f:49 brd ff:ff:ff:ff:ff:ff
17: br-H123-L1: <BROADCAST,MULTICAST> mtu 1500 qdisc noop state DOWN group default qlen 1000
    link/ether 8e:82:56:6c:6d:48 brd ff:ff:ff:ff:ff:ff
18: br-L3-S1: <BROADCAST,MULTICAST> mtu 1500 qdisc noop state DOWN group default qlen 1000
    link/ether fa:6d:0c:bf:21:46 brd ff:ff:ff:ff:ff:ff
19: br-HB121-BL2: <BROADCAST,MULTICAST> mtu 1500 qdisc noop state DOWN group default qlen 1000
    link/ether 16:99:bd:d7:59:48 brd ff:ff:ff:ff:ff:ff
20: br-H121-L1: <BROADCAST,MULTICAST> mtu 1500 qdisc noop state DOWN group default qlen 1000
    link/ether c2:49:17:3f:48:43 brd ff:ff:ff:ff:ff:ff
21: br-BL1-ER1: <BROADCAST,MULTICAST> mtu 1500 qdisc noop state DOWN group default qlen 1000
    link/ether 52:b3:66:2e:04:40 brd ff:ff:ff:ff:ff:ff
22: br-MS-L3: <BROADCAST,MULTICAST> mtu 1500 qdisc noop state DOWN group default qlen 1000
    link/ether 82:70:0c:e4:a6:49 brd ff:ff:ff:ff:ff:ff
23: br-H121-L2: <BROADCAST,MULTICAST> mtu 1500 qdisc noop state DOWN group default qlen 1000
    link/ether 96:1a:ea:7e:ed:45 brd ff:ff:ff:ff:ff:ff
24: br-H342-L4: <BROADCAST,MULTICAST> mtu 1500 qdisc noop state DOWN group default qlen 1000
    link/ether 32:c7:b2:e6:94:4d brd ff:ff:ff:ff:ff:ff
25: br-L2-S2: <BROADCAST,MULTICAST> mtu 1500 qdisc noop state DOWN group default qlen 1000
    link/ether ee:2b:fb:02:c6:45 brd ff:ff:ff:ff:ff:ff
26: br-H122-L2: <BROADCAST,MULTICAST> mtu 1500 qdisc noop state DOWN group default qlen 1000
    link/ether 56:a9:4b:a4:9d:42 brd ff:ff:ff:ff:ff:ff
27: br-HB122-BL2: <BROADCAST,MULTICAST> mtu 1500 qdisc noop state DOWN group default qlen 1000
    link/ether 12:e2:a1:88:f1:47 brd ff:ff:ff:ff:ff:ff
28: br-H342-L3: <BROADCAST,MULTICAST> mtu 1500 qdisc noop state DOWN group default qlen 1000
    link/ether de:c6:86:de:8a:4a brd ff:ff:ff:ff:ff:ff
29: br-L4-S1: <BROADCAST,MULTICAST> mtu 1500 qdisc noop state DOWN group default qlen 1000
    link/ether b6:47:a1:43:59:44 brd ff:ff:ff:ff:ff:ff
30: br-BL1-S2: <BROADCAST,MULTICAST> mtu 1500 qdisc noop state DOWN group default qlen 1000
    link/ether 0e:2b:36:56:76:42 brd ff:ff:ff:ff:ff:ff
31: br-BL2-S1: <BROADCAST,MULTICAST> mtu 1500 qdisc noop state DOWN group default qlen 1000
    link/ether 42:8a:72:fc:df:46 brd ff:ff:ff:ff:ff:ff
32: br-HB121-BL1: <BROADCAST,MULTICAST> mtu 1500 qdisc noop state DOWN group default qlen 1000
    link/ether 0a:ba:07:33:14:4b brd ff:ff:ff:ff:ff:ff
33: dec_br-mgmt: <BROADCAST,MULTICAST> mtu 1500 qdisc noop state DOWN group default qlen 1000
    link/ether 0e:d8:84:10:e3:4a brd ff:ff:ff:ff:ff:ff
34: br-L4-S2: <BROADCAST,MULTICAST> mtu 1500 qdisc noop state DOWN group default qlen 1000
    link/ether 46:b4:64:74:d2:4b brd ff:ff:ff:ff:ff:ff
35: br-BL1-S1: <BROADCAST,MULTICAST> mtu 1500 qdisc noop state DOWN group default qlen 1000
    link/ether ce:ed:83:89:18:48 brd ff:ff:ff:ff:ff:ff
36: br-H341-L3: <BROADCAST,MULTICAST> mtu 1500 qdisc noop state DOWN group default qlen 1000
    link/ether ae:13:cc:63:e5:46 brd ff:ff:ff:ff:ff:ff
37: br-L3-S2: <BROADCAST,MULTICAST> mtu 1500 qdisc noop state DOWN group default qlen 1000
    link/ether 12:6a:11:49:32:41 brd ff:ff:ff:ff:ff:ff
38: br-stub: <BROADCAST,MULTICAST> mtu 1500 qdisc noop state DOWN group default qlen 1000
    link/ether 0e:3b:3e:1a:53:4f brd ff:ff:ff:ff:ff:ff
39: br-wan1: <BROADCAST,MULTICAST> mtu 1500 qdisc noop state DOWN group default qlen 1000
    link/ether ea:29:2e:e7:4e:4c brd ff:ff:ff:ff:ff:ff
40: br-BL2-ER2: <BROADCAST,MULTICAST> mtu 1500 qdisc noop state DOWN group default qlen 1000
    link/ether c2:d4:10:3b:fe:44 brd ff:ff:ff:ff:ff:ff
41: br-L2-S1: <BROADCAST,MULTICAST> mtu 1500 qdisc noop state DOWN group default qlen 1000
    link/ether 4e:4f:bf:9b:44:4c brd ff:ff:ff:ff:ff:ff
42: br-wan2: <BROADCAST,MULTICAST> mtu 1500 qdisc noop state DOWN group default qlen 1000
    link/ether 5a:d1:2b:e9:4c:48 brd ff:ff:ff:ff:ff:ff
43: br-H122-L1: <BROADCAST,MULTICAST> mtu 1500 qdisc noop state DOWN group default qlen 1000
    link/ether 1e:b2:fa:1b:e8:44 brd ff:ff:ff:ff:ff:ff
44: br-MS-L4: <BROADCAST,MULTICAST> mtu 1500 qdisc noop state DOWN group default qlen 1000
    link/ether 8e:15:4c:a9:c0:45 brd ff:ff:ff:ff:ff:ff
45: br-HB122-BL1: <BROADCAST,MULTICAST> mtu 1500 qdisc noop state DOWN group default qlen 1000
    link/ether 26:fb:40:17:4f:47 brd ff:ff:ff:ff:ff:ff
46: br-H123-L2: <BROADCAST,MULTICAST> mtu 1500 qdisc noop state DOWN group default qlen 1000
    link/ether aa:07:07:8d:95:41 brd ff:ff:ff:ff:ff:ff
47: br-BL2-ER1: <BROADCAST,MULTICAST> mtu 1500 qdisc noop state DOWN group default qlen 1000
    link/ether 82:ef:62:1c:e0:4d brd ff:ff:ff:ff:ff:ff
48: br-pad: <BROADCAST,MULTICAST> mtu 1500 qdisc noop state DOWN group default qlen 1000
    link/ether 72:f6:1a:47:d8:48 brd ff:ff:ff:ff:ff:ff
49: br-mgmt: <NO-CARRIER,BROADCAST,MULTICAST,UP> mtu 1500 qdisc noqueue state DOWN group default qlen 1000
    link/ether 52:54:00:2e:0c:b0 brd ff:ff:ff:ff:ff:ff
    inet 10.10.1.1/24 brd 10.10.1.255 scope global br-mgmt
       valid_lft forever preferred_lft forever
50: br-L1-S2: <BROADCAST,MULTICAST> mtu 1500 qdisc noop state DOWN group default qlen 1000
    link/ether 3a:fd:84:d3:56:41 brd ff:ff:ff:ff:ff:ff
51: br-L1-S1: <BROADCAST,MULTICAST> mtu 1500 qdisc noop state DOWN group default qlen 1000
    link/ether ce:1f:3f:a5:11:4d brd ff:ff:ff:ff:ff:ff
52: br-BL1-ER2: <BROADCAST,MULTICAST> mtu 1500 qdisc noop state DOWN group default qlen 1000
    link/ether 0a:54:fe:8b:57:44 brd ff:ff:ff:ff:ff:ff
53: virbr0: <NO-CARRIER,BROADCAST,MULTICAST,UP> mtu 1500 qdisc noqueue state DOWN group default qlen 1000
    link/ether 52:54:00:bb:ef:d4 brd ff:ff:ff:ff:ff:ff
    inet 192.168.122.1/24 brd 192.168.122.255 scope global virbr0
       valid_lft forever preferred_lft forever
67: docker0: <BROADCAST,MULTICAST,UP,LOWER_UP> mtu 1500 qdisc noqueue state UP group default
    link/ether 56:cd:ab:a3:3c:a6 brd ff:ff:ff:ff:ff:ff
    inet 172.17.0.1/16 brd 172.17.255.255 scope global docker0
       valid_lft forever preferred_lft forever
    inet6 fe80::54cd:abff:fea3:3ca6/64 scope link proto kernel_ll
       valid_lft forever preferred_lft forever
97: veth7c31b06@if2: <BROADCAST,MULTICAST,UP,LOWER_UP> mtu 1500 qdisc noqueue master docker0 state UP group default
    link/ether aa:90:c3:31:f2:30 brd ff:ff:ff:ff:ff:ff link-netnsid 0
    inet6 fe80::e4eb:bfff:fe2c:6eb5/64 scope link proto kernel_ll
       valid_lft forever preferred_lft forever
9748: vetha57737a@if2: <BROADCAST,MULTICAST,UP,LOWER_UP> mtu 1500 qdisc noqueue master docker0 state UP group default
    link/ether b6:2e:5b:0d:e3:d4 brd ff:ff:ff:ff:ff:ff link-netnsid 24
    inet6 fe80::48f4:bfff:fe2b:4e53/64 scope link proto kernel_ll
       valid_lft forever preferred_lft forever
12812: br-e7e758c40762: <BROADCAST,MULTICAST,UP,LOWER_UP> mtu 1500 qdisc noqueue state UP group default
    link/ether e6:44:8b:ce:95:62 brd ff:ff:ff:ff:ff:ff
    inet 172.16.2.1/24 brd 172.16.2.255 scope global br-e7e758c40762
       valid_lft forever preferred_lft forever
    inet6 fe80::e444:8bff:fece:9562/64 scope link proto kernel_ll
       valid_lft forever preferred_lft forever
12813: veth22663bb@if2: <BROADCAST,MULTICAST,UP,LOWER_UP> mtu 1500 qdisc noqueue master br-e7e758c40762 state UP group default
    link/ether fa:aa:bf:25:35:4a brd ff:ff:ff:ff:ff:ff link-netnsid 1
    inet6 fe80::1855:eeff:feed:7686/64 scope link proto kernel_ll
       valid_lft forever preferred_lft forever
12814: veth505a863@if2: <BROADCAST,MULTICAST,UP,LOWER_UP> mtu 1500 qdisc noqueue master br-e7e758c40762 state UP group default
    link/ether d2:c5:dd:aa:04:07 brd ff:ff:ff:ff:ff:ff link-netnsid 2
    inet6 fe80::1c85:18ff:fee1:e6b8/64 scope link proto kernel_ll
       valid_lft forever preferred_lft forever
12815: veth5397e25@if2: <BROADCAST,MULTICAST,UP,LOWER_UP> mtu 1500 qdisc noqueue master br-e7e758c40762 state UP group default
    link/ether 82:24:e5:fa:96:0c brd ff:ff:ff:ff:ff:ff link-netnsid 3
    inet6 fe80::e84c:5aff:fe79:382d/64 scope link proto kernel_ll
       valid_lft forever preferred_lft forever
12816: vethde3370d@if2: <BROADCAST,MULTICAST,UP,LOWER_UP> mtu 1500 qdisc noqueue master br-e7e758c40762 state UP group default
    link/ether de:3f:b5:97:80:a2 brd ff:ff:ff:ff:ff:ff link-netnsid 4
    inet6 fe80::b89a:f7ff:fe72:3b74/64 scope link proto kernel_ll
       valid_lft forever preferred_lft forever
12821: vethb7b230b@if2: <BROADCAST,MULTICAST,UP,LOWER_UP> mtu 1500 qdisc noqueue master br-e7e758c40762 state UP group default
    link/ether 1e:f3:99:3b:80:ec brd ff:ff:ff:ff:ff:ff link-netnsid 5
    inet6 fe80::7c2a:40ff:feab:e2e7/64 scope link proto kernel_ll
       valid_lft forever preferred_lft forever
12824: veth2cd50b6@if2: <BROADCAST,MULTICAST,UP,LOWER_UP> mtu 1500 qdisc noqueue master br-e7e758c40762 state UP group default
    link/ether 6e:d2:65:0d:2c:fa brd ff:ff:ff:ff:ff:ff link-netnsid 6
    inet6 fe80::8c61:b8ff:fe3a:e9b/64 scope link proto kernel_ll
       valid_lft forever preferred_lft forever
12831: vethde4b3eb@if2: <BROADCAST,MULTICAST,UP,LOWER_UP> mtu 1500 qdisc noqueue master br-e7e758c40762 state UP group default
    link/ether 0e:7c:69:3b:f3:c4 brd ff:ff:ff:ff:ff:ff link-netnsid 7
    inet6 fe80::9823:70ff:fee5:1eef/64 scope link proto kernel_ll
       valid_lft forever preferred_lft forever
12834: veth3d0140e@if2: <BROADCAST,MULTICAST,UP,LOWER_UP> mtu 1500 qdisc noqueue master br-e7e758c40762 state UP group default
    link/ether da:39:3c:ac:8b:68 brd ff:ff:ff:ff:ff:ff link-netnsid 8
    inet6 fe80::a03c:aaff:fe20:2d09/64 scope link proto kernel_ll
       valid_lft forever preferred_lft forever
12837: veth87eb0a5@if2: <BROADCAST,MULTICAST,UP,LOWER_UP> mtu 1500 qdisc noqueue master br-e7e758c40762 state UP group default
    link/ether 76:89:cf:b4:d8:4b brd ff:ff:ff:ff:ff:ff link-netnsid 9
    inet6 fe80::90a1:fff:fe02:983d/64 scope link proto kernel_ll
       valid_lft forever preferred_lft forever
12842: vethffd3f3b@if2: <BROADCAST,MULTICAST,UP,LOWER_UP> mtu 1500 qdisc noqueue master br-e7e758c40762 state UP group default
    link/ether 72:73:d0:2c:42:51 brd ff:ff:ff:ff:ff:ff link-netnsid 10
    inet6 fe80::5c80:4dff:fe57:cb22/64 scope link proto kernel_ll
       valid_lft forever preferred_lft forever
12851: veth1b7c80c@if2: <BROADCAST,MULTICAST,UP,LOWER_UP> mtu 1500 qdisc noqueue master br-e7e758c40762 state UP group default
    link/ether a2:98:92:81:60:87 brd ff:ff:ff:ff:ff:ff link-netnsid 11
    inet6 fe80::b042:b8ff:fe8a:29ca/64 scope link proto kernel_ll
       valid_lft forever preferred_lft forever
12860: vetha659bb6@if2: <BROADCAST,MULTICAST,UP,LOWER_UP> mtu 1500 qdisc noqueue master br-e7e758c40762 state UP group default
    link/ether 1a:b1:6d:5a:23:53 brd ff:ff:ff:ff:ff:ff link-netnsid 12
    inet6 fe80::e0ae:86ff:feb1:87bb/64 scope link proto kernel_ll
       valid_lft forever preferred_lft forever
12871: veth3332a85@if2: <BROADCAST,MULTICAST,UP,LOWER_UP> mtu 1500 qdisc noqueue master br-e7e758c40762 state UP group default
    link/ether 92:1c:3a:84:e2:3f brd ff:ff:ff:ff:ff:ff link-netnsid 13
    inet6 fe80::1ce4:72ff:fe05:3adc/64 scope link proto kernel_ll
       valid_lft forever preferred_lft forever
12876: veth8856e1a@if2: <BROADCAST,MULTICAST,UP,LOWER_UP> mtu 1500 qdisc noqueue master br-e7e758c40762 state UP group default
    link/ether 5a:c0:97:6f:f3:9e brd ff:ff:ff:ff:ff:ff link-netnsid 14
    inet6 fe80::9c72:72ff:fe60:464e/64 scope link proto kernel_ll
       valid_lft forever preferred_lft forever
12883: vethf4f2c49@if2: <BROADCAST,MULTICAST,UP,LOWER_UP> mtu 1500 qdisc noqueue master br-e7e758c40762 state UP group default
    link/ether 22:94:4a:3d:27:22 brd ff:ff:ff:ff:ff:ff link-netnsid 15
    inet6 fe80::423:a8ff:fedb:a061/64 scope link proto kernel_ll
       valid_lft forever preferred_lft forever
12890: veth7e05abd@if2: <BROADCAST,MULTICAST,UP,LOWER_UP> mtu 1500 qdisc noqueue master br-e7e758c40762 state UP group default
    link/ether c6:b3:19:85:e7:ce brd ff:ff:ff:ff:ff:ff link-netnsid 16
    inet6 fe80::3490:e2ff:fe9e:8a83/64 scope link proto kernel_ll
       valid_lft forever preferred_lft forever
12893: veth2aa8818@if2: <BROADCAST,MULTICAST,UP,LOWER_UP> mtu 1500 qdisc noqueue master br-e7e758c40762 state UP group default
    link/ether 5a:4a:42:c3:09:9f brd ff:ff:ff:ff:ff:ff link-netnsid 17
    inet6 fe80::f427:cdff:fece:b57c/64 scope link proto kernel_ll
       valid_lft forever preferred_lft forever
12894: veth87660f2@if2: <BROADCAST,MULTICAST,UP,LOWER_UP> mtu 1500 qdisc noqueue master br-e7e758c40762 state UP group default
    link/ether 92:29:89:8a:42:b2 brd ff:ff:ff:ff:ff:ff link-netnsid 18
    inet6 fe80::2417:26ff:fe4c:74d3/64 scope link proto kernel_ll
       valid_lft forever preferred_lft forever
12901: vethbebaabb@if2: <BROADCAST,MULTICAST,UP,LOWER_UP> mtu 1500 qdisc noqueue master br-e7e758c40762 state UP group default
    link/ether ca:cf:05:c8:7a:b2 brd ff:ff:ff:ff:ff:ff link-netnsid 19
    inet6 fe80::14c0:4fff:fe04:1941/64 scope link proto kernel_ll
       valid_lft forever preferred_lft forever
12906: veth1f20c92@if2: <BROADCAST,MULTICAST,UP,LOWER_UP> mtu 1500 qdisc noqueue master br-e7e758c40762 state UP group default
    link/ether b6:3d:f3:e9:17:c3 brd ff:ff:ff:ff:ff:ff link-netnsid 20
    inet6 fe80::181d:1ff:fe4a:d361/64 scope link proto kernel_ll
       valid_lft forever preferred_lft forever
12913: vethb64f1b1@if2: <BROADCAST,MULTICAST,UP,LOWER_UP> mtu 1500 qdisc noqueue master br-e7e758c40762 state UP group default
    link/ether 8a:0d:56:b4:86:1d brd ff:ff:ff:ff:ff:ff link-netnsid 21
    inet6 fe80::d0d1:99ff:fe1c:25da/64 scope link proto kernel_ll
       valid_lft forever preferred_lft forever
12918: veth254c980@if2: <BROADCAST,MULTICAST,UP,LOWER_UP> mtu 1500 qdisc noqueue master br-e7e758c40762 state UP group default
    link/ether 46:27:1b:6a:74:65 brd ff:ff:ff:ff:ff:ff link-netnsid 22
    inet6 fe80::a48f:5fff:fe5f:3e45/64 scope link proto kernel_ll
       valid_lft forever preferred_lft forever
12919: veth104659f@if2: <BROADCAST,MULTICAST,UP,LOWER_UP> mtu 1500 qdisc noqueue master br-e7e758c40762 state UP group default
    link/ether 46:12:78:06:0e:fa brd ff:ff:ff:ff:ff:ff link-netnsid 23
    inet6 fe80::4f3:d0ff:fef5:8368/64 scope link proto kernel_ll
       valid_lft forever preferred_lft forever
12924: veth618ae77@if2: <BROADCAST,MULTICAST,UP,LOWER_UP> mtu 1500 qdisc noqueue master br-e7e758c40762 state UP group default
    link/ether 7e:d9:4c:79:bc:7e brd ff:ff:ff:ff:ff:ff link-netnsid 25
    inet6 fe80::ace2:98ff:fefa:4dfa/64 scope link proto kernel_ll
       valid_lft forever preferred_lft forever
12931: vethf83160d@if2: <BROADCAST,MULTICAST,UP,LOWER_UP> mtu 1500 qdisc noqueue master br-e7e758c40762 state UP group default
    link/ether 56:32:4e:a8:79:a0 brd ff:ff:ff:ff:ff:ff link-netnsid 26
    inet6 fe80::cc01:ebff:fe04:6c14/64 scope link proto kernel_ll
       valid_lft forever preferred_lft forever
12936: veth1e71cae@if2: <BROADCAST,MULTICAST,UP,LOWER_UP> mtu 1500 qdisc noqueue master br-e7e758c40762 state UP group default
    link/ether fa:a9:1b:e3:44:49 brd ff:ff:ff:ff:ff:ff link-netnsid 27
    inet6 fe80::70c2:90ff:fee8:f0db/64 scope link proto kernel_ll
       valid_lft forever preferred_lft forever
12941: veth683d1d2@if2: <BROADCAST,MULTICAST,UP,LOWER_UP> mtu 1500 qdisc noqueue master br-e7e758c40762 state UP group default
    link/ether 6a:9a:f5:74:ba:c3 brd ff:ff:ff:ff:ff:ff link-netnsid 28
    inet6 fe80::348e:b4ff:feb5:781a/64 scope link proto kernel_ll
       valid_lft forever preferred_lft forever
12944: vethbcd2080@if2: <BROADCAST,MULTICAST,UP,LOWER_UP> mtu 1500 qdisc noqueue master br-e7e758c40762 state UP group default
    link/ether da:02:ce:bb:e0:45 brd ff:ff:ff:ff:ff:ff link-netnsid 29
    inet6 fe80::b40b:b6ff:fec9:edee/64 scope link proto kernel_ll
       valid_lft forever preferred_lft forever
12945: veth63f0492@if2: <BROADCAST,MULTICAST,UP,LOWER_UP> mtu 1500 qdisc noqueue master br-e7e758c40762 state UP group default
    link/ether f2:5f:b0:52:14:34 brd ff:ff:ff:ff:ff:ff link-netnsid 30
    inet6 fe80::203f:5bff:fe29:284d/64 scope link proto kernel_ll
       valid_lft forever preferred_lft forever
12946: veth5304977@if2: <BROADCAST,MULTICAST,UP,LOWER_UP> mtu 1500 qdisc noqueue master br-e7e758c40762 state UP group default
    link/ether fe:86:3c:e5:91:8c brd ff:ff:ff:ff:ff:ff link-netnsid 31
    inet6 fe80::385f:efff:fe5e:f8cd/64 scope link proto kernel_ll
       valid_lft forever preferred_lft forever
nh1221@PowerEdge-R810:~$
nh1221@PowerEdge-R810:~$
nh1221@PowerEdge-R810:~$ ip r sh
default via 192.168.9.1 dev eno1 proto dhcp src 192.168.9.198 metric 100
10.10.1.0/24 dev br-mgmt proto kernel scope link src 10.10.1.1 linkdown
172.16.2.0/24 dev br-e7e758c40762 proto kernel scope link src 172.16.2.1
172.17.0.0/16 dev docker0 proto kernel scope link src 172.17.0.1
192.168.9.0/24 dev eno1 proto kernel scope link src 192.168.9.198 metric 100
192.168.122.0/24 dev virbr0 proto kernel scope link src 192.168.122.1 linkdown
nh1221@PowerEdge-R810:~$ brctl show
bridge name     bridge id               STP enabled     interfaces
br-e7e758c40762         8000.e6448bce9562       no              veth104659f
                                                        veth1b7c80c
                                                        veth1e71cae
                                                        veth1f20c92
                                                        veth22663bb
                                                        veth254c980
                                                        veth2aa8818
                                                        veth2cd50b6
                                                        veth3332a85
                                                        veth3d0140e
                                                        veth505a863
                                                        veth5304977
                                                        veth5397e25
                                                        veth618ae77
                                                        veth63f0492
                                                        veth683d1d2
                                                        veth7e05abd
                                                        veth87660f2
                                                        veth87eb0a5
                                                        veth8856e1a
                                                        vetha659bb6
                                                        vethb64f1b1
                                                        vethb7b230b
                                                        vethbcd2080
                                                        vethbebaabb
                                                        vethde3370d
                                                        vethde4b3eb
                                                        vethf4f2c49
                                                        vethf83160d
                                                        vethffd3f3b
br-mgmt         8000.5254002e0cb0       yes
docker0         8000.56cdaba33ca6       no              veth7c31b06
                                                        vetha57737a
virbr0          8000.525400bbefd4       yes
nh1221@PowerEdge-R810:~$ ssh k8s-master-01
ssh: connect to host k8s-master-01 port 22: No route to host
nh1221@PowerEdge-R810:~$ # Flush out all stale hardware/MAC address mappings on the active clab bridge
sudo ip neighbor flush dev br-e7e758c40762
nh1221@PowerEdge-R810:~$ ping -c 3 172.16.2.42
ping -c 3 172.16.2.51
PING 172.16.2.42 (172.16.2.42) 56(84) bytes of data.
From 172.16.2.1 icmp_seq=1 Destination Host Unreachable
From 172.16.2.1 icmp_seq=2 Destination Host Unreachable
From 172.16.2.1 icmp_seq=3 Destination Host Unreachable

--- 172.16.2.42 ping statistics ---
3 packets transmitted, 0 received, +3 errors, 100% packet loss, time 2075ms
pipe 3
PING 172.16.2.51 (172.16.2.51) 56(84) bytes of data.
From 172.16.2.1 icmp_seq=1 Destination Host Unreachable
From 172.16.2.1 icmp_seq=2 Destination Host Unreachable
From 172.16.2.1 icmp_seq=3 Destination Host Unreachable

--- 172.16.2.51 ping statistics ---
3 packets transmitted, 0 received, +3 errors, 100% packet loss, time 2031ms
pipe 3
nh1221@PowerEdge-R810:~$ sudo iptables -F FORWARD
sudo iptables -P FORWARD ACCEPT
nh1221@PowerEdge-R810:~$ sudo ip neigh show dev br-e7e758c40762
172.16.2.42 FAILED
172.16.2.51 FAILED
nh1221@PowerEdge-R810:~$

--- 172.16.2.51 ping statistics ---
3 packets transmitted, 0 received, 100% packet loss, time 2102ms

(venv) nh1221@Lab-ControlNode:/mnt/c/Users/nh1221/dc_lab/clab/sonic-clab$


(venv) nh1221@Lab-ControlNode:/mnt/c/Users/nh1221/dc_lab/clab/sonic-clab$ ansible-playbook -i inv-osh.yml playbooks/lab/fabric-full.yml

PLAY [Control-node preflight and transport setup] **********************************************************************************************************

TASK [Validate networking mode] ****************************************************************************************************************************
ok: [localhost] => {
    "changed": false,
    "msg": "All assertions passed"
}

TASK [Remove stale host keys for SONiC nodes] **************************************************************************************************************
ok: [localhost] => (item=Spine-S1)
ok: [localhost] => (item=Spine-S2)
ok: [localhost] => (item=Leaf-L1)
ok: [localhost] => (item=Leaf-L2)
ok: [localhost] => (item=Leaf-L3)
ok: [localhost] => (item=Leaf-L4)
ok: [localhost] => (item=Border-Leaf1)
ok: [localhost] => (item=Border-Leaf2)
[WARNING]: Platform linux on host localhost is using the discovered Python interpreter at /mnt/c/Users/nh1221/data-center/venv/bin/python3.12, but future
installation of another Python interpreter could change the meaning of that path. See https://docs.ansible.com/ansible-
core/2.18/reference_appendices/interpreter_discovery.html for more information.

TASK [Ensure route mode has network path to SONiC mgmt subnet] *********************************************************************************************
skipping: [localhost]

TASK [Check ssh command exists for socks mode] *************************************************************************************************************
skipping: [localhost]

TASK [Check nc command exists for socks mode] **************************************************************************************************************
skipping: [localhost]

TASK [Detect existing SOCKS tunnel] ************************************************************************************************************************
skipping: [localhost]

TASK [Start SOCKS tunnel to R810] **************************************************************************************************************************
skipping: [localhost]

PLAY [Orchestrate Sheba Laboratory Cloud Architecture Environment] *****************************************************************************************

TASK [clab_topology_prep : Generate finalized topology configuration from Jinja2 template] *****************************************************************
ok: [localhost]

PLAY [Deploy containerlab topology on R810, Storage & OverlayFS Fabric Audit] ******************************************************************************

TASK [Gathering Facts] *************************************************************************************************************************************
[WARNING]: Platform linux on host poweredge_r810 is using the discovered Python interpreter at /usr/bin/python3, but future installation of another Python
interpreter could change the meaning of that path. See https://docs.ansible.com/ansible-core/2.18/reference_appendices/interpreter_discovery.html for more
information.
ok: [poweredge_r810]

TASK [Ensure containerlab is installed] ********************************************************************************************************************
ok: [poweredge_r810]

TASK [Ensure remote lab directory exists] ******************************************************************************************************************
ok: [poweredge_r810]

TASK [Sync project tree to R810] ***************************************************************************************************************************
changed: [poweredge_r810]

TASK [Ensure ISO utilities are installed (for cloud-init seed ISO)] ****************************************************************************************
ok: [poweredge_r810]

TASK [Generate cloud-init seed ISO for generic_vm nodes] ***************************************************************************************************
changed: [poweredge_r810]

TASK [Create Ceph OSD backing disks required by topology bind mounts] **************************************************************************************
changed: [poweredge_r810]

TASK [Create K8/OSH VM data disks required by topology bind mounts] ****************************************************************************************
changed: [poweredge_r810]

TASK [Guardrail - fail if topology still contains unsupported serial=hostdata] *****************************************************************************
ok: [poweredge_r810]

TASK [Destroy existing topology if present] ****************************************************************************************************************
changed: [poweredge_r810]

TASK [Remove stale containerlab state directories] *********************************************************************************************************
changed: [poweredge_r810]

TASK [Deploy topology on R810] *****************************************************************************************************************************
changed: [poweredge_r810]

TASK [Probe All Datacenter SSH Ports Concurrently (Non-Blocking)] ******************************************************************************************
changed: [poweredge_r810] => (item=Checking socket readiness: Spine-S1 -> 172.16.2.11)
changed: [poweredge_r810] => (item=Checking socket readiness: Spine-S2 -> 172.16.2.12)
changed: [poweredge_r810] => (item=Checking socket readiness: Leaf-L1 -> 172.16.2.21)
changed: [poweredge_r810] => (item=Checking socket readiness: Leaf-L2 -> 172.16.2.22)
changed: [poweredge_r810] => (item=Checking socket readiness: Leaf-L3 -> 172.16.2.23)
changed: [poweredge_r810] => (item=Checking socket readiness: Leaf-L4 -> 172.16.2.24)
changed: [poweredge_r810] => (item=Checking socket readiness: Border-Leaf1 -> 172.16.2.31)
changed: [poweredge_r810] => (item=Checking socket readiness: Border-Leaf2 -> 172.16.2.32)
changed: [poweredge_r810] => (item=Checking socket readiness: k8s-master-01 -> 172.16.2.51)
changed: [poweredge_r810] => (item=Checking socket readiness: k8s-master-02 -> 172.16.2.61)
changed: [poweredge_r810] => (item=Checking socket readiness: k8s-master-03 -> 172.16.2.71)
changed: [poweredge_r810] => (item=Checking socket readiness: k8s-db-01 -> 172.16.2.52)
changed: [poweredge_r810] => (item=Checking socket readiness: k8s-db-02 -> 172.16.2.62)
changed: [poweredge_r810] => (item=Checking socket readiness: k8s-db-03 -> 172.16.2.72)
changed: [poweredge_r810] => (item=Checking socket readiness: osh-ctrl-01 -> 172.16.2.53)
changed: [poweredge_r810] => (item=Checking socket readiness: osh-ctrl-02 -> 172.16.2.63)
changed: [poweredge_r810] => (item=Checking socket readiness: osh-ctrl-03 -> 172.16.2.73)
changed: [poweredge_r810] => (item=Checking socket readiness: osh-net-01 -> 172.16.2.54)
changed: [poweredge_r810] => (item=Checking socket readiness: osh-net-02 -> 172.16.2.64)
changed: [poweredge_r810] => (item=Checking socket readiness: MonSrv -> 172.16.2.74)
changed: [poweredge_r810] => (item=Checking socket readiness: osh-comp-01 -> 172.16.2.55)
changed: [poweredge_r810] => (item=Checking socket readiness: osh-comp-02 -> 172.16.2.65)
changed: [poweredge_r810] => (item=Checking socket readiness: osh-comp-03 -> 172.16.2.75)
changed: [poweredge_r810] => (item=Checking socket readiness: osh-comp-04 -> 172.16.2.56)
changed: [poweredge_r810] => (item=Checking socket readiness: Exit-Router1 -> 172.16.2.41)
changed: [poweredge_r810] => (item=Checking socket readiness: Exit-Router2 -> 172.16.2.42)

TASK [Synchronize and Await Port Validation Results] *******************************************************************************************************
ok: [poweredge_r810] => (item=Syncing status for JID: j278987251125.864215)
ok: [poweredge_r810] => (item=Syncing status for JID: j574295088199.869554)
ok: [poweredge_r810] => (item=Syncing status for JID: j214171713106.871016)
ok: [poweredge_r810] => (item=Syncing status for JID: j131023037227.872842)
ok: [poweredge_r810] => (item=Syncing status for JID: j903954984849.875339)
ok: [poweredge_r810] => (item=Syncing status for JID: j95405717743.876379)
ok: [poweredge_r810] => (item=Syncing status for JID: j186570506329.877437)
ok: [poweredge_r810] => (item=Syncing status for JID: j970508947617.880681)
ok: [poweredge_r810] => (item=Syncing status for JID: j401936456902.882563)
ok: [poweredge_r810] => (item=Syncing status for JID: j128852049499.882994)
ok: [poweredge_r810] => (item=Syncing status for JID: j105290873720.884059)
ok: [poweredge_r810] => (item=Syncing status for JID: j745745806209.884327)
ok: [poweredge_r810] => (item=Syncing status for JID: j315113389281.884694)
ok: [poweredge_r810] => (item=Syncing status for JID: j675788268048.885160)
ok: [poweredge_r810] => (item=Syncing status for JID: j296532007670.885979)
ok: [poweredge_r810] => (item=Syncing status for JID: j401969794591.886441)
ok: [poweredge_r810] => (item=Syncing status for JID: j951421725343.886879)
ok: [poweredge_r810] => (item=Syncing status for JID: j467913653627.887397)
ok: [poweredge_r810] => (item=Syncing status for JID: j447489702539.887788)
ok: [poweredge_r810] => (item=Syncing status for JID: j684140202256.888505)
ok: [poweredge_r810] => (item=Syncing status for JID: j791850626830.888894)
ok: [poweredge_r810] => (item=Syncing status for JID: j555978701469.889244)
ok: [poweredge_r810] => (item=Syncing status for JID: j534091755993.889546)
ok: [poweredge_r810] => (item=Syncing status for JID: j342901189006.889889)
ok: [poweredge_r810] => (item=Syncing status for JID: j181386126499.890353)
ok: [poweredge_r810] => (item=Syncing status for JID: j948361685015.891056)

TASK [Read control-node SSH public key for VM bootstrap] ***************************************************************************************************
ok: [poweredge_r810]

TASK [Inject SSH public key into all Linux VM nodes over serial console] ***********************************************************************************
changed: [poweredge_r810] => (item=Serial key injection: k8s-master-01)
changed: [poweredge_r810] => (item=Serial key injection: k8s-master-02)
changed: [poweredge_r810] => (item=Serial key injection: k8s-master-03)
changed: [poweredge_r810] => (item=Serial key injection: k8s-db-01)
changed: [poweredge_r810] => (item=Serial key injection: k8s-db-02)
changed: [poweredge_r810] => (item=Serial key injection: k8s-db-03)
changed: [poweredge_r810] => (item=Serial key injection: osh-ctrl-01)
changed: [poweredge_r810] => (item=Serial key injection: osh-ctrl-02)
changed: [poweredge_r810] => (item=Serial key injection: osh-ctrl-03)
changed: [poweredge_r810] => (item=Serial key injection: osh-net-01)
changed: [poweredge_r810] => (item=Serial key injection: osh-net-02)
changed: [poweredge_r810] => (item=Serial key injection: MonSrv)
changed: [poweredge_r810] => (item=Serial key injection: osh-comp-01)
changed: [poweredge_r810] => (item=Serial key injection: osh-comp-02)
changed: [poweredge_r810] => (item=Serial key injection: osh-comp-03)
changed: [poweredge_r810] => (item=Serial key injection: osh-comp-04)
changed: [poweredge_r810] => (item=Serial key injection: Exit-Router1)
changed: [poweredge_r810] => (item=Serial key injection: Exit-Router2)

TASK [Verify SSH key login works for all Linux VM nodes] ***************************************************************************************************
ok: [poweredge_r810] => (item=SSH key login check: k8s-master-01)
ok: [poweredge_r810] => (item=SSH key login check: k8s-master-02)
ok: [poweredge_r810] => (item=SSH key login check: k8s-master-03)
ok: [poweredge_r810] => (item=SSH key login check: k8s-db-01)
ok: [poweredge_r810] => (item=SSH key login check: k8s-db-02)
ok: [poweredge_r810] => (item=SSH key login check: k8s-db-03)
ok: [poweredge_r810] => (item=SSH key login check: osh-ctrl-01)
ok: [poweredge_r810] => (item=SSH key login check: osh-ctrl-02)
ok: [poweredge_r810] => (item=SSH key login check: osh-ctrl-03)
ok: [poweredge_r810] => (item=SSH key login check: osh-net-01)
ok: [poweredge_r810] => (item=SSH key login check: osh-net-02)
ok: [poweredge_r810] => (item=SSH key login check: MonSrv)
ok: [poweredge_r810] => (item=SSH key login check: osh-comp-01)
ok: [poweredge_r810] => (item=SSH key login check: osh-comp-02)
ok: [poweredge_r810] => (item=SSH key login check: osh-comp-03)
ok: [poweredge_r810] => (item=SSH key login check: osh-comp-04)
ok: [poweredge_r810] => (item=SSH key login check: Exit-Router1)
ok: [poweredge_r810] => (item=SSH key login check: Exit-Router2)

TASK [Assert key login was successful for all Linux VM nodes] **********************************************************************************************
failed: [poweredge_r810] (item=k8s-master-01) => {
    "ansible_loop_var": "item",
    "assertion": "item.rc == 0",
    "changed": false,
    "evaluated_to": false,
    "item": {
        "ansible_loop_var": "item",
        "changed": false,
        "cmd": "ssh -o BatchMode=yes -o StrictHostKeyChecking=no -o UserKnownHostsFile=/dev/null -o ConnectTimeout=8 -i /home/nh1221/.ssh/id_dc_lab ubuntu@172.16.2.51 \"id -u\"",
        "delta": "0:00:03.112421",
        "end": "2026-09-03 19:55:27.192546",
        "failed": false,
        "failed_when_result": false,
        "invocation": {
            "module_args": {
                "_raw_params": "ssh -o BatchMode=yes -o StrictHostKeyChecking=no -o UserKnownHostsFile=/dev/null -o ConnectTimeout=8 -i /home/nh1221/.ssh/id_dc_lab ubuntu@172.16.2.51 \"id -u\"",
                "_uses_shell": true,
                "argv": null,
                "chdir": null,
                "creates": null,
                "executable": null,
                "expand_argument_vars": true,
                "removes": null,
                "stdin": null,
                "stdin_add_newline": true,
                "strip_empty_ends": true
            }
        },
        "item": "k8s-master-01",
        "msg": "non-zero return code",
        "rc": 255,
        "start": "2026-09-03 19:55:24.080125",
        "stderr": "ssh: connect to host 172.16.2.51 port 22: No route to host",
        "stderr_lines": [
            "ssh: connect to host 172.16.2.51 port 22: No route to host"
        ],
        "stdout": "",
        "stdout_lines": []
    },
    "msg": "Key-based SSH bootstrap failed for k8s-master-01 (172.16.2.51)"
}
failed: [poweredge_r810] (item=k8s-master-02) => {
    "ansible_loop_var": "item",
    "assertion": "item.rc == 0",
    "changed": false,
    "evaluated_to": false,
    "item": {
        "ansible_loop_var": "item",
        "changed": false,
        "cmd": "ssh -o BatchMode=yes -o StrictHostKeyChecking=no -o UserKnownHostsFile=/dev/null -o ConnectTimeout=8 -i /home/nh1221/.ssh/id_dc_lab ubuntu@172.16.2.61 \"id -u\"",
        "delta": "0:00:03.099929",
        "end": "2026-09-03 19:55:31.351843",
        "failed": false,
        "failed_when_result": false,
        "invocation": {
            "module_args": {
                "_raw_params": "ssh -o BatchMode=yes -o StrictHostKeyChecking=no -o UserKnownHostsFile=/dev/null -o ConnectTimeout=8 -i /home/nh1221/.ssh/id_dc_lab ubuntu@172.16.2.61 \"id -u\"",
                "_uses_shell": true,
                "argv": null,
                "chdir": null,
                "creates": null,
                "executable": null,
                "expand_argument_vars": true,
                "removes": null,
                "stdin": null,
                "stdin_add_newline": true,
                "strip_empty_ends": true
            }
        },
        "item": "k8s-master-02",
        "msg": "non-zero return code",
        "rc": 255,
        "start": "2026-09-03 19:55:28.251914",
        "stderr": "ssh: connect to host 172.16.2.61 port 22: No route to host",
        "stderr_lines": [
            "ssh: connect to host 172.16.2.61 port 22: No route to host"
        ],
        "stdout": "",
        "stdout_lines": []
    },
    "msg": "Key-based SSH bootstrap failed for k8s-master-02 (172.16.2.61)"
}
failed: [poweredge_r810] (item=k8s-master-03) => {
    "ansible_loop_var": "item",
    "assertion": "item.rc == 0",
    "changed": false,
    "evaluated_to": false,
    "item": {
        "ansible_loop_var": "item",
        "changed": false,
        "cmd": "ssh -o BatchMode=yes -o StrictHostKeyChecking=no -o UserKnownHostsFile=/dev/null -o ConnectTimeout=8 -i /home/nh1221/.ssh/id_dc_lab ubuntu@172.16.2.71 \"id -u\"",
        "delta": "0:00:03.116965",
        "end": "2026-09-03 19:55:36.087591",
        "failed": false,
        "failed_when_result": false,
        "invocation": {
            "module_args": {
                "_raw_params": "ssh -o BatchMode=yes -o StrictHostKeyChecking=no -o UserKnownHostsFile=/dev/null -o ConnectTimeout=8 -i /home/nh1221/.ssh/id_dc_lab ubuntu@172.16.2.71 \"id -u\"",
                "_uses_shell": true,
                "argv": null,
                "chdir": null,
                "creates": null,
                "executable": null,
                "expand_argument_vars": true,
                "removes": null,
                "stdin": null,
                "stdin_add_newline": true,
                "strip_empty_ends": true
            }
        },
        "item": "k8s-master-03",
        "msg": "non-zero return code",
        "rc": 255,
        "start": "2026-09-03 19:55:32.970626",
        "stderr": "ssh: connect to host 172.16.2.71 port 22: No route to host",
        "stderr_lines": [
            "ssh: connect to host 172.16.2.71 port 22: No route to host"
        ],
        "stdout": "",
        "stdout_lines": []
    },
    "msg": "Key-based SSH bootstrap failed for k8s-master-03 (172.16.2.71)"
}
failed: [poweredge_r810] (item=k8s-db-01) => {
    "ansible_loop_var": "item",
    "assertion": "item.rc == 0",
    "changed": false,
    "evaluated_to": false,
    "item": {
        "ansible_loop_var": "item",
        "changed": false,
        "cmd": "ssh -o BatchMode=yes -o StrictHostKeyChecking=no -o UserKnownHostsFile=/dev/null -o ConnectTimeout=8 -i /home/nh1221/.ssh/id_dc_lab ubuntu@172.16.2.52 \"id -u\"",
        "delta": "0:00:03.083798",
        "end": "2026-09-03 19:55:40.120872",
        "failed": false,
        "failed_when_result": false,
        "invocation": {
            "module_args": {
                "_raw_params": "ssh -o BatchMode=yes -o StrictHostKeyChecking=no -o UserKnownHostsFile=/dev/null -o ConnectTimeout=8 -i /home/nh1221/.ssh/id_dc_lab ubuntu@172.16.2.52 \"id -u\"",
                "_uses_shell": true,
                "argv": null,
                "chdir": null,
                "creates": null,
                "executable": null,
                "expand_argument_vars": true,
                "removes": null,
                "stdin": null,
                "stdin_add_newline": true,
                "strip_empty_ends": true
            }
        },
        "item": "k8s-db-01",
        "msg": "non-zero return code",
        "rc": 255,
        "start": "2026-09-03 19:55:37.037074",
        "stderr": "ssh: connect to host 172.16.2.52 port 22: No route to host",
        "stderr_lines": [
            "ssh: connect to host 172.16.2.52 port 22: No route to host"
        ],
        "stdout": "",
        "stdout_lines": []
    },
    "msg": "Key-based SSH bootstrap failed for k8s-db-01 (172.16.2.52)"
}
failed: [poweredge_r810] (item=k8s-db-02) => {
    "ansible_loop_var": "item",
    "assertion": "item.rc == 0",
    "changed": false,
    "evaluated_to": false,
    "item": {
        "ansible_loop_var": "item",
        "changed": false,
        "cmd": "ssh -o BatchMode=yes -o StrictHostKeyChecking=no -o UserKnownHostsFile=/dev/null -o ConnectTimeout=8 -i /home/nh1221/.ssh/id_dc_lab ubuntu@172.16.2.62 \"id -u\"",
        "delta": "0:00:03.125585",
        "end": "2026-09-03 19:55:44.215604",
        "failed": false,
        "failed_when_result": false,
        "invocation": {
            "module_args": {
                "_raw_params": "ssh -o BatchMode=yes -o StrictHostKeyChecking=no -o UserKnownHostsFile=/dev/null -o ConnectTimeout=8 -i /home/nh1221/.ssh/id_dc_lab ubuntu@172.16.2.62 \"id -u\"",
                "_uses_shell": true,
                "argv": null,
                "chdir": null,
                "creates": null,
                "executable": null,
                "expand_argument_vars": true,
                "removes": null,
                "stdin": null,
                "stdin_add_newline": true,
                "strip_empty_ends": true
            }
        },
        "item": "k8s-db-02",
        "msg": "non-zero return code",
        "rc": 255,
        "start": "2026-09-03 19:55:41.090019",
        "stderr": "ssh: connect to host 172.16.2.62 port 22: No route to host",
        "stderr_lines": [
            "ssh: connect to host 172.16.2.62 port 22: No route to host"
        ],
        "stdout": "",
        "stdout_lines": []
    },
    "msg": "Key-based SSH bootstrap failed for k8s-db-02 (172.16.2.62)"
}
failed: [poweredge_r810] (item=k8s-db-03) => {
    "ansible_loop_var": "item",
    "assertion": "item.rc == 0",
    "changed": false,
    "evaluated_to": false,
    "item": {
        "ansible_loop_var": "item",
        "changed": false,
        "cmd": "ssh -o BatchMode=yes -o StrictHostKeyChecking=no -o UserKnownHostsFile=/dev/null -o ConnectTimeout=8 -i /home/nh1221/.ssh/id_dc_lab ubuntu@172.16.2.72 \"id -u\"",
        "delta": "0:00:03.126296",
        "end": "2026-09-03 19:55:48.247550",
        "failed": false,
        "failed_when_result": false,
        "invocation": {
            "module_args": {
                "_raw_params": "ssh -o BatchMode=yes -o StrictHostKeyChecking=no -o UserKnownHostsFile=/dev/null -o ConnectTimeout=8 -i /home/nh1221/.ssh/id_dc_lab ubuntu@172.16.2.72 \"id -u\"",
                "_uses_shell": true,
                "argv": null,
                "chdir": null,
                "creates": null,
                "executable": null,
                "expand_argument_vars": true,
                "removes": null,
                "stdin": null,
                "stdin_add_newline": true,
                "strip_empty_ends": true
            }
        },
        "item": "k8s-db-03",
        "msg": "non-zero return code",
        "rc": 255,
        "start": "2026-09-03 19:55:45.121254",
        "stderr": "ssh: connect to host 172.16.2.72 port 22: No route to host",
        "stderr_lines": [
            "ssh: connect to host 172.16.2.72 port 22: No route to host"
        ],
        "stdout": "",
        "stdout_lines": []
    },
    "msg": "Key-based SSH bootstrap failed for k8s-db-03 (172.16.2.72)"
}
failed: [poweredge_r810] (item=osh-ctrl-01) => {
    "ansible_loop_var": "item",
    "assertion": "item.rc == 0",
    "changed": false,
    "evaluated_to": false,
    "item": {
        "ansible_loop_var": "item",
        "changed": false,
        "cmd": "ssh -o BatchMode=yes -o StrictHostKeyChecking=no -o UserKnownHostsFile=/dev/null -o ConnectTimeout=8 -i /home/nh1221/.ssh/id_dc_lab ubuntu@172.16.2.53 \"id -u\"",
        "delta": "0:00:03.080073",
        "end": "2026-09-03 19:55:52.280169",
        "failed": false,
        "failed_when_result": false,
        "invocation": {
            "module_args": {
                "_raw_params": "ssh -o BatchMode=yes -o StrictHostKeyChecking=no -o UserKnownHostsFile=/dev/null -o ConnectTimeout=8 -i /home/nh1221/.ssh/id_dc_lab ubuntu@172.16.2.53 \"id -u\"",
                "_uses_shell": true,
                "argv": null,
                "chdir": null,
                "creates": null,
                "executable": null,
                "expand_argument_vars": true,
                "removes": null,
                "stdin": null,
                "stdin_add_newline": true,
                "strip_empty_ends": true
            }
        },
        "item": "osh-ctrl-01",
        "msg": "non-zero return code",
        "rc": 255,
        "start": "2026-09-03 19:55:49.200096",
        "stderr": "ssh: connect to host 172.16.2.53 port 22: No route to host",
        "stderr_lines": [
            "ssh: connect to host 172.16.2.53 port 22: No route to host"
        ],
        "stdout": "",
        "stdout_lines": []
    },
    "msg": "Key-based SSH bootstrap failed for osh-ctrl-01 (172.16.2.53)"
}
failed: [poweredge_r810] (item=osh-ctrl-02) => {
    "ansible_loop_var": "item",
    "assertion": "item.rc == 0",
    "changed": false,
    "evaluated_to": false,
    "item": {
        "ansible_loop_var": "item",
        "changed": false,
        "cmd": "ssh -o BatchMode=yes -o StrictHostKeyChecking=no -o UserKnownHostsFile=/dev/null -o ConnectTimeout=8 -i /home/nh1221/.ssh/id_dc_lab ubuntu@172.16.2.63 \"id -u\"",
        "delta": "0:00:03.076551",
        "end": "2026-09-03 19:55:56.375559",
        "failed": false,
        "failed_when_result": false,
        "invocation": {
            "module_args": {
                "_raw_params": "ssh -o BatchMode=yes -o StrictHostKeyChecking=no -o UserKnownHostsFile=/dev/null -o ConnectTimeout=8 -i /home/nh1221/.ssh/id_dc_lab ubuntu@172.16.2.63 \"id -u\"",
                "_uses_shell": true,
                "argv": null,
                "chdir": null,
                "creates": null,
                "executable": null,
                "expand_argument_vars": true,
                "removes": null,
                "stdin": null,
                "stdin_add_newline": true,
                "strip_empty_ends": true
            }
        },
        "item": "osh-ctrl-02",
        "msg": "non-zero return code",
        "rc": 255,
        "start": "2026-09-03 19:55:53.299008",
        "stderr": "ssh: connect to host 172.16.2.63 port 22: No route to host",
        "stderr_lines": [
            "ssh: connect to host 172.16.2.63 port 22: No route to host"
        ],
        "stdout": "",
        "stdout_lines": []
    },
    "msg": "Key-based SSH bootstrap failed for osh-ctrl-02 (172.16.2.63)"
}
failed: [poweredge_r810] (item=osh-ctrl-03) => {
    "ansible_loop_var": "item",
    "assertion": "item.rc == 0",
    "changed": false,
    "evaluated_to": false,
    "item": {
        "ansible_loop_var": "item",
        "changed": false,
        "cmd": "ssh -o BatchMode=yes -o StrictHostKeyChecking=no -o UserKnownHostsFile=/dev/null -o ConnectTimeout=8 -i /home/nh1221/.ssh/id_dc_lab ubuntu@172.16.2.73 \"id -u\"",
        "delta": "0:00:03.129218",
        "end": "2026-09-03 19:56:00.471848",
        "failed": false,
        "failed_when_result": false,
        "invocation": {
            "module_args": {
                "_raw_params": "ssh -o BatchMode=yes -o StrictHostKeyChecking=no -o UserKnownHostsFile=/dev/null -o ConnectTimeout=8 -i /home/nh1221/.ssh/id_dc_lab ubuntu@172.16.2.73 \"id -u\"",
                "_uses_shell": true,
                "argv": null,
                "chdir": null,
                "creates": null,
                "executable": null,
                "expand_argument_vars": true,
                "removes": null,
                "stdin": null,
                "stdin_add_newline": true,
                "strip_empty_ends": true
            }
        },
        "item": "osh-ctrl-03",
        "msg": "non-zero return code",
        "rc": 255,
        "start": "2026-09-03 19:55:57.342630",
        "stderr": "ssh: connect to host 172.16.2.73 port 22: No route to host",
        "stderr_lines": [
            "ssh: connect to host 172.16.2.73 port 22: No route to host"
        ],
        "stdout": "",
        "stdout_lines": []
    },
    "msg": "Key-based SSH bootstrap failed for osh-ctrl-03 (172.16.2.73)"
}
failed: [poweredge_r810] (item=osh-net-01) => {
    "ansible_loop_var": "item",
    "assertion": "item.rc == 0",
    "changed": false,
    "evaluated_to": false,
    "item": {
        "ansible_loop_var": "item",
        "changed": false,
        "cmd": "ssh -o BatchMode=yes -o StrictHostKeyChecking=no -o UserKnownHostsFile=/dev/null -o ConnectTimeout=8 -i /home/nh1221/.ssh/id_dc_lab ubuntu@172.16.2.54 \"id -u\"",
        "delta": "0:00:03.119493",
        "end": "2026-09-03 19:56:04.503985",
        "failed": false,
        "failed_when_result": false,
        "invocation": {
            "module_args": {
                "_raw_params": "ssh -o BatchMode=yes -o StrictHostKeyChecking=no -o UserKnownHostsFile=/dev/null -o ConnectTimeout=8 -i /home/nh1221/.ssh/id_dc_lab ubuntu@172.16.2.54 \"id -u\"",
                "_uses_shell": true,
                "argv": null,
                "chdir": null,
                "creates": null,
                "executable": null,
                "expand_argument_vars": true,
                "removes": null,
                "stdin": null,
                "stdin_add_newline": true,
                "strip_empty_ends": true
            }
        },
        "item": "osh-net-01",
        "msg": "non-zero return code",
        "rc": 255,
        "start": "2026-09-03 19:56:01.384492",
        "stderr": "ssh: connect to host 172.16.2.54 port 22: No route to host",
        "stderr_lines": [
            "ssh: connect to host 172.16.2.54 port 22: No route to host"
        ],
        "stdout": "",
        "stdout_lines": []
    },
    "msg": "Key-based SSH bootstrap failed for osh-net-01 (172.16.2.54)"
}
failed: [poweredge_r810] (item=osh-net-02) => {
    "ansible_loop_var": "item",
    "assertion": "item.rc == 0",
    "changed": false,
    "evaluated_to": false,
    "item": {
        "ansible_loop_var": "item",
        "changed": false,
        "cmd": "ssh -o BatchMode=yes -o StrictHostKeyChecking=no -o UserKnownHostsFile=/dev/null -o ConnectTimeout=8 -i /home/nh1221/.ssh/id_dc_lab ubuntu@172.16.2.64 \"id -u\"",
        "delta": "0:00:03.073948",
        "end": "2026-09-03 19:56:08.471789",
        "failed": false,
        "failed_when_result": false,
        "invocation": {
            "module_args": {
                "_raw_params": "ssh -o BatchMode=yes -o StrictHostKeyChecking=no -o UserKnownHostsFile=/dev/null -o ConnectTimeout=8 -i /home/nh1221/.ssh/id_dc_lab ubuntu@172.16.2.64 \"id -u\"",
                "_uses_shell": true,
                "argv": null,
                "chdir": null,
                "creates": null,
                "executable": null,
                "expand_argument_vars": true,
                "removes": null,
                "stdin": null,
                "stdin_add_newline": true,
                "strip_empty_ends": true
            }
        },
        "item": "osh-net-02",
        "msg": "non-zero return code",
        "rc": 255,
        "start": "2026-09-03 19:56:05.397841",
        "stderr": "ssh: connect to host 172.16.2.64 port 22: No route to host",
        "stderr_lines": [
            "ssh: connect to host 172.16.2.64 port 22: No route to host"
        ],
        "stdout": "",
        "stdout_lines": []
    },
    "msg": "Key-based SSH bootstrap failed for osh-net-02 (172.16.2.64)"
}
failed: [poweredge_r810] (item=MonSrv) => {
    "ansible_loop_var": "item",
    "assertion": "item.rc == 0",
    "changed": false,
    "evaluated_to": false,
    "item": {
        "ansible_loop_var": "item",
        "changed": false,
        "cmd": "ssh -o BatchMode=yes -o StrictHostKeyChecking=no -o UserKnownHostsFile=/dev/null -o ConnectTimeout=8 -i /home/nh1221/.ssh/id_dc_lab ubuntu@172.16.2.74 \"id -u\"",
        "delta": "0:00:03.129253",
        "end": "2026-09-03 19:56:12.504245",
        "failed": false,
        "failed_when_result": false,
        "invocation": {
            "module_args": {
                "_raw_params": "ssh -o BatchMode=yes -o StrictHostKeyChecking=no -o UserKnownHostsFile=/dev/null -o ConnectTimeout=8 -i /home/nh1221/.ssh/id_dc_lab ubuntu@172.16.2.74 \"id -u\"",
                "_uses_shell": true,
                "argv": null,
                "chdir": null,
                "creates": null,
                "executable": null,
                "expand_argument_vars": true,
                "removes": null,
                "stdin": null,
                "stdin_add_newline": true,
                "strip_empty_ends": true
            }
        },
        "item": "MonSrv",
        "msg": "non-zero return code",
        "rc": 255,
        "start": "2026-09-03 19:56:09.374992",
        "stderr": "ssh: connect to host 172.16.2.74 port 22: No route to host",
        "stderr_lines": [
            "ssh: connect to host 172.16.2.74 port 22: No route to host"
        ],
        "stdout": "",
        "stdout_lines": []
    },
    "msg": "Key-based SSH bootstrap failed for MonSrv (172.16.2.74)"
}
failed: [poweredge_r810] (item=osh-comp-01) => {
    "ansible_loop_var": "item",
    "assertion": "item.rc == 0",
    "changed": false,
    "evaluated_to": false,
    "item": {
        "ansible_loop_var": "item",
        "changed": false,
        "cmd": "ssh -o BatchMode=yes -o StrictHostKeyChecking=no -o UserKnownHostsFile=/dev/null -o ConnectTimeout=8 -i /home/nh1221/.ssh/id_dc_lab ubuntu@172.16.2.55 \"id -u\"",
        "delta": "0:00:03.125045",
        "end": "2026-09-03 19:56:16.601029",
        "failed": false,
        "failed_when_result": false,
        "invocation": {
            "module_args": {
                "_raw_params": "ssh -o BatchMode=yes -o StrictHostKeyChecking=no -o UserKnownHostsFile=/dev/null -o ConnectTimeout=8 -i /home/nh1221/.ssh/id_dc_lab ubuntu@172.16.2.55 \"id -u\"",
                "_uses_shell": true,
                "argv": null,
                "chdir": null,
                "creates": null,
                "executable": null,
                "expand_argument_vars": true,
                "removes": null,
                "stdin": null,
                "stdin_add_newline": true,
                "strip_empty_ends": true
            }
        },
        "item": "osh-comp-01",
        "msg": "non-zero return code",
        "rc": 255,
        "start": "2026-09-03 19:56:13.475984",
        "stderr": "ssh: connect to host 172.16.2.55 port 22: No route to host",
        "stderr_lines": [
            "ssh: connect to host 172.16.2.55 port 22: No route to host"
        ],
        "stdout": "",
        "stdout_lines": []
    },
    "msg": "Key-based SSH bootstrap failed for osh-comp-01 (172.16.2.55)"
}
failed: [poweredge_r810] (item=osh-comp-02) => {
    "ansible_loop_var": "item",
    "assertion": "item.rc == 0",
    "changed": false,
    "evaluated_to": false,
    "item": {
        "ansible_loop_var": "item",
        "changed": false,
        "cmd": "ssh -o BatchMode=yes -o StrictHostKeyChecking=no -o UserKnownHostsFile=/dev/null -o ConnectTimeout=8 -i /home/nh1221/.ssh/id_dc_lab ubuntu@172.16.2.65 \"id -u\"",
        "delta": "0:00:03.089307",
        "end": "2026-09-03 19:56:20.697002",
        "failed": false,
        "failed_when_result": false,
        "invocation": {
            "module_args": {
                "_raw_params": "ssh -o BatchMode=yes -o StrictHostKeyChecking=no -o UserKnownHostsFile=/dev/null -o ConnectTimeout=8 -i /home/nh1221/.ssh/id_dc_lab ubuntu@172.16.2.65 \"id -u\"",
                "_uses_shell": true,
                "argv": null,
                "chdir": null,
                "creates": null,
                "executable": null,
                "expand_argument_vars": true,
                "removes": null,
                "stdin": null,
                "stdin_add_newline": true,
                "strip_empty_ends": true
            }
        },
        "item": "osh-comp-02",
        "msg": "non-zero return code",
        "rc": 255,
        "start": "2026-09-03 19:56:17.607695",
        "stderr": "ssh: connect to host 172.16.2.65 port 22: No route to host",
        "stderr_lines": [
            "ssh: connect to host 172.16.2.65 port 22: No route to host"
        ],
        "stdout": "",
        "stdout_lines": []
    },
    "msg": "Key-based SSH bootstrap failed for osh-comp-02 (172.16.2.65)"
}
failed: [poweredge_r810] (item=osh-comp-03) => {
    "ansible_loop_var": "item",
    "assertion": "item.rc == 0",
    "changed": false,
    "evaluated_to": false,
    "item": {
        "ansible_loop_var": "item",
        "changed": false,
        "cmd": "ssh -o BatchMode=yes -o StrictHostKeyChecking=no -o UserKnownHostsFile=/dev/null -o ConnectTimeout=8 -i /home/nh1221/.ssh/id_dc_lab ubuntu@172.16.2.75 \"id -u\"",
        "delta": "0:00:03.091045",
        "end": "2026-09-03 19:56:24.727974",
        "failed": false,
        "failed_when_result": false,
        "invocation": {
            "module_args": {
                "_raw_params": "ssh -o BatchMode=yes -o StrictHostKeyChecking=no -o UserKnownHostsFile=/dev/null -o ConnectTimeout=8 -i /home/nh1221/.ssh/id_dc_lab ubuntu@172.16.2.75 \"id -u\"",
                "_uses_shell": true,
                "argv": null,
                "chdir": null,
                "creates": null,
                "executable": null,
                "expand_argument_vars": true,
                "removes": null,
                "stdin": null,
                "stdin_add_newline": true,
                "strip_empty_ends": true
            }
        },
        "item": "osh-comp-03",
        "msg": "non-zero return code",
        "rc": 255,
        "start": "2026-09-03 19:56:21.636929",
        "stderr": "ssh: connect to host 172.16.2.75 port 22: No route to host",
        "stderr_lines": [
            "ssh: connect to host 172.16.2.75 port 22: No route to host"
        ],
        "stdout": "",
        "stdout_lines": []
    },
    "msg": "Key-based SSH bootstrap failed for osh-comp-03 (172.16.2.75)"
}
failed: [poweredge_r810] (item=osh-comp-04) => {
    "ansible_loop_var": "item",
    "assertion": "item.rc == 0",
    "changed": false,
    "evaluated_to": false,
    "item": {
        "ansible_loop_var": "item",
        "changed": false,
        "cmd": "ssh -o BatchMode=yes -o StrictHostKeyChecking=no -o UserKnownHostsFile=/dev/null -o ConnectTimeout=8 -i /home/nh1221/.ssh/id_dc_lab ubuntu@172.16.2.56 \"id -u\"",
        "delta": "0:00:03.081866",
        "end": "2026-09-03 19:56:28.695250",
        "failed": false,
        "failed_when_result": false,
        "invocation": {
            "module_args": {
                "_raw_params": "ssh -o BatchMode=yes -o StrictHostKeyChecking=no -o UserKnownHostsFile=/dev/null -o ConnectTimeout=8 -i /home/nh1221/.ssh/id_dc_lab ubuntu@172.16.2.56 \"id -u\"",
                "_uses_shell": true,
                "argv": null,
                "chdir": null,
                "creates": null,
                "executable": null,
                "expand_argument_vars": true,
                "removes": null,
                "stdin": null,
                "stdin_add_newline": true,
                "strip_empty_ends": true
            }
        },
        "item": "osh-comp-04",
        "msg": "non-zero return code",
        "rc": 255,
        "start": "2026-09-03 19:56:25.613384",
        "stderr": "ssh: connect to host 172.16.2.56 port 22: No route to host",
        "stderr_lines": [
            "ssh: connect to host 172.16.2.56 port 22: No route to host"
        ],
        "stdout": "",
        "stdout_lines": []
    },
    "msg": "Key-based SSH bootstrap failed for osh-comp-04 (172.16.2.56)"
}
failed: [poweredge_r810] (item=Exit-Router1) => {
    "ansible_loop_var": "item",
    "assertion": "item.rc == 0",
    "changed": false,
    "evaluated_to": false,
    "item": {
        "ansible_loop_var": "item",
        "changed": false,
        "cmd": "ssh -o BatchMode=yes -o StrictHostKeyChecking=no -o UserKnownHostsFile=/dev/null -o ConnectTimeout=8 -i /home/nh1221/.ssh/id_dc_lab ubuntu@172.16.2.41 \"id -u\"",
        "delta": "0:00:03.130127",
        "end": "2026-09-03 19:56:32.855860",
        "failed": false,
        "failed_when_result": false,
        "invocation": {
            "module_args": {
                "_raw_params": "ssh -o BatchMode=yes -o StrictHostKeyChecking=no -o UserKnownHostsFile=/dev/null -o ConnectTimeout=8 -i /home/nh1221/.ssh/id_dc_lab ubuntu@172.16.2.41 \"id -u\"",
                "_uses_shell": true,
                "argv": null,
                "chdir": null,
                "creates": null,
                "executable": null,
                "expand_argument_vars": true,
                "removes": null,
                "stdin": null,
                "stdin_add_newline": true,
                "strip_empty_ends": true
            }
        },
        "item": "Exit-Router1",
        "msg": "non-zero return code",
        "rc": 255,
        "start": "2026-09-03 19:56:29.725733",
        "stderr": "ssh: connect to host 172.16.2.41 port 22: No route to host",
        "stderr_lines": [
            "ssh: connect to host 172.16.2.41 port 22: No route to host"
        ],
        "stdout": "",
        "stdout_lines": []
    },
    "msg": "Key-based SSH bootstrap failed for Exit-Router1 (172.16.2.41)"
}
failed: [poweredge_r810] (item=Exit-Router2) => {
    "ansible_loop_var": "item",
    "assertion": "item.rc == 0",
    "changed": false,
    "evaluated_to": false,
    "item": {
        "ansible_loop_var": "item",
        "changed": false,
        "cmd": "ssh -o BatchMode=yes -o StrictHostKeyChecking=no -o UserKnownHostsFile=/dev/null -o ConnectTimeout=8 -i /home/nh1221/.ssh/id_dc_lab ubuntu@172.16.2.42 \"id -u\"",
        "delta": "0:00:03.069661",
        "end": "2026-09-03 19:56:36.824500",
        "failed": false,
        "failed_when_result": false,
        "invocation": {
            "module_args": {
                "_raw_params": "ssh -o BatchMode=yes -o StrictHostKeyChecking=no -o UserKnownHostsFile=/dev/null -o ConnectTimeout=8 -i /home/nh1221/.ssh/id_dc_lab ubuntu@172.16.2.42 \"id -u\"",
                "_uses_shell": true,
                "argv": null,
                "chdir": null,
                "creates": null,
                "executable": null,
                "expand_argument_vars": true,
                "removes": null,
                "stdin": null,
                "stdin_add_newline": true,
                "strip_empty_ends": true
            }
        },
        "item": "Exit-Router2",
        "msg": "non-zero return code",
        "rc": 255,
        "start": "2026-09-03 19:56:33.754839",
        "stderr": "ssh: connect to host 172.16.2.42 port 22: No route to host",
        "stderr_lines": [
            "ssh: connect to host 172.16.2.42 port 22: No route to host"
        ],
        "stdout": "",
        "stdout_lines": []
    },
    "msg": "Key-based SSH bootstrap failed for Exit-Router2 (172.16.2.42)"
}

PLAY RECAP *************************************************************************************************************************************************
localhost                  : ok=3    changed=0    unreachable=0    failed=0    skipped=5    rescued=0    ignored=0
poweredge_r810             : ok=17   changed=9    unreachable=0    failed=1    skipped=0    rescued=0    ignored=0

(venv) nh1221@Lab-ControlNode:/mnt/c/Users/nh1221/dc_lab/clab/sonic-clab$
TASK [Assert key login was successful for all Linux VM nodes] **********************************************************************************************
failed: [poweredge_r810] (item=k8s-master-01) => {
    "ansible_loop_var": "item",
    "assertion": "item.rc == 0",
    "changed": false,
    "evaluated_to": false,
    "item": {
        "ansible_loop_var": "item",
        "changed": false,
        "cmd": "ssh -o BatchMode=yes -o StrictHostKeyChecking=no -o UserKnownHostsFile=/dev/null -o ConnectTimeout=8 -i /home/nh1221/.ssh/id_dc_lab ubuntu@172.16.2.51 \"id -u\"",
        "delta": "0:00:03.097703",
        "end": "2026-09-03 20:13:55.480025",
        "failed": false,
        "failed_when_result": false,
        "invocation": {
            "module_args": {
                "_raw_params": "ssh -o BatchMode=yes -o StrictHostKeyChecking=no -o UserKnownHostsFile=/dev/null -o ConnectTimeout=8 -i /home/nh1221/.ssh/id_dc_lab ubuntu@172.16.2.51 \"id -u\"",
                "_uses_shell": true,
                "argv": null,
                "chdir": null,
                "creates": null,
                "executable": null,
                "expand_argument_vars": true,
                "removes": null,
                "stdin": null,
                "stdin_add_newline": true,
                "strip_empty_ends": true
            }
        },
        "item": "k8s-master-01",
        "msg": "non-zero return code",
        "rc": 255,
        "start": "2026-09-03 20:13:52.382322",
        "stderr": "ssh: connect to host 172.16.2.51 port 22: No route to host",
        "stderr_lines": [
            "ssh: connect to host 172.16.2.51 port 22: No route to host"
        ],
        "stdout": "",
        "stdout_lines": []
    },
    "msg": "Key-based SSH bootstrap failed for k8s-master-01 (172.16.2.51)"
}
failed: [poweredge_r810] (item=k8s-master-02) => {
    "ansible_loop_var": "item",
    "assertion": "item.rc == 0",
    "changed": false,
    "evaluated_to": false,
    "item": {
        "ansible_loop_var": "item",
        "changed": false,
        "cmd": "ssh -o BatchMode=yes -o StrictHostKeyChecking=no -o UserKnownHostsFile=/dev/null -o ConnectTimeout=8 -i /home/nh1221/.ssh/id_dc_lab ubuntu@172.16.2.61 \"id -u\"",
        "delta": "0:00:03.084505",
        "end": "2026-09-03 20:13:59.576357",
        "failed": false,
        "failed_when_result": false,
        "invocation": {
            "module_args": {
                "_raw_params": "ssh -o BatchMode=yes -o StrictHostKeyChecking=no -o UserKnownHostsFile=/dev/null -o ConnectTimeout=8 -i /home/nh1221/.ssh/id_dc_lab ubuntu@172.16.2.61 \"id -u\"",
                "_uses_shell": true,
                "argv": null,
                "chdir": null,
                "creates": null,
                "executable": null,
                "expand_argument_vars": true,
                "removes": null,
                "stdin": null,
                "stdin_add_newline": true,
                "strip_empty_ends": true
            }
        },
        "item": "k8s-master-02",
        "msg": "non-zero return code",
        "rc": 255,
        "start": "2026-09-03 20:13:56.491852",
        "stderr": "ssh: connect to host 172.16.2.61 port 22: No route to host",
        "stderr_lines": [
            "ssh: connect to host 172.16.2.61 port 22: No route to host"
        ],
        "stdout": "",
        "stdout_lines": []
    },
    "msg": "Key-based SSH bootstrap failed for k8s-master-02 (172.16.2.61)"
}
failed: [poweredge_r810] (item=k8s-master-03) => {
    "ansible_loop_var": "item",
    "assertion": "item.rc == 0",
    "changed": false,
    "evaluated_to": false,
    "item": {
        "ansible_loop_var": "item",
        "changed": false,
        "cmd": "ssh -o BatchMode=yes -o StrictHostKeyChecking=no -o UserKnownHostsFile=/dev/null -o ConnectTimeout=8 -i /home/nh1221/.ssh/id_dc_lab ubuntu@172.16.2.71 \"id -u\"",
        "delta": "0:00:03.088243",
        "end": "2026-09-03 20:14:03.607970",
        "failed": false,
        "failed_when_result": false,
        "invocation": {
            "module_args": {
                "_raw_params": "ssh -o BatchMode=yes -o StrictHostKeyChecking=no -o UserKnownHostsFile=/dev/null -o ConnectTimeout=8 -i /home/nh1221/.ssh/id_dc_lab ubuntu@172.16.2.71 \"id -u\"",
                "_uses_shell": true,
                "argv": null,
                "chdir": null,
                "creates": null,
                "executable": null,
                "expand_argument_vars": true,
                "removes": null,
                "stdin": null,
                "stdin_add_newline": true,
                "strip_empty_ends": true
            }
        },
        "item": "k8s-master-03",
        "msg": "non-zero return code",
        "rc": 255,
        "start": "2026-09-03 20:14:00.519727",
        "stderr": "ssh: connect to host 172.16.2.71 port 22: No route to host",
        "stderr_lines": [
            "ssh: connect to host 172.16.2.71 port 22: No route to host"
        ],
        "stdout": "",
        "stdout_lines": []
    },
    "msg": "Key-based SSH bootstrap failed for k8s-master-03 (172.16.2.71)"
}
failed: [poweredge_r810] (item=k8s-db-01) => {
    "ansible_loop_var": "item",
    "assertion": "item.rc == 0",
    "changed": false,
    "evaluated_to": false,
    "item": {
        "ansible_loop_var": "item",
        "changed": false,
        "cmd": "ssh -o BatchMode=yes -o StrictHostKeyChecking=no -o UserKnownHostsFile=/dev/null -o ConnectTimeout=8 -i /home/nh1221/.ssh/id_dc_lab ubuntu@172.16.2.52 \"id -u\"",
        "delta": "0:00:03.125915",
        "end": "2026-09-03 20:14:08.665079",
        "failed": false,
        "failed_when_result": false,
        "invocation": {
            "module_args": {
                "_raw_params": "ssh -o BatchMode=yes -o StrictHostKeyChecking=no -o UserKnownHostsFile=/dev/null -o ConnectTimeout=8 -i /home/nh1221/.ssh/id_dc_lab ubuntu@172.16.2.52 \"id -u\"",
                "_uses_shell": true,
                "argv": null,
                "chdir": null,
                "creates": null,
                "executable": null,
                "expand_argument_vars": true,
                "removes": null,
                "stdin": null,
                "stdin_add_newline": true,
                "strip_empty_ends": true
            }
        },
        "item": "k8s-db-01",
        "msg": "non-zero return code",
        "rc": 255,
        "start": "2026-09-03 20:14:05.539164",
        "stderr": "ssh: connect to host 172.16.2.52 port 22: No route to host",
        "stderr_lines": [
            "ssh: connect to host 172.16.2.52 port 22: No route to host"
        ],
        "stdout": "",
        "stdout_lines": []
    },
    "msg": "Key-based SSH bootstrap failed for k8s-db-01 (172.16.2.52)"
}
failed: [poweredge_r810] (item=k8s-db-02) => {
    "ansible_loop_var": "item",
    "assertion": "item.rc == 0",
    "changed": false,
    "evaluated_to": false,
    "item": {
        "ansible_loop_var": "item",
        "changed": false,
        "cmd": "ssh -o BatchMode=yes -o StrictHostKeyChecking=no -o UserKnownHostsFile=/dev/null -o ConnectTimeout=8 -i /home/nh1221/.ssh/id_dc_lab ubuntu@172.16.2.62 \"id -u\"",
        "delta": "0:00:03.163916",
        "end": "2026-09-03 20:14:12.760666",
        "failed": false,
        "failed_when_result": false,
        "invocation": {
            "module_args": {
                "_raw_params": "ssh -o BatchMode=yes -o StrictHostKeyChecking=no -o UserKnownHostsFile=/dev/null -o ConnectTimeout=8 -i /home/nh1221/.ssh/id_dc_lab ubuntu@172.16.2.62 \"id -u\"",
                "_uses_shell": true,
                "argv": null,
                "chdir": null,
                "creates": null,
                "executable": null,
                "expand_argument_vars": true,
                "removes": null,
                "stdin": null,
                "stdin_add_newline": true,
                "strip_empty_ends": true
            }
        },
        "item": "k8s-db-02",
        "msg": "non-zero return code",
        "rc": 255,
        "start": "2026-09-03 20:14:09.596750",
        "stderr": "ssh: connect to host 172.16.2.62 port 22: No route to host",
        "stderr_lines": [
            "ssh: connect to host 172.16.2.62 port 22: No route to host"
        ],
        "stdout": "",
        "stdout_lines": []
    },
    "msg": "Key-based SSH bootstrap failed for k8s-db-02 (172.16.2.62)"
}
failed: [poweredge_r810] (item=k8s-db-03) => {
    "ansible_loop_var": "item",
    "assertion": "item.rc == 0",
    "changed": false,
    "evaluated_to": false,
    "item": {
        "ansible_loop_var": "item",
        "changed": false,
        "cmd": "ssh -o BatchMode=yes -o StrictHostKeyChecking=no -o UserKnownHostsFile=/dev/null -o ConnectTimeout=8 -i /home/nh1221/.ssh/id_dc_lab ubuntu@172.16.2.72 \"id -u\"",
        "delta": "0:00:03.070638",
        "end": "2026-09-03 20:14:16.792620",
        "failed": false,
        "failed_when_result": false,
        "invocation": {
            "module_args": {
                "_raw_params": "ssh -o BatchMode=yes -o StrictHostKeyChecking=no -o UserKnownHostsFile=/dev/null -o ConnectTimeout=8 -i /home/nh1221/.ssh/id_dc_lab ubuntu@172.16.2.72 \"id -u\"",
                "_uses_shell": true,
                "argv": null,
                "chdir": null,
                "creates": null,
                "executable": null,
                "expand_argument_vars": true,
                "removes": null,
                "stdin": null,
                "stdin_add_newline": true,
                "strip_empty_ends": true
            }
        },
        "item": "k8s-db-03",
        "msg": "non-zero return code",
        "rc": 255,
        "start": "2026-09-03 20:14:13.721982",
        "stderr": "ssh: connect to host 172.16.2.72 port 22: No route to host",
        "stderr_lines": [
            "ssh: connect to host 172.16.2.72 port 22: No route to host"
        ],
        "stdout": "",
        "stdout_lines": []
    },
    "msg": "Key-based SSH bootstrap failed for k8s-db-03 (172.16.2.72)"
}
failed: [poweredge_r810] (item=osh-ctrl-01) => {
    "ansible_loop_var": "item",
    "assertion": "item.rc == 0",
    "changed": false,
    "evaluated_to": false,
    "item": {
        "ansible_loop_var": "item",
        "changed": false,
        "cmd": "ssh -o BatchMode=yes -o StrictHostKeyChecking=no -o UserKnownHostsFile=/dev/null -o ConnectTimeout=8 -i /home/nh1221/.ssh/id_dc_lab ubuntu@172.16.2.53 \"id -u\"",
        "delta": "0:00:03.101288",
        "end": "2026-09-03 20:14:21.016370",
        "failed": false,
        "failed_when_result": false,
        "invocation": {
            "module_args": {
                "_raw_params": "ssh -o BatchMode=yes -o StrictHostKeyChecking=no -o UserKnownHostsFile=/dev/null -o ConnectTimeout=8 -i /home/nh1221/.ssh/id_dc_lab ubuntu@172.16.2.53 \"id -u\"",
                "_uses_shell": true,
                "argv": null,
                "chdir": null,
                "creates": null,
                "executable": null,
                "expand_argument_vars": true,
                "removes": null,
                "stdin": null,
                "stdin_add_newline": true,
                "strip_empty_ends": true
            }
        },
        "item": "osh-ctrl-01",
        "msg": "non-zero return code",
        "rc": 255,
        "start": "2026-09-03 20:14:17.915082",
        "stderr": "ssh: connect to host 172.16.2.53 port 22: No route to host",
        "stderr_lines": [
            "ssh: connect to host 172.16.2.53 port 22: No route to host"
        ],
        "stdout": "",
        "stdout_lines": []
    },
    "msg": "Key-based SSH bootstrap failed for osh-ctrl-01 (172.16.2.53)"
}
failed: [poweredge_r810] (item=osh-ctrl-02) => {
    "ansible_loop_var": "item",
    "assertion": "item.rc == 0",
    "changed": false,
    "evaluated_to": false,
    "item": {
        "ansible_loop_var": "item",
        "changed": false,
        "cmd": "ssh -o BatchMode=yes -o StrictHostKeyChecking=no -o UserKnownHostsFile=/dev/null -o ConnectTimeout=8 -i /home/nh1221/.ssh/id_dc_lab ubuntu@172.16.2.63 \"id -u\"",
        "delta": "0:00:03.128100",
        "end": "2026-09-03 20:14:25.111582",
        "failed": false,
        "failed_when_result": false,
        "invocation": {
            "module_args": {
                "_raw_params": "ssh -o BatchMode=yes -o StrictHostKeyChecking=no -o UserKnownHostsFile=/dev/null -o ConnectTimeout=8 -i /home/nh1221/.ssh/id_dc_lab ubuntu@172.16.2.63 \"id -u\"",
                "_uses_shell": true,
                "argv": null,
                "chdir": null,
                "creates": null,
                "executable": null,
                "expand_argument_vars": true,
                "removes": null,
                "stdin": null,
                "stdin_add_newline": true,
                "strip_empty_ends": true
            }
        },
        "item": "osh-ctrl-02",
        "msg": "non-zero return code",
        "rc": 255,
        "start": "2026-09-03 20:14:21.983482",
        "stderr": "ssh: connect to host 172.16.2.63 port 22: No route to host",
        "stderr_lines": [
            "ssh: connect to host 172.16.2.63 port 22: No route to host"
        ],
        "stdout": "",
        "stdout_lines": []
    },
    "msg": "Key-based SSH bootstrap failed for osh-ctrl-02 (172.16.2.63)"
}
failed: [poweredge_r810] (item=osh-ctrl-03) => {
    "ansible_loop_var": "item",
    "assertion": "item.rc == 0",
    "changed": false,
    "evaluated_to": false,
    "item": {
        "ansible_loop_var": "item",
        "changed": false,
        "cmd": "ssh -o BatchMode=yes -o StrictHostKeyChecking=no -o UserKnownHostsFile=/dev/null -o ConnectTimeout=8 -i /home/nh1221/.ssh/id_dc_lab ubuntu@172.16.2.73 \"id -u\"",
        "delta": "0:00:03.129703",
        "end": "2026-09-03 20:14:29.207743",
        "failed": false,
        "failed_when_result": false,
        "invocation": {
            "module_args": {
                "_raw_params": "ssh -o BatchMode=yes -o StrictHostKeyChecking=no -o UserKnownHostsFile=/dev/null -o ConnectTimeout=8 -i /home/nh1221/.ssh/id_dc_lab ubuntu@172.16.2.73 \"id -u\"",
                "_uses_shell": true,
                "argv": null,
                "chdir": null,
                "creates": null,
                "executable": null,
                "expand_argument_vars": true,
                "removes": null,
                "stdin": null,
                "stdin_add_newline": true,
                "strip_empty_ends": true
            }
        },
        "item": "osh-ctrl-03",
        "msg": "non-zero return code",
        "rc": 255,
        "start": "2026-09-03 20:14:26.078040",
        "stderr": "ssh: connect to host 172.16.2.73 port 22: No route to host",
        "stderr_lines": [
            "ssh: connect to host 172.16.2.73 port 22: No route to host"
        ],
        "stdout": "",
        "stdout_lines": []
    },
    "msg": "Key-based SSH bootstrap failed for osh-ctrl-03 (172.16.2.73)"
}
failed: [poweredge_r810] (item=osh-net-01) => {
    "ansible_loop_var": "item",
    "assertion": "item.rc == 0",
    "changed": false,
    "evaluated_to": false,
    "item": {
        "ansible_loop_var": "item",
        "changed": false,
        "cmd": "ssh -o BatchMode=yes -o StrictHostKeyChecking=no -o UserKnownHostsFile=/dev/null -o ConnectTimeout=8 -i /home/nh1221/.ssh/id_dc_lab ubuntu@172.16.2.54 \"id -u\"",
        "delta": "0:00:03.129228",
        "end": "2026-09-03 20:14:33.303613",
        "failed": false,
        "failed_when_result": false,
        "invocation": {
            "module_args": {
                "_raw_params": "ssh -o BatchMode=yes -o StrictHostKeyChecking=no -o UserKnownHostsFile=/dev/null -o ConnectTimeout=8 -i /home/nh1221/.ssh/id_dc_lab ubuntu@172.16.2.54 \"id -u\"",
                "_uses_shell": true,
                "argv": null,
                "chdir": null,
                "creates": null,
                "executable": null,
                "expand_argument_vars": true,
                "removes": null,
                "stdin": null,
                "stdin_add_newline": true,
                "strip_empty_ends": true
            }
        },
        "item": "osh-net-01",
        "msg": "non-zero return code",
        "rc": 255,
        "start": "2026-09-03 20:14:30.174385",
        "stderr": "ssh: connect to host 172.16.2.54 port 22: No route to host",
        "stderr_lines": [
            "ssh: connect to host 172.16.2.54 port 22: No route to host"
        ],
        "stdout": "",
        "stdout_lines": []
    },
    "msg": "Key-based SSH bootstrap failed for osh-net-01 (172.16.2.54)"
}
failed: [poweredge_r810] (item=osh-net-02) => {
    "ansible_loop_var": "item",
    "assertion": "item.rc == 0",
    "changed": false,
    "evaluated_to": false,
    "item": {
        "ansible_loop_var": "item",
        "changed": false,
        "cmd": "ssh -o BatchMode=yes -o StrictHostKeyChecking=no -o UserKnownHostsFile=/dev/null -o ConnectTimeout=8 -i /home/nh1221/.ssh/id_dc_lab ubuntu@172.16.2.64 \"id -u\"",
        "delta": "0:00:03.092901",
        "end": "2026-09-03 20:14:38.231540",
        "failed": false,
        "failed_when_result": false,
        "invocation": {
            "module_args": {
                "_raw_params": "ssh -o BatchMode=yes -o StrictHostKeyChecking=no -o UserKnownHostsFile=/dev/null -o ConnectTimeout=8 -i /home/nh1221/.ssh/id_dc_lab ubuntu@172.16.2.64 \"id -u\"",
                "_uses_shell": true,
                "argv": null,
                "chdir": null,
                "creates": null,
                "executable": null,
                "expand_argument_vars": true,
                "removes": null,
                "stdin": null,
                "stdin_add_newline": true,
                "strip_empty_ends": true
            }
        },
        "item": "osh-net-02",
        "msg": "non-zero return code",
        "rc": 255,
        "start": "2026-09-03 20:14:35.138639",
        "stderr": "ssh: connect to host 172.16.2.64 port 22: No route to host",
        "stderr_lines": [
            "ssh: connect to host 172.16.2.64 port 22: No route to host"
        ],
        "stdout": "",
        "stdout_lines": []
    },
    "msg": "Key-based SSH bootstrap failed for osh-net-02 (172.16.2.64)"
}
failed: [poweredge_r810] (item=MonSrv) => {
    "ansible_loop_var": "item",
    "assertion": "item.rc == 0",
    "changed": false,
    "evaluated_to": false,
    "item": {
        "ansible_loop_var": "item",
        "changed": false,
        "cmd": "ssh -o BatchMode=yes -o StrictHostKeyChecking=no -o UserKnownHostsFile=/dev/null -o ConnectTimeout=8 -i /home/nh1221/.ssh/id_dc_lab ubuntu@172.16.2.74 \"id -u\"",
        "delta": "0:00:03.076523",
        "end": "2026-09-03 20:14:42.199147",
        "failed": false,
        "failed_when_result": false,
        "invocation": {
            "module_args": {
                "_raw_params": "ssh -o BatchMode=yes -o StrictHostKeyChecking=no -o UserKnownHostsFile=/dev/null -o ConnectTimeout=8 -i /home/nh1221/.ssh/id_dc_lab ubuntu@172.16.2.74 \"id -u\"",
                "_uses_shell": true,
                "argv": null,
                "chdir": null,
                "creates": null,
                "executable": null,
                "expand_argument_vars": true,
                "removes": null,
                "stdin": null,
                "stdin_add_newline": true,
                "strip_empty_ends": true
            }
        },
        "item": "MonSrv",
        "msg": "non-zero return code",
        "rc": 255,
        "start": "2026-09-03 20:14:39.122624",
        "stderr": "ssh: connect to host 172.16.2.74 port 22: No route to host",
        "stderr_lines": [
            "ssh: connect to host 172.16.2.74 port 22: No route to host"
        ],
        "stdout": "",
        "stdout_lines": []
    },
    "msg": "Key-based SSH bootstrap failed for MonSrv (172.16.2.74)"
}
failed: [poweredge_r810] (item=osh-comp-01) => {
    "ansible_loop_var": "item",
    "assertion": "item.rc == 0",
    "changed": false,
    "evaluated_to": false,
    "item": {
        "ansible_loop_var": "item",
        "changed": false,
        "cmd": "ssh -o BatchMode=yes -o StrictHostKeyChecking=no -o UserKnownHostsFile=/dev/null -o ConnectTimeout=8 -i /home/nh1221/.ssh/id_dc_lab ubuntu@172.16.2.55 \"id -u\"",
        "delta": "0:00:03.066014",
        "end": "2026-09-03 20:14:46.359596",
        "failed": false,
        "failed_when_result": false,
        "invocation": {
            "module_args": {
                "_raw_params": "ssh -o BatchMode=yes -o StrictHostKeyChecking=no -o UserKnownHostsFile=/dev/null -o ConnectTimeout=8 -i /home/nh1221/.ssh/id_dc_lab ubuntu@172.16.2.55 \"id -u\"",
                "_uses_shell": true,
                "argv": null,
                "chdir": null,
                "creates": null,
                "executable": null,
                "expand_argument_vars": true,
                "removes": null,
                "stdin": null,
                "stdin_add_newline": true,
                "strip_empty_ends": true
            }
        },
        "item": "osh-comp-01",
        "msg": "non-zero return code",
        "rc": 255,
        "start": "2026-09-03 20:14:43.293582",
        "stderr": "ssh: connect to host 172.16.2.55 port 22: No route to host",
        "stderr_lines": [
            "ssh: connect to host 172.16.2.55 port 22: No route to host"
        ],
        "stdout": "",
        "stdout_lines": []
    },
    "msg": "Key-based SSH bootstrap failed for osh-comp-01 (172.16.2.55)"
}
failed: [poweredge_r810] (item=osh-comp-02) => {
    "ansible_loop_var": "item",
    "assertion": "item.rc == 0",
    "changed": false,
    "evaluated_to": false,
    "item": {
        "ansible_loop_var": "item",
        "changed": false,
        "cmd": "ssh -o BatchMode=yes -o StrictHostKeyChecking=no -o UserKnownHostsFile=/dev/null -o ConnectTimeout=8 -i /home/nh1221/.ssh/id_dc_lab ubuntu@172.16.2.65 \"id -u\"",
        "delta": "0:00:03.072472",
        "end": "2026-09-03 20:14:50.903543",
        "failed": false,
        "failed_when_result": false,
        "invocation": {
            "module_args": {
                "_raw_params": "ssh -o BatchMode=yes -o StrictHostKeyChecking=no -o UserKnownHostsFile=/dev/null -o ConnectTimeout=8 -i /home/nh1221/.ssh/id_dc_lab ubuntu@172.16.2.65 \"id -u\"",
                "_uses_shell": true,
                "argv": null,
                "chdir": null,
                "creates": null,
                "executable": null,
                "expand_argument_vars": true,
                "removes": null,
                "stdin": null,
                "stdin_add_newline": true,
                "strip_empty_ends": true
            }
        },
        "item": "osh-comp-02",
        "msg": "non-zero return code",
        "rc": 255,
        "start": "2026-09-03 20:14:47.831071",
        "stderr": "ssh: connect to host 172.16.2.65 port 22: No route to host",
        "stderr_lines": [
            "ssh: connect to host 172.16.2.65 port 22: No route to host"
        ],
        "stdout": "",
        "stdout_lines": []
    },
    "msg": "Key-based SSH bootstrap failed for osh-comp-02 (172.16.2.65)"
}
failed: [poweredge_r810] (item=osh-comp-03) => {
    "ansible_loop_var": "item",
    "assertion": "item.rc == 0",
    "changed": false,
    "evaluated_to": false,
    "item": {
        "ansible_loop_var": "item",
        "changed": false,
        "cmd": "ssh -o BatchMode=yes -o StrictHostKeyChecking=no -o UserKnownHostsFile=/dev/null -o ConnectTimeout=8 -i /home/nh1221/.ssh/id_dc_lab ubuntu@172.16.2.75 \"id -u\"",
        "delta": "0:00:03.073014",
        "end": "2026-09-03 20:14:55.255185",
        "failed": false,
        "failed_when_result": false,
        "invocation": {
            "module_args": {
                "_raw_params": "ssh -o BatchMode=yes -o StrictHostKeyChecking=no -o UserKnownHostsFile=/dev/null -o ConnectTimeout=8 -i /home/nh1221/.ssh/id_dc_lab ubuntu@172.16.2.75 \"id -u\"",
                "_uses_shell": true,
                "argv": null,
                "chdir": null,
                "creates": null,
                "executable": null,
                "expand_argument_vars": true,
                "removes": null,
                "stdin": null,
                "stdin_add_newline": true,
                "strip_empty_ends": true
            }
        },
        "item": "osh-comp-03",
        "msg": "non-zero return code",
        "rc": 255,
        "start": "2026-09-03 20:14:52.182171",
        "stderr": "ssh: connect to host 172.16.2.75 port 22: No route to host",
        "stderr_lines": [
            "ssh: connect to host 172.16.2.75 port 22: No route to host"
        ],
        "stdout": "",
        "stdout_lines": []
    },
    "msg": "Key-based SSH bootstrap failed for osh-comp-03 (172.16.2.75)"
}
failed: [poweredge_r810] (item=osh-comp-04) => {
    "ansible_loop_var": "item",
    "assertion": "item.rc == 0",
    "changed": false,
    "evaluated_to": false,
    "item": {
        "ansible_loop_var": "item",
        "changed": false,
        "cmd": "ssh -o BatchMode=yes -o StrictHostKeyChecking=no -o UserKnownHostsFile=/dev/null -o ConnectTimeout=8 -i /home/nh1221/.ssh/id_dc_lab ubuntu@172.16.2.56 \"id -u\"",
        "delta": "0:00:03.091210",
        "end": "2026-09-03 20:14:59.288763",
        "failed": false,
        "failed_when_result": false,
        "invocation": {
            "module_args": {
                "_raw_params": "ssh -o BatchMode=yes -o StrictHostKeyChecking=no -o UserKnownHostsFile=/dev/null -o ConnectTimeout=8 -i /home/nh1221/.ssh/id_dc_lab ubuntu@172.16.2.56 \"id -u\"",
                "_uses_shell": true,
                "argv": null,
                "chdir": null,
                "creates": null,
                "executable": null,
                "expand_argument_vars": true,
                "removes": null,
                "stdin": null,
                "stdin_add_newline": true,
                "strip_empty_ends": true
            }
        },
        "item": "osh-comp-04",
        "msg": "non-zero return code",
        "rc": 255,
        "start": "2026-09-03 20:14:56.197553",
        "stderr": "ssh: connect to host 172.16.2.56 port 22: No route to host",
        "stderr_lines": [
            "ssh: connect to host 172.16.2.56 port 22: No route to host"
        ],
        "stdout": "",
        "stdout_lines": []
    },
    "msg": "Key-based SSH bootstrap failed for osh-comp-04 (172.16.2.56)"
}
failed: [poweredge_r810] (item=Exit-Router1) => {
    "ansible_loop_var": "item",
    "assertion": "item.rc == 0",
    "changed": false,
    "evaluated_to": false,
    "item": {
        "ansible_loop_var": "item",
        "changed": false,
        "cmd": "ssh -o BatchMode=yes -o StrictHostKeyChecking=no -o UserKnownHostsFile=/dev/null -o ConnectTimeout=8 -i /home/nh1221/.ssh/id_dc_lab ubuntu@172.16.2.41 \"id -u\"",
        "delta": "0:00:03.103713",
        "end": "2026-09-03 20:15:03.383546",
        "failed": false,
        "failed_when_result": false,
        "invocation": {
            "module_args": {
                "_raw_params": "ssh -o BatchMode=yes -o StrictHostKeyChecking=no -o UserKnownHostsFile=/dev/null -o ConnectTimeout=8 -i /home/nh1221/.ssh/id_dc_lab ubuntu@172.16.2.41 \"id -u\"",
                "_uses_shell": true,
                "argv": null,
                "chdir": null,
                "creates": null,
                "executable": null,
                "expand_argument_vars": true,
                "removes": null,
                "stdin": null,
                "stdin_add_newline": true,
                "strip_empty_ends": true
            }
        },
        "item": "Exit-Router1",
        "msg": "non-zero return code",
        "rc": 255,
        "start": "2026-09-03 20:15:00.279833",
        "stderr": "ssh: connect to host 172.16.2.41 port 22: No route to host",
        "stderr_lines": [
            "ssh: connect to host 172.16.2.41 port 22: No route to host"
        ],
        "stdout": "",
        "stdout_lines": []
    },
    "msg": "Key-based SSH bootstrap failed for Exit-Router1 (172.16.2.41)"
}
failed: [poweredge_r810] (item=Exit-Router2) => {
    "ansible_loop_var": "item",
    "assertion": "item.rc == 0",
    "changed": false,
    "evaluated_to": false,
    "item": {
        "ansible_loop_var": "item",
        "changed": false,
        "cmd": "ssh -o BatchMode=yes -o StrictHostKeyChecking=no -o UserKnownHostsFile=/dev/null -o ConnectTimeout=8 -i /home/nh1221/.ssh/id_dc_lab ubuntu@172.16.2.42 \"id -u\"",
        "delta": "0:00:03.070435",
        "end": "2026-09-03 20:15:07.671597",
        "failed": false,
        "failed_when_result": false,
        "invocation": {
            "module_args": {
                "_raw_params": "ssh -o BatchMode=yes -o StrictHostKeyChecking=no -o UserKnownHostsFile=/dev/null -o ConnectTimeout=8 -i /home/nh1221/.ssh/id_dc_lab ubuntu@172.16.2.42 \"id -u\"",
                "_uses_shell": true,
                "argv": null,
                "chdir": null,
                "creates": null,
                "executable": null,
                "expand_argument_vars": true,
                "removes": null,
                "stdin": null,
                "stdin_add_newline": true,
                "strip_empty_ends": true
            }
        },
        "item": "Exit-Router2",
        "msg": "non-zero return code",
        "rc": 255,
        "start": "2026-09-03 20:15:04.601162",
        "stderr": "ssh: connect to host 172.16.2.42 port 22: No route to host",
        "stderr_lines": [
            "ssh: connect to host 172.16.2.42 port 22: No route to host"
        ],
        "stdout": "",
        "stdout_lines": []
    },
    "msg": "Key-based SSH bootstrap failed for Exit-Router2 (172.16.2.42)"
}

PLAY RECAP *************************************************************************************************************************************************
localhost                  : ok=3    changed=0    unreachable=0    failed=0    skipped=5    rescued=0    ignored=0
poweredge_r810             : ok=17   changed=9    unreachable=0    failed=1    skipped=0    rescued=0    ignored=0

(venv) nh1221@Lab-ControlNode:/mnt/c/Users/nh1221/dc_lab/clab/sonic-clab$
nh1221@PowerEdge-R810:~$ sudo docker exec -it k8s-master-01 telnet 127.0.0.1 5000
Trying 127.0.0.1...
Connected to 127.0.0.1.
Escape character is '^]'.

ubuntu login: ubuntu
Password:
Login incorrect

ubuntu login: root
Password:
Login incorrect

ubuntu login: admin
Password:
Login incorrect

ubuntu login:
telnet> quit
Connection closed.
nh1221@PowerEdge-R810:~$
nh1221@PowerEdge-R810:~$ ssh k8s-master-01
ssh: connect to host k8s-master-01 port 22: No route to host
nh1221@PowerEdge-R810:~$

nh1221@PowerEdge-R810:~$ sudo docker exec -it Host12-1 telnet 127.0.0.1 5000
Error response from daemon: No such container: Host12-1
nh1221@PowerEdge-R810:~$ sudo docker exec -it k8s-master-01 telnet 127.0.0.1 5000
Trying 127.0.0.1...
Connected to 127.0.0.1.
Escape character is '^]'.

ubuntu login: ubuntu
Password:
Login incorrect

ubuntu login: root
Password:
Login incorrect

ubuntu login: admin
Password:
Login incorrect

ubuntu login:
telnet> quit
Connection closed.
nh1221@PowerEdge-R810:~$ ssh k8s-master-01
ssh: connect to host k8s-master-01 port 22: No route to host
nh1221@PowerEdge-R810:~$ ip l sh
1: lo: <LOOPBACK,UP,LOWER_UP> mtu 65536 qdisc noqueue state UNKNOWN mode DEFAULT group default qlen 1000
    link/loopback 00:00:00:00:00:00 brd 00:00:00:00:00:00
2: eno1: <BROADCAST,MULTICAST,UP,LOWER_UP> mtu 1500 qdisc mq state UP mode DEFAULT group default qlen 1000
    link/ether 14:fe:b5:ca:22:02 brd ff:ff:ff:ff:ff:ff
    altname enp1s0f0
    altname enx14feb5ca2202
3: eno2: <NO-CARRIER,BROADCAST,MULTICAST,UP> mtu 1500 qdisc mq state DOWN mode DEFAULT group default qlen 1000
    link/ether 14:fe:b5:ca:22:04 brd ff:ff:ff:ff:ff:ff
    altname enp1s0f1
    altname enx14feb5ca2204
4: eno3: <NO-CARRIER,BROADCAST,MULTICAST,UP> mtu 1500 qdisc mq state DOWN mode DEFAULT group default qlen 1000
    link/ether 14:fe:b5:ca:22:06 brd ff:ff:ff:ff:ff:ff
    altname enp2s0f0
    altname enx14feb5ca2206
5: eno4: <NO-CARRIER,BROADCAST,MULTICAST,UP> mtu 1500 qdisc mq state DOWN mode DEFAULT group default qlen 1000
    link/ether 14:fe:b5:ca:22:08 brd ff:ff:ff:ff:ff:ff
    altname enp2s0f1
    altname enx14feb5ca2208
6: enp13s0f0: <NO-CARRIER,BROADCAST,MULTICAST,UP> mtu 1500 qdisc mq state DOWN mode DEFAULT group default qlen 1000
    link/ether f4:e9:d4:8d:ee:20 brd ff:ff:ff:ff:ff:ff
    altname enxf4e9d48dee20
7: enp12s0f0: <NO-CARRIER,BROADCAST,MULTICAST,UP> mtu 1500 qdisc mq state DOWN mode DEFAULT group default qlen 1000
    link/ether 00:90:fa:ab:d9:62 brd ff:ff:ff:ff:ff:ff
    altname enx0090faabd962
8: enp13s0f1: <NO-CARRIER,BROADCAST,MULTICAST,UP> mtu 1500 qdisc mq state DOWN mode DEFAULT group default qlen 1000
    link/ether f4:e9:d4:8d:ee:22 brd ff:ff:ff:ff:ff:ff
    altname enxf4e9d48dee22
9: enp12s0f1: <NO-CARRIER,BROADCAST,MULTICAST,UP> mtu 1500 qdisc mq state DOWN mode DEFAULT group default qlen 1000
    link/ether 00:90:fa:ab:d9:6a brd ff:ff:ff:ff:ff:ff
    altname enx0090faabd96a
10: enp12s0f4: <NO-CARRIER,BROADCAST,MULTICAST,UP> mtu 1500 qdisc mq state DOWN mode DEFAULT group default qlen 1000
    link/ether 00:90:fa:ab:d9:64 brd ff:ff:ff:ff:ff:ff
    altname enx0090faabd964
11: enp12s0f5: <NO-CARRIER,BROADCAST,MULTICAST,UP> mtu 1500 qdisc mq state DOWN mode DEFAULT group default qlen 1000
    link/ether 00:90:fa:ab:d9:6c brd ff:ff:ff:ff:ff:ff
    altname enx0090faabd96c
12: enp12s0f6: <NO-CARRIER,BROADCAST,MULTICAST,UP> mtu 1500 qdisc mq state DOWN mode DEFAULT group default qlen 1000
    link/ether 00:90:fa:ab:d9:65 brd ff:ff:ff:ff:ff:ff
    altname enx0090faabd965
13: enp12s0f7: <NO-CARRIER,BROADCAST,MULTICAST,UP> mtu 1500 qdisc mq state DOWN mode DEFAULT group default qlen 1000
    link/ether 00:90:fa:ab:d9:6d brd ff:ff:ff:ff:ff:ff
    altname enx0090faabd96d
14: ovs-system: <BROADCAST,MULTICAST> mtu 1500 qdisc noop state DOWN mode DEFAULT group default qlen 1000
    link/ether ca:b2:cd:9e:1a:7d brd ff:ff:ff:ff:ff:ff
15: br-H341-L4: <BROADCAST,MULTICAST> mtu 1500 qdisc noop state DOWN mode DEFAULT group default qlen 1000
    link/ether 5a:f0:00:43:48:4a brd ff:ff:ff:ff:ff:ff
16: br-BL2-S2: <BROADCAST,MULTICAST> mtu 1500 qdisc noop state DOWN mode DEFAULT group default qlen 1000
    link/ether 9e:12:e5:ff:8f:49 brd ff:ff:ff:ff:ff:ff
17: br-H123-L1: <BROADCAST,MULTICAST> mtu 1500 qdisc noop state DOWN mode DEFAULT group default qlen 1000
    link/ether 8e:82:56:6c:6d:48 brd ff:ff:ff:ff:ff:ff
18: br-L3-S1: <BROADCAST,MULTICAST> mtu 1500 qdisc noop state DOWN mode DEFAULT group default qlen 1000
    link/ether fa:6d:0c:bf:21:46 brd ff:ff:ff:ff:ff:ff
19: br-HB121-BL2: <BROADCAST,MULTICAST> mtu 1500 qdisc noop state DOWN mode DEFAULT group default qlen 1000
    link/ether 16:99:bd:d7:59:48 brd ff:ff:ff:ff:ff:ff
20: br-H121-L1: <BROADCAST,MULTICAST> mtu 1500 qdisc noop state DOWN mode DEFAULT group default qlen 1000
    link/ether c2:49:17:3f:48:43 brd ff:ff:ff:ff:ff:ff
21: br-BL1-ER1: <BROADCAST,MULTICAST> mtu 1500 qdisc noop state DOWN mode DEFAULT group default qlen 1000
    link/ether 52:b3:66:2e:04:40 brd ff:ff:ff:ff:ff:ff
22: br-MS-L3: <BROADCAST,MULTICAST> mtu 1500 qdisc noop state DOWN mode DEFAULT group default qlen 1000
    link/ether 82:70:0c:e4:a6:49 brd ff:ff:ff:ff:ff:ff
23: br-H121-L2: <BROADCAST,MULTICAST> mtu 1500 qdisc noop state DOWN mode DEFAULT group default qlen 1000
    link/ether 96:1a:ea:7e:ed:45 brd ff:ff:ff:ff:ff:ff
24: br-H342-L4: <BROADCAST,MULTICAST> mtu 1500 qdisc noop state DOWN mode DEFAULT group default qlen 1000
    link/ether 32:c7:b2:e6:94:4d brd ff:ff:ff:ff:ff:ff
25: br-L2-S2: <BROADCAST,MULTICAST> mtu 1500 qdisc noop state DOWN mode DEFAULT group default qlen 1000
    link/ether ee:2b:fb:02:c6:45 brd ff:ff:ff:ff:ff:ff
26: br-H122-L2: <BROADCAST,MULTICAST> mtu 1500 qdisc noop state DOWN mode DEFAULT group default qlen 1000
    link/ether 56:a9:4b:a4:9d:42 brd ff:ff:ff:ff:ff:ff
27: br-HB122-BL2: <BROADCAST,MULTICAST> mtu 1500 qdisc noop state DOWN mode DEFAULT group default qlen 1000
    link/ether 12:e2:a1:88:f1:47 brd ff:ff:ff:ff:ff:ff
28: br-H342-L3: <BROADCAST,MULTICAST> mtu 1500 qdisc noop state DOWN mode DEFAULT group default qlen 1000
    link/ether de:c6:86:de:8a:4a brd ff:ff:ff:ff:ff:ff
29: br-L4-S1: <BROADCAST,MULTICAST> mtu 1500 qdisc noop state DOWN mode DEFAULT group default qlen 1000
    link/ether b6:47:a1:43:59:44 brd ff:ff:ff:ff:ff:ff
30: br-BL1-S2: <BROADCAST,MULTICAST> mtu 1500 qdisc noop state DOWN mode DEFAULT group default qlen 1000
    link/ether 0e:2b:36:56:76:42 brd ff:ff:ff:ff:ff:ff
31: br-BL2-S1: <BROADCAST,MULTICAST> mtu 1500 qdisc noop state DOWN mode DEFAULT group default qlen 1000
    link/ether 42:8a:72:fc:df:46 brd ff:ff:ff:ff:ff:ff
32: br-HB121-BL1: <BROADCAST,MULTICAST> mtu 1500 qdisc noop state DOWN mode DEFAULT group default qlen 1000
    link/ether 0a:ba:07:33:14:4b brd ff:ff:ff:ff:ff:ff
33: dec_br-mgmt: <BROADCAST,MULTICAST> mtu 1500 qdisc noop state DOWN mode DEFAULT group default qlen 1000
    link/ether 0e:d8:84:10:e3:4a brd ff:ff:ff:ff:ff:ff
34: br-L4-S2: <BROADCAST,MULTICAST> mtu 1500 qdisc noop state DOWN mode DEFAULT group default qlen 1000
    link/ether 46:b4:64:74:d2:4b brd ff:ff:ff:ff:ff:ff
35: br-BL1-S1: <BROADCAST,MULTICAST> mtu 1500 qdisc noop state DOWN mode DEFAULT group default qlen 1000
    link/ether ce:ed:83:89:18:48 brd ff:ff:ff:ff:ff:ff
36: br-H341-L3: <BROADCAST,MULTICAST> mtu 1500 qdisc noop state DOWN mode DEFAULT group default qlen 1000
    link/ether ae:13:cc:63:e5:46 brd ff:ff:ff:ff:ff:ff
37: br-L3-S2: <BROADCAST,MULTICAST> mtu 1500 qdisc noop state DOWN mode DEFAULT group default qlen 1000
    link/ether 12:6a:11:49:32:41 brd ff:ff:ff:ff:ff:ff
38: br-stub: <BROADCAST,MULTICAST> mtu 1500 qdisc noop state DOWN mode DEFAULT group default qlen 1000
    link/ether 0e:3b:3e:1a:53:4f brd ff:ff:ff:ff:ff:ff
39: br-wan1: <BROADCAST,MULTICAST> mtu 1500 qdisc noop state DOWN mode DEFAULT group default qlen 1000
    link/ether ea:29:2e:e7:4e:4c brd ff:ff:ff:ff:ff:ff
40: br-BL2-ER2: <BROADCAST,MULTICAST> mtu 1500 qdisc noop state DOWN mode DEFAULT group default qlen 1000
    link/ether c2:d4:10:3b:fe:44 brd ff:ff:ff:ff:ff:ff
41: br-L2-S1: <BROADCAST,MULTICAST> mtu 1500 qdisc noop state DOWN mode DEFAULT group default qlen 1000
    link/ether 4e:4f:bf:9b:44:4c brd ff:ff:ff:ff:ff:ff
42: br-wan2: <BROADCAST,MULTICAST> mtu 1500 qdisc noop state DOWN mode DEFAULT group default qlen 1000
    link/ether 5a:d1:2b:e9:4c:48 brd ff:ff:ff:ff:ff:ff
43: br-H122-L1: <BROADCAST,MULTICAST> mtu 1500 qdisc noop state DOWN mode DEFAULT group default qlen 1000
    link/ether 1e:b2:fa:1b:e8:44 brd ff:ff:ff:ff:ff:ff
44: br-MS-L4: <BROADCAST,MULTICAST> mtu 1500 qdisc noop state DOWN mode DEFAULT group default qlen 1000
    link/ether 8e:15:4c:a9:c0:45 brd ff:ff:ff:ff:ff:ff
45: br-HB122-BL1: <BROADCAST,MULTICAST> mtu 1500 qdisc noop state DOWN mode DEFAULT group default qlen 1000
    link/ether 26:fb:40:17:4f:47 brd ff:ff:ff:ff:ff:ff
46: br-H123-L2: <BROADCAST,MULTICAST> mtu 1500 qdisc noop state DOWN mode DEFAULT group default qlen 1000
    link/ether aa:07:07:8d:95:41 brd ff:ff:ff:ff:ff:ff
47: br-BL2-ER1: <BROADCAST,MULTICAST> mtu 1500 qdisc noop state DOWN mode DEFAULT group default qlen 1000
    link/ether 82:ef:62:1c:e0:4d brd ff:ff:ff:ff:ff:ff
48: br-pad: <BROADCAST,MULTICAST> mtu 1500 qdisc noop state DOWN mode DEFAULT group default qlen 1000
    link/ether 72:f6:1a:47:d8:48 brd ff:ff:ff:ff:ff:ff
49: br-mgmt: <NO-CARRIER,BROADCAST,MULTICAST,UP> mtu 1500 qdisc noqueue state DOWN mode DEFAULT group default qlen 1000
    link/ether 52:54:00:2e:0c:b0 brd ff:ff:ff:ff:ff:ff
50: br-L1-S2: <BROADCAST,MULTICAST> mtu 1500 qdisc noop state DOWN mode DEFAULT group default qlen 1000
    link/ether 3a:fd:84:d3:56:41 brd ff:ff:ff:ff:ff:ff
51: br-L1-S1: <BROADCAST,MULTICAST> mtu 1500 qdisc noop state DOWN mode DEFAULT group default qlen 1000
    link/ether ce:1f:3f:a5:11:4d brd ff:ff:ff:ff:ff:ff
52: br-BL1-ER2: <BROADCAST,MULTICAST> mtu 1500 qdisc noop state DOWN mode DEFAULT group default qlen 1000
    link/ether 0a:54:fe:8b:57:44 brd ff:ff:ff:ff:ff:ff
53: virbr0: <NO-CARRIER,BROADCAST,MULTICAST,UP> mtu 1500 qdisc noqueue state DOWN mode DEFAULT group default qlen 1000
    link/ether 52:54:00:bb:ef:d4 brd ff:ff:ff:ff:ff:ff
67: docker0: <BROADCAST,MULTICAST,UP,LOWER_UP> mtu 1500 qdisc noqueue state UP mode DEFAULT group default
    link/ether 56:cd:ab:a3:3c:a6 brd ff:ff:ff:ff:ff:ff
97: veth7c31b06@if2: <BROADCAST,MULTICAST,UP,LOWER_UP> mtu 1500 qdisc noqueue master docker0 state UP mode DEFAULT group default
    link/ether aa:90:c3:31:f2:30 brd ff:ff:ff:ff:ff:ff link-netnsid 0
9748: vetha57737a@if2: <BROADCAST,MULTICAST,UP,LOWER_UP> mtu 1500 qdisc noqueue master docker0 state UP mode DEFAULT group default
    link/ether b6:2e:5b:0d:e3:d4 brd ff:ff:ff:ff:ff:ff link-netnsid 24
13142: br-17a915d8c5d0: <BROADCAST,MULTICAST,UP,LOWER_UP> mtu 1500 qdisc noqueue state UP mode DEFAULT group default
    link/ether 62:d7:3d:18:8e:0a brd ff:ff:ff:ff:ff:ff
13143: vethbc9a438@if2: <BROADCAST,MULTICAST,UP,LOWER_UP> mtu 1500 qdisc noqueue master br-17a915d8c5d0 state UP mode DEFAULT group default
    link/ether 4a:78:23:9f:1b:93 brd ff:ff:ff:ff:ff:ff link-netnsid 1
13144: veth36721ef@if2: <BROADCAST,MULTICAST,UP,LOWER_UP> mtu 1500 qdisc noqueue master br-17a915d8c5d0 state UP mode DEFAULT group default
    link/ether 6e:db:75:6e:7e:82 brd ff:ff:ff:ff:ff:ff link-netnsid 2
13145: vethb82132e@if2: <BROADCAST,MULTICAST,UP,LOWER_UP> mtu 1500 qdisc noqueue master br-17a915d8c5d0 state UP mode DEFAULT group default
    link/ether 6e:78:56:9b:92:b7 brd ff:ff:ff:ff:ff:ff link-netnsid 3
13146: veth4a93577@if2: <BROADCAST,MULTICAST,UP,LOWER_UP> mtu 1500 qdisc noqueue master br-17a915d8c5d0 state UP mode DEFAULT group default
    link/ether 72:84:aa:9d:ae:15 brd ff:ff:ff:ff:ff:ff link-netnsid 4
13147: vethbcd76a2@if2: <BROADCAST,MULTICAST,UP,LOWER_UP> mtu 1500 qdisc noqueue master br-17a915d8c5d0 state UP mode DEFAULT group default
    link/ether 8e:72:92:e1:e5:76 brd ff:ff:ff:ff:ff:ff link-netnsid 5
13150: veth0511c1f@if2: <BROADCAST,MULTICAST,UP,LOWER_UP> mtu 1500 qdisc noqueue master br-17a915d8c5d0 state UP mode DEFAULT group default
    link/ether 06:01:69:04:33:0c brd ff:ff:ff:ff:ff:ff link-netnsid 6
13157: veth14acb9d@if2: <BROADCAST,MULTICAST,UP,LOWER_UP> mtu 1500 qdisc noqueue master br-17a915d8c5d0 state UP mode DEFAULT group default
    link/ether 72:93:ad:9c:04:35 brd ff:ff:ff:ff:ff:ff link-netnsid 7
13166: vethef9937a@if2: <BROADCAST,MULTICAST,UP,LOWER_UP> mtu 1500 qdisc noqueue master br-17a915d8c5d0 state UP mode DEFAULT group default
    link/ether 7e:44:0a:ae:2b:3b brd ff:ff:ff:ff:ff:ff link-netnsid 8
13175: vetha2c6174@if2: <BROADCAST,MULTICAST,UP,LOWER_UP> mtu 1500 qdisc noqueue master br-17a915d8c5d0 state UP mode DEFAULT group default
    link/ether ee:cd:33:7a:ed:27 brd ff:ff:ff:ff:ff:ff link-netnsid 9
13180: veth8364b0d@if2: <BROADCAST,MULTICAST,UP,LOWER_UP> mtu 1500 qdisc noqueue master br-17a915d8c5d0 state UP mode DEFAULT group default
    link/ether 06:0f:a3:c4:42:36 brd ff:ff:ff:ff:ff:ff link-netnsid 10
13181: veth6d549c5@if2: <BROADCAST,MULTICAST,UP,LOWER_UP> mtu 1500 qdisc noqueue master br-17a915d8c5d0 state UP mode DEFAULT group default
    link/ether 06:d3:ec:31:07:4a brd ff:ff:ff:ff:ff:ff link-netnsid 11
13182: veth0e53219@if2: <BROADCAST,MULTICAST,UP,LOWER_UP> mtu 1500 qdisc noqueue master br-17a915d8c5d0 state UP mode DEFAULT group default
    link/ether ba:91:53:08:eb:b9 brd ff:ff:ff:ff:ff:ff link-netnsid 12
13195: veth4dac398@if2: <BROADCAST,MULTICAST,UP,LOWER_UP> mtu 1500 qdisc noqueue master br-17a915d8c5d0 state UP mode DEFAULT group default
    link/ether c2:64:8a:53:02:64 brd ff:ff:ff:ff:ff:ff link-netnsid 13
13200: veth36513fc@if2: <BROADCAST,MULTICAST,UP,LOWER_UP> mtu 1500 qdisc noqueue master br-17a915d8c5d0 state UP mode DEFAULT group default
    link/ether fe:0e:ee:68:b0:c2 brd ff:ff:ff:ff:ff:ff link-netnsid 14
13207: vethd5daffb@if2: <BROADCAST,MULTICAST,UP,LOWER_UP> mtu 1500 qdisc noqueue master br-17a915d8c5d0 state UP mode DEFAULT group default
    link/ether 5a:98:fd:9c:4a:e3 brd ff:ff:ff:ff:ff:ff link-netnsid 15
13214: veth58c8027@if2: <BROADCAST,MULTICAST,UP,LOWER_UP> mtu 1500 qdisc noqueue master br-17a915d8c5d0 state UP mode DEFAULT group default
    link/ether ae:85:cf:86:26:9d brd ff:ff:ff:ff:ff:ff link-netnsid 16
13221: veth0c91f94@if2: <BROADCAST,MULTICAST,UP,LOWER_UP> mtu 1500 qdisc noqueue master br-17a915d8c5d0 state UP mode DEFAULT group default
    link/ether f6:93:b3:82:9d:90 brd ff:ff:ff:ff:ff:ff link-netnsid 17
13232: veth0b0957f@if2: <BROADCAST,MULTICAST,UP,LOWER_UP> mtu 1500 qdisc noqueue master br-17a915d8c5d0 state UP mode DEFAULT group default
    link/ether 62:74:b7:d0:fb:a3 brd ff:ff:ff:ff:ff:ff link-netnsid 18
13237: veth6274bad@if2: <BROADCAST,MULTICAST,UP,LOWER_UP> mtu 1500 qdisc noqueue master br-17a915d8c5d0 state UP mode DEFAULT group default
    link/ether ce:89:91:4e:d0:a8 brd ff:ff:ff:ff:ff:ff link-netnsid 19
13238: veth3f2c560@if2: <BROADCAST,MULTICAST,UP,LOWER_UP> mtu 1500 qdisc noqueue master br-17a915d8c5d0 state UP mode DEFAULT group default
    link/ether 16:ae:88:b0:23:9a brd ff:ff:ff:ff:ff:ff link-netnsid 20
13239: vethe494a80@if2: <BROADCAST,MULTICAST,UP,LOWER_UP> mtu 1500 qdisc noqueue master br-17a915d8c5d0 state UP mode DEFAULT group default
    link/ether 3a:14:d9:ed:99:34 brd ff:ff:ff:ff:ff:ff link-netnsid 21
13240: veth0c70248@if2: <BROADCAST,MULTICAST,UP,LOWER_UP> mtu 1500 qdisc noqueue master br-17a915d8c5d0 state UP mode DEFAULT group default
    link/ether 0e:2b:81:54:7d:e7 brd ff:ff:ff:ff:ff:ff link-netnsid 22
13243: vethe77caf0@if2: <BROADCAST,MULTICAST,UP,LOWER_UP> mtu 1500 qdisc noqueue master br-17a915d8c5d0 state UP mode DEFAULT group default
    link/ether 26:1a:db:90:79:3e brd ff:ff:ff:ff:ff:ff link-netnsid 23
13250: veth36c92ee@if2: <BROADCAST,MULTICAST,UP,LOWER_UP> mtu 1500 qdisc noqueue master br-17a915d8c5d0 state UP mode DEFAULT group default
    link/ether 4e:43:8b:e0:c9:26 brd ff:ff:ff:ff:ff:ff link-netnsid 25
13257: veth92ea0f8@if2: <BROADCAST,MULTICAST,UP,LOWER_UP> mtu 1500 qdisc noqueue master br-17a915d8c5d0 state UP mode DEFAULT group default
    link/ether 2a:4a:32:e3:ae:94 brd ff:ff:ff:ff:ff:ff link-netnsid 26
13262: vethb7ba0dc@if2: <BROADCAST,MULTICAST,UP,LOWER_UP> mtu 1500 qdisc noqueue master br-17a915d8c5d0 state UP mode DEFAULT group default
    link/ether e2:e6:f2:0e:dd:98 brd ff:ff:ff:ff:ff:ff link-netnsid 27
13263: vethd24c9cf@if2: <BROADCAST,MULTICAST,UP,LOWER_UP> mtu 1500 qdisc noqueue master br-17a915d8c5d0 state UP mode DEFAULT group default
    link/ether d2:fd:21:47:a3:7c brd ff:ff:ff:ff:ff:ff link-netnsid 28
13266: veth391425b@if2: <BROADCAST,MULTICAST,UP,LOWER_UP> mtu 1500 qdisc noqueue master br-17a915d8c5d0 state UP mode DEFAULT group default
    link/ether b6:a6:a5:c1:97:b4 brd ff:ff:ff:ff:ff:ff link-netnsid 29
13269: veth6bc80d1@if2: <BROADCAST,MULTICAST,UP,LOWER_UP> mtu 1500 qdisc noqueue master br-17a915d8c5d0 state UP mode DEFAULT group default
    link/ether da:dd:51:69:92:52 brd ff:ff:ff:ff:ff:ff link-netnsid 30
13274: veth4b03824@if2: <BROADCAST,MULTICAST,UP,LOWER_UP> mtu 1500 qdisc noqueue master br-17a915d8c5d0 state UP mode DEFAULT group default
    link/ether 5e:c2:f7:36:ae:a8 brd ff:ff:ff:ff:ff:ff link-netnsid 31
nh1221@PowerEdge-R810:~$
nh1221@PowerEdge-R810:~$
nh1221@PowerEdge-R810:~$
nh1221@PowerEdge-R810:~$
nh1221@PowerEdge-R810:~$ # Dynamically extract runtime MAC addresses and bind them permanently to the R810 neighbor table
for c in k8s-master-01 k8s-master-02 k8s-master-03 k8s-db-01 k8s-db-02 Exit-Router1 Exit-Router2; do
    IP=$(sudo docker inspect -f '{{range .NetworkSettings.Networks}}{{.IPAddress}}{{end}}' "$c")
    MAC=$(sudo docker inspect -f '{{range .NetworkSettings.Networks}}{{.MacAddress}}{{end}}' "$c")
    BRIDGE=$(ip r sh | grep 172.16.2.0/24 | awk '{print $3}')

    if [ ! -z "$IP" ] && [ ! -z "$MAC" ]; then
        echo "Mapping $c ($IP) to $MAC on bridge $BRIDGE"
        sudo ip neigh replace "$IP" lladdr "$MAC" dev "$BRIDGE" nud permanent
    fi
done
Mapping k8s-master-01 (172.16.2.51) to 8e:68:83:a1:87:aa on bridge br-17a915d8c5d0
Mapping k8s-master-02 (172.16.2.61) to 3e:92:80:06:21:5c on bridge br-17a915d8c5d0
Mapping k8s-master-03 (172.16.2.71) to c6:de:66:9b:95:f3 on bridge br-17a915d8c5d0
Mapping k8s-db-01 (172.16.2.52) to 26:a4:73:e5:27:2d on bridge br-17a915d8c5d0
Mapping k8s-db-02 (172.16.2.62) to 4a:f8:f8:2b:0d:58 on bridge br-17a915d8c5d0
Mapping Exit-Router1 (172.16.2.41) to ae:f6:68:1a:5d:e4 on bridge br-17a915d8c5d0
Mapping Exit-Router2 (172.16.2.42) to be:a7:f9:8a:6b:ee on bridge br-17a915d8c5d0
nh1221@PowerEdge-R810:~$ ping -c 2 172.16.2.51
PING 172.16.2.51 (172.16.2.51) 56(84) bytes of data.

--- 172.16.2.51 ping statistics ---
2 packets transmitted, 0 received, 100% packet loss, time 1037ms

nh1221@PowerEdge-R810:~$ sudo docker ps --filter name=k8s-master-01
CONTAINER ID   IMAGE                                COMMAND               CREATED          STATUS                    PORTS                               NAMES
c671b8b774fe   vrnetlab/canonical_ubuntu:resolute   "uv run /launch.py"   22 minutes ago   Up 22 minutes (healthy)   22/tcp, 5000/tcp, 10000-10099/tcp   k8s-master-01
nh1221@PowerEdge-R810:~$
nh1221@PowerEdge-R810:~$
nh1221@PowerEdge-R810:~$
nh1221@PowerEdge-R810:~$ sudo docker port k8s-master-01 22
no public port '22' published for k8s-master-01
nh1221@PowerEdge-R810:~$ sudo docker exec -it k8s-master-01 ip addr show
1: lo: <LOOPBACK,UP,LOWER_UP> mtu 65536 qdisc noqueue state UNKNOWN group default qlen 1000
    link/loopback 00:00:00:00:00:00 brd 00:00:00:00:00:00
    inet 127.0.0.1/8 scope host lo
       valid_lft forever preferred_lft forever
    inet6 ::1/128 scope host proto kernel_lo
       valid_lft forever preferred_lft forever
2: eth0@if13274: <BROADCAST,MULTICAST,UP,LOWER_UP> mtu 1500 qdisc noqueue state UP group default qlen 1000
    link/ether 0c:00:81:cf:72:00 brd ff:ff:ff:ff:ff:ff link-netnsid 0
    inet 172.16.2.51/24 brd 172.16.2.255 scope global eth0
       valid_lft forever preferred_lft forever
3: tap0: <BROADCAST,MULTICAST,UP,LOWER_UP> mtu 65000 qdisc fq_codel state UNKNOWN group default qlen 1000
    link/ether 62:0e:fa:4a:5d:fe brd ff:ff:ff:ff:ff:ff
4: tap1: <BROADCAST,MULTICAST,UP,LOWER_UP> mtu 65000 qdisc fq_codel state UNKNOWN group default qlen 1000
    link/ether 5a:ee:22:47:53:8a brd ff:ff:ff:ff:ff:ff
5: tap2: <BROADCAST,MULTICAST,UP,LOWER_UP> mtu 65000 qdisc fq_codel state UNKNOWN group default qlen 1000
    link/ether 36:fd:e1:35:44:4f brd ff:ff:ff:ff:ff:ff
13260: eth2@if13261: <BROADCAST,MULTICAST,UP,LOWER_UP> mtu 9500 qdisc noqueue state UP group default qlen 1000
    link/ether aa:c1:ab:38:2d:11 brd ff:ff:ff:ff:ff:ff link-netnsid 2
    inet6 fe80::a8c1:abff:fe38:2d11/64 scope link proto kernel_ll
       valid_lft forever preferred_lft forever
13267: eth1@if13268: <BROADCAST,MULTICAST,UP,LOWER_UP> mtu 9500 qdisc noqueue state UP group default qlen 1000
    link/ether aa:c1:ab:47:7c:92 brd ff:ff:ff:ff:ff:ff link-netnsid 1
    inet6 fe80::a8c1:abff:fe47:7c92/64 scope link proto kernel_ll
       valid_lft forever preferred_lft forever
nh1221@PowerEdge-R810:~$

nh1221@PowerEdge-R810:~$ sudo docker exec -it k8s-master-01 ip addr show
1: lo: <LOOPBACK,UP,LOWER_UP> mtu 65536 qdisc noqueue state UNKNOWN group default qlen 1000
    link/loopback 00:00:00:00:00:00 brd 00:00:00:00:00:00
    inet 127.0.0.1/8 scope host lo
       valid_lft forever preferred_lft forever
    inet6 ::1/128 scope host proto kernel_lo
       valid_lft forever preferred_lft forever
2: eth0@if13274: <BROADCAST,MULTICAST,UP,LOWER_UP> mtu 1500 qdisc noqueue state UP group default qlen 1000
    link/ether 0c:00:81:cf:72:00 brd ff:ff:ff:ff:ff:ff link-netnsid 0
    inet 172.16.2.51/24 brd 172.16.2.255 scope global eth0
       valid_lft forever preferred_lft forever
3: tap0: <BROADCAST,MULTICAST,UP,LOWER_UP> mtu 65000 qdisc fq_codel state UNKNOWN group default qlen 1000
    link/ether 62:0e:fa:4a:5d:fe brd ff:ff:ff:ff:ff:ff
4: tap1: <BROADCAST,MULTICAST,UP,LOWER_UP> mtu 65000 qdisc fq_codel state UNKNOWN group default qlen 1000
    link/ether 5a:ee:22:47:53:8a brd ff:ff:ff:ff:ff:ff
5: tap2: <BROADCAST,MULTICAST,UP,LOWER_UP> mtu 65000 qdisc fq_codel state UNKNOWN group default qlen 1000
    link/ether 36:fd:e1:35:44:4f brd ff:ff:ff:ff:ff:ff
13260: eth2@if13261: <BROADCAST,MULTICAST,UP,LOWER_UP> mtu 9500 qdisc noqueue state UP group default qlen 1000
    link/ether aa:c1:ab:38:2d:11 brd ff:ff:ff:ff:ff:ff link-netnsid 2
    inet6 fe80::a8c1:abff:fe38:2d11/64 scope link proto kernel_ll
       valid_lft forever preferred_lft forever
13267: eth1@if13268: <BROADCAST,MULTICAST,UP,LOWER_UP> mtu 9500 qdisc noqueue state UP group default qlen 1000
    link/ether aa:c1:ab:47:7c:92 brd ff:ff:ff:ff:ff:ff link-netnsid 1
    inet6 fe80::a8c1:abff:fe47:7c92/64 scope link proto kernel_ll
       valid_lft forever preferred_lft forever
nh1221@PowerEdge-R810:~$ sudo docker logs k8s-master-01 | grep -iE 'error|bridge|eth0|tap|mac'
2026-09-04 01:06:57,266: vrnetlab       DEBUG Found MAC address aa:c1:ab:47:7c:92 for interface eth1
2026-09-04 01:06:57,266: vrnetlab       INFO Using container interface MAC aa:c1:ab:47:7c:92 for VM NIC eth1
2026-09-04 01:06:57,269: vrnetlab       DEBUG Found MAC address aa:c1:ab:38:2d:11 for interface eth2
2026-09-04 01:06:57,269: vrnetlab       INFO Using container interface MAC aa:c1:ab:38:2d:11 for VM NIC eth2
2026-09-04 01:06:57,270: vrnetlab       DEBUG qemu cmd: qemu-system-x86_64 -enable-kvm -display none -machine pc -chardev socket,id=monitor0,host=::,port=4000,server=on,wait=off -monitor chardev:monitor0 -chardev socket,id=serial0,host=::,port=5000,server=on,wait=off,telnet=on -serial chardev:serial0 -m 4096 -cpu host -smp 2 -drive if=ide,file=/resolute-ubuntu-cloud-overlay.qcow2 -drive file=/seed.iso,media=cdrom,readonly=on -drive file=/data.qcow2,if=none,id=drvSystem,format=qcow2 -device virtio-blk-pci,drive=drvSystem,id=vblkSystem,addr=0x4 -cdrom /cloud_init.iso -device pci-bridge,chassis_nr=1,id=pci.1 -device virtio-net-pci,netdev=p00,mac=0C:00:81:cf:72:00,bus=pci.1 -netdev tap,id=p00,ifname=tap0,script=/etc/tc-tap-mgmt-ifup,downscript=no -device virtio-net-pci,netdev=p01,mac=aa:c1:ab:47:7c:92,bus=pci.1,addr=0x2 -netdev tap,id=p01,ifname=tap1,script=/etc/tc-tap-ifup,downscript=no -device virtio-net-pci,netdev=p02,mac=aa:c1:ab:38:2d:11,bus=pci.1,addr=0x3 -netdev tap,id=p02,ifname=tap2,script=/etc/tc-tap-ifup,downscript=no
[    0.904119] PCI: Using host bridge windows from ACPI; if necessary, use "pci=nocrs" and report a bug
[    0.907970] PCI: Using E820 reservations for host bridge windows
[    0.925425] ACPI: PCI Root Bridge [PCI0] (domain 0000 [bus 00-ff])
[    0.936018] acpi PNP0A03:00: _OSC: platform retains control of PCIe features (AE_ERROR)
[    0.940014] acpi PNP0A03:00: fail to add MMCONFIG information, can't access extended configuration space under this bridge
[    1.007627] PCI host bridge to bus 0000:00
[    1.122484] pci 0000:00:03.0: [1b36:0001] type 01 class 0x060400 conventional PCI bridge
[    1.139969] pci 0000:00:03.0: PCI bridge to [bus 01]
[    1.142791] pci 0000:00:03.0:   bridge window [io  0xc000-0xcfff]
[    1.145969] pci 0000:00:03.0:   bridge window [mem 0xfe800000-0xfe9fffff]
[    1.151137] pci 0000:00:03.0:   bridge window [mem 0xe0200000000-0xe03ffffffff 64bit pref]
[    1.395697] pci 0000:00:03.0: PCI bridge to [bus 01]
[    1.477952] pci 0000:00:02.0: vgaarb: bridge control possible
[    1.627424] pci 0000:00:03.0: PCI bridge to [bus 01]
[    1.630014] pci 0000:00:03.0:   bridge window [io  0xc000-0xcfff]
[    1.636800] pci 0000:00:03.0:   bridge window [mem 0xfe800000-0xfe9fffff]
[    1.642915] pci 0000:00:03.0:   bridge window [mem 0xe0200000000-0xe03ffffffff 64bit pref]
[    1.742765] integrity: Machine keyring initialized
[    1.972570] tun: Universal TUN/TAP device driver, 1.6
[    2.137281] ata1.00: Model 'QEMU HARDDISK', rev '2.5+', applying quirks: bridgeok
[    2.165565] ata1.01: ATAPI: QEMU DVD-ROM, 2.5+, max UDMA/100
[    2.174716] ata2.00: ATAPI: QEMU DVD-ROM, 2.5+, max UDMA/100
[    2.346011] GPT: Use GNU Parted to correct GPT errors.
[    2.555454] evm: security.SMACK64
[    2.558370] evm: security.SMACK64EXEC
[    2.561288] evm: security.SMACK64TRANSMUTE
[    2.564285] evm: security.SMACK64MMAP
[    2.574986] evm: HMAC attrs: 0x1
[    2.582320] RAS: Correctable Errors collector initialized.
[    3.500266] systemd[1]: systemd 259.5-0ubuntu3 running in system mode (+PAM +AUDIT +SELINUX +APPARMOR +IMA +IPE +SMACK +SECCOMP +GCRYPT -GNUTLS +OPENSSL +ACL +BLKID +CURL +ELFUTILS +FIDO2 +IDN2 -IDN +KMOD +LIBCRYPTSETUP +LIBCRYPTSETUP_PLUGINS +LIBFDISK +PCRE2 +PWQUALITY +P11KIT +QRENCODE +TPM2 +BZIP2 +LZ4 +XZ +ZLIB +ZSTD +BPF_FRAMEWORK +BTF -XKBCOMMON -UTMP +SYSVINIT +LIBARCHIVE)
[    3.524438] systemd[1]: Initializing machine ID from random generator.
machineid=1d32e99996d34644927b63c2d7ca5703;bootid=8b7900dbd6a845068bdddc59b78e5411;pid=1;pidfdid=1;comm=systemd;type=boot[    3.704842] systemd[1]: bpf-restrict-fs: BPF LSM hook not enabled in the kernel, BPF LSM not supported.
machineid=30526b73c8774249822a6c0ee7f900cc;bootid=8b7900dbd6a845068bdddc59b78e5411;pid=1;pidfdid=1;comm=systemd;type=boot[  OK  ] Stopped initrd-switch-root.service - Switch Root.
[   26.736957] I/O error, dev fd0, sector 0 op 0x0:(READ) flags 0x0 phys_seg 1 prio class 2
[   26.819819] I/O error, dev fd0, sector 0 op 0x0:(READ) flags 0x0 phys_seg 1 prio class 2
[   26.876769] I/O error, dev fd0, sector 0 op 0x0:(READ) flags 0x0 phys_seg 1 prio class 2
[   26.936011] I/O error, dev fd0, sector 0 op 0x0:(READ) flags 0x0 phys_seg 1 prio class 2
[   26.994671] I/O error, dev fd0, sector 0 op 0x0:(READ) flags 0x0 phys_seg 1 prio class 2
machineid=30526b73c8774249822a6c0ee7f900cc;bootid=8b7900dbd6a845068bdddc59b78e5411;pid=1335;pidfdid=764;comm=(agetty);servicename=serial-getty@ttyS0.service;invocationid=ab233e12827c4b478a59b789e4122bef;type=service
nh1221@PowerEdge-R810:~$ ;1R

nh1221@PowerEdge-R810:~$
nh1221@PowerEdge-R810:~$ for c in k8s-master-01 k8s-master-02 k8s-master-03 k8s-db-01 k8s-db-02 Exit-Router1 Exit-Router2; do
    # Pull the real MAC inside the container namespace
    TRUE_MAC=$(sudo docker exec "$c" ip link show eth0 | grep link/ether | awk '{print $2}')
    IP=$(sudo docker inspect -f '{{range .NetworkSettings.Networks}}{{.IPAddress}}{{end}}' "$c")
    BRIDGE=$(ip r sh | grep 172.16.2.0/24 | awk '{print $3}')

    if [ ! -z "$TRUE_MAC" ] && [ ! -z "$IP" ]; then
        echo "Updating neighbor table: $c ($IP) -> True MAC ($TRUE_MAC) on $BRIDGE"
        sudo ip neigh replace "$IP" lladdr "$TRUE_MAC" dev "$BRIDGE" nud permanent
    fi
done
Updating neighbor table: k8s-master-01 (172.16.2.51) -> True MAC (0c:00:81:cf:72:00) on br-17a915d8c5d0
Updating neighbor table: k8s-master-02 (172.16.2.61) -> True MAC (0c:00:9b:fd:58:00) on br-17a915d8c5d0
Updating neighbor table: k8s-master-03 (172.16.2.71) -> True MAC (0c:00:da:c8:91:00) on br-17a915d8c5d0
Updating neighbor table: k8s-db-01 (172.16.2.52) -> True MAC (0c:00:f8:18:5f:00) on br-17a915d8c5d0
Updating neighbor table: k8s-db-02 (172.16.2.62) -> True MAC (0c:00:7f:c3:0b:00) on br-17a915d8c5d0
Updating neighbor table: Exit-Router1 (172.16.2.41) -> True MAC (0c:00:d8:33:2b:00) on br-17a915d8c5d0
Updating neighbor table: Exit-Router2 (172.16.2.42) -> True MAC (0c:00:ff:7c:fc:00) on br-17a915d8c5d0
nh1221@PowerEdge-R810:~$
nh1221@PowerEdge-R810:~$
nh1221@PowerEdge-R810:~$ ping -c 2 172.16.2.51
PING 172.16.2.51 (172.16.2.51) 56(84) bytes of data.

--- 172.16.2.51 ping statistics ---
2 packets transmitted, 0 received, 100% packet loss, time 1050ms

nh1221@PowerEdge-R810:~$ # 1. Turn on promiscuous mode on the main lab network bridge
sudo ip link set dev br-17a915d8c5d0 promisc on

# 2. Turn on promiscuous mode on the veth interface linked to k8s-master-01
# (From your previous layout list, 13274 maps to veth4b03824)
sudo ip link set dev veth4b03824 promisc on
nh1221@PowerEdge-R810:~$ ping -c 2 172.16.2.51
PING 172.16.2.51 (172.16.2.51) 56(84) bytes of data.

--- 172.16.2.51 ping statistics ---
2 packets transmitted, 0 received, 100% packet loss, time 1011ms

nh1221@PowerEdge-R810:~$ sudo sysctl -w net.bridge.bridge-nf-call-iptables=0
sudo sysctl -w net.bridge.bridge-nf-call-arptables=0
sudo sysctl -w net.bridge.bridge-nf-call-ip6tables=0
sysctl: cannot stat /proc/sys/net/bridge/bridge-nf-call-iptables: No such file or directory
sysctl: cannot stat /proc/sys/net/bridge/bridge-nf-call-arptables: No such file or directory
sysctl: cannot stat /proc/sys/net/bridge/bridge-nf-call-ip6tables: No such file or directory
nh1221@PowerEdge-R810:~$ # Force-load the netfilter bridge engine into the Linux kernel
sudo modprobe br_netfilter

# Verify the sysctl paths now exist and disable them to allow unhindered traffic
sudo sysctl -w net.bridge.bridge-nf-call-iptables=0
sudo sysctl -w net.bridge.bridge-nf-call-arptables=0
net.bridge.bridge-nf-call-iptables = 0
net.bridge.bridge-nf-call-arptables = 0
nh1221@PowerEdge-R810:~$ ping -c 2 172.16.2.51
PING 172.16.2.51 (172.16.2.51) 56(84) bytes of data.

--- 172.16.2.51 ping statistics ---
2 packets transmitted, 0 received, 100% packet loss, time 1017ms

nh1221@PowerEdge-R810:~$ ping -c 2 172.16.2.51
PING 172.16.2.51 (172.16.2.51) 56(84) bytes of data.

--- 172.16.2.51 ping statistics ---
2 packets transmitted, 0 received, 100% packet loss, time 1048ms

nh1221@PowerEdge-R810:~$ ping -c 5 172.16.2.51
PING 172.16.2.51 (172.16.2.51) 56(84) bytes of data.

--- 172.16.2.51 ping statistics ---
5 packets transmitted, 0 received, 100% packet loss, time 4087ms

nh1221@PowerEdge-R810:~$ sudo docker exec -it k8s-master-01 telnet 127.0.0.1 5000
Trying 127.0.0.1...
Connected to 127.0.0.1.
Escape character is '^]'.

ubuntu login: root
Password:
Login incorrect

ubuntu login: ubuntu
Password:
Login incorrect

ubuntu login: ubuntu
Password:
Login incorrect

ubuntu login:
telnet> quit
Connection closed.
nh1221@PowerEdge-R810:~$ sudo docker logs k8s-master-01
2026-09-04 01:06:57,202: vrnetlab       DEBUG Creating overlay disk image: /resolute-ubuntu-cloud-overlay.qcow2
wrote /cloud_init.iso with filesystem=iso9660 and diskformat=raw
2026-09-04 01:06:57,257: vrnetlab       DEBUG Starting vrnetlab Ubuntu
2026-09-04 01:06:57,258: vrnetlab       DEBUG VMs: [<__main__.Ubuntu_vm object at 0x7bbc62138440>]
2026-09-04 01:06:57,258: vrnetlab       DEBUG VM not started; starting!
2026-09-04 01:06:57,258: vrnetlab       INFO ----------------START ENVIRONMENT VARIABLES-----------------
2026-09-04 01:06:57,258: vrnetlab       INFO CLAB_INTFS: 2
2026-09-04 01:06:57,258: vrnetlab       INFO CLAB_LABEL_ANSIBLE_GROUP: kube_control_plane
2026-09-04 01:06:57,258: vrnetlab       INFO CLAB_LABEL_CLAB_NODE_GROUP:
2026-09-04 01:06:57,258: vrnetlab       INFO CLAB_LABEL_CLAB_NODE_KIND: linux
2026-09-04 01:06:57,259: vrnetlab       INFO CLAB_LABEL_CLAB_NODE_LAB_DIR: /home/nh1221/clab-sheba/k8s-master-01
2026-09-04 01:06:57,259: vrnetlab       INFO CLAB_LABEL_CLAB_NODE_NAME: k8s-master-01
2026-09-04 01:06:57,259: vrnetlab       INFO CLAB_LABEL_CLAB_NODE_TYPE:
2026-09-04 01:06:57,259: vrnetlab       INFO CLAB_LABEL_CLAB_TOPO_FILE: /opt/containerlab/sheba/topology.clab.yml
2026-09-04 01:06:57,259: vrnetlab       INFO CLAB_LABEL_CONTAINERLAB: sheba
2026-09-04 01:06:57,259: vrnetlab       INFO CLAB_MGMT_PASSTHROUGH: true
2026-09-04 01:06:57,259: vrnetlab       INFO HOME: /root
2026-09-04 01:06:57,259: vrnetlab       INFO HOSTNAME: k8s-master-01
2026-09-04 01:06:57,259: vrnetlab       INFO LC_CTYPE: C.UTF-8
2026-09-04 01:06:57,259: vrnetlab       INFO PASSWORD: ubuntu
2026-09-04 01:06:57,259: vrnetlab       INFO PATH: /.venv/bin:/usr/local/sbin:/usr/local/bin:/usr/sbin:/usr/bin:/sbin:/bin
2026-09-04 01:06:57,259: vrnetlab       INFO QEMU_ADDITIONAL_ARGS: -drive file=/seed.iso,media=cdrom,readonly=on -drive file=/data.qcow2,if=none,id=drvSystem,format=qcow2 -device virtio-blk-pci,drive=drvSystem,id=vblkSystem,addr=0x4
2026-09-04 01:06:57,260: vrnetlab       INFO QEMU_CPU: host
2026-09-04 01:06:57,260: vrnetlab       INFO QEMU_MEMORY: 4096
2026-09-04 01:06:57,260: vrnetlab       INFO QEMU_SMP: 2
2026-09-04 01:06:57,260: vrnetlab       INFO SONIC_CONFIG_MODE: unified
2026-09-04 01:06:57,260: vrnetlab       INFO TERM: xterm
2026-09-04 01:06:57,260: vrnetlab       INFO USERNAME: ubuntu
2026-09-04 01:06:57,260: vrnetlab       INFO UV: /usr/bin/uv
2026-09-04 01:06:57,260: vrnetlab       INFO UV_RUN_RECURSION_DEPTH: 1
2026-09-04 01:06:57,260: vrnetlab       INFO VIRTUAL_ENV: /.venv
2026-09-04 01:06:57,260: vrnetlab       INFO -----------------END ENVIRONMENT VARIABLES------------------
2026-09-04 01:06:57,260: vrnetlab       INFO Launching Ubuntu_vm arch x86_64 with 2 SMP/VCPU and 4096 M of RAM
2026-09-04 01:06:57,260: vrnetlab       INFO Transparent mgmt interface: Enabled
2026-09-04 01:06:57,261: vrnetlab       DEBUG number of provisioned data plane interfaces is 2
2026-09-04 01:06:57,261: vrnetlab       DEBUG waiting for provisioned interfaces to appear...
2026-09-04 01:06:57,262: vrnetlab       DEBUG highest allocated interface id determined to be: 2...
2026-09-04 01:06:57,262: vrnetlab       DEBUG interfaces provisioned, continuing...
2026-09-04 01:06:57,266: vrnetlab       DEBUG Found MAC address aa:c1:ab:47:7c:92 for interface eth1
2026-09-04 01:06:57,266: vrnetlab       INFO Using container interface MAC aa:c1:ab:47:7c:92 for VM NIC eth1
2026-09-04 01:06:57,269: vrnetlab       DEBUG Found MAC address aa:c1:ab:38:2d:11 for interface eth2
2026-09-04 01:06:57,269: vrnetlab       INFO Using container interface MAC aa:c1:ab:38:2d:11 for VM NIC eth2
2026-09-04 01:06:57,270: vrnetlab       DEBUG qemu cmd: qemu-system-x86_64 -enable-kvm -display none -machine pc -chardev socket,id=monitor0,host=::,port=4000,server=on,wait=off -monitor chardev:monitor0 -chardev socket,id=serial0,host=::,port=5000,server=on,wait=off,telnet=on -serial chardev:serial0 -m 4096 -cpu host -smp 2 -drive if=ide,file=/resolute-ubuntu-cloud-overlay.qcow2 -drive file=/seed.iso,media=cdrom,readonly=on -drive file=/data.qcow2,if=none,id=drvSystem,format=qcow2 -device virtio-blk-pci,drive=drvSystem,id=vblkSystem,addr=0x4 -cdrom /cloud_init.iso -device pci-bridge,chassis_nr=1,id=pci.1 -device virtio-net-pci,netdev=p00,mac=0C:00:81:cf:72:00,bus=pci.1 -netdev tap,id=p00,ifname=tap0,script=/etc/tc-tap-mgmt-ifup,downscript=no -device virtio-net-pci,netdev=p01,mac=aa:c1:ab:47:7c:92,bus=pci.1,addr=0x2 -netdev tap,id=p01,ifname=tap1,script=/etc/tc-tap-ifup,downscript=no -device virtio-net-pci,netdev=p02,mac=aa:c1:ab:38:2d:11,bus=pci.1,addr=0x3 -netdev tap,id=p02,ifname=tap2,script=/etc/tc-tap-ifup,downscript=no
2026-09-04 01:06:59,272: base_driver    INFO closing connection to '127.0.0.1' on port '4000'
2026-09-04 01:06:59,273: base_driver    INFO connection to '127.0.0.1' on port '4000' closed successfully
2026-09-04 01:06:59,273: base_driver    INFO opening connection to '127.0.0.1' on port '4000'
2026-09-04 01:06:59,278: base_driver    INFO connection to '127.0.0.1' on port '4000' opened successfully
2026-09-04 01:06:59,278: base_driver    INFO closing connection to '127.0.0.1' on port '5000'
2026-09-04 01:06:59,279: base_driver    INFO connection to '127.0.0.1' on port '5000' closed successfully
2026-09-04 01:06:59,279: base_driver    INFO opening connection to '127.0.0.1' on port '5000'
2026-09-04 01:06:59,279: base_driver    INFO connection to '127.0.0.1' on port '5000' opened successfully
[    0.000000] Linux version 7.0.0-28-generic (buildd@lcy02-amd64-047) (x86_64-linux-gnu-gcc (Ubuntu 15.2.0-16ubuntu1) 15.2.0, GNU ld (GNU Binutils for Ubuntu) 2.46) #28-Ubuntu SMP PREEMPT_DYNAMIC Sun Jun 21 01:01:36 UTC 2026 (Ubuntu 7.0.0-28.28-generic 7.0.12)
[    0.000000] Command line: BOOT_IMAGE=/vmlinuz-7.0.0-28-generic root=UUID=1af52c72-24ee-46b6-8e75-be5adce5e9d3 ro console=tty1 console=ttyS0 rd.overlay=/dev/vda rd.overlay.rw
[    0.000000] KERNEL supported cpus:
[    0.000000]   Intel GenuineIntel
[    0.000000]   AMD AuthenticAMD
[    0.000000]   Hygon HygonGenuine
[    0.000000]   Centaur CentaurHauls

nh1221@PowerEdge-R810:~$ sudo docker exec -it k8s-master-01 telnet 127.0.0.1 5000
Trying 127.0.0.1...
Connected to 127.0.0.1.
Escape character is '^]'.

ubuntu login: ubuntu
Password:
Login incorrect

ubuntu login: ubuntu
Password:
Login incorrect


Ubuntu 26.04 LTS ubuntu ttyS0

ubuntu login: ubuntu
Password:
Login incorrect

ubuntu login: ubuntu
Password:
Login incorrect

ubuntu login: vrnetlab

Ubuntu 26.04 LTS ubuntu ttyS0

ubuntu login: admin
Password:
Login incorrect

ubuntu login: admin
Password:
Login incorrect

ubuntu login: admin
Password:
Login incorrect


Ubuntu 26.04 LTS ubuntu ttyS0

ubuntu login:
