(venv) nh1221@Lab-ControlNode:/mnt/c/Users/nh1221/dc_lab/clab/sonic-clab$ ansible-playbook -i inventory.yml playbooks/lab/switch-fabric.yml -f 2

PLAY [Control-node preflight and transport setup] **************************************************************************************************************************************************************

TASK [Validate networking mode] ********************************************************************************************************************************************************************************
ok: [localhost] => {
    "changed": false,
    "msg": "All assertions passed"
}

TASK [Remove stale host keys for SONiC nodes] ******************************************************************************************************************************************************************
ok: [localhost] => (item=Spine-S1)
ok: [localhost] => (item=Spine-S2)
ok: [localhost] => (item=Leaf-L1)
ok: [localhost] => (item=Leaf-L2)
ok: [localhost] => (item=Leaf-L3)
ok: [localhost] => (item=Leaf-L4)
ok: [localhost] => (item=Border-Leaf1)
ok: [localhost] => (item=Border-Leaf2)

TASK [Ensure route mode has network path to SONiC mgmt subnet] *************************************************************************************************************************************************
skipping: [localhost]

TASK [Check ssh command exists for socks mode] *****************************************************************************************************************************************************************
skipping: [localhost]

TASK [Check nc command exists for socks mode] ******************************************************************************************************************************************************************
skipping: [localhost]

TASK [Detect existing SOCKS tunnel] ****************************************************************************************************************************************************************************
skipping: [localhost]

TASK [Start SOCKS tunnel to R810] ******************************************************************************************************************************************************************************
skipping: [localhost]

PLAY [Orchestrate Sheba Laboratory Cloud Architecture Environment] *********************************************************************************************************************************************

TASK [clab_topology_prep : Generate finalized topology configuration from Jinja2 template] *********************************************************************************************************************
changed: [localhost]

PLAY [Deploy containerlab topology on R810, Storage & OverlayFS Fabric Audit] **********************************************************************************************************************************

TASK [Gathering Facts] *****************************************************************************************************************************************************************************************
ok: [poweredge_r810]

TASK [Ensure containerlab is installed] ************************************************************************************************************************************************************************
ok: [poweredge_r810]

TASK [Ensure remote lab directory exists] **********************************************************************************************************************************************************************
ok: [poweredge_r810]

TASK [Ensure host bridge + VLAN support is present on the lab server] ******************************************************************************************************************************************
ok: [poweredge_r810]

TASK [Check whether the host internet bridge already exists] ***************************************************************************************************************************************************
ok: [poweredge_r810]

TASK [Create the host internet bridge when it is missing] ******************************************************************************************************************************************************
skipping: [poweredge_r810]

TASK [Guardrail - report whether br-internet was created or already existed] ***********************************************************************************************************************************
ok: [poweredge_r810] => {
    "msg": "br-internet already existed"
}

TASK [Check whether the host VLAN subinterface already exists] *************************************************************************************************************************************************
ok: [poweredge_r810]

TASK [Create the external VLAN subinterface on eno1 if missing] ************************************************************************************************************************************************
skipping: [poweredge_r810]

TASK [Guardrail - report whether eno1.100 was created or already existed] **************************************************************************************************************************************
ok: [poweredge_r810] => {
    "msg": "eno1.100 already existed"
}

TASK [Attach the host VLAN subinterface to the internet bridge without disturbing eno1] ************************************************************************************************************************
ok: [poweredge_r810]

TASK [Bring the internet bridge up if it exists] ***************************************************************************************************************************************************************
ok: [poweredge_r810]

TASK [Bring the host VLAN subinterface up if it exists] ********************************************************************************************************************************************************
ok: [poweredge_r810]

TASK [Sync project tree to R810] *******************************************************************************************************************************************************************************
changed: [poweredge_r810]

TASK [Ensure genisoimage is installed (for cloud-init seed ISO)] ***********************************************************************************************************************************************
ok: [poweredge_r810]

TASK [Generate cloud-init seed ISO for generic_vm nodes] *******************************************************************************************************************************************************
changed: [poweredge_r810]

TASK [Create Ceph OSD backing disks required by topology bind mounts] ******************************************************************************************************************************************
changed: [poweredge_r810]

TASK [Create Host VM XX GB data disks required by topology bind mounts] ****************************************************************************************************************************************
ok: [poweredge_r810]

TASK [Guardrail - fail if topology still contains unsupported serial=hostdata] *********************************************************************************************************************************
ok: [poweredge_r810]

TASK [Destroy existing topology if present] ********************************************************************************************************************************************************************
changed: [poweredge_r810]

TASK [Remove stale containerlab state directories] *************************************************************************************************************************************************************
changed: [poweredge_r810]

TASK [Deploy topology on R810] *********************************************************************************************************************************************************************************
changed: [poweredge_r810]

TASK [Probe All Datacenter SSH Ports Concurrently (Non-Blocking)] **********************************************************************************************************************************************
changed: [poweredge_r810] => (item=Checking socket readiness: Spine-S1 -> 172.16.2.11)
changed: [poweredge_r810] => (item=Checking socket readiness: Spine-S2 -> 172.16.2.12)
changed: [poweredge_r810] => (item=Checking socket readiness: Leaf-L1 -> 172.16.2.21)
changed: [poweredge_r810] => (item=Checking socket readiness: Leaf-L2 -> 172.16.2.22)
changed: [poweredge_r810] => (item=Checking socket readiness: Leaf-L3 -> 172.16.2.23)
changed: [poweredge_r810] => (item=Checking socket readiness: Leaf-L4 -> 172.16.2.24)
changed: [poweredge_r810] => (item=Checking socket readiness: Border-Leaf1 -> 172.16.2.31)
changed: [poweredge_r810] => (item=Checking socket readiness: Border-Leaf2 -> 172.16.2.32)
changed: [poweredge_r810] => (item=Checking socket readiness: k8s-master-01 -> 172.16.2.51)
changed: [poweredge_r810] => (item=Checking socket readiness: k8s-master-02 -> 172.16.2.61)
changed: [poweredge_r810] => (item=Checking socket readiness: k8s-master-03 -> 172.16.2.71)
changed: [poweredge_r810] => (item=Checking socket readiness: k8s-db-01 -> 172.16.2.52)
changed: [poweredge_r810] => (item=Checking socket readiness: k8s-db-02 -> 172.16.2.62)
changed: [poweredge_r810] => (item=Checking socket readiness: k8s-db-03 -> 172.16.2.72)
changed: [poweredge_r810] => (item=Checking socket readiness: osh-ctrl-01 -> 172.16.2.53)
changed: [poweredge_r810] => (item=Checking socket readiness: osh-ctrl-02 -> 172.16.2.63)
changed: [poweredge_r810] => (item=Checking socket readiness: osh-ctrl-03 -> 172.16.2.73)
changed: [poweredge_r810] => (item=Checking socket readiness: osh-net-01 -> 172.16.2.54)
changed: [poweredge_r810] => (item=Checking socket readiness: osh-net-02 -> 172.16.2.64)
changed: [poweredge_r810] => (item=Checking socket readiness: MonSrv -> 172.16.2.74)
changed: [poweredge_r810] => (item=Checking socket readiness: osh-comp-01 -> 172.16.2.55)
changed: [poweredge_r810] => (item=Checking socket readiness: osh-comp-02 -> 172.16.2.65)
changed: [poweredge_r810] => (item=Checking socket readiness: osh-comp-03 -> 172.16.2.75)
changed: [poweredge_r810] => (item=Checking socket readiness: osh-comp-04 -> 172.16.2.56)
changed: [poweredge_r810] => (item=Checking socket readiness: Exit-Router1 -> 172.16.2.41)
changed: [poweredge_r810] => (item=Checking socket readiness: Exit-Router2 -> 172.16.2.42)

TASK [Synchronize and Await Port Validation Results] ***********************************************************************************************************************************************************
FAILED - RETRYING: [poweredge_r810]: Synchronize and Await Port Validation Results (45 retries left).
FAILED - RETRYING: [poweredge_r810]: Synchronize and Await Port Validation Results (44 retries left).
FAILED - RETRYING: [poweredge_r810]: Synchronize and Await Port Validation Results (43 retries left).
FAILED - RETRYING: [poweredge_r810]: Synchronize and Await Port Validation Results (42 retries left).
FAILED - RETRYING: [poweredge_r810]: Synchronize and Await Port Validation Results (41 retries left).
FAILED - RETRYING: [poweredge_r810]: Synchronize and Await Port Validation Results (40 retries left).
FAILED - RETRYING: [poweredge_r810]: Synchronize and Await Port Validation Results (39 retries left).
FAILED - RETRYING: [poweredge_r810]: Synchronize and Await Port Validation Results (38 retries left).
FAILED - RETRYING: [poweredge_r810]: Synchronize and Await Port Validation Results (37 retries left).
FAILED - RETRYING: [poweredge_r810]: Synchronize and Await Port Validation Results (36 retries left).
ok: [poweredge_r810] => (item=Syncing status for JID: j813307570910.1627765)
ok: [poweredge_r810] => (item=Syncing status for JID: j992407390680.1629790)
ok: [poweredge_r810] => (item=Syncing status for JID: j53729403435.1631526)
ok: [poweredge_r810] => (item=Syncing status for JID: j550961232439.1632487)
FAILED - RETRYING: [poweredge_r810]: Synchronize and Await Port Validation Results (45 retries left).
ok: [poweredge_r810] => (item=Syncing status for JID: j21798249498.1634267)
ok: [poweredge_r810] => (item=Syncing status for JID: j709638188225.1635274)
ok: [poweredge_r810] => (item=Syncing status for JID: j618525345859.1636571)
FAILED - RETRYING: [poweredge_r810]: Synchronize and Await Port Validation Results (45 retries left).
ok: [poweredge_r810] => (item=Syncing status for JID: j416718637908.1637086)
ok: [poweredge_r810] => (item=Syncing status for JID: j133287193342.1637406)
ok: [poweredge_r810] => (item=Syncing status for JID: j99326953696.1637679)
ok: [poweredge_r810] => (item=Syncing status for JID: j127339200226.1638015)
FAILED - RETRYING: [poweredge_r810]: Synchronize and Await Port Validation Results (45 retries left).
ok: [poweredge_r810] => (item=Syncing status for JID: j212769246962.1638564)
ok: [poweredge_r810] => (item=Syncing status for JID: j510855723468.1638954)
FAILED - RETRYING: [poweredge_r810]: Synchronize and Await Port Validation Results (45 retries left).
ok: [poweredge_r810] => (item=Syncing status for JID: j640978288460.1639203)
ok: [poweredge_r810] => (item=Syncing status for JID: j670526199014.1639632)
ok: [poweredge_r810] => (item=Syncing status for JID: j991416286433.1639975)
FAILED - RETRYING: [poweredge_r810]: Synchronize and Await Port Validation Results (45 retries left).
ok: [poweredge_r810] => (item=Syncing status for JID: j383574731253.1640343)
ok: [poweredge_r810] => (item=Syncing status for JID: j616592285900.1640779)
ok: [poweredge_r810] => (item=Syncing status for JID: j801105286595.1641115)
FAILED - RETRYING: [poweredge_r810]: Synchronize and Await Port Validation Results (45 retries left).
ok: [poweredge_r810] => (item=Syncing status for JID: j281219820779.1641513)
ok: [poweredge_r810] => (item=Syncing status for JID: j798703353255.1641707)
ok: [poweredge_r810] => (item=Syncing status for JID: j402832721641.1641763)
FAILED - RETRYING: [poweredge_r810]: Synchronize and Await Port Validation Results (45 retries left).
ok: [poweredge_r810] => (item=Syncing status for JID: j492051234419.1641866)
ok: [poweredge_r810] => (item=Syncing status for JID: j290834998118.1641918)
ok: [poweredge_r810] => (item=Syncing status for JID: j585148675863.1642016)
FAILED - RETRYING: [poweredge_r810]: Synchronize and Await Port Validation Results (45 retries left).
ok: [poweredge_r810] => (item=Syncing status for JID: j60088468508.1642173)

TASK [Bootstrap QEMU Nodes over Serial Consoles (Base64 Payload Injection)] ************************************************************************************************************************************
changed: [poweredge_r810] => (item=Bootstrapping VM: k8s-master-01 -> 172.16.2.51)
changed: [poweredge_r810] => (item=Bootstrapping VM: k8s-master-02 -> 172.16.2.61)
changed: [poweredge_r810] => (item=Bootstrapping VM: k8s-master-03 -> 172.16.2.71)
changed: [poweredge_r810] => (item=Bootstrapping VM: k8s-db-01 -> 172.16.2.52)
changed: [poweredge_r810] => (item=Bootstrapping VM: k8s-db-02 -> 172.16.2.62)
changed: [poweredge_r810] => (item=Bootstrapping VM: k8s-db-03 -> 172.16.2.72)
changed: [poweredge_r810] => (item=Bootstrapping VM: osh-ctrl-01 -> 172.16.2.53)
changed: [poweredge_r810] => (item=Bootstrapping VM: osh-ctrl-02 -> 172.16.2.63)
changed: [poweredge_r810] => (item=Bootstrapping VM: osh-ctrl-03 -> 172.16.2.73)
changed: [poweredge_r810] => (item=Bootstrapping VM: osh-net-01 -> 172.16.2.54)
changed: [poweredge_r810] => (item=Bootstrapping VM: osh-net-02 -> 172.16.2.64)
changed: [poweredge_r810] => (item=Bootstrapping VM: MonSrv -> 172.16.2.74)
changed: [poweredge_r810] => (item=Bootstrapping VM: osh-comp-01 -> 172.16.2.55)
changed: [poweredge_r810] => (item=Bootstrapping VM: osh-comp-02 -> 172.16.2.65)
changed: [poweredge_r810] => (item=Bootstrapping VM: osh-comp-03 -> 172.16.2.75)
changed: [poweredge_r810] => (item=Bootstrapping VM: osh-comp-04 -> 172.16.2.56)
changed: [poweredge_r810] => (item=Bootstrapping VM: Exit-Router1 -> 172.16.2.41)
changed: [poweredge_r810] => (item=Bootstrapping VM: Exit-Router2 -> 172.16.2.42)
changed: [poweredge_r810] => (item=Bootstrapping VM: oob-mgmt-node -> 172.16.2.253)

TASK [Dynamically Configure Hypervisor Gateway NAT for Pass-Through Links (Once)] ******************************************************************************************************************************
changed: [poweredge_r810]

TASK [Guardrail - collect first exited generic_vm name] ********************************************************************************************************************************************************
ok: [poweredge_r810]

TASK [Guardrail - show failure log for first exited generic_vm] ************************************************************************************************************************************************
skipping: [poweredge_r810]

TASK [Guardrail - fail with actionable diagnostics if any generic_vm SSH is down] ******************************************************************************************************************************
ok: [poweredge_r810] => {
    "changed": false,
    "msg": "All assertions passed"
}

PLAY [Preflight Bootstrap - Seed WSL Public Keys to SONiC Fabric] **********************************************************************************************************************************************

TASK [Push local WSL public key string via automated non-interactive double-sshpass pipe] **********************************************************************************************************************
changed: [Spine-S1 -> localhost]

PLAY [Preflight Bootstrap - Seed WSL Public Keys to SONiC Fabric] **********************************************************************************************************************************************

TASK [Push local WSL public key string via automated non-interactive double-sshpass pipe] **********************************************************************************************************************
changed: [Spine-S2 -> localhost]

PLAY [Preflight Bootstrap - Seed WSL Public Keys to SONiC Fabric] **********************************************************************************************************************************************

TASK [Push local WSL public key string via automated non-interactive double-sshpass pipe] **********************************************************************************************************************
changed: [Leaf-L1 -> localhost]

PLAY [Preflight Bootstrap - Seed WSL Public Keys to SONiC Fabric] **********************************************************************************************************************************************

TASK [Push local WSL public key string via automated non-interactive double-sshpass pipe] **********************************************************************************************************************
changed: [Leaf-L2 -> localhost]

PLAY [Preflight Bootstrap - Seed WSL Public Keys to SONiC Fabric] **********************************************************************************************************************************************

TASK [Push local WSL public key string via automated non-interactive double-sshpass pipe] **********************************************************************************************************************
changed: [Leaf-L3 -> localhost]

PLAY [Preflight Bootstrap - Seed WSL Public Keys to SONiC Fabric] **********************************************************************************************************************************************

TASK [Push local WSL public key string via automated non-interactive double-sshpass pipe] **********************************************************************************************************************
changed: [Leaf-L4 -> localhost]

PLAY [Preflight Bootstrap - Seed WSL Public Keys to SONiC Fabric] **********************************************************************************************************************************************

TASK [Push local WSL public key string via automated non-interactive double-sshpass pipe] **********************************************************************************************************************
changed: [Border-Leaf1 -> localhost]

PLAY [Preflight Bootstrap - Seed WSL Public Keys to SONiC Fabric] **********************************************************************************************************************************************

TASK [Push local WSL public key string via automated non-interactive double-sshpass pipe] **********************************************************************************************************************
changed: [Border-Leaf2 -> localhost]

PLAY [Verify Persistent Dracut Storage Integrity] **************************************************************************************************************************************************************

TASK [Capture active kernel storage mount configurations] ******************************************************************************************************************************************************
ok: [k8s-master-02]
ok: [k8s-master-01]
ok: [k8s-db-01]
ok: [k8s-master-03]
ok: [k8s-db-02]
ok: [k8s-db-03]
ok: [osh-ctrl-01]
ok: [osh-ctrl-02]
ok: [osh-ctrl-03]
ok: [osh-net-01]
ok: [osh-net-02]
ok: [MonSrv]
ok: [osh-comp-01]
ok: [osh-comp-02]
ok: [osh-comp-03]
ok: [osh-comp-04]
ok: [Exit-Router1]
ok: [Exit-Router2]
ok: [oob-mgmt-node]

TASK [Enforce Control Plane System Storage Integrity] **********************************************************************************************************************************************************
ok: [k8s-master-01] => {
    "changed": false,
    "msg": "SUCCESS: Dynamic Dracut Overlay verified! Your filesystem is running securely on top of an active OverlayFS canvas."
}
ok: [k8s-master-02] => {
    "changed": false,
    "msg": "SUCCESS: Dynamic Dracut Overlay verified! Your filesystem is running securely on top of an active OverlayFS canvas."
}
ok: [k8s-master-03] => {
    "changed": false,
    "msg": "SUCCESS: Dynamic Dracut Overlay verified! Your filesystem is running securely on top of an active OverlayFS canvas."
}
ok: [k8s-db-01] => {
    "changed": false,
    "msg": "SUCCESS: Dynamic Dracut Overlay verified! Your filesystem is running securely on top of an active OverlayFS canvas."
}
ok: [k8s-db-02] => {
    "changed": false,
    "msg": "SUCCESS: Dynamic Dracut Overlay verified! Your filesystem is running securely on top of an active OverlayFS canvas."
}
ok: [k8s-db-03] => {
    "changed": false,
    "msg": "SUCCESS: Dynamic Dracut Overlay verified! Your filesystem is running securely on top of an active OverlayFS canvas."
}
ok: [osh-ctrl-01] => {
    "changed": false,
    "msg": "SUCCESS: Dynamic Dracut Overlay verified! Your filesystem is running securely on top of an active OverlayFS canvas."
}
ok: [osh-ctrl-02] => {
    "changed": false,
    "msg": "SUCCESS: Dynamic Dracut Overlay verified! Your filesystem is running securely on top of an active OverlayFS canvas."
}
ok: [osh-ctrl-03] => {
    "changed": false,
    "msg": "SUCCESS: Dynamic Dracut Overlay verified! Your filesystem is running securely on top of an active OverlayFS canvas."
}
ok: [osh-net-01] => {
    "changed": false,
    "msg": "SUCCESS: Dynamic Dracut Overlay verified! Your filesystem is running securely on top of an active OverlayFS canvas."
}
ok: [osh-net-02] => {
    "changed": false,
    "msg": "SUCCESS: Dynamic Dracut Overlay verified! Your filesystem is running securely on top of an active OverlayFS canvas."
}
ok: [MonSrv] => {
    "changed": false,
    "msg": "SUCCESS: Dynamic Dracut Overlay verified! Your filesystem is running securely on top of an active OverlayFS canvas."
}
ok: [osh-comp-01] => {
    "changed": false,
    "msg": "SUCCESS: Dynamic Dracut Overlay verified! Your filesystem is running securely on top of an active OverlayFS canvas."
}
ok: [osh-comp-02] => {
    "changed": false,
    "msg": "SUCCESS: Dynamic Dracut Overlay verified! Your filesystem is running securely on top of an active OverlayFS canvas."
}
ok: [osh-comp-03] => {
    "changed": false,
    "msg": "SUCCESS: Dynamic Dracut Overlay verified! Your filesystem is running securely on top of an active OverlayFS canvas."
}
ok: [osh-comp-04] => {
    "changed": false,
    "msg": "SUCCESS: Dynamic Dracut Overlay verified! Your filesystem is running securely on top of an active OverlayFS canvas."
}
ok: [Exit-Router1] => {
    "changed": false,
    "msg": "SUCCESS: Dynamic Dracut Overlay verified! Your filesystem is running securely on top of an active OverlayFS canvas."
}
ok: [Exit-Router2] => {
    "changed": false,
    "msg": "SUCCESS: Dynamic Dracut Overlay verified! Your filesystem is running securely on top of an active OverlayFS canvas."
}
ok: [oob-mgmt-node] => {
    "changed": false,
    "msg": "SUCCESS: Dynamic Dracut Overlay verified! Your filesystem is running securely on top of an active OverlayFS canvas."
}

PLAY [Preflight - wait for SONiC nodes to be ready] ************************************************************************************************************************************************************

TASK [Wait for SSH transport (Now via passwordless keys)] ******************************************************************************************************************************************************
ok: [Spine-S1]
ok: [Spine-S2]
ok: [Leaf-L1]
ok: [Leaf-L2]
ok: [Leaf-L3]
ok: [Leaf-L4]
ok: [Border-Leaf1]
ok: [Border-Leaf2]

TASK [Wait for base config_db.json to be present] **************************************************************************************************************************************************************
ok: [Spine-S1]
ok: [Spine-S2]
ok: [Leaf-L1]
ok: [Leaf-L2]
ok: [Leaf-L3]
ok: [Leaf-L4]
ok: [Border-Leaf1]
ok: [Border-Leaf2]

TASK [Wait for SONiC DB metadata file to be created] ***********************************************************************************************************************************************************
ok: [Spine-S2]
ok: [Spine-S1]
ok: [Leaf-L2]
ok: [Leaf-L1]
ok: [Leaf-L3]
ok: [Leaf-L4]
ok: [Border-Leaf1]
ok: [Border-Leaf2]

TASK [Wait for CONFIG_DB access to become available] ***********************************************************************************************************************************************************
ok: [Spine-S2]
ok: [Spine-S1]
ok: [Leaf-L1]
ok: [Leaf-L2]
ok: [Leaf-L3]
ok: [Leaf-L4]
ok: [Border-Leaf1]
ok: [Border-Leaf2]

PLAY [Provision SONiC leaf-spine fabric] ***********************************************************************************************************************************************************************

TASK [sonic_provision : Assert access_ports do not overlap fabric switch_ports] ********************************************************************************************************************************
skipping: [Spine-S1]
skipping: [Spine-S2]
ok: [Leaf-L1] => {
    "changed": false,
    "msg": "All assertions passed"
}
ok: [Leaf-L2] => {
    "changed": false,
    "msg": "All assertions passed"
}
ok: [Leaf-L3] => {
    "changed": false,
    "msg": "All assertions passed"
}
ok: [Leaf-L4] => {
    "changed": false,
    "msg": "All assertions passed"
}
ok: [Border-Leaf1] => {
    "changed": false,
    "msg": "All assertions passed"
}
ok: [Border-Leaf2] => {
    "changed": false,
    "msg": "All assertions passed"
}

TASK [sonic_provision : Wait for SONiC DB metadata file to be available] ***************************************************************************************************************************************
ok: [Spine-S1]
ok: [Spine-S2]
ok: [Leaf-L1]
ok: [Leaf-L2]
ok: [Leaf-L3]
ok: [Leaf-L4]
ok: [Border-Leaf1]
ok: [Border-Leaf2]

TASK [sonic_provision : Wait for CONFIG_DB access to become available] *****************************************************************************************************************************************
ok: [Spine-S1]
ok: [Spine-S2]
ok: [Leaf-L1]
ok: [Leaf-L2]
ok: [Leaf-L3]
ok: [Leaf-L4]
ok: [Border-Leaf1]
ok: [Border-Leaf2]

TASK [sonic_provision : Flatten breakout-aware access port definitions into a list of child interfaces] ********************************************************************************************************
ok: [Spine-S1]
ok: [Spine-S2]
ok: [Leaf-L1]
ok: [Leaf-L2]
ok: [Leaf-L3]
ok: [Leaf-L4]
ok: [Border-Leaf1]
ok: [Border-Leaf2]

TASK [sonic_provision : Register effective access-port list for breakouts] *************************************************************************************************************************************
ok: [Spine-S1]
ok: [Spine-S2]
ok: [Leaf-L1]
ok: [Leaf-L2]
ok: [Leaf-L3]
ok: [Leaf-L4]
ok: [Border-Leaf1]
ok: [Border-Leaf2]

TASK [sonic_provision : Build a breakout-aware access-port name map for CONFIG_DB validation] ******************************************************************************************************************
ok: [Spine-S1]
ok: [Spine-S2]
ok: [Leaf-L1]
ok: [Leaf-L2]
ok: [Leaf-L3]
ok: [Leaf-L4]
ok: [Border-Leaf1]
ok: [Border-Leaf2]

TASK [sonic_provision : Write port data for config generation] *************************************************************************************************************************************************
changed: [Spine-S1]
changed: [Spine-S2]
changed: [Leaf-L1]
changed: [Leaf-L2]
changed: [Leaf-L3]
changed: [Leaf-L4]
changed: [Border-Leaf1]
changed: [Border-Leaf2]

TASK [sonic_provision : Copy breakout port config from Control Node to SONiC Switch VMs] ***********************************************************************************************************************
changed: [Spine-S1]
changed: [Spine-S2]
changed: [Leaf-L2]
changed: [Leaf-L1]
changed: [Leaf-L3]
changed: [Leaf-L4]
changed: [Border-Leaf2]
changed: [Border-Leaf1]

TASK [sonic_provision : Generate raw config_db from platform breakout_port_config.ini] *************************************************************************************************************************
changed: [Spine-S1]
changed: [Spine-S2]
changed: [Leaf-L2]
changed: [Leaf-L1]
fatal: [Leaf-L3]: FAILED! => {"changed": true, "cmd": "sonic-cfggen -k Arista-7050-QX32 -p /tmp/breakout_port_config.ini --preset t1 > /tmp/raw_config_db.json\n", "delta": "0:00:00.757512", "end": "2026-09-11 13:18:02.175916", "msg": "non-zero return code", "rc": 1, "start": "2026-09-11 13:18:01.418404", "stderr": "Traceback (most recent call last):\n  File \"/usr/local/bin/sonic-cfggen\", line 549, in <module>\n    main()\n    ~~~~^^\n  File \"/usr/local/bin/sonic-cfggen\", line 389, in main\n    (ports, _, _) = get_port_config(hwsku, platform, args.port_config, hwsku_config_file=args.hwsku_config, asic_name=asic_name)\n                    ~~~~~~~~~~~~~~~^^^^^^^^^^^^^^^^^^^^^^^^^^^^^^^^^^^^^^^^^^^^^^^^^^^^^^^^^^^^^^^^^^^^^^^^^^^^^^^^^^^^^^^^^^^^^\n  File \"/usr/local/lib/python3.13/dist-packages/portconfig.py\", line 212, in get_port_config\n    return parse_port_config_file(port_config_file)\n  File \"/usr/local/lib/python3.13/dist-packages/portconfig.py\", line 235, in parse_port_config_file\n    data[titles[i]] = item\n         ~~~~~~^^^\nIndexError: list index out of range", "stderr_lines": ["Traceback (most recent call last):", "  File \"/usr/local/bin/sonic-cfggen\", line 549, in <module>", "    main()", "    ~~~~^^", "  File \"/usr/local/bin/sonic-cfggen\", line 389, in main", "    (ports, _, _) = get_port_config(hwsku, platform, args.port_config, hwsku_config_file=args.hwsku_config, asic_name=asic_name)", "                    ~~~~~~~~~~~~~~~^^^^^^^^^^^^^^^^^^^^^^^^^^^^^^^^^^^^^^^^^^^^^^^^^^^^^^^^^^^^^^^^^^^^^^^^^^^^^^^^^^^^^^^^^^^^^", "  File \"/usr/local/lib/python3.13/dist-packages/portconfig.py\", line 212, in get_port_config", "    return parse_port_config_file(port_config_file)", "  File \"/usr/local/lib/python3.13/dist-packages/portconfig.py\", line 235, in parse_port_config_file", "    data[titles[i]] = item", "         ~~~~~~^^^", "IndexError: list index out of range"], "stdout": "", "stdout_lines": []}
fatal: [Leaf-L4]: FAILED! => {"changed": true, "cmd": "sonic-cfggen -k Arista-7050-QX32 -p /tmp/breakout_port_config.ini --preset t1 > /tmp/raw_config_db.json\n", "delta": "0:00:00.769087", "end": "2026-09-11 13:18:03.117476", "msg": "non-zero return code", "rc": 1, "start": "2026-09-11 13:18:02.348389", "stderr": "Traceback (most recent call last):\n  File \"/usr/local/bin/sonic-cfggen\", line 549, in <module>\n    main()\n    ~~~~^^\n  File \"/usr/local/bin/sonic-cfggen\", line 389, in main\n    (ports, _, _) = get_port_config(hwsku, platform, args.port_config, hwsku_config_file=args.hwsku_config, asic_name=asic_name)\n                    ~~~~~~~~~~~~~~~^^^^^^^^^^^^^^^^^^^^^^^^^^^^^^^^^^^^^^^^^^^^^^^^^^^^^^^^^^^^^^^^^^^^^^^^^^^^^^^^^^^^^^^^^^^^^\n  File \"/usr/local/lib/python3.13/dist-packages/portconfig.py\", line 212, in get_port_config\n    return parse_port_config_file(port_config_file)\n  File \"/usr/local/lib/python3.13/dist-packages/portconfig.py\", line 235, in parse_port_config_file\n    data[titles[i]] = item\n         ~~~~~~^^^\nIndexError: list index out of range", "stderr_lines": ["Traceback (most recent call last):", "  File \"/usr/local/bin/sonic-cfggen\", line 549, in <module>", "    main()", "    ~~~~^^", "  File \"/usr/local/bin/sonic-cfggen\", line 389, in main", "    (ports, _, _) = get_port_config(hwsku, platform, args.port_config, hwsku_config_file=args.hwsku_config, asic_name=asic_name)", "                    ~~~~~~~~~~~~~~~^^^^^^^^^^^^^^^^^^^^^^^^^^^^^^^^^^^^^^^^^^^^^^^^^^^^^^^^^^^^^^^^^^^^^^^^^^^^^^^^^^^^^^^^^^^^^", "  File \"/usr/local/lib/python3.13/dist-packages/portconfig.py\", line 212, in get_port_config", "    return parse_port_config_file(port_config_file)", "  File \"/usr/local/lib/python3.13/dist-packages/portconfig.py\", line 235, in parse_port_config_file", "    data[titles[i]] = item", "         ~~~~~~^^^", "IndexError: list index out of range"], "stdout": "", "stdout_lines": []}
changed: [Border-Leaf2]
changed: [Border-Leaf1]

TASK [sonic_provision : Copy customization script to target] ***************************************************************************************************************************************************
changed: [Spine-S2]
changed: [Spine-S1]
changed: [Leaf-L1]
changed: [Leaf-L2]
changed: [Border-Leaf1]
changed: [Border-Leaf2]

TASK [sonic_provision : Customize raw_config_db.json for this node] ********************************************************************************************************************************************
changed: [Spine-S1]
changed: [Spine-S2]
changed: [Leaf-L1]
changed: [Leaf-L2]
changed: [Border-Leaf1]
changed: [Border-Leaf2]

TASK [sonic_provision : Safely merge init configuration structures with custom breakout maps] ******************************************************************************************************************
changed: [Spine-S1]
changed: [Spine-S2]
changed: [Leaf-L1]
changed: [Leaf-L2]
changed: [Border-Leaf2]
changed: [Border-Leaf1]

TASK [sonic_provision : Load consolidated config into Redis CONFIG_DB] *****************************************************************************************************************************************
changed: [Spine-S2]
changed: [Spine-S1]
changed: [Leaf-L1]
changed: [Leaf-L2]
changed: [Border-Leaf1]
changed: [Border-Leaf2]

TASK [sonic_provision : Render configuration overlay] **********************************************************************************************************************************************************
ok: [Spine-S1 -> localhost]
ok: [Spine-S2 -> localhost]
ok: [Leaf-L1 -> localhost]
ok: [Leaf-L2 -> localhost]
ok: [Border-Leaf1 -> localhost]
ok: [Border-Leaf2 -> localhost]

TASK [sonic_provision : Copy rendered overlay to target SONiC node] ********************************************************************************************************************************************
changed: [Spine-S1]
changed: [Spine-S2]
changed: [Leaf-L1]
changed: [Leaf-L2]
changed: [Border-Leaf1]
changed: [Border-Leaf2]

TASK [sonic_provision : Apply configuration overlay to CONFIG_DB] **********************************************************************************************************************************************
changed: [Spine-S2]
changed: [Spine-S1]
changed: [Leaf-L1]
changed: [Leaf-L2]
changed: [Border-Leaf1]
changed: [Border-Leaf2]

TASK [sonic_provision : Save running configuration to startup config] ******************************************************************************************************************************************
changed: [Spine-S2]
changed: [Spine-S1]
changed: [Leaf-L1]
changed: [Leaf-L2]
changed: [Border-Leaf1]
changed: [Border-Leaf2]

TASK [sonic_provision : Construct Unified Target Interface Port Map] *******************************************************************************************************************************************
ok: [Spine-S2]
ok: [Spine-S1]
ok: [Leaf-L1]
ok: [Leaf-L2]
ok: [Border-Leaf1]
ok: [Border-Leaf2]

TASK [sonic_provision : Wait for SwSS container to be ready before config reload] ******************************************************************************************************************************
FAILED - RETRYING: [Spine-S1]: Wait for SwSS container to be ready before config reload (30 retries left).
FAILED - RETRYING: [Spine-S2]: Wait for SwSS container to be ready before config reload (30 retries left).
FAILED - RETRYING: [Spine-S1]: Wait for SwSS container to be ready before config reload (29 retries left).
FAILED - RETRYING: [Spine-S2]: Wait for SwSS container to be ready before config reload (29 retries left).
FAILED - RETRYING: [Spine-S2]: Wait for SwSS container to be ready before config reload (28 retries left).
FAILED - RETRYING: [Spine-S1]: Wait for SwSS container to be ready before config reload (28 retries left).
FAILED - RETRYING: [Spine-S2]: Wait for SwSS container to be ready before config reload (27 retries left).
FAILED - RETRYING: [Spine-S1]: Wait for SwSS container to be ready before config reload (27 retries left).
FAILED - RETRYING: [Spine-S2]: Wait for SwSS container to be ready before config reload (26 retries left).
FAILED - RETRYING: [Spine-S1]: Wait for SwSS container to be ready before config reload (26 retries left).
FAILED - RETRYING: [Spine-S2]: Wait for SwSS container to be ready before config reload (25 retries left).
FAILED - RETRYING: [Spine-S1]: Wait for SwSS container to be ready before config reload (25 retries left).
FAILED - RETRYING: [Spine-S2]: Wait for SwSS container to be ready before config reload (24 retries left).
FAILED - RETRYING: [Spine-S1]: Wait for SwSS container to be ready before config reload (24 retries left).
FAILED - RETRYING: [Spine-S2]: Wait for SwSS container to be ready before config reload (23 retries left).
FAILED - RETRYING: [Spine-S1]: Wait for SwSS container to be ready before config reload (23 retries left).
FAILED - RETRYING: [Spine-S2]: Wait for SwSS container to be ready before config reload (22 retries left).
ok: [Spine-S1]
FAILED - RETRYING: [Leaf-L1]: Wait for SwSS container to be ready before config reload (30 retries left).
FAILED - RETRYING: [Spine-S2]: Wait for SwSS container to be ready before config reload (21 retries left).
FAILED - RETRYING: [Leaf-L1]: Wait for SwSS container to be ready before config reload (29 retries left).
ok: [Spine-S2]
FAILED - RETRYING: [Leaf-L2]: Wait for SwSS container to be ready before config reload (30 retries left).
FAILED - RETRYING: [Leaf-L1]: Wait for SwSS container to be ready before config reload (28 retries left).
FAILED - RETRYING: [Leaf-L2]: Wait for SwSS container to be ready before config reload (29 retries left).
FAILED - RETRYING: [Leaf-L1]: Wait for SwSS container to be ready before config reload (27 retries left).
FAILED - RETRYING: [Leaf-L2]: Wait for SwSS container to be ready before config reload (28 retries left).
FAILED - RETRYING: [Leaf-L1]: Wait for SwSS container to be ready before config reload (26 retries left).
FAILED - RETRYING: [Leaf-L2]: Wait for SwSS container to be ready before config reload (27 retries left).
ok: [Leaf-L1]
ok: [Border-Leaf1]
ok: [Border-Leaf2]
FAILED - RETRYING: [Leaf-L2]: Wait for SwSS container to be ready before config reload (26 retries left).
ok: [Leaf-L2]

TASK [sonic_provision : Trigger config reload to reconcile PORT table into kernel interfaces] ******************************************************************************************************************
changed: [Spine-S1]
changed: [Spine-S2]
changed: [Leaf-L1]
changed: [Leaf-L2]
changed: [Border-Leaf1]
changed: [Border-Leaf2]

TASK [sonic_provision : Wait longer for SwSS to settle before retry] *******************************************************************************************************************************************
skipping: [Spine-S1]
skipping: [Spine-S2]
skipping: [Leaf-L1]
skipping: [Leaf-L2]
skipping: [Border-Leaf1]
skipping: [Border-Leaf2]

TASK [sonic_provision : Retry config reload] *******************************************************************************************************************************************************************
skipping: [Spine-S1]
skipping: [Spine-S2]
skipping: [Leaf-L1]
skipping: [Leaf-L2]
skipping: [Border-Leaf1]
skipping: [Border-Leaf2]

TASK [sonic_provision : Wait for SONiC to come back after config reload] ***************************************************************************************************************************************
ok: [Spine-S1]
ok: [Spine-S2]
ok: [Leaf-L1]
ok: [Leaf-L2]
ok: [Border-Leaf2]
ok: [Border-Leaf1]

TASK [sonic_provision : Wait until breakout interfaces exist in CONFIG_DB] *************************************************************************************************************************************
ok: [Spine-S1]
ok: [Spine-S2]
ok: [Leaf-L1]
ok: [Leaf-L2]
ok: [Border-Leaf1]
ok: [Border-Leaf2]

TASK [sonic_provision : Second config reload to finish rendering breakout ports] *******************************************************************************************************************************
skipping: [Spine-S1]
skipping: [Spine-S2]
skipping: [Leaf-L1]
skipping: [Leaf-L2]
skipping: [Border-Leaf1]
skipping: [Border-Leaf2]

TASK [sonic_provision : Wait for SONiC to come back after the remediation reload] ******************************************************************************************************************************
skipping: [Spine-S1]
skipping: [Spine-S2]
skipping: [Leaf-L1]
skipping: [Leaf-L2]
skipping: [Border-Leaf1]
skipping: [Border-Leaf2]

TASK [sonic_provision : Re-check breakout interfaces exist in CONFIG_DB] ***************************************************************************************************************************************
skipping: [Spine-S1]
skipping: [Spine-S2]
skipping: [Leaf-L1]
skipping: [Leaf-L2]
skipping: [Border-Leaf1]
skipping: [Border-Leaf2]

TASK [sonic_provision : Warn if some breakout ports are still missing (BGP self-heal will retry)] **************************************************************************************************************
skipping: [Spine-S1]
skipping: [Spine-S2]
skipping: [Leaf-L1]
skipping: [Leaf-L2]
skipping: [Border-Leaf1]
skipping: [Border-Leaf2]

TASK [sonic_provision : Administratively bring up all configured topology interfaces] **************************************************************************************************************************
changed: [Spine-S1] => (item={'key': 'Ethernet0', 'value': {'speed': '40000', 'role': 'fabric', 'lanes': '65,66,67,68', 'index': '1', 'neighbor': 'Leaf-L1', 'rem_port': 'Ethernet68', 'neighbor_asn': 65011}})
changed: [Spine-S2] => (item={'key': 'Ethernet0', 'value': {'speed': '40000', 'role': 'fabric', 'lanes': '65,66,67,68', 'index': '1', 'neighbor': 'Leaf-L1', 'rem_port': 'Ethernet64', 'neighbor_asn': 65011}})
changed: [Spine-S1] => (item={'key': 'Ethernet4', 'value': {'speed': '40000', 'role': 'fabric', 'lanes': '69,70,71,72', 'index': '2', 'neighbor': 'Leaf-L2', 'rem_port': 'Ethernet68', 'neighbor_asn': 65012}})
changed: [Spine-S2] => (item={'key': 'Ethernet4', 'value': {'speed': '40000', 'role': 'fabric', 'lanes': '69,70,71,72', 'index': '2', 'neighbor': 'Leaf-L2', 'rem_port': 'Ethernet64', 'neighbor_asn': 65012}})
changed: [Spine-S2] => (item={'key': 'Ethernet8', 'value': {'speed': '40000', 'role': 'fabric', 'lanes': '73,74,75,76', 'index': '3', 'neighbor': 'Leaf-L3', 'rem_port': 'Ethernet120', 'neighbor_asn': 65021}})
changed: [Spine-S1] => (item={'key': 'Ethernet8', 'value': {'speed': '40000', 'role': 'fabric', 'lanes': '73,74,75,76', 'index': '3', 'neighbor': 'Leaf-L3', 'rem_port': 'Ethernet124', 'neighbor_asn': 65021}})
changed: [Spine-S2] => (item={'key': 'Ethernet12', 'value': {'speed': '40000', 'role': 'fabric', 'lanes': '77,78,79,80', 'index': '4', 'neighbor': 'Leaf-L4', 'rem_port': 'Ethernet120', 'neighbor_asn': 65022}})
changed: [Spine-S1] => (item={'key': 'Ethernet12', 'value': {'speed': '40000', 'role': 'fabric', 'lanes': '77,78,79,80', 'index': '4', 'neighbor': 'Leaf-L4', 'rem_port': 'Ethernet124', 'neighbor_asn': 65022}})
changed: [Spine-S2] => (item={'key': 'Ethernet16', 'value': {'speed': '40000', 'role': 'fabric', 'lanes': '33,34,35,36', 'index': '5', 'neighbor': 'Border-Leaf1', 'rem_port': 'Ethernet120', 'neighbor_asn': 65031}})
changed: [Spine-S1] => (item={'key': 'Ethernet16', 'value': {'speed': '40000', 'role': 'fabric', 'lanes': '33,34,35,36', 'index': '5', 'neighbor': 'Border-Leaf1', 'rem_port': 'Ethernet124', 'neighbor_asn': 65031}})
changed: [Spine-S2] => (item={'key': 'Ethernet20', 'value': {'speed': '40000', 'role': 'fabric', 'lanes': '37,38,39,40', 'index': '6', 'neighbor': 'Border-Leaf2', 'rem_port': 'Ethernet120', 'neighbor_asn': 65032}})
changed: [Spine-S1] => (item={'key': 'Ethernet20', 'value': {'speed': '40000', 'role': 'fabric', 'lanes': '37,38,39,40', 'index': '6', 'neighbor': 'Border-Leaf2', 'rem_port': 'Ethernet124', 'neighbor_asn': 65032}})
changed: [Leaf-L1] => (item={'key': 'Ethernet68', 'value': {'speed': '40000', 'role': 'fabric', 'alias': 'tenGigE68', 'lanes': '77,78,79,80', 'index': '54', 'neighbor': 'Spine-S1', 'rem_port': 'Ethernet0', 'neighbor_asn': 65000}})
changed: [Leaf-L2] => (item={'key': 'Ethernet68', 'value': {'speed': '40000', 'role': 'fabric', 'alias': 'tenGigE68', 'lanes': '77,78,79,80', 'index': '54', 'neighbor': 'Spine-S1', 'rem_port': 'Ethernet4', 'neighbor_asn': 65000}})
changed: [Leaf-L1] => (item={'key': 'Ethernet64', 'value': {'speed': '40000', 'role': 'fabric', 'alias': 'tenGigE64', 'lanes': '109,110,111,112', 'index': '53', 'neighbor': 'Spine-S2', 'rem_port': 'Ethernet0', 'neighbor_asn': 65000}})
changed: [Leaf-L2] => (item={'key': 'Ethernet64', 'value': {'speed': '40000', 'role': 'fabric', 'alias': 'tenGigE64', 'lanes': '109,110,111,112', 'index': '53', 'neighbor': 'Spine-S2', 'rem_port': 'Ethernet4', 'neighbor_asn': 65000}})
changed: [Leaf-L1] => (item={'key': 'Ethernet0', 'value': {'speed': '10000', 'role': 'server_access', 'alias': 'tenGigE0', 'lanes': '13', 'index': '1', 'peer': 'k8s-master-01', 'neighbor_asn': 65211, 'name': 'Ethernet0'}})
changed: [Leaf-L2] => (item={'key': 'Ethernet0', 'value': {'speed': '10000', 'role': 'server_access', 'alias': 'tenGigE0', 'lanes': '13', 'index': '1', 'peer': 'k8s-master-01', 'neighbor_asn': 65211, 'name': 'Ethernet0'}})
changed: [Leaf-L1] => (item={'key': 'Ethernet1', 'value': {'speed': '10000', 'role': 'server_access', 'alias': 'tenGigE1', 'lanes': '14', 'index': '2', 'peer': 'k8s-db-01', 'neighbor_asn': 65212, 'name': 'Ethernet1'}})
changed: [Leaf-L2] => (item={'key': 'Ethernet1', 'value': {'speed': '10000', 'role': 'server_access', 'alias': 'tenGigE1', 'lanes': '14', 'index': '2', 'peer': 'k8s-db-01', 'neighbor_asn': 65212, 'name': 'Ethernet1'}})
changed: [Leaf-L1] => (item={'key': 'Ethernet2', 'value': {'speed': '10000', 'role': 'server_access', 'alias': 'tenGigE2', 'lanes': '15', 'index': '3', 'peer': 'osh-ctrl-01', 'neighbor_asn': 65213, 'name': 'Ethernet2'}})
changed: [Leaf-L2] => (item={'key': 'Ethernet2', 'value': {'speed': '10000', 'role': 'server_access', 'alias': 'tenGigE2', 'lanes': '15', 'index': '3', 'peer': ' osh-ctrl-01', 'neighbor_asn': 65213, 'name': 'Ethernet2'}})
changed: [Leaf-L1] => (item={'key': 'Ethernet3', 'value': {'speed': '10000', 'role': 'server_access', 'alias': 'tenGigE3', 'lanes': '16', 'index': '4', 'peer': 'osh-net-01', 'neighbor_asn': 65214, 'name': 'Ethernet3'}})
changed: [Leaf-L2] => (item={'key': 'Ethernet3', 'value': {'speed': '10000', 'role': 'server_access', 'alias': 'tenGigE3', 'lanes': '16', 'index': '4', 'peer': 'osh-net-01', 'neighbor_asn': 65214, 'name': 'Ethernet3'}})
changed: [Leaf-L1] => (item={'key': 'Ethernet4', 'value': {'speed': '10000', 'role': 'server_access', 'alias': 'tenGigE4', 'lanes': '17', 'index': '5', 'peer': 'osh-comp-01', 'neighbor_asn': 65215, 'name': 'Ethernet4'}})
changed: [Leaf-L2] => (item={'key': 'Ethernet4', 'value': {'speed': '10000', 'role': 'server_access', 'alias': 'tenGigE4', 'lanes': '17', 'index': '5', 'peer': 'osh-comp-01', 'neighbor_asn': 65215, 'name': 'Ethernet4'}})
changed: [Leaf-L1] => (item={'key': 'Ethernet5', 'value': {'speed': '10000', 'role': 'server_access', 'alias': 'tenGigE5', 'lanes': '18', 'index': '6', 'peer': 'osh-comp-04', 'neighbor_asn': 65216, 'name': 'Ethernet5'}})
changed: [Leaf-L2] => (item={'key': 'Ethernet5', 'value': {'speed': '10000', 'role': 'server_access', 'alias': 'tenGigE5', 'lanes': '18', 'index': '6', 'peer': 'osh-comp-04', 'neighbor_asn': 65216, 'name': 'Ethernet5'}})
changed: [Border-Leaf1] => (item={'key': 'Ethernet124', 'value': {'speed': '40000', 'role': 'fabric', 'alias': 'Ethernet36', 'lanes': '5,6,7,8', 'index': '36', 'neighbor': 'Spine-S1', 'rem_port': 'Ethernet16', 'neighbor_asn': 65000}})
changed: [Border-Leaf2] => (item={'key': 'Ethernet124', 'value': {'speed': '40000', 'role': 'fabric', 'alias': 'Ethernet36', 'lanes': '5,6,7,8', 'index': '36', 'neighbor': 'Spine-S1', 'rem_port': 'Ethernet20', 'neighbor_asn': 65000}})
changed: [Border-Leaf1] => (item={'key': 'Ethernet120', 'value': {'speed': '40000', 'role': 'fabric', 'alias': 'Ethernet35', 'lanes': '1,2,3,4', 'index': '35', 'neighbor': 'Spine-S2', 'rem_port': 'Ethernet16', 'neighbor_asn': 65000}})
changed: [Border-Leaf2] => (item={'key': 'Ethernet120', 'value': {'speed': '40000', 'role': 'fabric', 'alias': 'Ethernet35', 'lanes': '1,2,3,4', 'index': '35', 'neighbor': 'Spine-S2', 'rem_port': 'Ethernet20', 'neighbor_asn': 65000}})
changed: [Border-Leaf1] => (item={'key': 'Ethernet0', 'value': {'name': 'Ethernet0', 'alias': 'Ethernet5/1', 'lanes': '9', 'index': '5', 'speed': '10000', 'neighbor': 'Exit-Router1', 'rem_port': 'enp2s0', 'neighbor_asn': 65251}})
changed: [Border-Leaf2] => (item={'key': 'Ethernet0', 'value': {'name': 'Ethernet0', 'alias': 'Ethernet5/1', 'lanes': '9', 'index': '5', 'speed': '10000', 'neighbor': 'Exit-Router2', 'rem_port': 'enp3s0', 'neighbor_asn': 65252}})
changed: [Border-Leaf1] => (item={'key': 'Ethernet1', 'value': {'name': 'Ethernet1', 'alias': 'Ethernet5/2', 'lanes': '10', 'index': '5', 'speed': '10000', 'neighbor': 'Exit-Router2', 'rem_port': 'enp2s0', 'neighbor_asn': 65252}})
changed: [Border-Leaf2] => (item={'key': 'Ethernet1', 'value': {'name': 'Ethernet1', 'alias': 'Ethernet5/2', 'lanes': '10', 'index': '5', 'speed': '10000', 'neighbor': 'Exit-Router1', 'rem_port': 'enp3s0', 'neighbor_asn': 65251}})
changed: [Border-Leaf1] => (item={'key': 'Ethernet2', 'value': {'name': 'Ethernet2', 'alias': 'Ethernet5/3', 'lanes': '11', 'index': '5', 'speed': '10000', 'neighbor': 'k8s-master-03', 'rem_port': 'cephport', 'neighbor_asn': 65231}})
changed: [Border-Leaf2] => (item={'key': 'Ethernet2', 'value': {'name': 'Ethernet2', 'alias': 'Ethernet5/3', 'lanes': '11', 'index': '5', 'speed': '10000', 'neighbor': 'k8s-master-03', 'rem_port': 'enp3s0', 'neighbor_asn': 65231}})
changed: [Border-Leaf1] => (item={'key': 'Ethernet3', 'value': {'name': 'Ethernet3', 'alias': 'Ethernet5/4', 'lanes': '12', 'index': '5', 'speed': '10000', 'neighbor': 'k8s-db-03', 'rem_port': 'cephport', 'neighbor_asn': 65232}})
changed: [Border-Leaf2] => (item={'key': 'Ethernet3', 'value': {'name': 'Ethernet3', 'alias': 'Ethernet5/4', 'lanes': '12', 'index': '5', 'speed': '10000', 'neighbor': 'k8s-db-03', 'rem_port': 'enp3s0', 'neighbor_asn': 65232}})
changed: [Border-Leaf1] => (item={'key': 'Ethernet4', 'value': {'name': 'Ethernet4', 'alias': 'Ethernet6/1', 'lanes': '16', 'index': '6', 'speed': '10000', 'neighbor': 'osh-ctrl-03', 'rem_port': 'enp2s0', 'neighbor_asn': 65233}})
changed: [Border-Leaf2] => (item={'key': 'Ethernet4', 'value': {'name': 'Ethernet4', 'alias': 'Ethernet6/1', 'lanes': '13', 'index': '6', 'speed': '10000', 'neighbor': 'osh-ctrl-03', 'rem_port': 'enp3s0', 'neighbor_asn': 65233}})
changed: [Border-Leaf1] => (item={'key': 'Ethernet5', 'value': {'name': 'Ethernet5', 'alias': 'Ethernet6/2', 'lanes': '17', 'index': '7', 'speed': '10000', 'neighbor': 'MonSrv', 'rem_port': 'enp2s0', 'neighbor_asn': 65234}})
changed: [Border-Leaf2] => (item={'key': 'Ethernet5', 'value': {'name': 'Ethernet5', 'alias': 'Ethernet6/2', 'lanes': '14', 'index': '6', 'speed': '10000', 'neighbor': 'MonSrv', 'rem_port': 'enp3s0', 'neighbor_asn': 65234}})
changed: [Border-Leaf1] => (item={'key': 'Ethernet6', 'value': {'name': 'Ethernet6', 'alias': 'Ethernet6/3', 'lanes': '21', 'index': '8', 'speed': '10000', 'neighbor': 'osh-comp-03', 'rem_port': 'cephport', 'neighbor_asn': 65235}})
changed: [Border-Leaf2] => (item={'key': 'Ethernet6', 'value': {'name': 'Ethernet6', 'alias': 'Ethernet6/3', 'lanes': '15', 'index': '6', 'speed': '10000', 'neighbor': 'osh-comp-03', 'rem_port': 'enp3s0', 'neighbor_asn': 65235}})
changed: [Border-Leaf1] => (item={'key': 'Ethernet7', 'value': {'name': 'Ethernet7', 'alias': 'Ethernet6/4', 'lanes': '29', 'index': '9', 'speed': '10000', 'neighbor': 'none'}})
changed: [Border-Leaf2] => (item={'key': 'Ethernet7', 'value': {'name': 'Ethernet7', 'alias': 'Ethernet6/4', 'lanes': '16', 'index': '6', 'speed': '10000', 'neighbor': 'none'}})

TASK [sonic_provision : Persist final interface states to startup config] **************************************************************************************************************************************
changed: [Spine-S1]
changed: [Spine-S2]
changed: [Leaf-L1]
changed: [Leaf-L2]
changed: [Border-Leaf1]
changed: [Border-Leaf2]

PLAY [Configure SONiC eBGP unnumbered on fabric links] *********************************************************************************************************************************************************

TASK [sonic_bgp_unnumbered : Assert required variables exist] **************************************************************************************************************************************************
ok: [Spine-S1] => {
    "changed": false,
    "msg": "All assertions passed"
}
ok: [Spine-S2] => {
    "changed": false,
    "msg": "All assertions passed"
}
ok: [Leaf-L1] => {
    "changed": false,
    "msg": "All assertions passed"
}
ok: [Leaf-L2] => {
    "changed": false,
    "msg": "All assertions passed"
}
ok: [Border-Leaf1] => {
    "changed": false,
    "msg": "All assertions passed"
}
ok: [Border-Leaf2] => {
    "changed": false,
    "msg": "All assertions passed"
}

TASK [sonic_bgp_unnumbered : Build BGP_NEIGHBOR map from fabric switch_ports] **********************************************************************************************************************************
ok: [Spine-S1] => (item={'key': 'Ethernet0', 'value': {'speed': '40000', 'role': 'fabric', 'lanes': '65,66,67,68', 'index': '1', 'neighbor': 'Leaf-L1', 'rem_port': 'Ethernet68', 'neighbor_asn': 65011}})
ok: [Spine-S2] => (item={'key': 'Ethernet0', 'value': {'speed': '40000', 'role': 'fabric', 'lanes': '65,66,67,68', 'index': '1', 'neighbor': 'Leaf-L1', 'rem_port': 'Ethernet64', 'neighbor_asn': 65011}})
ok: [Spine-S1] => (item={'key': 'Ethernet4', 'value': {'speed': '40000', 'role': 'fabric', 'lanes': '69,70,71,72', 'index': '2', 'neighbor': 'Leaf-L2', 'rem_port': 'Ethernet68', 'neighbor_asn': 65012}})
ok: [Spine-S2] => (item={'key': 'Ethernet4', 'value': {'speed': '40000', 'role': 'fabric', 'lanes': '69,70,71,72', 'index': '2', 'neighbor': 'Leaf-L2', 'rem_port': 'Ethernet64', 'neighbor_asn': 65012}})
ok: [Spine-S1] => (item={'key': 'Ethernet8', 'value': {'speed': '40000', 'role': 'fabric', 'lanes': '73,74,75,76', 'index': '3', 'neighbor': 'Leaf-L3', 'rem_port': 'Ethernet124', 'neighbor_asn': 65021}})
ok: [Spine-S2] => (item={'key': 'Ethernet8', 'value': {'speed': '40000', 'role': 'fabric', 'lanes': '73,74,75,76', 'index': '3', 'neighbor': 'Leaf-L3', 'rem_port': 'Ethernet120', 'neighbor_asn': 65021}})
ok: [Spine-S1] => (item={'key': 'Ethernet12', 'value': {'speed': '40000', 'role': 'fabric', 'lanes': '77,78,79,80', 'index': '4', 'neighbor': 'Leaf-L4', 'rem_port': 'Ethernet124', 'neighbor_asn': 65022}})
ok: [Spine-S2] => (item={'key': 'Ethernet12', 'value': {'speed': '40000', 'role': 'fabric', 'lanes': '77,78,79,80', 'index': '4', 'neighbor': 'Leaf-L4', 'rem_port': 'Ethernet120', 'neighbor_asn': 65022}})
ok: [Spine-S1] => (item={'key': 'Ethernet16', 'value': {'speed': '40000', 'role': 'fabric', 'lanes': '33,34,35,36', 'index': '5', 'neighbor': 'Border-Leaf1', 'rem_port': 'Ethernet124', 'neighbor_asn': 65031}})
ok: [Spine-S2] => (item={'key': 'Ethernet16', 'value': {'speed': '40000', 'role': 'fabric', 'lanes': '33,34,35,36', 'index': '5', 'neighbor': 'Border-Leaf1', 'rem_port': 'Ethernet120', 'neighbor_asn': 65031}})
ok: [Spine-S1] => (item={'key': 'Ethernet20', 'value': {'speed': '40000', 'role': 'fabric', 'lanes': '37,38,39,40', 'index': '6', 'neighbor': 'Border-Leaf2', 'rem_port': 'Ethernet124', 'neighbor_asn': 65032}})
ok: [Spine-S2] => (item={'key': 'Ethernet20', 'value': {'speed': '40000', 'role': 'fabric', 'lanes': '37,38,39,40', 'index': '6', 'neighbor': 'Border-Leaf2', 'rem_port': 'Ethernet120', 'neighbor_asn': 65032}})
ok: [Leaf-L1] => (item={'key': 'Ethernet68', 'value': {'speed': '40000', 'role': 'fabric', 'alias': 'tenGigE68', 'lanes': '77,78,79,80', 'index': '54', 'neighbor': 'Spine-S1', 'rem_port': 'Ethernet0', 'neighbor_asn': 65000}})
ok: [Leaf-L2] => (item={'key': 'Ethernet68', 'value': {'speed': '40000', 'role': 'fabric', 'alias': 'tenGigE68', 'lanes': '77,78,79,80', 'index': '54', 'neighbor': 'Spine-S1', 'rem_port': 'Ethernet4', 'neighbor_asn': 65000}})
ok: [Leaf-L1] => (item={'key': 'Ethernet64', 'value': {'speed': '40000', 'role': 'fabric', 'alias': 'tenGigE64', 'lanes': '109,110,111,112', 'index': '53', 'neighbor': 'Spine-S2', 'rem_port': 'Ethernet0', 'neighbor_asn': 65000}})
ok: [Leaf-L2] => (item={'key': 'Ethernet64', 'value': {'speed': '40000', 'role': 'fabric', 'alias': 'tenGigE64', 'lanes': '109,110,111,112', 'index': '53', 'neighbor': 'Spine-S2', 'rem_port': 'Ethernet4', 'neighbor_asn': 65000}})
ok: [Border-Leaf1] => (item={'key': 'Ethernet124', 'value': {'speed': '40000', 'role': 'fabric', 'alias': 'Ethernet36', 'lanes': '5,6,7,8', 'index': '36', 'neighbor': 'Spine-S1', 'rem_port': 'Ethernet16', 'neighbor_asn': 65000}})
ok: [Border-Leaf2] => (item={'key': 'Ethernet124', 'value': {'speed': '40000', 'role': 'fabric', 'alias': 'Ethernet36', 'lanes': '5,6,7,8', 'index': '36', 'neighbor': 'Spine-S1', 'rem_port': 'Ethernet20', 'neighbor_asn': 65000}})
ok: [Border-Leaf1] => (item={'key': 'Ethernet120', 'value': {'speed': '40000', 'role': 'fabric', 'alias': 'Ethernet35', 'lanes': '1,2,3,4', 'index': '35', 'neighbor': 'Spine-S2', 'rem_port': 'Ethernet16', 'neighbor_asn': 65000}})
ok: [Border-Leaf2] => (item={'key': 'Ethernet120', 'value': {'speed': '40000', 'role': 'fabric', 'alias': 'Ethernet35', 'lanes': '1,2,3,4', 'index': '35', 'neighbor': 'Spine-S2', 'rem_port': 'Ethernet20', 'neighbor_asn': 65000}})

TASK [sonic_bgp_unnumbered : Flatten breakout-aware access port definitions for BGP programming] ***************************************************************************************************************
ok: [Spine-S1]
ok: [Spine-S2]
ok: [Leaf-L1]
ok: [Leaf-L2]
ok: [Border-Leaf2]
ok: [Border-Leaf1]

TASK [sonic_bgp_unnumbered : Register effective access-port list for BGP programming] **************************************************************************************************************************
ok: [Spine-S1]
ok: [Spine-S2]
ok: [Leaf-L1]
ok: [Leaf-L2]
ok: [Border-Leaf1]
ok: [Border-Leaf2]

TASK [sonic_bgp_unnumbered : Build BGP_NEIGHBOR map from effective access_ports] *******************************************************************************************************************************
skipping: [Spine-S1]
skipping: [Spine-S2]
ok: [Leaf-L1] => (item={'speed': '10000', 'role': 'server_access', 'alias': 'tenGigE0', 'lanes': '13', 'index': '1', 'peer': 'k8s-master-01', 'neighbor_asn': 65211, 'name': 'Ethernet0'})
ok: [Leaf-L2] => (item={'speed': '10000', 'role': 'server_access', 'alias': 'tenGigE0', 'lanes': '13', 'index': '1', 'peer': 'k8s-master-01', 'neighbor_asn': 65211, 'name': 'Ethernet0'})
ok: [Leaf-L1] => (item={'speed': '10000', 'role': 'server_access', 'alias': 'tenGigE1', 'lanes': '14', 'index': '2', 'peer': 'k8s-db-01', 'neighbor_asn': 65212, 'name': 'Ethernet1'})
ok: [Leaf-L2] => (item={'speed': '10000', 'role': 'server_access', 'alias': 'tenGigE1', 'lanes': '14', 'index': '2', 'peer': 'k8s-db-01', 'neighbor_asn': 65212, 'name': 'Ethernet1'})
ok: [Leaf-L1] => (item={'speed': '10000', 'role': 'server_access', 'alias': 'tenGigE2', 'lanes': '15', 'index': '3', 'peer': 'osh-ctrl-01', 'neighbor_asn': 65213, 'name': 'Ethernet2'})
ok: [Leaf-L2] => (item={'speed': '10000', 'role': 'server_access', 'alias': 'tenGigE2', 'lanes': '15', 'index': '3', 'peer': ' osh-ctrl-01', 'neighbor_asn': 65213, 'name': 'Ethernet2'})
ok: [Leaf-L1] => (item={'speed': '10000', 'role': 'server_access', 'alias': 'tenGigE3', 'lanes': '16', 'index': '4', 'peer': 'osh-net-01', 'neighbor_asn': 65214, 'name': 'Ethernet3'})
ok: [Leaf-L2] => (item={'speed': '10000', 'role': 'server_access', 'alias': 'tenGigE3', 'lanes': '16', 'index': '4', 'peer': 'osh-net-01', 'neighbor_asn': 65214, 'name': 'Ethernet3'})
ok: [Leaf-L1] => (item={'speed': '10000', 'role': 'server_access', 'alias': 'tenGigE4', 'lanes': '17', 'index': '5', 'peer': 'osh-comp-01', 'neighbor_asn': 65215, 'name': 'Ethernet4'})
ok: [Leaf-L2] => (item={'speed': '10000', 'role': 'server_access', 'alias': 'tenGigE4', 'lanes': '17', 'index': '5', 'peer': 'osh-comp-01', 'neighbor_asn': 65215, 'name': 'Ethernet4'})
ok: [Leaf-L1] => (item={'speed': '10000', 'role': 'server_access', 'alias': 'tenGigE5', 'lanes': '18', 'index': '6', 'peer': 'osh-comp-04', 'neighbor_asn': 65216, 'name': 'Ethernet5'})
ok: [Leaf-L2] => (item={'speed': '10000', 'role': 'server_access', 'alias': 'tenGigE5', 'lanes': '18', 'index': '6', 'peer': 'osh-comp-04', 'neighbor_asn': 65216, 'name': 'Ethernet5'})
ok: [Border-Leaf1] => (item={'name': 'Ethernet0', 'alias': 'Ethernet5/1', 'lanes': '9', 'index': '5', 'speed': '10000', 'neighbor': 'Exit-Router1', 'rem_port': 'enp2s0', 'neighbor_asn': 65251})
ok: [Border-Leaf2] => (item={'name': 'Ethernet0', 'alias': 'Ethernet5/1', 'lanes': '9', 'index': '5', 'speed': '10000', 'neighbor': 'Exit-Router2', 'rem_port': 'enp3s0', 'neighbor_asn': 65252})
ok: [Border-Leaf1] => (item={'name': 'Ethernet1', 'alias': 'Ethernet5/2', 'lanes': '10', 'index': '5', 'speed': '10000', 'neighbor': 'Exit-Router2', 'rem_port': 'enp2s0', 'neighbor_asn': 65252})
ok: [Border-Leaf2] => (item={'name': 'Ethernet1', 'alias': 'Ethernet5/2', 'lanes': '10', 'index': '5', 'speed': '10000', 'neighbor': 'Exit-Router1', 'rem_port': 'enp3s0', 'neighbor_asn': 65251})
ok: [Border-Leaf1] => (item={'name': 'Ethernet2', 'alias': 'Ethernet5/3', 'lanes': '11', 'index': '5', 'speed': '10000', 'neighbor': 'k8s-master-03', 'rem_port': 'cephport', 'neighbor_asn': 65231})
ok: [Border-Leaf2] => (item={'name': 'Ethernet2', 'alias': 'Ethernet5/3', 'lanes': '11', 'index': '5', 'speed': '10000', 'neighbor': 'k8s-master-03', 'rem_port': 'enp3s0', 'neighbor_asn': 65231})
ok: [Border-Leaf1] => (item={'name': 'Ethernet3', 'alias': 'Ethernet5/4', 'lanes': '12', 'index': '5', 'speed': '10000', 'neighbor': 'k8s-db-03', 'rem_port': 'cephport', 'neighbor_asn': 65232})
ok: [Border-Leaf2] => (item={'name': 'Ethernet3', 'alias': 'Ethernet5/4', 'lanes': '12', 'index': '5', 'speed': '10000', 'neighbor': 'k8s-db-03', 'rem_port': 'enp3s0', 'neighbor_asn': 65232})
ok: [Border-Leaf1] => (item={'name': 'Ethernet4', 'alias': 'Ethernet6/1', 'lanes': '16', 'index': '6', 'speed': '10000', 'neighbor': 'osh-ctrl-03', 'rem_port': 'enp2s0', 'neighbor_asn': 65233})
ok: [Border-Leaf2] => (item={'name': 'Ethernet4', 'alias': 'Ethernet6/1', 'lanes': '13', 'index': '6', 'speed': '10000', 'neighbor': 'osh-ctrl-03', 'rem_port': 'enp3s0', 'neighbor_asn': 65233})
ok: [Border-Leaf1] => (item={'name': 'Ethernet5', 'alias': 'Ethernet6/2', 'lanes': '17', 'index': '7', 'speed': '10000', 'neighbor': 'MonSrv', 'rem_port': 'enp2s0', 'neighbor_asn': 65234})
ok: [Border-Leaf2] => (item={'name': 'Ethernet5', 'alias': 'Ethernet6/2', 'lanes': '14', 'index': '6', 'speed': '10000', 'neighbor': 'MonSrv', 'rem_port': 'enp3s0', 'neighbor_asn': 65234})
ok: [Border-Leaf1] => (item={'name': 'Ethernet6', 'alias': 'Ethernet6/3', 'lanes': '21', 'index': '8', 'speed': '10000', 'neighbor': 'osh-comp-03', 'rem_port': 'cephport', 'neighbor_asn': 65235})
ok: [Border-Leaf2] => (item={'name': 'Ethernet6', 'alias': 'Ethernet6/3', 'lanes': '15', 'index': '6', 'speed': '10000', 'neighbor': 'osh-comp-03', 'rem_port': 'enp3s0', 'neighbor_asn': 65235})
skipping: [Border-Leaf1] => (item={'name': 'Ethernet7', 'alias': 'Ethernet6/4', 'lanes': '29', 'index': '9', 'speed': '10000', 'neighbor': 'none'})
skipping: [Border-Leaf2] => (item={'name': 'Ethernet7', 'alias': 'Ethernet6/4', 'lanes': '16', 'index': '6', 'speed': '10000', 'neighbor': 'none'})

TASK [sonic_bgp_unnumbered : Ensure frr_mgmt_framework_config is enabled] **************************************************************************************************************************************
ok: [Spine-S1]
ok: [Spine-S2]
ok: [Leaf-L2]
ok: [Leaf-L1]
ok: [Border-Leaf1]
ok: [Border-Leaf2]

TASK [sonic_bgp_unnumbered : Ensure docker_routing_config_mode is unified] *************************************************************************************************************************************
ok: [Spine-S1]
ok: [Spine-S2]
ok: [Leaf-L1]
ok: [Leaf-L2]
ok: [Border-Leaf1]
ok: [Border-Leaf2]

TASK [sonic_bgp_unnumbered : Disable BGP suppress-fib-pending (no ASIC FIB-offload ack on sonic-vs)] ***********************************************************************************************************
ok: [Spine-S1]
ok: [Spine-S2]
ok: [Leaf-L1]
ok: [Leaf-L2]
ok: [Border-Leaf1]
ok: [Border-Leaf2]

TASK [sonic_bgp_unnumbered : Remove stale INTERFACE IPv4 subnet entries that block link-local] *****************************************************************************************************************
ok: [Spine-S1]
ok: [Spine-S2]
ok: [Leaf-L1]
ok: [Leaf-L2]
ok: [Border-Leaf2]
ok: [Border-Leaf1]

TASK [sonic_bgp_unnumbered : Force re-notification for fabric INTERFACE entries (DEL then HSET)] ***************************************************************************************************************
ok: [Spine-S1] => (item={'key': 'Ethernet0', 'value': {'speed': '40000', 'role': 'fabric', 'lanes': '65,66,67,68', 'index': '1', 'neighbor': 'Leaf-L1', 'rem_port': 'Ethernet68', 'neighbor_asn': 65011}})
ok: [Spine-S2] => (item={'key': 'Ethernet0', 'value': {'speed': '40000', 'role': 'fabric', 'lanes': '65,66,67,68', 'index': '1', 'neighbor': 'Leaf-L1', 'rem_port': 'Ethernet64', 'neighbor_asn': 65011}})
ok: [Spine-S1] => (item={'key': 'Ethernet4', 'value': {'speed': '40000', 'role': 'fabric', 'lanes': '69,70,71,72', 'index': '2', 'neighbor': 'Leaf-L2', 'rem_port': 'Ethernet68', 'neighbor_asn': 65012}})
ok: [Spine-S2] => (item={'key': 'Ethernet4', 'value': {'speed': '40000', 'role': 'fabric', 'lanes': '69,70,71,72', 'index': '2', 'neighbor': 'Leaf-L2', 'rem_port': 'Ethernet64', 'neighbor_asn': 65012}})
ok: [Spine-S1] => (item={'key': 'Ethernet8', 'value': {'speed': '40000', 'role': 'fabric', 'lanes': '73,74,75,76', 'index': '3', 'neighbor': 'Leaf-L3', 'rem_port': 'Ethernet124', 'neighbor_asn': 65021}})
ok: [Spine-S2] => (item={'key': 'Ethernet8', 'value': {'speed': '40000', 'role': 'fabric', 'lanes': '73,74,75,76', 'index': '3', 'neighbor': 'Leaf-L3', 'rem_port': 'Ethernet120', 'neighbor_asn': 65021}})
ok: [Spine-S1] => (item={'key': 'Ethernet12', 'value': {'speed': '40000', 'role': 'fabric', 'lanes': '77,78,79,80', 'index': '4', 'neighbor': 'Leaf-L4', 'rem_port': 'Ethernet124', 'neighbor_asn': 65022}})
ok: [Spine-S2] => (item={'key': 'Ethernet12', 'value': {'speed': '40000', 'role': 'fabric', 'lanes': '77,78,79,80', 'index': '4', 'neighbor': 'Leaf-L4', 'rem_port': 'Ethernet120', 'neighbor_asn': 65022}})
ok: [Spine-S1] => (item={'key': 'Ethernet16', 'value': {'speed': '40000', 'role': 'fabric', 'lanes': '33,34,35,36', 'index': '5', 'neighbor': 'Border-Leaf1', 'rem_port': 'Ethernet124', 'neighbor_asn': 65031}})
ok: [Spine-S2] => (item={'key': 'Ethernet16', 'value': {'speed': '40000', 'role': 'fabric', 'lanes': '33,34,35,36', 'index': '5', 'neighbor': 'Border-Leaf1', 'rem_port': 'Ethernet120', 'neighbor_asn': 65031}})
ok: [Spine-S1] => (item={'key': 'Ethernet20', 'value': {'speed': '40000', 'role': 'fabric', 'lanes': '37,38,39,40', 'index': '6', 'neighbor': 'Border-Leaf2', 'rem_port': 'Ethernet124', 'neighbor_asn': 65032}})
ok: [Spine-S2] => (item={'key': 'Ethernet20', 'value': {'speed': '40000', 'role': 'fabric', 'lanes': '37,38,39,40', 'index': '6', 'neighbor': 'Border-Leaf2', 'rem_port': 'Ethernet120', 'neighbor_asn': 65032}})
ok: [Leaf-L2] => (item={'key': 'Ethernet68', 'value': {'speed': '40000', 'role': 'fabric', 'alias': 'tenGigE68', 'lanes': '77,78,79,80', 'index': '54', 'neighbor': 'Spine-S1', 'rem_port': 'Ethernet4', 'neighbor_asn': 65000}})
ok: [Leaf-L1] => (item={'key': 'Ethernet68', 'value': {'speed': '40000', 'role': 'fabric', 'alias': 'tenGigE68', 'lanes': '77,78,79,80', 'index': '54', 'neighbor': 'Spine-S1', 'rem_port': 'Ethernet0', 'neighbor_asn': 65000}})
ok: [Leaf-L2] => (item={'key': 'Ethernet64', 'value': {'speed': '40000', 'role': 'fabric', 'alias': 'tenGigE64', 'lanes': '109,110,111,112', 'index': '53', 'neighbor': 'Spine-S2', 'rem_port': 'Ethernet4', 'neighbor_asn': 65000}})
ok: [Leaf-L1] => (item={'key': 'Ethernet64', 'value': {'speed': '40000', 'role': 'fabric', 'alias': 'tenGigE64', 'lanes': '109,110,111,112', 'index': '53', 'neighbor': 'Spine-S2', 'rem_port': 'Ethernet0', 'neighbor_asn': 65000}})
ok: [Border-Leaf1] => (item={'key': 'Ethernet124', 'value': {'speed': '40000', 'role': 'fabric', 'alias': 'Ethernet36', 'lanes': '5,6,7,8', 'index': '36', 'neighbor': 'Spine-S1', 'rem_port': 'Ethernet16', 'neighbor_asn': 65000}})
ok: [Border-Leaf2] => (item={'key': 'Ethernet124', 'value': {'speed': '40000', 'role': 'fabric', 'alias': 'Ethernet36', 'lanes': '5,6,7,8', 'index': '36', 'neighbor': 'Spine-S1', 'rem_port': 'Ethernet20', 'neighbor_asn': 65000}})
ok: [Border-Leaf1] => (item={'key': 'Ethernet120', 'value': {'speed': '40000', 'role': 'fabric', 'alias': 'Ethernet35', 'lanes': '1,2,3,4', 'index': '35', 'neighbor': 'Spine-S2', 'rem_port': 'Ethernet16', 'neighbor_asn': 65000}})
ok: [Border-Leaf2] => (item={'key': 'Ethernet120', 'value': {'speed': '40000', 'role': 'fabric', 'alias': 'Ethernet35', 'lanes': '1,2,3,4', 'index': '35', 'neighbor': 'Spine-S2', 'rem_port': 'Ethernet20', 'neighbor_asn': 65000}})

TASK [sonic_bgp_unnumbered : Force re-notification for access INTERFACE entries (DEL then HSET)] ***************************************************************************************************************
skipping: [Spine-S1]
skipping: [Spine-S2]
ok: [Leaf-L1] => (item={'key': 'Ethernet0', 'value': {'speed': '10000', 'role': 'server_access', 'alias': 'tenGigE0', 'lanes': '13', 'index': '1', 'peer': 'k8s-master-01', 'neighbor_asn': 65211}})
ok: [Leaf-L1] => (item={'key': 'Ethernet1', 'value': {'speed': '10000', 'role': 'server_access', 'alias': 'tenGigE1', 'lanes': '14', 'index': '2', 'peer': 'k8s-db-01', 'neighbor_asn': 65212}})
ok: [Leaf-L2] => (item={'key': 'Ethernet0', 'value': {'speed': '10000', 'role': 'server_access', 'alias': 'tenGigE0', 'lanes': '13', 'index': '1', 'peer': 'k8s-master-01', 'neighbor_asn': 65211}})
ok: [Leaf-L1] => (item={'key': 'Ethernet2', 'value': {'speed': '10000', 'role': 'server_access', 'alias': 'tenGigE2', 'lanes': '15', 'index': '3', 'peer': 'osh-ctrl-01', 'neighbor_asn': 65213}})
ok: [Leaf-L2] => (item={'key': 'Ethernet1', 'value': {'speed': '10000', 'role': 'server_access', 'alias': 'tenGigE1', 'lanes': '14', 'index': '2', 'peer': 'k8s-db-01', 'neighbor_asn': 65212}})
ok: [Leaf-L1] => (item={'key': 'Ethernet3', 'value': {'speed': '10000', 'role': 'server_access', 'alias': 'tenGigE3', 'lanes': '16', 'index': '4', 'peer': 'osh-net-01', 'neighbor_asn': 65214}})
ok: [Leaf-L2] => (item={'key': 'Ethernet2', 'value': {'speed': '10000', 'role': 'server_access', 'alias': 'tenGigE2', 'lanes': '15', 'index': '3', 'peer': ' osh-ctrl-01', 'neighbor_asn': 65213}})
ok: [Leaf-L1] => (item={'key': 'Ethernet4', 'value': {'speed': '10000', 'role': 'server_access', 'alias': 'tenGigE4', 'lanes': '17', 'index': '5', 'peer': 'osh-comp-01', 'neighbor_asn': 65215}})
ok: [Leaf-L2] => (item={'key': 'Ethernet3', 'value': {'speed': '10000', 'role': 'server_access', 'alias': 'tenGigE3', 'lanes': '16', 'index': '4', 'peer': 'osh-net-01', 'neighbor_asn': 65214}})
ok: [Leaf-L2] => (item={'key': 'Ethernet4', 'value': {'speed': '10000', 'role': 'server_access', 'alias': 'tenGigE4', 'lanes': '17', 'index': '5', 'peer': 'osh-comp-01', 'neighbor_asn': 65215}})
ok: [Leaf-L1] => (item={'key': 'Ethernet5', 'value': {'speed': '10000', 'role': 'server_access', 'alias': 'tenGigE5', 'lanes': '18', 'index': '6', 'peer': 'osh-comp-04', 'neighbor_asn': 65216}})
skipping: [Border-Leaf1] => (item={'key': 'Ethernet0', 'value': {'breakout': '4x10G', 'role': 'access', 'children': [{'name': 'Ethernet0', 'alias': 'Ethernet5/1', 'lanes': '9', 'index': '5', 'speed': '10000', 'neighbor': 'Exit-Router1', 'rem_port': 'enp2s0', 'neighbor_asn': 65251}, {'name': 'Ethernet1', 'alias': 'Ethernet5/2', 'lanes': '10', 'index': '5', 'speed': '10000', 'neighbor': 'Exit-Router2', 'rem_port': 'enp2s0', 'neighbor_asn': 65252}, {'name': 'Ethernet2', 'alias': 'Ethernet5/3', 'lanes': '11', 'index': '5', 'speed': '10000', 'neighbor': 'k8s-master-03', 'rem_port': 'cephport', 'neighbor_asn': 65231}, {'name': 'Ethernet3', 'alias': 'Ethernet5/4', 'lanes': '12', 'index': '5', 'speed': '10000', 'neighbor': 'k8s-db-03', 'rem_port': 'cephport', 'neighbor_asn': 65232}]}})
skipping: [Border-Leaf1] => (item={'key': 'Ethernet4', 'value': {'breakout': '4x10G', 'role': 'access', 'children': [{'name': 'Ethernet4', 'alias': 'Ethernet6/1', 'lanes': '16', 'index': '6', 'speed': '10000', 'neighbor': 'osh-ctrl-03', 'rem_port': 'enp2s0', 'neighbor_asn': 65233}, {'name': 'Ethernet5', 'alias': 'Ethernet6/2', 'lanes': '17', 'index': '7', 'speed': '10000', 'neighbor': 'MonSrv', 'rem_port': 'enp2s0', 'neighbor_asn': 65234}, {'name': 'Ethernet6', 'alias': 'Ethernet6/3', 'lanes': '21', 'index': '8', 'speed': '10000', 'neighbor': 'osh-comp-03', 'rem_port': 'cephport', 'neighbor_asn': 65235}, {'name': 'Ethernet7', 'alias': 'Ethernet6/4', 'lanes': '29', 'index': '9', 'speed': '10000', 'neighbor': 'none'}]}})
skipping: [Border-Leaf1]
ok: [Leaf-L2] => (item={'key': 'Ethernet5', 'value': {'speed': '10000', 'role': 'server_access', 'alias': 'tenGigE5', 'lanes': '18', 'index': '6', 'peer': 'osh-comp-04', 'neighbor_asn': 65216}})
skipping: [Border-Leaf2] => (item={'key': 'Ethernet0', 'value': {'breakout': '4x10G', 'role': 'access', 'children': [{'name': 'Ethernet0', 'alias': 'Ethernet5/1', 'lanes': '9', 'index': '5', 'speed': '10000', 'neighbor': 'Exit-Router2', 'rem_port': 'enp3s0', 'neighbor_asn': 65252}, {'name': 'Ethernet1', 'alias': 'Ethernet5/2', 'lanes': '10', 'index': '5', 'speed': '10000', 'neighbor': 'Exit-Router1', 'rem_port': 'enp3s0', 'neighbor_asn': 65251}, {'name': 'Ethernet2', 'alias': 'Ethernet5/3', 'lanes': '11', 'index': '5', 'speed': '10000', 'neighbor': 'k8s-master-03', 'rem_port': 'enp3s0', 'neighbor_asn': 65231}, {'name': 'Ethernet3', 'alias': 'Ethernet5/4', 'lanes': '12', 'index': '5', 'speed': '10000', 'neighbor': 'k8s-db-03', 'rem_port': 'enp3s0', 'neighbor_asn': 65232}]}})
skipping: [Border-Leaf2] => (item={'key': 'Ethernet4', 'value': {'breakout': '4x10G', 'role': 'access', 'children': [{'name': 'Ethernet4', 'alias': 'Ethernet6/1', 'lanes': '13', 'index': '6', 'speed': '10000', 'neighbor': 'osh-ctrl-03', 'rem_port': 'enp3s0', 'neighbor_asn': 65233}, {'name': 'Ethernet5', 'alias': 'Ethernet6/2', 'lanes': '14', 'index': '6', 'speed': '10000', 'neighbor': 'MonSrv', 'rem_port': 'enp3s0', 'neighbor_asn': 65234}, {'name': 'Ethernet6', 'alias': 'Ethernet6/3', 'lanes': '15', 'index': '6', 'speed': '10000', 'neighbor': 'osh-comp-03', 'rem_port': 'enp3s0', 'neighbor_asn': 65235}, {'name': 'Ethernet7', 'alias': 'Ethernet6/4', 'lanes': '16', 'index': '6', 'speed': '10000', 'neighbor': 'none'}]}})
skipping: [Border-Leaf2]

TASK [sonic_bgp_unnumbered : Enable IPv6 on all BGP interfaces via sysctl] *************************************************************************************************************************************
ok: [Spine-S1]
ok: [Spine-S2]
ok: [Leaf-L1]
ok: [Leaf-L2]
ok: [Border-Leaf1]
ok: [Border-Leaf2]

TASK [sonic_bgp_unnumbered : Program BGP_GLOBALS (creates BGP instance)] ***************************************************************************************************************************************
ok: [Spine-S1]
ok: [Spine-S2]
ok: [Leaf-L1]
ok: [Leaf-L2]
ok: [Border-Leaf1]
ok: [Border-Leaf2]

TASK [sonic_bgp_unnumbered : Program BGP_GLOBALS_AF for IPv4 unicast] ******************************************************************************************************************************************
ok: [Spine-S1]
ok: [Spine-S2]
ok: [Leaf-L1]
ok: [Border-Leaf1]
ok: [Leaf-L2]
ok: [Border-Leaf2]

TASK [sonic_bgp_unnumbered : Program BGP_GLOBALS_AF for IPv6 unicast] ******************************************************************************************************************************************
ok: [Spine-S2]
ok: [Spine-S1]
ok: [Leaf-L1]
ok: [Leaf-L2]
ok: [Border-Leaf1]
ok: [Border-Leaf2]

TASK [sonic_bgp_unnumbered : Remove stale connected-route redistribution entries in the default VRF] ***********************************************************************************************************
ok: [Spine-S1]
ok: [Spine-S2]
ok: [Leaf-L1]
ok: [Leaf-L2]
ok: [Border-Leaf2]
ok: [Border-Leaf1]

TASK [sonic_bgp_unnumbered : Re-add connected redistribution only for the approved fabric prefixes] ************************************************************************************************************
ok: [Spine-S2]
ok: [Spine-S1]
ok: [Leaf-L2]
ok: [Leaf-L1]
ok: [Border-Leaf1]
ok: [Border-Leaf2]

TASK [sonic_bgp_unnumbered : Remove stale BGP_NEIGHBOR entries] ************************************************************************************************************************************************
ok: [Spine-S2]
ok: [Spine-S1]
ok: [Leaf-L1]
ok: [Leaf-L2]
ok: [Border-Leaf1]
ok: [Border-Leaf2]

TASK [sonic_bgp_unnumbered : Remove stale BGP_NEIGHBOR_AF entries] *********************************************************************************************************************************************
ok: [Spine-S1]
ok: [Spine-S2]
ok: [Leaf-L1]
ok: [Leaf-L2]
ok: [Border-Leaf2]
ok: [Border-Leaf1]

TASK [sonic_bgp_unnumbered : Program BGP_NEIGHBOR for each interface] ******************************************************************************************************************************************
ok: [Spine-S2] => (item={'key': 'Ethernet0', 'value': {'asn': '65011', 'name': 'Leaf-L1'}})
ok: [Spine-S1] => (item={'key': 'Ethernet0', 'value': {'asn': '65011', 'name': 'Leaf-L1'}})
ok: [Spine-S2] => (item={'key': 'Ethernet4', 'value': {'asn': '65012', 'name': 'Leaf-L2'}})
ok: [Spine-S1] => (item={'key': 'Ethernet4', 'value': {'asn': '65012', 'name': 'Leaf-L2'}})
ok: [Spine-S2] => (item={'key': 'Ethernet8', 'value': {'asn': '65021', 'name': 'Leaf-L3'}})
ok: [Spine-S1] => (item={'key': 'Ethernet8', 'value': {'asn': '65021', 'name': 'Leaf-L3'}})
ok: [Spine-S1] => (item={'key': 'Ethernet12', 'value': {'asn': '65022', 'name': 'Leaf-L4'}})
ok: [Spine-S2] => (item={'key': 'Ethernet12', 'value': {'asn': '65022', 'name': 'Leaf-L4'}})
ok: [Spine-S1] => (item={'key': 'Ethernet16', 'value': {'asn': '65031', 'name': 'Border-Leaf1'}})
ok: [Spine-S2] => (item={'key': 'Ethernet16', 'value': {'asn': '65031', 'name': 'Border-Leaf1'}})
ok: [Spine-S2] => (item={'key': 'Ethernet20', 'value': {'asn': '65032', 'name': 'Border-Leaf2'}})
ok: [Spine-S1] => (item={'key': 'Ethernet20', 'value': {'asn': '65032', 'name': 'Border-Leaf2'}})
ok: [Leaf-L2] => (item={'key': 'Ethernet68', 'value': {'asn': '65000', 'name': 'Spine-S1'}})
ok: [Leaf-L1] => (item={'key': 'Ethernet68', 'value': {'asn': '65000', 'name': 'Spine-S1'}})
ok: [Leaf-L2] => (item={'key': 'Ethernet64', 'value': {'asn': '65000', 'name': 'Spine-S2'}})
ok: [Leaf-L1] => (item={'key': 'Ethernet64', 'value': {'asn': '65000', 'name': 'Spine-S2'}})
ok: [Leaf-L2] => (item={'key': 'Ethernet0', 'value': {'asn': '65211', 'name': 'k8s-master-01'}})
ok: [Leaf-L1] => (item={'key': 'Ethernet0', 'value': {'asn': '65211', 'name': 'k8s-master-01'}})
ok: [Leaf-L2] => (item={'key': 'Ethernet1', 'value': {'asn': '65212', 'name': 'k8s-db-01'}})
ok: [Leaf-L1] => (item={'key': 'Ethernet1', 'value': {'asn': '65212', 'name': 'k8s-db-01'}})
ok: [Leaf-L2] => (item={'key': 'Ethernet2', 'value': {'asn': '65213', 'name': ' osh-ctrl-01'}})
ok: [Leaf-L1] => (item={'key': 'Ethernet2', 'value': {'asn': '65213', 'name': 'osh-ctrl-01'}})
ok: [Leaf-L2] => (item={'key': 'Ethernet3', 'value': {'asn': '65214', 'name': 'osh-net-01'}})
ok: [Leaf-L1] => (item={'key': 'Ethernet3', 'value': {'asn': '65214', 'name': 'osh-net-01'}})
ok: [Leaf-L2] => (item={'key': 'Ethernet4', 'value': {'asn': '65215', 'name': 'osh-comp-01'}})
ok: [Leaf-L1] => (item={'key': 'Ethernet4', 'value': {'asn': '65215', 'name': 'osh-comp-01'}})
ok: [Leaf-L2] => (item={'key': 'Ethernet5', 'value': {'asn': '65216', 'name': 'osh-comp-04'}})
ok: [Leaf-L1] => (item={'key': 'Ethernet5', 'value': {'asn': '65216', 'name': 'osh-comp-04'}})
ok: [Border-Leaf1] => (item={'key': 'Ethernet124', 'value': {'asn': '65000', 'name': 'Spine-S1'}})
ok: [Border-Leaf2] => (item={'key': 'Ethernet124', 'value': {'asn': '65000', 'name': 'Spine-S1'}})
ok: [Border-Leaf1] => (item={'key': 'Ethernet120', 'value': {'asn': '65000', 'name': 'Spine-S2'}})
ok: [Border-Leaf2] => (item={'key': 'Ethernet120', 'value': {'asn': '65000', 'name': 'Spine-S2'}})
ok: [Border-Leaf1] => (item={'key': 'Ethernet0', 'value': {'asn': '65251', 'name': 'Exit-Router1'}})
ok: [Border-Leaf2] => (item={'key': 'Ethernet0', 'value': {'asn': '65252', 'name': 'Exit-Router2'}})
ok: [Border-Leaf1] => (item={'key': 'Ethernet1', 'value': {'asn': '65252', 'name': 'Exit-Router2'}})
ok: [Border-Leaf2] => (item={'key': 'Ethernet1', 'value': {'asn': '65251', 'name': 'Exit-Router1'}})
ok: [Border-Leaf1] => (item={'key': 'Ethernet2', 'value': {'asn': '65231', 'name': 'k8s-master-03'}})
ok: [Border-Leaf2] => (item={'key': 'Ethernet2', 'value': {'asn': '65231', 'name': 'k8s-master-03'}})
ok: [Border-Leaf1] => (item={'key': 'Ethernet3', 'value': {'asn': '65232', 'name': 'k8s-db-03'}})
ok: [Border-Leaf2] => (item={'key': 'Ethernet3', 'value': {'asn': '65232', 'name': 'k8s-db-03'}})
ok: [Border-Leaf1] => (item={'key': 'Ethernet4', 'value': {'asn': '65233', 'name': 'osh-ctrl-03'}})
ok: [Border-Leaf2] => (item={'key': 'Ethernet4', 'value': {'asn': '65233', 'name': 'osh-ctrl-03'}})
ok: [Border-Leaf1] => (item={'key': 'Ethernet5', 'value': {'asn': '65234', 'name': 'MonSrv'}})
ok: [Border-Leaf2] => (item={'key': 'Ethernet5', 'value': {'asn': '65234', 'name': 'MonSrv'}})
ok: [Border-Leaf1] => (item={'key': 'Ethernet6', 'value': {'asn': '65235', 'name': 'osh-comp-03'}})
ok: [Border-Leaf2] => (item={'key': 'Ethernet6', 'value': {'asn': '65235', 'name': 'osh-comp-03'}})

TASK [sonic_bgp_unnumbered : Activate BGP neighbor address families] *******************************************************************************************************************************************
ok: [Spine-S1] => (item={'key': 'Ethernet0', 'value': {'asn': '65011', 'name': 'Leaf-L1'}})
ok: [Spine-S2] => (item={'key': 'Ethernet0', 'value': {'asn': '65011', 'name': 'Leaf-L1'}})
ok: [Spine-S1] => (item={'key': 'Ethernet4', 'value': {'asn': '65012', 'name': 'Leaf-L2'}})
ok: [Spine-S2] => (item={'key': 'Ethernet4', 'value': {'asn': '65012', 'name': 'Leaf-L2'}})
ok: [Spine-S1] => (item={'key': 'Ethernet8', 'value': {'asn': '65021', 'name': 'Leaf-L3'}})
ok: [Spine-S2] => (item={'key': 'Ethernet8', 'value': {'asn': '65021', 'name': 'Leaf-L3'}})
ok: [Spine-S1] => (item={'key': 'Ethernet12', 'value': {'asn': '65022', 'name': 'Leaf-L4'}})
ok: [Spine-S2] => (item={'key': 'Ethernet12', 'value': {'asn': '65022', 'name': 'Leaf-L4'}})
ok: [Spine-S1] => (item={'key': 'Ethernet16', 'value': {'asn': '65031', 'name': 'Border-Leaf1'}})
ok: [Spine-S1] => (item={'key': 'Ethernet20', 'value': {'asn': '65032', 'name': 'Border-Leaf2'}})
ok: [Spine-S2] => (item={'key': 'Ethernet16', 'value': {'asn': '65031', 'name': 'Border-Leaf1'}})
ok: [Leaf-L1] => (item={'key': 'Ethernet68', 'value': {'asn': '65000', 'name': 'Spine-S1'}})
ok: [Spine-S2] => (item={'key': 'Ethernet20', 'value': {'asn': '65032', 'name': 'Border-Leaf2'}})
ok: [Leaf-L1] => (item={'key': 'Ethernet64', 'value': {'asn': '65000', 'name': 'Spine-S2'}})
ok: [Leaf-L2] => (item={'key': 'Ethernet68', 'value': {'asn': '65000', 'name': 'Spine-S1'}})
ok: [Leaf-L1] => (item={'key': 'Ethernet0', 'value': {'asn': '65211', 'name': 'k8s-master-01'}})
ok: [Leaf-L2] => (item={'key': 'Ethernet64', 'value': {'asn': '65000', 'name': 'Spine-S2'}})
ok: [Leaf-L1] => (item={'key': 'Ethernet1', 'value': {'asn': '65212', 'name': 'k8s-db-01'}})
ok: [Leaf-L2] => (item={'key': 'Ethernet0', 'value': {'asn': '65211', 'name': 'k8s-master-01'}})
ok: [Leaf-L1] => (item={'key': 'Ethernet2', 'value': {'asn': '65213', 'name': 'osh-ctrl-01'}})
ok: [Leaf-L2] => (item={'key': 'Ethernet1', 'value': {'asn': '65212', 'name': 'k8s-db-01'}})
ok: [Leaf-L2] => (item={'key': 'Ethernet2', 'value': {'asn': '65213', 'name': ' osh-ctrl-01'}})
ok: [Leaf-L1] => (item={'key': 'Ethernet3', 'value': {'asn': '65214', 'name': 'osh-net-01'}})
ok: [Leaf-L2] => (item={'key': 'Ethernet3', 'value': {'asn': '65214', 'name': 'osh-net-01'}})
ok: [Leaf-L1] => (item={'key': 'Ethernet4', 'value': {'asn': '65215', 'name': 'osh-comp-01'}})
ok: [Leaf-L2] => (item={'key': 'Ethernet4', 'value': {'asn': '65215', 'name': 'osh-comp-01'}})
ok: [Leaf-L1] => (item={'key': 'Ethernet5', 'value': {'asn': '65216', 'name': 'osh-comp-04'}})
ok: [Leaf-L2] => (item={'key': 'Ethernet5', 'value': {'asn': '65216', 'name': 'osh-comp-04'}})
ok: [Border-Leaf1] => (item={'key': 'Ethernet124', 'value': {'asn': '65000', 'name': 'Spine-S1'}})
ok: [Border-Leaf2] => (item={'key': 'Ethernet124', 'value': {'asn': '65000', 'name': 'Spine-S1'}})
ok: [Border-Leaf1] => (item={'key': 'Ethernet120', 'value': {'asn': '65000', 'name': 'Spine-S2'}})
ok: [Border-Leaf2] => (item={'key': 'Ethernet120', 'value': {'asn': '65000', 'name': 'Spine-S2'}})
ok: [Border-Leaf1] => (item={'key': 'Ethernet0', 'value': {'asn': '65251', 'name': 'Exit-Router1'}})
ok: [Border-Leaf2] => (item={'key': 'Ethernet0', 'value': {'asn': '65252', 'name': 'Exit-Router2'}})
ok: [Border-Leaf1] => (item={'key': 'Ethernet1', 'value': {'asn': '65252', 'name': 'Exit-Router2'}})
ok: [Border-Leaf2] => (item={'key': 'Ethernet1', 'value': {'asn': '65251', 'name': 'Exit-Router1'}})
ok: [Border-Leaf1] => (item={'key': 'Ethernet2', 'value': {'asn': '65231', 'name': 'k8s-master-03'}})
ok: [Border-Leaf2] => (item={'key': 'Ethernet2', 'value': {'asn': '65231', 'name': 'k8s-master-03'}})
ok: [Border-Leaf1] => (item={'key': 'Ethernet3', 'value': {'asn': '65232', 'name': 'k8s-db-03'}})
ok: [Border-Leaf2] => (item={'key': 'Ethernet3', 'value': {'asn': '65232', 'name': 'k8s-db-03'}})
ok: [Border-Leaf1] => (item={'key': 'Ethernet4', 'value': {'asn': '65233', 'name': 'osh-ctrl-03'}})
ok: [Border-Leaf2] => (item={'key': 'Ethernet4', 'value': {'asn': '65233', 'name': 'osh-ctrl-03'}})
ok: [Border-Leaf1] => (item={'key': 'Ethernet5', 'value': {'asn': '65234', 'name': 'MonSrv'}})
ok: [Border-Leaf2] => (item={'key': 'Ethernet5', 'value': {'asn': '65234', 'name': 'MonSrv'}})
ok: [Border-Leaf1] => (item={'key': 'Ethernet6', 'value': {'asn': '65235', 'name': 'osh-comp-03'}})
ok: [Border-Leaf2] => (item={'key': 'Ethernet6', 'value': {'asn': '65235', 'name': 'osh-comp-03'}})

TASK [sonic_bgp_unnumbered : Record explicit BGP network origination for owned prefixes] ***********************************************************************************************************************
ok: [Spine-S1]
ok: [Spine-S2]
ok: [Leaf-L2]
ok: [Leaf-L1]
ok: [Border-Leaf1]
ok: [Border-Leaf2]

TASK [sonic_bgp_unnumbered : Ensure the default BGP instance has an explicit ipv4 unicast address family] ******************************************************************************************************
ok: [Spine-S2]
ok: [Spine-S1]
ok: [Leaf-L1]
ok: [Leaf-L2]
ok: [Border-Leaf1]
ok: [Border-Leaf2]

TASK [sonic_bgp_unnumbered : Enable BGP feature] ***************************************************************************************************************************************************************
ok: [Spine-S1]
ok: [Spine-S2]
ok: [Leaf-L2]
ok: [Leaf-L1]
ok: [Border-Leaf1]
ok: [Border-Leaf2]

TASK [sonic_bgp_unnumbered : Save SONiC config after BGP programming] ******************************************************************************************************************************************
ok: [Spine-S1]
ok: [Spine-S2]
ok: [Leaf-L1]
ok: [Leaf-L2]
ok: [Border-Leaf1]
ok: [Border-Leaf2]

TASK [sonic_bgp_unnumbered : Restart BGP container to re-sync frrcfgd with CONFIG_DB] **************************************************************************************************************************
ok: [Spine-S2]
ok: [Spine-S1]
ok: [Leaf-L1]
ok: [Leaf-L2]
ok: [Border-Leaf2]
ok: [Border-Leaf1]

TASK [sonic_bgp_unnumbered : Wait for BGP container to be ready] ***********************************************************************************************************************************************
ok: [Spine-S2]
ok: [Spine-S1]
ok: [Leaf-L1]
ok: [Leaf-L2]
ok: [Border-Leaf1]
ok: [Border-Leaf2]

TASK [sonic_bgp_unnumbered : Check whether frrcfgd rendered the BGP instance] **********************************************************************************************************************************
ok: [Spine-S1]
ok: [Spine-S2]
ok: [Leaf-L1]
ok: [Leaf-L2]
ok: [Border-Leaf1]
ok: [Border-Leaf2]

TASK [sonic_bgp_unnumbered : Re-assert BGP_GLOBALS (instance was missing)] *************************************************************************************************************************************
skipping: [Spine-S1]
skipping: [Spine-S2]
skipping: [Leaf-L1]
skipping: [Leaf-L2]
skipping: [Border-Leaf1]
skipping: [Border-Leaf2]

TASK [sonic_bgp_unnumbered : Bounce bgp to force the instance to render] ***************************************************************************************************************************************
skipping: [Spine-S1]
skipping: [Spine-S2]
skipping: [Leaf-L1]
skipping: [Leaf-L2]
skipping: [Border-Leaf1]
skipping: [Border-Leaf2]

TASK [sonic_bgp_unnumbered : Wait for the BGP instance to appear] **********************************************************************************************************************************************
skipping: [Spine-S1]
skipping: [Spine-S2]
skipping: [Leaf-L1]
skipping: [Leaf-L2]
skipping: [Border-Leaf1]
skipping: [Border-Leaf2]

TASK [sonic_bgp_unnumbered : Relax datacenter BGP policy in FRR (suppress-fib-pending + ebgp policy)] **********************************************************************************************************
ok: [Spine-S2]
ok: [Spine-S1]
ok: [Leaf-L1]
ok: [Leaf-L2]
ok: [Border-Leaf1]
ok: [Border-Leaf2]

TASK [sonic_bgp_unnumbered : Apply BFD timers to unnumbered neighbors in FRR] **********************************************************************************************************************************
ok: [Spine-S1] => (item={'key': 'Ethernet0', 'value': {'asn': '65011', 'name': 'Leaf-L1'}})
ok: [Spine-S2] => (item={'key': 'Ethernet0', 'value': {'asn': '65011', 'name': 'Leaf-L1'}})
ok: [Spine-S1] => (item={'key': 'Ethernet4', 'value': {'asn': '65012', 'name': 'Leaf-L2'}})
ok: [Spine-S2] => (item={'key': 'Ethernet4', 'value': {'asn': '65012', 'name': 'Leaf-L2'}})
ok: [Spine-S2] => (item={'key': 'Ethernet8', 'value': {'asn': '65021', 'name': 'Leaf-L3'}})
ok: [Spine-S1] => (item={'key': 'Ethernet8', 'value': {'asn': '65021', 'name': 'Leaf-L3'}})
ok: [Spine-S1] => (item={'key': 'Ethernet12', 'value': {'asn': '65022', 'name': 'Leaf-L4'}})
ok: [Spine-S2] => (item={'key': 'Ethernet12', 'value': {'asn': '65022', 'name': 'Leaf-L4'}})
ok: [Spine-S1] => (item={'key': 'Ethernet16', 'value': {'asn': '65031', 'name': 'Border-Leaf1'}})
ok: [Spine-S2] => (item={'key': 'Ethernet16', 'value': {'asn': '65031', 'name': 'Border-Leaf1'}})
ok: [Spine-S1] => (item={'key': 'Ethernet20', 'value': {'asn': '65032', 'name': 'Border-Leaf2'}})
ok: [Spine-S2] => (item={'key': 'Ethernet20', 'value': {'asn': '65032', 'name': 'Border-Leaf2'}})
ok: [Leaf-L1] => (item={'key': 'Ethernet68', 'value': {'asn': '65000', 'name': 'Spine-S1'}})
ok: [Leaf-L2] => (item={'key': 'Ethernet68', 'value': {'asn': '65000', 'name': 'Spine-S1'}})
ok: [Leaf-L1] => (item={'key': 'Ethernet64', 'value': {'asn': '65000', 'name': 'Spine-S2'}})
ok: [Leaf-L2] => (item={'key': 'Ethernet64', 'value': {'asn': '65000', 'name': 'Spine-S2'}})
ok: [Leaf-L1] => (item={'key': 'Ethernet0', 'value': {'asn': '65211', 'name': 'k8s-master-01'}})
ok: [Leaf-L2] => (item={'key': 'Ethernet0', 'value': {'asn': '65211', 'name': 'k8s-master-01'}})
ok: [Leaf-L1] => (item={'key': 'Ethernet1', 'value': {'asn': '65212', 'name': 'k8s-db-01'}})
ok: [Leaf-L2] => (item={'key': 'Ethernet1', 'value': {'asn': '65212', 'name': 'k8s-db-01'}})
ok: [Leaf-L1] => (item={'key': 'Ethernet2', 'value': {'asn': '65213', 'name': 'osh-ctrl-01'}})
ok: [Leaf-L2] => (item={'key': 'Ethernet2', 'value': {'asn': '65213', 'name': ' osh-ctrl-01'}})
ok: [Leaf-L1] => (item={'key': 'Ethernet3', 'value': {'asn': '65214', 'name': 'osh-net-01'}})
ok: [Leaf-L2] => (item={'key': 'Ethernet3', 'value': {'asn': '65214', 'name': 'osh-net-01'}})
ok: [Leaf-L1] => (item={'key': 'Ethernet4', 'value': {'asn': '65215', 'name': 'osh-comp-01'}})
ok: [Leaf-L2] => (item={'key': 'Ethernet4', 'value': {'asn': '65215', 'name': 'osh-comp-01'}})
ok: [Leaf-L1] => (item={'key': 'Ethernet5', 'value': {'asn': '65216', 'name': 'osh-comp-04'}})
ok: [Leaf-L2] => (item={'key': 'Ethernet5', 'value': {'asn': '65216', 'name': 'osh-comp-04'}})
ok: [Border-Leaf1] => (item={'key': 'Ethernet124', 'value': {'asn': '65000', 'name': 'Spine-S1'}})
ok: [Border-Leaf2] => (item={'key': 'Ethernet124', 'value': {'asn': '65000', 'name': 'Spine-S1'}})
ok: [Border-Leaf1] => (item={'key': 'Ethernet120', 'value': {'asn': '65000', 'name': 'Spine-S2'}})
ok: [Border-Leaf2] => (item={'key': 'Ethernet120', 'value': {'asn': '65000', 'name': 'Spine-S2'}})
ok: [Border-Leaf2] => (item={'key': 'Ethernet0', 'value': {'asn': '65252', 'name': 'Exit-Router2'}})
ok: [Border-Leaf1] => (item={'key': 'Ethernet0', 'value': {'asn': '65251', 'name': 'Exit-Router1'}})
ok: [Border-Leaf2] => (item={'key': 'Ethernet1', 'value': {'asn': '65251', 'name': 'Exit-Router1'}})
ok: [Border-Leaf1] => (item={'key': 'Ethernet1', 'value': {'asn': '65252', 'name': 'Exit-Router2'}})
ok: [Border-Leaf2] => (item={'key': 'Ethernet2', 'value': {'asn': '65231', 'name': 'k8s-master-03'}})
ok: [Border-Leaf1] => (item={'key': 'Ethernet2', 'value': {'asn': '65231', 'name': 'k8s-master-03'}})
ok: [Border-Leaf2] => (item={'key': 'Ethernet3', 'value': {'asn': '65232', 'name': 'k8s-db-03'}})
ok: [Border-Leaf1] => (item={'key': 'Ethernet3', 'value': {'asn': '65232', 'name': 'k8s-db-03'}})
ok: [Border-Leaf2] => (item={'key': 'Ethernet4', 'value': {'asn': '65233', 'name': 'osh-ctrl-03'}})
ok: [Border-Leaf1] => (item={'key': 'Ethernet4', 'value': {'asn': '65233', 'name': 'osh-ctrl-03'}})
ok: [Border-Leaf2] => (item={'key': 'Ethernet5', 'value': {'asn': '65234', 'name': 'MonSrv'}})
ok: [Border-Leaf1] => (item={'key': 'Ethernet5', 'value': {'asn': '65234', 'name': 'MonSrv'}})
ok: [Border-Leaf2] => (item={'key': 'Ethernet6', 'value': {'asn': '65235', 'name': 'osh-comp-03'}})
ok: [Border-Leaf1] => (item={'key': 'Ethernet6', 'value': {'asn': '65235', 'name': 'osh-comp-03'}})

TASK [sonic_bgp_unnumbered : Wait for IPv6 link-local addresses to appear on BGP interfaces] *******************************************************************************************************************
ok: [Spine-S1]
ok: [Spine-S2]
ok: [Leaf-L2]
ok: [Leaf-L1]
ok: [Border-Leaf1]
ok: [Border-Leaf2]

TASK [sonic_bgp_unnumbered : Wait for at least one BGP neighbor to reach Established] **************************************************************************************************************************
ok: [Spine-S1]
ok: [Spine-S2]
ok: [Leaf-L2]
ok: [Leaf-L1]
ok: [Border-Leaf1]
ok: [Border-Leaf2]

TASK [sonic_bgp_unnumbered : Force re-advertisement of transit routes (default + loopbacks) via soft reconfig] *************************************************************************************************
ok: [Spine-S1]
ok: [Spine-S2]
ok: [Leaf-L2]
ok: [Leaf-L1]
ok: [Border-Leaf2]
ok: [Border-Leaf1]

PLAY [Verify routing framework settings and platform identity] *************************************************************************************************************************************************

TASK [Verify frr_mgmt_framework_config is enabled] *************************************************************************************************************************************************************
ok: [Spine-S1]
ok: [Spine-S2]
ok: [Leaf-L1]
ok: [Leaf-L2]
ok: [Border-Leaf1]
ok: [Border-Leaf2]

TASK [Verify docker_routing_config_mode is unified] ************************************************************************************************************************************************************
ok: [Spine-S2]
ok: [Spine-S1]
ok: [Leaf-L1]
ok: [Leaf-L2]
ok: [Border-Leaf1]
ok: [Border-Leaf2]

TASK [Verify expected HWSKU is active] *************************************************************************************************************************************************************************
ok: [Spine-S2]
ok: [Spine-S1]
ok: [Leaf-L2]
ok: [Leaf-L1]
ok: [Border-Leaf1]
ok: [Border-Leaf2]

TASK [Verify BGP_GLOBALS exists in CONFIG_DB] ******************************************************************************************************************************************************************
ok: [Spine-S1]
ok: [Spine-S2]
ok: [Leaf-L1]
ok: [Leaf-L2]
ok: [Border-Leaf1]
ok: [Border-Leaf2]

TASK [Get BGP summary] *****************************************************************************************************************************************************************************************
ok: [Spine-S2]
ok: [Spine-S1]
ok: [Leaf-L1]
ok: [Leaf-L2]
ok: [Border-Leaf1]
ok: [Border-Leaf2]

TASK [Display BGP summary] *************************************************************************************************************************************************************************************
ok: [Spine-S1] => {
    "msg": {
        "ipv4Unicast": {
            "as": 65000,
            "bestPath": {
                "multiPathRelax": "false"
            },
            "displayedPeers": 6,
            "dynamicPeers": 0,
            "failedPeers": 2,
            "peerCount": 6,
            "peerMemory": 144432,
            "peers": {
                "Ethernet0": {
                    "connectionsDropped": 0,
                    "connectionsEstablished": 1,
                    "desc": "Leaf-L1",
                    "hostname": "Leaf-L1",
                    "idType": "interface",
                    "inq": 0,
                    "localAs": 65000,
                    "msgRcvd": 34,
                    "msgSent": 28,
                    "outq": 0,
                    "peerState": "OK",
                    "peerUptime": "00:01:57",
                    "peerUptimeEstablishedEpoch": 1789133452,
                    "peerUptimeMsec": 117000,
                    "pfxRcd": 2,
                    "pfxSnt": 7,
                    "remoteAs": 65011,
                    "softwareVersion": "n/a",
                    "state": "Established",
                    "tableVersion": 7,
                    "version": 4
                },
                "Ethernet12": {
                    "connectionsDropped": 0,
                    "connectionsEstablished": 0,
                    "desc": "Leaf-L4",
                    "idType": "interface",
                    "inq": 0,
                    "localAs": 65000,
                    "msgRcvd": 0,
                    "msgSent": 0,
                    "outq": 0,
                    "peerState": "OK",
                    "peerUptime": "never",
                    "peerUptimeMsec": 0,
                    "pfxRcd": 0,
                    "pfxSnt": 0,
                    "remoteAs": 0,
                    "softwareVersion": "n/a",
                    "state": "Idle",
                    "tableVersion": 0,
                    "version": 4
                },
                "Ethernet16": {
                    "connectionsDropped": 1,
                    "connectionsEstablished": 2,
                    "desc": "Border-Leaf1",
                    "hostname": "Border-Leaf1",
                    "idType": "interface",
                    "inq": 0,
                    "localAs": 65000,
                    "msgRcvd": 38,
                    "msgSent": 32,
                    "outq": 0,
                    "peerState": "OK",
                    "peerUptime": "00:01:47",
                    "peerUptimeEstablishedEpoch": 1789133462,
                    "peerUptimeMsec": 107000,
                    "pfxRcd": 2,
                    "pfxSnt": 7,
                    "remoteAs": 65031,
                    "softwareVersion": "n/a",
                    "state": "Established",
                    "tableVersion": 7,
                    "version": 4
                },
                "Ethernet20": {
                    "connectionsDropped": 1,
                    "connectionsEstablished": 2,
                    "desc": "Border-Leaf2",
                    "hostname": "Border-Leaf2",
                    "idType": "interface",
                    "inq": 0,
                    "localAs": 65000,
                    "msgRcvd": 38,
                    "msgSent": 32,
                    "outq": 0,
                    "peerState": "OK",
                    "peerUptime": "00:01:47",
                    "peerUptimeEstablishedEpoch": 1789133462,
                    "peerUptimeMsec": 107000,
                    "pfxRcd": 2,
                    "pfxSnt": 7,
                    "remoteAs": 65032,
                    "softwareVersion": "n/a",
                    "state": "Established",
                    "tableVersion": 7,
                    "version": 4
                },
                "Ethernet4": {
                    "connectionsDropped": 0,
                    "connectionsEstablished": 1,
                    "desc": "Leaf-L2",
                    "hostname": "Leaf-L2",
                    "idType": "interface",
                    "inq": 0,
                    "localAs": 65000,
                    "msgRcvd": 34,
                    "msgSent": 28,
                    "outq": 0,
                    "peerState": "OK",
                    "peerUptime": "00:01:57",
                    "peerUptimeEstablishedEpoch": 1789133452,
                    "peerUptimeMsec": 117000,
                    "pfxRcd": 2,
                    "pfxSnt": 7,
                    "remoteAs": 65012,
                    "softwareVersion": "n/a",
                    "state": "Established",
                    "tableVersion": 7,
                    "version": 4
                },
                "Ethernet8": {
                    "connectionsDropped": 0,
                    "connectionsEstablished": 0,
                    "desc": "Leaf-L3",
                    "idType": "interface",
                    "inq": 0,
                    "localAs": 65000,
                    "msgRcvd": 0,
                    "msgSent": 0,
                    "outq": 0,
                    "peerState": "OK",
                    "peerUptime": "never",
                    "peerUptimeMsec": 0,
                    "pfxRcd": 0,
                    "pfxSnt": 0,
                    "remoteAs": 0,
                    "softwareVersion": "n/a",
                    "state": "Idle",
                    "tableVersion": 0,
                    "version": 4
                }
            },
            "ribCount": 13,
            "ribMemory": 1664,
            "routerId": "10.0.1.1",
            "tableVersion": 7,
            "totalPeers": 6,
            "vrfId": 0,
            "vrfName": "default"
        },
        "ipv6Unicast": {
            "as": 65000,
            "bestPath": {
                "multiPathRelax": "false"
            },
            "displayedPeers": 6,
            "dynamicPeers": 0,
            "failedPeers": 2,
            "peerCount": 6,
            "peerMemory": 144432,
            "peers": {
                "Ethernet0": {
                    "connectionsDropped": 0,
                    "connectionsEstablished": 1,
                    "desc": "Leaf-L1",
                    "hostname": "Leaf-L1",
                    "idType": "interface",
                    "inq": 0,
                    "localAs": 65000,
                    "msgRcvd": 34,
                    "msgSent": 28,
                    "outq": 0,
                    "peerState": "OK",
                    "peerUptime": "00:01:57",
                    "peerUptimeEstablishedEpoch": 1789133452,
                    "peerUptimeMsec": 117000,
                    "pfxRcd": 0,
                    "pfxSnt": 0,
                    "remoteAs": 65011,
                    "softwareVersion": "n/a",
                    "state": "Established",
                    "tableVersion": 0,
                    "version": 4
                },
                "Ethernet12": {
                    "connectionsDropped": 0,
                    "connectionsEstablished": 0,
                    "desc": "Leaf-L4",
                    "idType": "interface",
                    "inq": 0,
                    "localAs": 65000,
                    "msgRcvd": 0,
                    "msgSent": 0,
                    "outq": 0,
                    "peerState": "OK",
                    "peerUptime": "never",
                    "peerUptimeMsec": 0,
                    "pfxRcd": 0,
                    "pfxSnt": 0,
                    "remoteAs": 0,
                    "softwareVersion": "n/a",
                    "state": "Idle",
                    "tableVersion": 0,
                    "version": 4
                },
                "Ethernet16": {
                    "connectionsDropped": 1,
                    "connectionsEstablished": 2,
                    "desc": "Border-Leaf1",
                    "hostname": "Border-Leaf1",
                    "idType": "interface",
                    "inq": 0,
                    "localAs": 65000,
                    "msgRcvd": 38,
                    "msgSent": 32,
                    "outq": 0,
                    "peerState": "OK",
                    "peerUptime": "00:01:47",
                    "peerUptimeEstablishedEpoch": 1789133462,
                    "peerUptimeMsec": 107000,
                    "pfxRcd": 0,
                    "pfxSnt": 0,
                    "remoteAs": 65031,
                    "softwareVersion": "n/a",
                    "state": "Established",
                    "tableVersion": 0,
                    "version": 4
                },
                "Ethernet20": {
                    "connectionsDropped": 1,
                    "connectionsEstablished": 2,
                    "desc": "Border-Leaf2",
                    "hostname": "Border-Leaf2",
                    "idType": "interface",
                    "inq": 0,
                    "localAs": 65000,
                    "msgRcvd": 38,
                    "msgSent": 32,
                    "outq": 0,
                    "peerState": "OK",
                    "peerUptime": "00:01:47",
                    "peerUptimeEstablishedEpoch": 1789133462,
                    "peerUptimeMsec": 107000,
                    "pfxRcd": 0,
                    "pfxSnt": 0,
                    "remoteAs": 65032,
                    "softwareVersion": "n/a",
                    "state": "Established",
                    "tableVersion": 0,
                    "version": 4
                },
                "Ethernet4": {
                    "connectionsDropped": 0,
                    "connectionsEstablished": 1,
                    "desc": "Leaf-L2",
                    "hostname": "Leaf-L2",
                    "idType": "interface",
                    "inq": 0,
                    "localAs": 65000,
                    "msgRcvd": 34,
                    "msgSent": 28,
                    "outq": 0,
                    "peerState": "OK",
                    "peerUptime": "00:01:57",
                    "peerUptimeEstablishedEpoch": 1789133452,
                    "peerUptimeMsec": 117000,
                    "pfxRcd": 0,
                    "pfxSnt": 0,
                    "remoteAs": 65012,
                    "softwareVersion": "n/a",
                    "state": "Established",
                    "tableVersion": 0,
                    "version": 4
                },
                "Ethernet8": {
                    "connectionsDropped": 0,
                    "connectionsEstablished": 0,
                    "desc": "Leaf-L3",
                    "idType": "interface",
                    "inq": 0,
                    "localAs": 65000,
                    "msgRcvd": 0,
                    "msgSent": 0,
                    "outq": 0,
                    "peerState": "OK",
                    "peerUptime": "never",
                    "peerUptimeMsec": 0,
                    "pfxRcd": 0,
                    "pfxSnt": 0,
                    "remoteAs": 0,
                    "softwareVersion": "n/a",
                    "state": "Idle",
                    "tableVersion": 0,
                    "version": 4
                }
            },
            "ribCount": 0,
            "ribMemory": 0,
            "routerId": "10.0.1.1",
            "tableVersion": 0,
            "totalPeers": 6,
            "vrfId": 0,
            "vrfName": "default"
        }
    }
}
ok: [Spine-S2] => {
    "msg": {
        "ipv4Unicast": {
            "as": 65000,
            "bestPath": {
                "multiPathRelax": "false"
            },
            "displayedPeers": 6,
            "dynamicPeers": 0,
            "failedPeers": 2,
            "peerCount": 6,
            "peerMemory": 144432,
            "peers": {
                "Ethernet0": {
                    "connectionsDropped": 0,
                    "connectionsEstablished": 1,
                    "desc": "Leaf-L1",
                    "hostname": "Leaf-L1",
                    "idType": "interface",
                    "inq": 0,
                    "localAs": 65000,
                    "msgRcvd": 34,
                    "msgSent": 26,
                    "outq": 0,
                    "peerState": "OK",
                    "peerUptime": "00:01:57",
                    "peerUptimeEstablishedEpoch": 1789133452,
                    "peerUptimeMsec": 117000,
                    "pfxRcd": 2,
                    "pfxSnt": 7,
                    "remoteAs": 65011,
                    "softwareVersion": "n/a",
                    "state": "Established",
                    "tableVersion": 7,
                    "version": 4
                },
                "Ethernet12": {
                    "connectionsDropped": 0,
                    "connectionsEstablished": 0,
                    "desc": "Leaf-L4",
                    "idType": "interface",
                    "inq": 0,
                    "localAs": 65000,
                    "msgRcvd": 0,
                    "msgSent": 0,
                    "outq": 0,
                    "peerState": "OK",
                    "peerUptime": "never",
                    "peerUptimeMsec": 0,
                    "pfxRcd": 0,
                    "pfxSnt": 0,
                    "remoteAs": 0,
                    "softwareVersion": "n/a",
                    "state": "Idle",
                    "tableVersion": 0,
                    "version": 4
                },
                "Ethernet16": {
                    "connectionsDropped": 1,
                    "connectionsEstablished": 2,
                    "desc": "Border-Leaf1",
                    "hostname": "Border-Leaf1",
                    "idType": "interface",
                    "inq": 0,
                    "localAs": 65000,
                    "msgRcvd": 38,
                    "msgSent": 30,
                    "outq": 0,
                    "peerState": "OK",
                    "peerUptime": "00:01:47",
                    "peerUptimeEstablishedEpoch": 1789133462,
                    "peerUptimeMsec": 107000,
                    "pfxRcd": 2,
                    "pfxSnt": 7,
                    "remoteAs": 65031,
                    "softwareVersion": "n/a",
                    "state": "Established",
                    "tableVersion": 7,
                    "version": 4
                },
                "Ethernet20": {
                    "connectionsDropped": 1,
                    "connectionsEstablished": 2,
                    "desc": "Border-Leaf2",
                    "hostname": "Border-Leaf2",
                    "idType": "interface",
                    "inq": 0,
                    "localAs": 65000,
                    "msgRcvd": 38,
                    "msgSent": 30,
                    "outq": 0,
                    "peerState": "OK",
                    "peerUptime": "00:01:46",
                    "peerUptimeEstablishedEpoch": 1789133463,
                    "peerUptimeMsec": 106000,
                    "pfxRcd": 2,
                    "pfxSnt": 7,
                    "remoteAs": 65032,
                    "softwareVersion": "n/a",
                    "state": "Established",
                    "tableVersion": 7,
                    "version": 4
                },
                "Ethernet4": {
                    "connectionsDropped": 0,
                    "connectionsEstablished": 1,
                    "desc": "Leaf-L2",
                    "hostname": "Leaf-L2",
                    "idType": "interface",
                    "inq": 0,
                    "localAs": 65000,
                    "msgRcvd": 34,
                    "msgSent": 26,
                    "outq": 0,
                    "peerState": "OK",
                    "peerUptime": "00:01:57",
                    "peerUptimeEstablishedEpoch": 1789133452,
                    "peerUptimeMsec": 117000,
                    "pfxRcd": 2,
                    "pfxSnt": 7,
                    "remoteAs": 65012,
                    "softwareVersion": "n/a",
                    "state": "Established",
                    "tableVersion": 7,
                    "version": 4
                },
                "Ethernet8": {
                    "connectionsDropped": 0,
                    "connectionsEstablished": 0,
                    "desc": "Leaf-L3",
                    "idType": "interface",
                    "inq": 0,
                    "localAs": 65000,
                    "msgRcvd": 0,
                    "msgSent": 0,
                    "outq": 0,
                    "peerState": "OK",
                    "peerUptime": "never",
                    "peerUptimeMsec": 0,
                    "pfxRcd": 0,
                    "pfxSnt": 0,
                    "remoteAs": 0,
                    "softwareVersion": "n/a",
                    "state": "Idle",
                    "tableVersion": 0,
                    "version": 4
                }
            },
            "ribCount": 13,
            "ribMemory": 1664,
            "routerId": "10.0.1.2",
            "tableVersion": 7,
            "totalPeers": 6,
            "vrfId": 0,
            "vrfName": "default"
        },
        "ipv6Unicast": {
            "as": 65000,
            "bestPath": {
                "multiPathRelax": "false"
            },
            "displayedPeers": 6,
            "dynamicPeers": 0,
            "failedPeers": 2,
            "peerCount": 6,
            "peerMemory": 144432,
            "peers": {
                "Ethernet0": {
                    "connectionsDropped": 0,
                    "connectionsEstablished": 1,
                    "desc": "Leaf-L1",
                    "hostname": "Leaf-L1",
                    "idType": "interface",
                    "inq": 0,
                    "localAs": 65000,
                    "msgRcvd": 34,
                    "msgSent": 26,
                    "outq": 0,
                    "peerState": "OK",
                    "peerUptime": "00:01:57",
                    "peerUptimeEstablishedEpoch": 1789133452,
                    "peerUptimeMsec": 117000,
                    "pfxRcd": 0,
                    "pfxSnt": 0,
                    "remoteAs": 65011,
                    "softwareVersion": "n/a",
                    "state": "Established",
                    "tableVersion": 0,
                    "version": 4
                },
                "Ethernet12": {
                    "connectionsDropped": 0,
                    "connectionsEstablished": 0,
                    "desc": "Leaf-L4",
                    "idType": "interface",
                    "inq": 0,
                    "localAs": 65000,
                    "msgRcvd": 0,
                    "msgSent": 0,
                    "outq": 0,
                    "peerState": "OK",
                    "peerUptime": "never",
                    "peerUptimeMsec": 0,
                    "pfxRcd": 0,
                    "pfxSnt": 0,
                    "remoteAs": 0,
                    "softwareVersion": "n/a",
                    "state": "Idle",
                    "tableVersion": 0,
                    "version": 4
                },
                "Ethernet16": {
                    "connectionsDropped": 1,
                    "connectionsEstablished": 2,
                    "desc": "Border-Leaf1",
                    "hostname": "Border-Leaf1",
                    "idType": "interface",
                    "inq": 0,
                    "localAs": 65000,
                    "msgRcvd": 38,
                    "msgSent": 30,
                    "outq": 0,
                    "peerState": "OK",
                    "peerUptime": "00:01:47",
                    "peerUptimeEstablishedEpoch": 1789133462,
                    "peerUptimeMsec": 107000,
                    "pfxRcd": 0,
                    "pfxSnt": 0,
                    "remoteAs": 65031,
                    "softwareVersion": "n/a",
                    "state": "Established",
                    "tableVersion": 0,
                    "version": 4
                },
                "Ethernet20": {
                    "connectionsDropped": 1,
                    "connectionsEstablished": 2,
                    "desc": "Border-Leaf2",
                    "hostname": "Border-Leaf2",
                    "idType": "interface",
                    "inq": 0,
                    "localAs": 65000,
                    "msgRcvd": 38,
                    "msgSent": 30,
                    "outq": 0,
                    "peerState": "OK",
                    "peerUptime": "00:01:46",
                    "peerUptimeEstablishedEpoch": 1789133463,
                    "peerUptimeMsec": 106000,
                    "pfxRcd": 0,
                    "pfxSnt": 0,
                    "remoteAs": 65032,
                    "softwareVersion": "n/a",
                    "state": "Established",
                    "tableVersion": 0,
                    "version": 4
                },
                "Ethernet4": {
                    "connectionsDropped": 0,
                    "connectionsEstablished": 1,
                    "desc": "Leaf-L2",
                    "hostname": "Leaf-L2",
                    "idType": "interface",
                    "inq": 0,
                    "localAs": 65000,
                    "msgRcvd": 34,
                    "msgSent": 26,
                    "outq": 0,
                    "peerState": "OK",
                    "peerUptime": "00:01:57",
                    "peerUptimeEstablishedEpoch": 1789133452,
                    "peerUptimeMsec": 117000,
                    "pfxRcd": 0,
                    "pfxSnt": 0,
                    "remoteAs": 65012,
                    "softwareVersion": "n/a",
                    "state": "Established",
                    "tableVersion": 0,
                    "version": 4
                },
                "Ethernet8": {
                    "connectionsDropped": 0,
                    "connectionsEstablished": 0,
                    "desc": "Leaf-L3",
                    "idType": "interface",
                    "inq": 0,
                    "localAs": 65000,
                    "msgRcvd": 0,
                    "msgSent": 0,
                    "outq": 0,
                    "peerState": "OK",
                    "peerUptime": "never",
                    "peerUptimeMsec": 0,
                    "pfxRcd": 0,
                    "pfxSnt": 0,
                    "remoteAs": 0,
                    "softwareVersion": "n/a",
                    "state": "Idle",
                    "tableVersion": 0,
                    "version": 4
                }
            },
            "ribCount": 0,
            "ribMemory": 0,
            "routerId": "10.0.1.2",
            "tableVersion": 0,
            "totalPeers": 6,
            "vrfId": 0,
            "vrfName": "default"
        }
    }
}
ok: [Leaf-L1] => {
    "msg": {
        "ipv4Unicast": {
            "as": 65011,
            "bestPath": {
                "multiPathRelax": "false"
            },
            "displayedPeers": 8,
            "dynamicPeers": 0,
            "failedPeers": 6,
            "peerCount": 8,
            "peerMemory": 192576,
            "peers": {
                "Ethernet0": {
                    "connectionsDropped": 0,
                    "connectionsEstablished": 0,
                    "desc": "k8s-master-01",
                    "idType": "interface",
                    "inq": 0,
                    "localAs": 65011,
                    "msgRcvd": 0,
                    "msgSent": 0,
                    "outq": 0,
                    "peerState": "OK",
                    "peerUptime": "never",
                    "peerUptimeMsec": 0,
                    "pfxRcd": 0,
                    "pfxSnt": 0,
                    "remoteAs": 0,
                    "softwareVersion": "n/a",
                    "state": "Idle",
                    "tableVersion": 0,
                    "version": 4
                },
                "Ethernet1": {
                    "connectionsDropped": 0,
                    "connectionsEstablished": 0,
                    "desc": "k8s-db-01",
                    "idType": "interface",
                    "inq": 0,
                    "localAs": 65011,
                    "msgRcvd": 0,
                    "msgSent": 0,
                    "outq": 0,
                    "peerState": "OK",
                    "peerUptime": "never",
                    "peerUptimeMsec": 0,
                    "pfxRcd": 0,
                    "pfxSnt": 0,
                    "remoteAs": 0,
                    "softwareVersion": "n/a",
                    "state": "Idle",
                    "tableVersion": 0,
                    "version": 4
                },
                "Ethernet2": {
                    "connectionsDropped": 0,
                    "connectionsEstablished": 0,
                    "desc": "osh-ctrl-01",
                    "idType": "interface",
                    "inq": 0,
                    "localAs": 65011,
                    "msgRcvd": 0,
                    "msgSent": 0,
                    "outq": 0,
                    "peerState": "OK",
                    "peerUptime": "never",
                    "peerUptimeMsec": 0,
                    "pfxRcd": 0,
                    "pfxSnt": 0,
                    "remoteAs": 0,
                    "softwareVersion": "n/a",
                    "state": "Idle",
                    "tableVersion": 0,
                    "version": 4
                },
                "Ethernet3": {
                    "connectionsDropped": 0,
                    "connectionsEstablished": 0,
                    "desc": "osh-net-01",
                    "idType": "interface",
                    "inq": 0,
                    "localAs": 65011,
                    "msgRcvd": 0,
                    "msgSent": 0,
                    "outq": 0,
                    "peerState": "OK",
                    "peerUptime": "never",
                    "peerUptimeMsec": 0,
                    "pfxRcd": 0,
                    "pfxSnt": 0,
                    "remoteAs": 0,
                    "softwareVersion": "n/a",
                    "state": "Idle",
                    "tableVersion": 0,
                    "version": 4
                },
                "Ethernet4": {
                    "connectionsDropped": 0,
                    "connectionsEstablished": 0,
                    "desc": "osh-comp-01",
                    "idType": "interface",
                    "inq": 0,
                    "localAs": 65011,
                    "msgRcvd": 0,
                    "msgSent": 0,
                    "outq": 0,
                    "peerState": "OK",
                    "peerUptime": "never",
                    "peerUptimeMsec": 0,
                    "pfxRcd": 0,
                    "pfxSnt": 0,
                    "remoteAs": 0,
                    "softwareVersion": "n/a",
                    "state": "Idle",
                    "tableVersion": 0,
                    "version": 4
                },
                "Ethernet5": {
                    "connectionsDropped": 0,
                    "connectionsEstablished": 0,
                    "desc": "osh-comp-04",
                    "idType": "interface",
                    "inq": 0,
                    "localAs": 65011,
                    "msgRcvd": 0,
                    "msgSent": 0,
                    "outq": 0,
                    "peerState": "OK",
                    "peerUptime": "never",
                    "peerUptimeMsec": 0,
                    "pfxRcd": 0,
                    "pfxSnt": 0,
                    "remoteAs": 0,
                    "softwareVersion": "n/a",
                    "state": "Idle",
                    "tableVersion": 0,
                    "version": 4
                },
                "Ethernet64": {
                    "connectionsDropped": 0,
                    "connectionsEstablished": 1,
                    "desc": "Spine-S2",
                    "hostname": "Spine-S2",
                    "idType": "interface",
                    "inq": 0,
                    "localAs": 65011,
                    "msgRcvd": 26,
                    "msgSent": 34,
                    "outq": 0,
                    "peerState": "OK",
                    "peerUptime": "00:01:58",
                    "peerUptimeEstablishedEpoch": 1789133452,
                    "peerUptimeMsec": 118000,
                    "pfxRcd": 5,
                    "pfxSnt": 8,
                    "remoteAs": 65000,
                    "softwareVersion": "n/a",
                    "state": "Established",
                    "tableVersion": 11,
                    "version": 4
                },
                "Ethernet68": {
                    "connectionsDropped": 0,
                    "connectionsEstablished": 1,
                    "desc": "Spine-S1",
                    "hostname": "Spine-S1",
                    "idType": "interface",
                    "inq": 0,
                    "localAs": 65011,
                    "msgRcvd": 28,
                    "msgSent": 34,
                    "outq": 0,
                    "peerState": "OK",
                    "peerUptime": "00:01:58",
                    "peerUptimeEstablishedEpoch": 1789133452,
                    "peerUptimeMsec": 118000,
                    "pfxRcd": 5,
                    "pfxSnt": 8,
                    "remoteAs": 65000,
                    "softwareVersion": "n/a",
                    "state": "Established",
                    "tableVersion": 11,
                    "version": 4
                }
            },
            "ribCount": 15,
            "ribMemory": 1920,
            "routerId": "10.0.2.1",
            "tableVersion": 11,
            "totalPeers": 8,
            "vrfId": 0,
            "vrfName": "default"
        },
        "ipv6Unicast": {
            "as": 65011,
            "bestPath": {
                "multiPathRelax": "false"
            },
            "displayedPeers": 8,
            "dynamicPeers": 0,
            "failedPeers": 6,
            "peerCount": 8,
            "peerMemory": 192576,
            "peers": {
                "Ethernet0": {
                    "connectionsDropped": 0,
                    "connectionsEstablished": 0,
                    "desc": "k8s-master-01",
                    "idType": "interface",
                    "inq": 0,
                    "localAs": 65011,
                    "msgRcvd": 0,
                    "msgSent": 0,
                    "outq": 0,
                    "peerState": "OK",
                    "peerUptime": "never",
                    "peerUptimeMsec": 0,
                    "pfxRcd": 0,
                    "pfxSnt": 0,
                    "remoteAs": 0,
                    "softwareVersion": "n/a",
                    "state": "Idle",
                    "tableVersion": 0,
                    "version": 4
                },
                "Ethernet1": {
                    "connectionsDropped": 0,
                    "connectionsEstablished": 0,
                    "desc": "k8s-db-01",
                    "idType": "interface",
                    "inq": 0,
                    "localAs": 65011,
                    "msgRcvd": 0,
                    "msgSent": 0,
                    "outq": 0,
                    "peerState": "OK",
                    "peerUptime": "never",
                    "peerUptimeMsec": 0,
                    "pfxRcd": 0,
                    "pfxSnt": 0,
                    "remoteAs": 0,
                    "softwareVersion": "n/a",
                    "state": "Idle",
                    "tableVersion": 0,
                    "version": 4
                },
                "Ethernet2": {
                    "connectionsDropped": 0,
                    "connectionsEstablished": 0,
                    "desc": "osh-ctrl-01",
                    "idType": "interface",
                    "inq": 0,
                    "localAs": 65011,
                    "msgRcvd": 0,
                    "msgSent": 0,
                    "outq": 0,
                    "peerState": "OK",
                    "peerUptime": "never",
                    "peerUptimeMsec": 0,
                    "pfxRcd": 0,
                    "pfxSnt": 0,
                    "remoteAs": 0,
                    "softwareVersion": "n/a",
                    "state": "Idle",
                    "tableVersion": 0,
                    "version": 4
                },
                "Ethernet3": {
                    "connectionsDropped": 0,
                    "connectionsEstablished": 0,
                    "desc": "osh-net-01",
                    "idType": "interface",
                    "inq": 0,
                    "localAs": 65011,
                    "msgRcvd": 0,
                    "msgSent": 0,
                    "outq": 0,
                    "peerState": "OK",
                    "peerUptime": "never",
                    "peerUptimeMsec": 0,
                    "pfxRcd": 0,
                    "pfxSnt": 0,
                    "remoteAs": 0,
                    "softwareVersion": "n/a",
                    "state": "Idle",
                    "tableVersion": 0,
                    "version": 4
                },
                "Ethernet4": {
                    "connectionsDropped": 0,
                    "connectionsEstablished": 0,
                    "desc": "osh-comp-01",
                    "idType": "interface",
                    "inq": 0,
                    "localAs": 65011,
                    "msgRcvd": 0,
                    "msgSent": 0,
                    "outq": 0,
                    "peerState": "OK",
                    "peerUptime": "never",
                    "peerUptimeMsec": 0,
                    "pfxRcd": 0,
                    "pfxSnt": 0,
                    "remoteAs": 0,
                    "softwareVersion": "n/a",
                    "state": "Idle",
                    "tableVersion": 0,
                    "version": 4
                },
                "Ethernet5": {
                    "connectionsDropped": 0,
                    "connectionsEstablished": 0,
                    "desc": "osh-comp-04",
                    "idType": "interface",
                    "inq": 0,
                    "localAs": 65011,
                    "msgRcvd": 0,
                    "msgSent": 0,
                    "outq": 0,
                    "peerState": "OK",
                    "peerUptime": "never",
                    "peerUptimeMsec": 0,
                    "pfxRcd": 0,
                    "pfxSnt": 0,
                    "remoteAs": 0,
                    "softwareVersion": "n/a",
                    "state": "Idle",
                    "tableVersion": 0,
                    "version": 4
                },
                "Ethernet64": {
                    "connectionsDropped": 0,
                    "connectionsEstablished": 1,
                    "desc": "Spine-S2",
                    "hostname": "Spine-S2",
                    "idType": "interface",
                    "inq": 0,
                    "localAs": 65011,
                    "msgRcvd": 26,
                    "msgSent": 34,
                    "outq": 0,
                    "peerState": "OK",
                    "peerUptime": "00:01:58",
                    "peerUptimeEstablishedEpoch": 1789133452,
                    "peerUptimeMsec": 118000,
                    "pfxRcd": 0,
                    "pfxSnt": 0,
                    "remoteAs": 65000,
                    "softwareVersion": "n/a",
                    "state": "Established",
                    "tableVersion": 0,
                    "version": 4
                },
                "Ethernet68": {
                    "connectionsDropped": 0,
                    "connectionsEstablished": 1,
                    "desc": "Spine-S1",
                    "hostname": "Spine-S1",
                    "idType": "interface",
                    "inq": 0,
                    "localAs": 65011,
                    "msgRcvd": 28,
                    "msgSent": 34,
                    "outq": 0,
                    "peerState": "OK",
                    "peerUptime": "00:01:58",
                    "peerUptimeEstablishedEpoch": 1789133452,
                    "peerUptimeMsec": 118000,
                    "pfxRcd": 0,
                    "pfxSnt": 0,
                    "remoteAs": 65000,
                    "softwareVersion": "n/a",
                    "state": "Established",
                    "tableVersion": 0,
                    "version": 4
                }
            },
            "ribCount": 0,
            "ribMemory": 0,
            "routerId": "10.0.2.1",
            "tableVersion": 0,
            "totalPeers": 8,
            "vrfId": 0,
            "vrfName": "default"
        }
    }
}
ok: [Leaf-L2] => {
    "msg": {
        "ipv4Unicast": {
            "as": 65012,
            "bestPath": {
                "multiPathRelax": "false"
            },
            "displayedPeers": 8,
            "dynamicPeers": 0,
            "failedPeers": 6,
            "peerCount": 8,
            "peerMemory": 192576,
            "peers": {
                "Ethernet0": {
                    "connectionsDropped": 0,
                    "connectionsEstablished": 0,
                    "desc": "k8s-master-01",
                    "idType": "interface",
                    "inq": 0,
                    "localAs": 65012,
                    "msgRcvd": 0,
                    "msgSent": 0,
                    "outq": 0,
                    "peerState": "OK",
                    "peerUptime": "never",
                    "peerUptimeMsec": 0,
                    "pfxRcd": 0,
                    "pfxSnt": 0,
                    "remoteAs": 0,
                    "softwareVersion": "n/a",
                    "state": "Idle",
                    "tableVersion": 0,
                    "version": 4
                },
                "Ethernet1": {
                    "connectionsDropped": 0,
                    "connectionsEstablished": 0,
                    "desc": "k8s-db-01",
                    "idType": "interface",
                    "inq": 0,
                    "localAs": 65012,
                    "msgRcvd": 0,
                    "msgSent": 0,
                    "outq": 0,
                    "peerState": "OK",
                    "peerUptime": "never",
                    "peerUptimeMsec": 0,
                    "pfxRcd": 0,
                    "pfxSnt": 0,
                    "remoteAs": 0,
                    "softwareVersion": "n/a",
                    "state": "Idle",
                    "tableVersion": 0,
                    "version": 4
                },
                "Ethernet2": {
                    "connectionsDropped": 0,
                    "connectionsEstablished": 0,
                    "desc": "osh-ctrl-01",
                    "idType": "interface",
                    "inq": 0,
                    "localAs": 65012,
                    "msgRcvd": 0,
                    "msgSent": 0,
                    "outq": 0,
                    "peerState": "OK",
                    "peerUptime": "never",
                    "peerUptimeMsec": 0,
                    "pfxRcd": 0,
                    "pfxSnt": 0,
                    "remoteAs": 0,
                    "softwareVersion": "n/a",
                    "state": "Idle",
                    "tableVersion": 0,
                    "version": 4
                },
                "Ethernet3": {
                    "connectionsDropped": 0,
                    "connectionsEstablished": 0,
                    "desc": "osh-net-01",
                    "idType": "interface",
                    "inq": 0,
                    "localAs": 65012,
                    "msgRcvd": 0,
                    "msgSent": 0,
                    "outq": 0,
                    "peerState": "OK",
                    "peerUptime": "never",
                    "peerUptimeMsec": 0,
                    "pfxRcd": 0,
                    "pfxSnt": 0,
                    "remoteAs": 0,
                    "softwareVersion": "n/a",
                    "state": "Idle",
                    "tableVersion": 0,
                    "version": 4
                },
                "Ethernet4": {
                    "connectionsDropped": 0,
                    "connectionsEstablished": 0,
                    "desc": "osh-comp-01",
                    "idType": "interface",
                    "inq": 0,
                    "localAs": 65012,
                    "msgRcvd": 0,
                    "msgSent": 0,
                    "outq": 0,
                    "peerState": "OK",
                    "peerUptime": "never",
                    "peerUptimeMsec": 0,
                    "pfxRcd": 0,
                    "pfxSnt": 0,
                    "remoteAs": 0,
                    "softwareVersion": "n/a",
                    "state": "Idle",
                    "tableVersion": 0,
                    "version": 4
                },
                "Ethernet5": {
                    "connectionsDropped": 0,
                    "connectionsEstablished": 0,
                    "desc": "osh-comp-04",
                    "idType": "interface",
                    "inq": 0,
                    "localAs": 65012,
                    "msgRcvd": 0,
                    "msgSent": 0,
                    "outq": 0,
                    "peerState": "OK",
                    "peerUptime": "never",
                    "peerUptimeMsec": 0,
                    "pfxRcd": 0,
                    "pfxSnt": 0,
                    "remoteAs": 0,
                    "softwareVersion": "n/a",
                    "state": "Idle",
                    "tableVersion": 0,
                    "version": 4
                },
                "Ethernet64": {
                    "connectionsDropped": 0,
                    "connectionsEstablished": 1,
                    "desc": "Spine-S2",
                    "hostname": "Spine-S2",
                    "idType": "interface",
                    "inq": 0,
                    "localAs": 65012,
                    "msgRcvd": 26,
                    "msgSent": 34,
                    "outq": 0,
                    "peerState": "OK",
                    "peerUptime": "00:01:59",
                    "peerUptimeEstablishedEpoch": 1789133452,
                    "peerUptimeMsec": 119000,
                    "pfxRcd": 5,
                    "pfxSnt": 8,
                    "remoteAs": 65000,
                    "softwareVersion": "n/a",
                    "state": "Established",
                    "tableVersion": 11,
                    "version": 4
                },
                "Ethernet68": {
                    "connectionsDropped": 0,
                    "connectionsEstablished": 1,
                    "desc": "Spine-S1",
                    "hostname": "Spine-S1",
                    "idType": "interface",
                    "inq": 0,
                    "localAs": 65012,
                    "msgRcvd": 28,
                    "msgSent": 34,
                    "outq": 0,
                    "peerState": "OK",
                    "peerUptime": "00:01:59",
                    "peerUptimeEstablishedEpoch": 1789133452,
                    "peerUptimeMsec": 119000,
                    "pfxRcd": 5,
                    "pfxSnt": 8,
                    "remoteAs": 65000,
                    "softwareVersion": "n/a",
                    "state": "Established",
                    "tableVersion": 11,
                    "version": 4
                }
            },
            "ribCount": 15,
            "ribMemory": 1920,
            "routerId": "10.0.2.2",
            "tableVersion": 11,
            "totalPeers": 8,
            "vrfId": 0,
            "vrfName": "default"
        },
        "ipv6Unicast": {
            "as": 65012,
            "bestPath": {
                "multiPathRelax": "false"
            },
            "displayedPeers": 8,
            "dynamicPeers": 0,
            "failedPeers": 6,
            "peerCount": 8,
            "peerMemory": 192576,
            "peers": {
                "Ethernet0": {
                    "connectionsDropped": 0,
                    "connectionsEstablished": 0,
                    "desc": "k8s-master-01",
                    "idType": "interface",
                    "inq": 0,
                    "localAs": 65012,
                    "msgRcvd": 0,
                    "msgSent": 0,
                    "outq": 0,
                    "peerState": "OK",
                    "peerUptime": "never",
                    "peerUptimeMsec": 0,
                    "pfxRcd": 0,
                    "pfxSnt": 0,
                    "remoteAs": 0,
                    "softwareVersion": "n/a",
                    "state": "Idle",
                    "tableVersion": 0,
                    "version": 4
                },
                "Ethernet1": {
                    "connectionsDropped": 0,
                    "connectionsEstablished": 0,
                    "desc": "k8s-db-01",
                    "idType": "interface",
                    "inq": 0,
                    "localAs": 65012,
                    "msgRcvd": 0,
                    "msgSent": 0,
                    "outq": 0,
                    "peerState": "OK",
                    "peerUptime": "never",
                    "peerUptimeMsec": 0,
                    "pfxRcd": 0,
                    "pfxSnt": 0,
                    "remoteAs": 0,
                    "softwareVersion": "n/a",
                    "state": "Idle",
                    "tableVersion": 0,
                    "version": 4
                },
                "Ethernet2": {
                    "connectionsDropped": 0,
                    "connectionsEstablished": 0,
                    "desc": "osh-ctrl-01",
                    "idType": "interface",
                    "inq": 0,
                    "localAs": 65012,
                    "msgRcvd": 0,
                    "msgSent": 0,
                    "outq": 0,
                    "peerState": "OK",
                    "peerUptime": "never",
                    "peerUptimeMsec": 0,
                    "pfxRcd": 0,
                    "pfxSnt": 0,
                    "remoteAs": 0,
                    "softwareVersion": "n/a",
                    "state": "Idle",
                    "tableVersion": 0,
                    "version": 4
                },
                "Ethernet3": {
                    "connectionsDropped": 0,
                    "connectionsEstablished": 0,
                    "desc": "osh-net-01",
                    "idType": "interface",
                    "inq": 0,
                    "localAs": 65012,
                    "msgRcvd": 0,
                    "msgSent": 0,
                    "outq": 0,
                    "peerState": "OK",
                    "peerUptime": "never",
                    "peerUptimeMsec": 0,
                    "pfxRcd": 0,
                    "pfxSnt": 0,
                    "remoteAs": 0,
                    "softwareVersion": "n/a",
                    "state": "Idle",
                    "tableVersion": 0,
                    "version": 4
                },
                "Ethernet4": {
                    "connectionsDropped": 0,
                    "connectionsEstablished": 0,
                    "desc": "osh-comp-01",
                    "idType": "interface",
                    "inq": 0,
                    "localAs": 65012,
                    "msgRcvd": 0,
                    "msgSent": 0,
                    "outq": 0,
                    "peerState": "OK",
                    "peerUptime": "never",
                    "peerUptimeMsec": 0,
                    "pfxRcd": 0,
                    "pfxSnt": 0,
                    "remoteAs": 0,
                    "softwareVersion": "n/a",
                    "state": "Idle",
                    "tableVersion": 0,
                    "version": 4
                },
                "Ethernet5": {
                    "connectionsDropped": 0,
                    "connectionsEstablished": 0,
                    "desc": "osh-comp-04",
                    "idType": "interface",
                    "inq": 0,
                    "localAs": 65012,
                    "msgRcvd": 0,
                    "msgSent": 0,
                    "outq": 0,
                    "peerState": "OK",
                    "peerUptime": "never",
                    "peerUptimeMsec": 0,
                    "pfxRcd": 0,
                    "pfxSnt": 0,
                    "remoteAs": 0,
                    "softwareVersion": "n/a",
                    "state": "Idle",
                    "tableVersion": 0,
                    "version": 4
                },
                "Ethernet64": {
                    "connectionsDropped": 0,
                    "connectionsEstablished": 1,
                    "desc": "Spine-S2",
                    "hostname": "Spine-S2",
                    "idType": "interface",
                    "inq": 0,
                    "localAs": 65012,
                    "msgRcvd": 26,
                    "msgSent": 34,
                    "outq": 0,
                    "peerState": "OK",
                    "peerUptime": "00:01:59",
                    "peerUptimeEstablishedEpoch": 1789133452,
                    "peerUptimeMsec": 119000,
                    "pfxRcd": 0,
                    "pfxSnt": 0,
                    "remoteAs": 65000,
                    "softwareVersion": "n/a",
                    "state": "Established",
                    "tableVersion": 0,
                    "version": 4
                },
                "Ethernet68": {
                    "connectionsDropped": 0,
                    "connectionsEstablished": 1,
                    "desc": "Spine-S1",
                    "hostname": "Spine-S1",
                    "idType": "interface",
                    "inq": 0,
                    "localAs": 65012,
                    "msgRcvd": 28,
                    "msgSent": 34,
                    "outq": 0,
                    "peerState": "OK",
                    "peerUptime": "00:01:59",
                    "peerUptimeEstablishedEpoch": 1789133452,
                    "peerUptimeMsec": 119000,
                    "pfxRcd": 0,
                    "pfxSnt": 0,
                    "remoteAs": 65000,
                    "softwareVersion": "n/a",
                    "state": "Established",
                    "tableVersion": 0,
                    "version": 4
                }
            },
            "ribCount": 0,
            "ribMemory": 0,
            "routerId": "10.0.2.2",
            "tableVersion": 0,
            "totalPeers": 8,
            "vrfId": 0,
            "vrfName": "default"
        }
    }
}
ok: [Border-Leaf1] => {
    "msg": {
        "ipv4Unicast": {
            "as": 65031,
            "bestPath": {
                "multiPathRelax": "false"
            },
            "displayedPeers": 9,
            "dynamicPeers": 0,
            "failedPeers": 7,
            "peerCount": 9,
            "peerMemory": 216648,
            "peers": {
                "Ethernet0": {
                    "connectionsDropped": 0,
                    "connectionsEstablished": 0,
                    "desc": "Exit-Router1",
                    "idType": "interface",
                    "inq": 0,
                    "localAs": 65031,
                    "msgRcvd": 0,
                    "msgSent": 0,
                    "outq": 0,
                    "peerState": "OK",
                    "peerUptime": "never",
                    "peerUptimeMsec": 0,
                    "pfxRcd": 0,
                    "pfxSnt": 0,
                    "remoteAs": 0,
                    "softwareVersion": "n/a",
                    "state": "Idle",
                    "tableVersion": 0,
                    "version": 4
                },
                "Ethernet1": {
                    "connectionsDropped": 0,
                    "connectionsEstablished": 0,
                    "desc": "Exit-Router2",
                    "idType": "interface",
                    "inq": 0,
                    "localAs": 65031,
                    "msgRcvd": 0,
                    "msgSent": 0,
                    "outq": 0,
                    "peerState": "OK",
                    "peerUptime": "never",
                    "peerUptimeMsec": 0,
                    "pfxRcd": 0,
                    "pfxSnt": 0,
                    "remoteAs": 0,
                    "softwareVersion": "n/a",
                    "state": "Idle",
                    "tableVersion": 0,
                    "version": 4
                },
                "Ethernet120": {
                    "connectionsDropped": 0,
                    "connectionsEstablished": 1,
                    "desc": "Spine-S2",
                    "hostname": "Spine-S2",
                    "idType": "interface",
                    "inq": 0,
                    "localAs": 65031,
                    "msgRcvd": 26,
                    "msgSent": 34,
                    "outq": 0,
                    "peerState": "OK",
                    "peerUptime": "00:01:51",
                    "peerUptimeEstablishedEpoch": 1789133462,
                    "peerUptimeMsec": 111000,
                    "pfxRcd": 5,
                    "pfxSnt": 8,
                    "remoteAs": 65000,
                    "softwareVersion": "n/a",
                    "state": "Established",
                    "tableVersion": 11,
                    "version": 4
                },
                "Ethernet124": {
                    "connectionsDropped": 0,
                    "connectionsEstablished": 1,
                    "desc": "Spine-S1",
                    "hostname": "Spine-S1",
                    "idType": "interface",
                    "inq": 0,
                    "localAs": 65031,
                    "msgRcvd": 28,
                    "msgSent": 34,
                    "outq": 0,
                    "peerState": "OK",
                    "peerUptime": "00:01:50",
                    "peerUptimeEstablishedEpoch": 1789133463,
                    "peerUptimeMsec": 110000,
                    "pfxRcd": 5,
                    "pfxSnt": 8,
                    "remoteAs": 65000,
                    "softwareVersion": "n/a",
                    "state": "Established",
                    "tableVersion": 11,
                    "version": 4
                },
                "Ethernet2": {
                    "connectionsDropped": 0,
                    "connectionsEstablished": 0,
                    "desc": "k8s-master-03",
                    "idType": "interface",
                    "inq": 0,
                    "localAs": 65031,
                    "msgRcvd": 0,
                    "msgSent": 0,
                    "outq": 0,
                    "peerState": "OK",
                    "peerUptime": "never",
                    "peerUptimeMsec": 0,
                    "pfxRcd": 0,
                    "pfxSnt": 0,
                    "remoteAs": 0,
                    "softwareVersion": "n/a",
                    "state": "Idle",
                    "tableVersion": 0,
                    "version": 4
                },
                "Ethernet3": {
                    "connectionsDropped": 0,
                    "connectionsEstablished": 0,
                    "desc": "k8s-db-03",
                    "idType": "interface",
                    "inq": 0,
                    "localAs": 65031,
                    "msgRcvd": 0,
                    "msgSent": 0,
                    "outq": 0,
                    "peerState": "OK",
                    "peerUptime": "never",
                    "peerUptimeMsec": 0,
                    "pfxRcd": 0,
                    "pfxSnt": 0,
                    "remoteAs": 0,
                    "softwareVersion": "n/a",
                    "state": "Idle",
                    "tableVersion": 0,
                    "version": 4
                },
                "Ethernet4": {
                    "connectionsDropped": 0,
                    "connectionsEstablished": 0,
                    "desc": "osh-ctrl-03",
                    "idType": "interface",
                    "inq": 0,
                    "localAs": 65031,
                    "msgRcvd": 0,
                    "msgSent": 0,
                    "outq": 0,
                    "peerState": "OK",
                    "peerUptime": "never",
                    "peerUptimeMsec": 0,
                    "pfxRcd": 0,
                    "pfxSnt": 0,
                    "remoteAs": 0,
                    "softwareVersion": "n/a",
                    "state": "Idle",
                    "tableVersion": 0,
                    "version": 4
                },
                "Ethernet5": {
                    "connectionsDropped": 0,
                    "connectionsEstablished": 0,
                    "desc": "MonSrv",
                    "idType": "interface",
                    "inq": 0,
                    "localAs": 65031,
                    "msgRcvd": 0,
                    "msgSent": 0,
                    "outq": 0,
                    "peerState": "OK",
                    "peerUptime": "never",
                    "peerUptimeMsec": 0,
                    "pfxRcd": 0,
                    "pfxSnt": 0,
                    "remoteAs": 0,
                    "softwareVersion": "n/a",
                    "state": "Idle",
                    "tableVersion": 0,
                    "version": 4
                },
                "Ethernet6": {
                    "connectionsDropped": 0,
                    "connectionsEstablished": 0,
                    "desc": "osh-comp-03",
                    "idType": "interface",
                    "inq": 0,
                    "localAs": 65031,
                    "msgRcvd": 0,
                    "msgSent": 0,
                    "outq": 0,
                    "peerState": "OK",
                    "peerUptime": "never",
                    "peerUptimeMsec": 0,
                    "pfxRcd": 0,
                    "pfxSnt": 0,
                    "remoteAs": 0,
                    "softwareVersion": "n/a",
                    "state": "Idle",
                    "tableVersion": 0,
                    "version": 4
                }
            },
            "ribCount": 15,
            "ribMemory": 1920,
            "routerId": "10.0.2.5",
            "tableVersion": 11,
            "totalPeers": 9,
            "vrfId": 0,
            "vrfName": "default"
        },
        "ipv6Unicast": {
            "as": 65031,
            "bestPath": {
                "multiPathRelax": "false"
            },
            "displayedPeers": 9,
            "dynamicPeers": 0,
            "failedPeers": 7,
            "peerCount": 9,
            "peerMemory": 216648,
            "peers": {
                "Ethernet0": {
                    "connectionsDropped": 0,
                    "connectionsEstablished": 0,
                    "desc": "Exit-Router1",
                    "idType": "interface",
                    "inq": 0,
                    "localAs": 65031,
                    "msgRcvd": 0,
                    "msgSent": 0,
                    "outq": 0,
                    "peerState": "OK",
                    "peerUptime": "never",
                    "peerUptimeMsec": 0,
                    "pfxRcd": 0,
                    "pfxSnt": 0,
                    "remoteAs": 0,
                    "softwareVersion": "n/a",
                    "state": "Idle",
                    "tableVersion": 0,
                    "version": 4
                },
                "Ethernet1": {
                    "connectionsDropped": 0,
                    "connectionsEstablished": 0,
                    "desc": "Exit-Router2",
                    "idType": "interface",
                    "inq": 0,
                    "localAs": 65031,
                    "msgRcvd": 0,
                    "msgSent": 0,
                    "outq": 0,
                    "peerState": "OK",
                    "peerUptime": "never",
                    "peerUptimeMsec": 0,
                    "pfxRcd": 0,
                    "pfxSnt": 0,
                    "remoteAs": 0,
                    "softwareVersion": "n/a",
                    "state": "Idle",
                    "tableVersion": 0,
                    "version": 4
                },
                "Ethernet120": {
                    "connectionsDropped": 0,
                    "connectionsEstablished": 1,
                    "desc": "Spine-S2",
                    "hostname": "Spine-S2",
                    "idType": "interface",
                    "inq": 0,
                    "localAs": 65031,
                    "msgRcvd": 26,
                    "msgSent": 34,
                    "outq": 0,
                    "peerState": "OK",
                    "peerUptime": "00:01:51",
                    "peerUptimeEstablishedEpoch": 1789133462,
                    "peerUptimeMsec": 111000,
                    "pfxRcd": 0,
                    "pfxSnt": 0,
                    "remoteAs": 65000,
                    "softwareVersion": "n/a",
                    "state": "Established",
                    "tableVersion": 0,
                    "version": 4
                },
                "Ethernet124": {
                    "connectionsDropped": 0,
                    "connectionsEstablished": 1,
                    "desc": "Spine-S1",
                    "hostname": "Spine-S1",
                    "idType": "interface",
                    "inq": 0,
                    "localAs": 65031,
                    "msgRcvd": 28,
                    "msgSent": 34,
                    "outq": 0,
                    "peerState": "OK",
                    "peerUptime": "00:01:50",
                    "peerUptimeEstablishedEpoch": 1789133463,
                    "peerUptimeMsec": 110000,
                    "pfxRcd": 0,
                    "pfxSnt": 0,
                    "remoteAs": 65000,
                    "softwareVersion": "n/a",
                    "state": "Established",
                    "tableVersion": 0,
                    "version": 4
                },
                "Ethernet2": {
                    "connectionsDropped": 0,
                    "connectionsEstablished": 0,
                    "desc": "k8s-master-03",
                    "idType": "interface",
                    "inq": 0,
                    "localAs": 65031,
                    "msgRcvd": 0,
                    "msgSent": 0,
                    "outq": 0,
                    "peerState": "OK",
                    "peerUptime": "never",
                    "peerUptimeMsec": 0,
                    "pfxRcd": 0,
                    "pfxSnt": 0,
                    "remoteAs": 0,
                    "softwareVersion": "n/a",
                    "state": "Idle",
                    "tableVersion": 0,
                    "version": 4
                },
                "Ethernet3": {
                    "connectionsDropped": 0,
                    "connectionsEstablished": 0,
                    "desc": "k8s-db-03",
                    "idType": "interface",
                    "inq": 0,
                    "localAs": 65031,
                    "msgRcvd": 0,
                    "msgSent": 0,
                    "outq": 0,
                    "peerState": "OK",
                    "peerUptime": "never",
                    "peerUptimeMsec": 0,
                    "pfxRcd": 0,
                    "pfxSnt": 0,
                    "remoteAs": 0,
                    "softwareVersion": "n/a",
                    "state": "Idle",
                    "tableVersion": 0,
                    "version": 4
                },
                "Ethernet4": {
                    "connectionsDropped": 0,
                    "connectionsEstablished": 0,
                    "desc": "osh-ctrl-03",
                    "idType": "interface",
                    "inq": 0,
                    "localAs": 65031,
                    "msgRcvd": 0,
                    "msgSent": 0,
                    "outq": 0,
                    "peerState": "OK",
                    "peerUptime": "never",
                    "peerUptimeMsec": 0,
                    "pfxRcd": 0,
                    "pfxSnt": 0,
                    "remoteAs": 0,
                    "softwareVersion": "n/a",
                    "state": "Idle",
                    "tableVersion": 0,
                    "version": 4
                },
                "Ethernet5": {
                    "connectionsDropped": 0,
                    "connectionsEstablished": 0,
                    "desc": "MonSrv",
                    "idType": "interface",
                    "inq": 0,
                    "localAs": 65031,
                    "msgRcvd": 0,
                    "msgSent": 0,
                    "outq": 0,
                    "peerState": "OK",
                    "peerUptime": "never",
                    "peerUptimeMsec": 0,
                    "pfxRcd": 0,
                    "pfxSnt": 0,
                    "remoteAs": 0,
                    "softwareVersion": "n/a",
                    "state": "Idle",
                    "tableVersion": 0,
                    "version": 4
                },
                "Ethernet6": {
                    "connectionsDropped": 0,
                    "connectionsEstablished": 0,
                    "desc": "osh-comp-03",
                    "idType": "interface",
                    "inq": 0,
                    "localAs": 65031,
                    "msgRcvd": 0,
                    "msgSent": 0,
                    "outq": 0,
                    "peerState": "OK",
                    "peerUptime": "never",
                    "peerUptimeMsec": 0,
                    "pfxRcd": 0,
                    "pfxSnt": 0,
                    "remoteAs": 0,
                    "softwareVersion": "n/a",
                    "state": "Idle",
                    "tableVersion": 0,
                    "version": 4
                }
            },
            "ribCount": 0,
            "ribMemory": 0,
            "routerId": "10.0.2.5",
            "tableVersion": 0,
            "totalPeers": 9,
            "vrfId": 0,
            "vrfName": "default"
        }
    }
}
ok: [Border-Leaf2] => {
    "msg": {
        "ipv4Unicast": {
            "as": 65032,
            "bestPath": {
                "multiPathRelax": "false"
            },
            "displayedPeers": 9,
            "dynamicPeers": 0,
            "failedPeers": 7,
            "peerCount": 9,
            "peerMemory": 216648,
            "peers": {
                "Ethernet0": {
                    "connectionsDropped": 0,
                    "connectionsEstablished": 0,
                    "desc": "Exit-Router2",
                    "idType": "interface",
                    "inq": 0,
                    "localAs": 65032,
                    "msgRcvd": 0,
                    "msgSent": 0,
                    "outq": 0,
                    "peerState": "OK",
                    "peerUptime": "never",
                    "peerUptimeMsec": 0,
                    "pfxRcd": 0,
                    "pfxSnt": 0,
                    "remoteAs": 0,
                    "softwareVersion": "n/a",
                    "state": "Idle",
                    "tableVersion": 0,
                    "version": 4
                },
                "Ethernet1": {
                    "connectionsDropped": 0,
                    "connectionsEstablished": 0,
                    "desc": "Exit-Router1",
                    "idType": "interface",
                    "inq": 0,
                    "localAs": 65032,
                    "msgRcvd": 0,
                    "msgSent": 0,
                    "outq": 0,
                    "peerState": "OK",
                    "peerUptime": "never",
                    "peerUptimeMsec": 0,
                    "pfxRcd": 0,
                    "pfxSnt": 0,
                    "remoteAs": 0,
                    "softwareVersion": "n/a",
                    "state": "Idle",
                    "tableVersion": 0,
                    "version": 4
                },
                "Ethernet120": {
                    "connectionsDropped": 0,
                    "connectionsEstablished": 1,
                    "desc": "Spine-S2",
                    "hostname": "Spine-S2",
                    "idType": "interface",
                    "inq": 0,
                    "localAs": 65032,
                    "msgRcvd": 26,
                    "msgSent": 34,
                    "outq": 0,
                    "peerState": "OK",
                    "peerUptime": "00:01:50",
                    "peerUptimeEstablishedEpoch": 1789133462,
                    "peerUptimeMsec": 110000,
                    "pfxRcd": 5,
                    "pfxSnt": 8,
                    "remoteAs": 65000,
                    "softwareVersion": "n/a",
                    "state": "Established",
                    "tableVersion": 11,
                    "version": 4
                },
                "Ethernet124": {
                    "connectionsDropped": 0,
                    "connectionsEstablished": 1,
                    "desc": "Spine-S1",
                    "hostname": "Spine-S1",
                    "idType": "interface",
                    "inq": 0,
                    "localAs": 65032,
                    "msgRcvd": 28,
                    "msgSent": 34,
                    "outq": 0,
                    "peerState": "OK",
                    "peerUptime": "00:01:50",
                    "peerUptimeEstablishedEpoch": 1789133462,
                    "peerUptimeMsec": 110000,
                    "pfxRcd": 5,
                    "pfxSnt": 8,
                    "remoteAs": 65000,
                    "softwareVersion": "n/a",
                    "state": "Established",
                    "tableVersion": 11,
                    "version": 4
                },
                "Ethernet2": {
                    "connectionsDropped": 0,
                    "connectionsEstablished": 0,
                    "desc": "k8s-master-03",
                    "idType": "interface",
                    "inq": 0,
                    "localAs": 65032,
                    "msgRcvd": 0,
                    "msgSent": 0,
                    "outq": 0,
                    "peerState": "OK",
                    "peerUptime": "never",
                    "peerUptimeMsec": 0,
                    "pfxRcd": 0,
                    "pfxSnt": 0,
                    "remoteAs": 0,
                    "softwareVersion": "n/a",
                    "state": "Idle",
                    "tableVersion": 0,
                    "version": 4
                },
                "Ethernet3": {
                    "connectionsDropped": 0,
                    "connectionsEstablished": 0,
                    "desc": "k8s-db-03",
                    "idType": "interface",
                    "inq": 0,
                    "localAs": 65032,
                    "msgRcvd": 0,
                    "msgSent": 0,
                    "outq": 0,
                    "peerState": "OK",
                    "peerUptime": "never",
                    "peerUptimeMsec": 0,
                    "pfxRcd": 0,
                    "pfxSnt": 0,
                    "remoteAs": 0,
                    "softwareVersion": "n/a",
                    "state": "Idle",
                    "tableVersion": 0,
                    "version": 4
                },
                "Ethernet4": {
                    "connectionsDropped": 0,
                    "connectionsEstablished": 0,
                    "desc": "osh-ctrl-03",
                    "idType": "interface",
                    "inq": 0,
                    "localAs": 65032,
                    "msgRcvd": 0,
                    "msgSent": 0,
                    "outq": 0,
                    "peerState": "OK",
                    "peerUptime": "never",
                    "peerUptimeMsec": 0,
                    "pfxRcd": 0,
                    "pfxSnt": 0,
                    "remoteAs": 0,
                    "softwareVersion": "n/a",
                    "state": "Idle",
                    "tableVersion": 0,
                    "version": 4
                },
                "Ethernet5": {
                    "connectionsDropped": 0,
                    "connectionsEstablished": 0,
                    "desc": "MonSrv",
                    "idType": "interface",
                    "inq": 0,
                    "localAs": 65032,
                    "msgRcvd": 0,
                    "msgSent": 0,
                    "outq": 0,
                    "peerState": "OK",
                    "peerUptime": "never",
                    "peerUptimeMsec": 0,
                    "pfxRcd": 0,
                    "pfxSnt": 0,
                    "remoteAs": 0,
                    "softwareVersion": "n/a",
                    "state": "Idle",
                    "tableVersion": 0,
                    "version": 4
                },
                "Ethernet6": {
                    "connectionsDropped": 0,
                    "connectionsEstablished": 0,
                    "desc": "osh-comp-03",
                    "idType": "interface",
                    "inq": 0,
                    "localAs": 65032,
                    "msgRcvd": 0,
                    "msgSent": 0,
                    "outq": 0,
                    "peerState": "OK",
                    "peerUptime": "never",
                    "peerUptimeMsec": 0,
                    "pfxRcd": 0,
                    "pfxSnt": 0,
                    "remoteAs": 0,
                    "softwareVersion": "n/a",
                    "state": "Idle",
                    "tableVersion": 0,
                    "version": 4
                }
            },
            "ribCount": 15,
            "ribMemory": 1920,
            "routerId": "10.0.2.6",
            "tableVersion": 11,
            "totalPeers": 9,
            "vrfId": 0,
            "vrfName": "default"
        },
        "ipv6Unicast": {
            "as": 65032,
            "bestPath": {
                "multiPathRelax": "false"
            },
            "displayedPeers": 9,
            "dynamicPeers": 0,
            "failedPeers": 7,
            "peerCount": 9,
            "peerMemory": 216648,
            "peers": {
                "Ethernet0": {
                    "connectionsDropped": 0,
                    "connectionsEstablished": 0,
                    "desc": "Exit-Router2",
                    "idType": "interface",
                    "inq": 0,
                    "localAs": 65032,
                    "msgRcvd": 0,
                    "msgSent": 0,
                    "outq": 0,
                    "peerState": "OK",
                    "peerUptime": "never",
                    "peerUptimeMsec": 0,
                    "pfxRcd": 0,
                    "pfxSnt": 0,
                    "remoteAs": 0,
                    "softwareVersion": "n/a",
                    "state": "Idle",
                    "tableVersion": 0,
                    "version": 4
                },
                "Ethernet1": {
                    "connectionsDropped": 0,
                    "connectionsEstablished": 0,
                    "desc": "Exit-Router1",
                    "idType": "interface",
                    "inq": 0,
                    "localAs": 65032,
                    "msgRcvd": 0,
                    "msgSent": 0,
                    "outq": 0,
                    "peerState": "OK",
                    "peerUptime": "never",
                    "peerUptimeMsec": 0,
                    "pfxRcd": 0,
                    "pfxSnt": 0,
                    "remoteAs": 0,
                    "softwareVersion": "n/a",
                    "state": "Idle",
                    "tableVersion": 0,
                    "version": 4
                },
                "Ethernet120": {
                    "connectionsDropped": 0,
                    "connectionsEstablished": 1,
                    "desc": "Spine-S2",
                    "hostname": "Spine-S2",
                    "idType": "interface",
                    "inq": 0,
                    "localAs": 65032,
                    "msgRcvd": 26,
                    "msgSent": 34,
                    "outq": 0,
                    "peerState": "OK",
                    "peerUptime": "00:01:50",
                    "peerUptimeEstablishedEpoch": 1789133462,
                    "peerUptimeMsec": 110000,
                    "pfxRcd": 0,
                    "pfxSnt": 0,
                    "remoteAs": 65000,
                    "softwareVersion": "n/a",
                    "state": "Established",
                    "tableVersion": 0,
                    "version": 4
                },
                "Ethernet124": {
                    "connectionsDropped": 0,
                    "connectionsEstablished": 1,
                    "desc": "Spine-S1",
                    "hostname": "Spine-S1",
                    "idType": "interface",
                    "inq": 0,
                    "localAs": 65032,
                    "msgRcvd": 28,
                    "msgSent": 34,
                    "outq": 0,
                    "peerState": "OK",
                    "peerUptime": "00:01:50",
                    "peerUptimeEstablishedEpoch": 1789133462,
                    "peerUptimeMsec": 110000,
                    "pfxRcd": 0,
                    "pfxSnt": 0,
                    "remoteAs": 65000,
                    "softwareVersion": "n/a",
                    "state": "Established",
                    "tableVersion": 0,
                    "version": 4
                },
                "Ethernet2": {
                    "connectionsDropped": 0,
                    "connectionsEstablished": 0,
                    "desc": "k8s-master-03",
                    "idType": "interface",
                    "inq": 0,
                    "localAs": 65032,
                    "msgRcvd": 0,
                    "msgSent": 0,
                    "outq": 0,
                    "peerState": "OK",
                    "peerUptime": "never",
                    "peerUptimeMsec": 0,
                    "pfxRcd": 0,
                    "pfxSnt": 0,
                    "remoteAs": 0,
                    "softwareVersion": "n/a",
                    "state": "Idle",
                    "tableVersion": 0,
                    "version": 4
                },
                "Ethernet3": {
                    "connectionsDropped": 0,
                    "connectionsEstablished": 0,
                    "desc": "k8s-db-03",
                    "idType": "interface",
                    "inq": 0,
                    "localAs": 65032,
                    "msgRcvd": 0,
                    "msgSent": 0,
                    "outq": 0,
                    "peerState": "OK",
                    "peerUptime": "never",
                    "peerUptimeMsec": 0,
                    "pfxRcd": 0,
                    "pfxSnt": 0,
                    "remoteAs": 0,
                    "softwareVersion": "n/a",
                    "state": "Idle",
                    "tableVersion": 0,
                    "version": 4
                },
                "Ethernet4": {
                    "connectionsDropped": 0,
                    "connectionsEstablished": 0,
                    "desc": "osh-ctrl-03",
                    "idType": "interface",
                    "inq": 0,
                    "localAs": 65032,
                    "msgRcvd": 0,
                    "msgSent": 0,
                    "outq": 0,
                    "peerState": "OK",
                    "peerUptime": "never",
                    "peerUptimeMsec": 0,
                    "pfxRcd": 0,
                    "pfxSnt": 0,
                    "remoteAs": 0,
                    "softwareVersion": "n/a",
                    "state": "Idle",
                    "tableVersion": 0,
                    "version": 4
                },
                "Ethernet5": {
                    "connectionsDropped": 0,
                    "connectionsEstablished": 0,
                    "desc": "MonSrv",
                    "idType": "interface",
                    "inq": 0,
                    "localAs": 65032,
                    "msgRcvd": 0,
                    "msgSent": 0,
                    "outq": 0,
                    "peerState": "OK",
                    "peerUptime": "never",
                    "peerUptimeMsec": 0,
                    "pfxRcd": 0,
                    "pfxSnt": 0,
                    "remoteAs": 0,
                    "softwareVersion": "n/a",
                    "state": "Idle",
                    "tableVersion": 0,
                    "version": 4
                },
                "Ethernet6": {
                    "connectionsDropped": 0,
                    "connectionsEstablished": 0,
                    "desc": "osh-comp-03",
                    "idType": "interface",
                    "inq": 0,
                    "localAs": 65032,
                    "msgRcvd": 0,
                    "msgSent": 0,
                    "outq": 0,
                    "peerState": "OK",
                    "peerUptime": "never",
                    "peerUptimeMsec": 0,
                    "pfxRcd": 0,
                    "pfxSnt": 0,
                    "remoteAs": 0,
                    "softwareVersion": "n/a",
                    "state": "Idle",
                    "tableVersion": 0,
                    "version": 4
                }
            },
            "ribCount": 0,
            "ribMemory": 0,
            "routerId": "10.0.2.6",
            "tableVersion": 0,
            "totalPeers": 9,
            "vrfId": 0,
            "vrfName": "default"
        }
    }
}

TASK [Verify IPv6 link-local on fabric interfaces] *************************************************************************************************************************************************************
ok: [Spine-S1] => (item=Ethernet0)
ok: [Spine-S2] => (item=Ethernet0)
ok: [Spine-S1] => (item=Ethernet4)
ok: [Spine-S2] => (item=Ethernet4)
ok: [Spine-S1] => (item=Ethernet8)
ok: [Spine-S2] => (item=Ethernet8)
ok: [Spine-S1] => (item=Ethernet12)
ok: [Spine-S2] => (item=Ethernet12)
ok: [Spine-S1] => (item=Ethernet16)
ok: [Spine-S2] => (item=Ethernet16)
ok: [Spine-S1] => (item=Ethernet20)
ok: [Spine-S2] => (item=Ethernet20)
ok: [Leaf-L1] => (item=Ethernet68)
ok: [Leaf-L2] => (item=Ethernet68)
ok: [Leaf-L1] => (item=Ethernet64)
ok: [Leaf-L2] => (item=Ethernet64)
ok: [Border-Leaf1] => (item=Ethernet124)
ok: [Border-Leaf2] => (item=Ethernet124)
ok: [Border-Leaf1] => (item=Ethernet120)
ok: [Border-Leaf2] => (item=Ethernet120)

TASK [Check fabric port oper status] ***************************************************************************************************************************************************************************
ok: [Spine-S2] => (item=Ethernet0)
ok: [Spine-S1] => (item=Ethernet0)
ok: [Spine-S2] => (item=Ethernet4)
ok: [Spine-S1] => (item=Ethernet4)
ok: [Spine-S2] => (item=Ethernet8)
ok: [Spine-S1] => (item=Ethernet8)
ok: [Spine-S2] => (item=Ethernet12)
ok: [Spine-S1] => (item=Ethernet12)
ok: [Spine-S2] => (item=Ethernet16)
ok: [Spine-S1] => (item=Ethernet16)
ok: [Spine-S2] => (item=Ethernet20)
ok: [Spine-S1] => (item=Ethernet20)
ok: [Leaf-L1] => (item=Ethernet68)
ok: [Leaf-L2] => (item=Ethernet68)
ok: [Leaf-L1] => (item=Ethernet64)
ok: [Leaf-L2] => (item=Ethernet64)
ok: [Border-Leaf1] => (item=Ethernet124)
ok: [Border-Leaf2] => (item=Ethernet124)
ok: [Border-Leaf1] => (item=Ethernet120)
ok: [Border-Leaf2] => (item=Ethernet120)

TASK [Check BGP neighbor state for fabric interfaces] **********************************************************************************************************************************************************
ok: [Spine-S2] => (item=Ethernet0)
ok: [Spine-S1] => (item=Ethernet0)
ok: [Spine-S1] => (item=Ethernet4)
ok: [Spine-S2] => (item=Ethernet4)
ok: [Spine-S1] => (item=Ethernet8)
ok: [Spine-S2] => (item=Ethernet8)
ok: [Spine-S1] => (item=Ethernet12)
ok: [Spine-S2] => (item=Ethernet12)
ok: [Spine-S1] => (item=Ethernet16)
ok: [Spine-S2] => (item=Ethernet16)
ok: [Spine-S1] => (item=Ethernet20)
ok: [Spine-S2] => (item=Ethernet20)
ok: [Leaf-L1] => (item=Ethernet68)
ok: [Leaf-L2] => (item=Ethernet68)
ok: [Leaf-L1] => (item=Ethernet64)
ok: [Leaf-L2] => (item=Ethernet64)
ok: [Border-Leaf1] => (item=Ethernet124)
ok: [Border-Leaf2] => (item=Ethernet124)
ok: [Border-Leaf1] => (item=Ethernet120)
ok: [Border-Leaf2] => (item=Ethernet120)

TASK [Report BGP neighbor status] ******************************************************************************************************************************************************************************
ok: [Spine-S1] => (item=Ethernet0) => {
    "msg": "Ethernet0: Established"
}
ok: [Spine-S2] => (item=Ethernet0) => {
    "msg": "Ethernet0: Established"
}
ok: [Spine-S2] => (item=Ethernet4) => {
    "msg": "Ethernet4: Established"
}
ok: [Spine-S1] => (item=Ethernet4) => {
    "msg": "Ethernet4: Established"
}
ok: [Spine-S2] => (item=Ethernet8) => {
    "msg": "Ethernet8: Idle"
}
ok: [Spine-S1] => (item=Ethernet8) => {
    "msg": "Ethernet8: Idle"
}
ok: [Spine-S2] => (item=Ethernet12) => {
    "msg": "Ethernet12: Idle"
}
ok: [Spine-S1] => (item=Ethernet12) => {
    "msg": "Ethernet12: Idle"
}
ok: [Spine-S2] => (item=Ethernet16) => {
    "msg": "Ethernet16: Established"
}
ok: [Spine-S1] => (item=Ethernet16) => {
    "msg": "Ethernet16: Established"
}
ok: [Spine-S2] => (item=Ethernet20) => {
    "msg": "Ethernet20: Established"
}
ok: [Spine-S1] => (item=Ethernet20) => {
    "msg": "Ethernet20: Established"
}
ok: [Leaf-L1] => (item=Ethernet68) => {
    "msg": "Ethernet68: Established"
}
ok: [Leaf-L2] => (item=Ethernet68) => {
    "msg": "Ethernet68: Established"
}
ok: [Leaf-L1] => (item=Ethernet64) => {
    "msg": "Ethernet64: Established"
}
ok: [Leaf-L2] => (item=Ethernet64) => {
    "msg": "Ethernet64: Established"
}
ok: [Border-Leaf1] => (item=Ethernet124) => {
    "msg": "Ethernet124: Established"
}
ok: [Border-Leaf2] => (item=Ethernet124) => {
    "msg": "Ethernet124: Established"
}
ok: [Border-Leaf1] => (item=Ethernet120) => {
    "msg": "Ethernet120: Established"
}
ok: [Border-Leaf2] => (item=Ethernet120) => {
    "msg": "Ethernet120: Established"
}

TASK [Flatten breakout-aware access port definitions for validation] *******************************************************************************************************************************************
ok: [Spine-S1]
ok: [Spine-S2]
ok: [Leaf-L1]
ok: [Leaf-L2]
ok: [Border-Leaf1]
ok: [Border-Leaf2]

TASK [Register effective access-port list for validation] ******************************************************************************************************************************************************
ok: [Spine-S1]
ok: [Spine-S2]
ok: [Leaf-L1]
ok: [Leaf-L2]
ok: [Border-Leaf1]
ok: [Border-Leaf2]

TASK [Check access port oper status] ***************************************************************************************************************************************************************************
skipping: [Spine-S1]
skipping: [Spine-S2]
ok: [Leaf-L1] => (item=Ethernet0 → k8s-master-01)
ok: [Leaf-L2] => (item=Ethernet0 → k8s-master-01)
ok: [Leaf-L1] => (item=Ethernet1 → k8s-db-01)
ok: [Leaf-L2] => (item=Ethernet1 → k8s-db-01)
ok: [Leaf-L1] => (item=Ethernet2 → osh-ctrl-01)
ok: [Leaf-L2] => (item=Ethernet2 →  osh-ctrl-01)
ok: [Leaf-L1] => (item=Ethernet3 → osh-net-01)
ok: [Leaf-L1] => (item=Ethernet4 → osh-comp-01)
ok: [Leaf-L2] => (item=Ethernet3 → osh-net-01)
ok: [Leaf-L1] => (item=Ethernet5 → osh-comp-04)
ok: [Leaf-L2] => (item=Ethernet4 → osh-comp-01)
ok: [Leaf-L2] => (item=Ethernet5 → osh-comp-04)
ok: [Border-Leaf1] => (item=Ethernet0 → Exit-Router1)
ok: [Border-Leaf1] => (item=Ethernet1 → Exit-Router2)
ok: [Border-Leaf2] => (item=Ethernet0 → Exit-Router2)
ok: [Border-Leaf2] => (item=Ethernet1 → Exit-Router1)
ok: [Border-Leaf1] => (item=Ethernet2 → k8s-master-03)
ok: [Border-Leaf2] => (item=Ethernet2 → k8s-master-03)
ok: [Border-Leaf1] => (item=Ethernet3 → k8s-db-03)
ok: [Border-Leaf2] => (item=Ethernet3 → k8s-db-03)
ok: [Border-Leaf1] => (item=Ethernet4 → osh-ctrl-03)
ok: [Border-Leaf2] => (item=Ethernet4 → osh-ctrl-03)
ok: [Border-Leaf1] => (item=Ethernet5 → MonSrv)
ok: [Border-Leaf2] => (item=Ethernet5 → MonSrv)
ok: [Border-Leaf1] => (item=Ethernet6 → osh-comp-03)
skipping: [Border-Leaf1] => (item=Ethernet7 → none)
ok: [Border-Leaf2] => (item=Ethernet6 → osh-comp-03)
skipping: [Border-Leaf2] => (item=Ethernet7 → none)

TASK [Report access port status] *******************************************************************************************************************************************************************************
skipping: [Spine-S2]
skipping: [Spine-S1]
ok: [Leaf-L2] => (item=Ethernet0) => {
    "msg": "Ethernet0 → k8s-master-01: up"
}
ok: [Leaf-L1] => (item=Ethernet0) => {
    "msg": "Ethernet0 → k8s-master-01: up"
}
ok: [Leaf-L1] => (item=Ethernet1) => {
    "msg": "Ethernet1 → k8s-db-01: up"
}
ok: [Leaf-L2] => (item=Ethernet1) => {
    "msg": "Ethernet1 → k8s-db-01: up"
}
ok: [Leaf-L2] => (item=Ethernet2) => {
    "msg": "Ethernet2 →  osh-ctrl-01: up"
}
ok: [Leaf-L1] => (item=Ethernet2) => {
    "msg": "Ethernet2 → osh-ctrl-01: up"
}
ok: [Leaf-L2] => (item=Ethernet3) => {
    "msg": "Ethernet3 → osh-net-01: up"
}
ok: [Leaf-L1] => (item=Ethernet3) => {
    "msg": "Ethernet3 → osh-net-01: up"
}
ok: [Leaf-L2] => (item=Ethernet4) => {
    "msg": "Ethernet4 → osh-comp-01: up"
}
ok: [Leaf-L1] => (item=Ethernet4) => {
    "msg": "Ethernet4 → osh-comp-01: up"
}
ok: [Leaf-L1] => (item=Ethernet5) => {
    "msg": "Ethernet5 → osh-comp-04: up"
}
ok: [Leaf-L2] => (item=Ethernet5) => {
    "msg": "Ethernet5 → osh-comp-04: up"
}
ok: [Border-Leaf1] => (item=Ethernet0) => {
    "msg": "Ethernet0 → Exit-Router1: up"
}
ok: [Border-Leaf2] => (item=Ethernet0) => {
    "msg": "Ethernet0 → Exit-Router2: up"
}
ok: [Border-Leaf1] => (item=Ethernet1) => {
    "msg": "Ethernet1 → Exit-Router2: up"
}
ok: [Border-Leaf2] => (item=Ethernet1) => {
    "msg": "Ethernet1 → Exit-Router1: up"
}
ok: [Border-Leaf1] => (item=Ethernet2) => {
    "msg": "Ethernet2 → k8s-master-03: up"
}
ok: [Border-Leaf2] => (item=Ethernet2) => {
    "msg": "Ethernet2 → k8s-master-03: up"
}
ok: [Border-Leaf1] => (item=Ethernet3) => {
    "msg": "Ethernet3 → k8s-db-03: up"
}
ok: [Border-Leaf2] => (item=Ethernet3) => {
    "msg": "Ethernet3 → k8s-db-03: up"
}
ok: [Border-Leaf1] => (item=Ethernet4) => {
    "msg": "Ethernet4 → osh-ctrl-03: up"
}
ok: [Border-Leaf2] => (item=Ethernet4) => {
    "msg": "Ethernet4 → osh-ctrl-03: up"
}
ok: [Border-Leaf1] => (item=Ethernet5) => {
    "msg": "Ethernet5 → MonSrv: up"
}
ok: [Border-Leaf2] => (item=Ethernet5) => {
    "msg": "Ethernet5 → MonSrv: up"
}
ok: [Border-Leaf1] => (item=Ethernet6) => {
    "msg": "Ethernet6 → osh-comp-03: up"
}
ok: [Border-Leaf2] => (item=Ethernet6) => {
    "msg": "Ethernet6 → osh-comp-03: up"
}
skipping: [Border-Leaf1] => (item=Ethernet7)
skipping: [Border-Leaf2] => (item=Ethernet7)

TASK [Check BGP neighbor state for access interfaces] **********************************************************************************************************************************************************
skipping: [Spine-S2]
skipping: [Spine-S1]
ok: [Leaf-L2] => (item=Ethernet0 → k8s-master-01)
ok: [Leaf-L1] => (item=Ethernet0 → k8s-master-01)
ok: [Leaf-L1] => (item=Ethernet1 → k8s-db-01)
ok: [Leaf-L2] => (item=Ethernet1 → k8s-db-01)
ok: [Leaf-L2] => (item=Ethernet2 →  osh-ctrl-01)
ok: [Leaf-L1] => (item=Ethernet2 → osh-ctrl-01)
ok: [Leaf-L2] => (item=Ethernet3 → osh-net-01)
ok: [Leaf-L1] => (item=Ethernet3 → osh-net-01)
ok: [Leaf-L2] => (item=Ethernet4 → osh-comp-01)
ok: [Leaf-L1] => (item=Ethernet4 → osh-comp-01)
ok: [Leaf-L2] => (item=Ethernet5 → osh-comp-04)
ok: [Leaf-L1] => (item=Ethernet5 → osh-comp-04)
ok: [Border-Leaf1] => (item=Ethernet0 → Exit-Router1)
ok: [Border-Leaf2] => (item=Ethernet0 → Exit-Router2)
ok: [Border-Leaf1] => (item=Ethernet1 → Exit-Router2)
ok: [Border-Leaf2] => (item=Ethernet1 → Exit-Router1)
ok: [Border-Leaf1] => (item=Ethernet2 → k8s-master-03)
ok: [Border-Leaf2] => (item=Ethernet2 → k8s-master-03)
ok: [Border-Leaf1] => (item=Ethernet3 → k8s-db-03)
ok: [Border-Leaf2] => (item=Ethernet3 → k8s-db-03)
ok: [Border-Leaf1] => (item=Ethernet4 → osh-ctrl-03)
ok: [Border-Leaf2] => (item=Ethernet4 → osh-ctrl-03)
ok: [Border-Leaf1] => (item=Ethernet5 → MonSrv)
ok: [Border-Leaf2] => (item=Ethernet5 → MonSrv)
ok: [Border-Leaf1] => (item=Ethernet6 → osh-comp-03)
skipping: [Border-Leaf1] => (item=Ethernet7 → none)
ok: [Border-Leaf2] => (item=Ethernet6 → osh-comp-03)
skipping: [Border-Leaf2] => (item=Ethernet7 → none)

TASK [Report access BGP neighbor status] ***********************************************************************************************************************************************************************
skipping: [Spine-S1]
skipping: [Spine-S2]
ok: [Leaf-L1] => (item=Ethernet0) => {
    "msg": "Ethernet0 → k8s-master-01: Idle"
}
ok: [Leaf-L2] => (item=Ethernet0) => {
    "msg": "Ethernet0 → k8s-master-01: Idle"
}
ok: [Leaf-L1] => (item=Ethernet1) => {
    "msg": "Ethernet1 → k8s-db-01: Idle"
}
ok: [Leaf-L2] => (item=Ethernet1) => {
    "msg": "Ethernet1 → k8s-db-01: Idle"
}
ok: [Leaf-L1] => (item=Ethernet2) => {
    "msg": "Ethernet2 → osh-ctrl-01: Idle"
}
ok: [Leaf-L2] => (item=Ethernet2) => {
    "msg": "Ethernet2 →  osh-ctrl-01: Idle"
}
ok: [Leaf-L1] => (item=Ethernet3) => {
    "msg": "Ethernet3 → osh-net-01: Idle"
}
ok: [Leaf-L2] => (item=Ethernet3) => {
    "msg": "Ethernet3 → osh-net-01: Idle"
}
ok: [Leaf-L1] => (item=Ethernet4) => {
    "msg": "Ethernet4 → osh-comp-01: Idle"
}
ok: [Leaf-L2] => (item=Ethernet4) => {
    "msg": "Ethernet4 → osh-comp-01: Idle"
}
ok: [Leaf-L1] => (item=Ethernet5) => {
    "msg": "Ethernet5 → osh-comp-04: Idle"
}
ok: [Leaf-L2] => (item=Ethernet5) => {
    "msg": "Ethernet5 → osh-comp-04: Idle"
}
ok: [Border-Leaf1] => (item=Ethernet0) => {
    "msg": "Ethernet0 → Exit-Router1: Idle"
}
ok: [Border-Leaf2] => (item=Ethernet0) => {
    "msg": "Ethernet0 → Exit-Router2: Idle"
}
ok: [Border-Leaf1] => (item=Ethernet1) => {
    "msg": "Ethernet1 → Exit-Router2: Idle"
}
ok: [Border-Leaf2] => (item=Ethernet1) => {
    "msg": "Ethernet1 → Exit-Router1: Idle"
}
ok: [Border-Leaf1] => (item=Ethernet2) => {
    "msg": "Ethernet2 → k8s-master-03: Idle"
}
ok: [Border-Leaf2] => (item=Ethernet2) => {
    "msg": "Ethernet2 → k8s-master-03: Idle"
}
ok: [Border-Leaf1] => (item=Ethernet3) => {
    "msg": "Ethernet3 → k8s-db-03: Idle"
}
ok: [Border-Leaf2] => (item=Ethernet3) => {
    "msg": "Ethernet3 → k8s-db-03: Idle"
}
ok: [Border-Leaf1] => (item=Ethernet4) => {
    "msg": "Ethernet4 → osh-ctrl-03: Idle"
}
ok: [Border-Leaf2] => (item=Ethernet4) => {
    "msg": "Ethernet4 → osh-ctrl-03: Idle"
}
ok: [Border-Leaf1] => (item=Ethernet5) => {
    "msg": "Ethernet5 → MonSrv: Idle"
}
ok: [Border-Leaf2] => (item=Ethernet5) => {
    "msg": "Ethernet5 → MonSrv: Idle"
}
ok: [Border-Leaf1] => (item=Ethernet6) => {
    "msg": "Ethernet6 → osh-comp-03: Idle"
}
ok: [Border-Leaf2] => (item=Ethernet6) => {
    "msg": "Ethernet6 → osh-comp-03: Idle"
}
skipping: [Border-Leaf1] => (item=Ethernet7)
skipping: [Border-Leaf2] => (item=Ethernet7)

PLAY [Verify Linux endpoint BGP peering] ***********************************************************************************************************************************************************************

TASK [Check if FRR is installed] *******************************************************************************************************************************************************************************
ok: [k8s-master-02]
ok: [k8s-master-01]
ok: [k8s-db-01]
ok: [k8s-master-03]
ok: [k8s-db-02]
ok: [k8s-db-03]
ok: [osh-ctrl-01]
ok: [osh-ctrl-02]
ok: [osh-net-01]
ok: [osh-ctrl-03]
ok: [osh-net-02]
ok: [MonSrv]
ok: [osh-comp-01]
ok: [osh-comp-02]
ok: [osh-comp-03]
ok: [osh-comp-04]

TASK [Display Linux BGP summary] *******************************************************************************************************************************************************************************
ok: [k8s-master-01] => {
    "msg": []
}
ok: [k8s-master-02] => {
    "msg": []
}
ok: [k8s-master-03] => {
    "msg": []
}
ok: [k8s-db-01] => {
    "msg": []
}
ok: [k8s-db-03] => {
    "msg": []
}
ok: [k8s-db-02] => {
    "msg": []
}
ok: [osh-ctrl-01] => {
    "msg": []
}
ok: [osh-ctrl-02] => {
    "msg": []
}
ok: [osh-ctrl-03] => {
    "msg": []
}
ok: [osh-net-01] => {
    "msg": []
}
ok: [osh-net-02] => {
    "msg": []
}
ok: [MonSrv] => {
    "msg": []
}
ok: [osh-comp-01] => {
    "msg": []
}
ok: [osh-comp-02] => {
    "msg": []
}
ok: [osh-comp-03] => {
    "msg": []
}
ok: [osh-comp-04] => {
    "msg": []
}

TASK [Check data interface link state] *************************************************************************************************************************************************************************
ok: [k8s-master-02] => (item=ens2)
ok: [k8s-master-01] => (item=ens2)
ok: [k8s-master-02] => (item=ens3)
ok: [k8s-master-01] => (item=ens3)
ok: [k8s-master-03] => (item=ens2)
ok: [k8s-db-01] => (item=ens2)
ok: [k8s-master-03] => (item=ens3)
ok: [k8s-db-01] => (item=ens3)
ok: [k8s-db-03] => (item=ens2)
ok: [k8s-db-02] => (item=ens2)
ok: [k8s-db-03] => (item=ens3)
ok: [k8s-db-02] => (item=ens3)
ok: [osh-ctrl-01] => (item=ens2)
ok: [osh-ctrl-02] => (item=ens2)
ok: [osh-ctrl-01] => (item=ens3)
ok: [osh-ctrl-02] => (item=ens3)
ok: [osh-ctrl-03] => (item=ens2)
ok: [osh-net-01] => (item=ens2)
ok: [osh-ctrl-03] => (item=ens3)
ok: [osh-net-01] => (item=ens3)
ok: [osh-net-02] => (item=ens2)
ok: [MonSrv] => (item=ens2)
ok: [osh-net-02] => (item=ens3)
ok: [MonSrv] => (item=ens3)
ok: [osh-comp-01] => (item=ens2)
ok: [osh-comp-02] => (item=ens2)
ok: [osh-comp-01] => (item=ens3)
ok: [osh-comp-02] => (item=ens3)
ok: [osh-comp-03] => (item=ens2)
ok: [osh-comp-04] => (item=ens2)
ok: [osh-comp-03] => (item=ens3)
ok: [osh-comp-04] => (item=ens3)

TASK [Report interface link state] *****************************************************************************************************************************************************************************
ok: [k8s-master-01] => (item=ens2) => {
    "msg": "ens2             UP             aa:c1:ab:b5:ab:6f <BROADCAST,MULTICAST,UP,LOWER_UP>"
}
ok: [k8s-master-02] => (item=ens2) => {
    "msg": "ens2             UP             aa:c1:ab:44:17:e8 <BROADCAST,MULTICAST,UP,LOWER_UP>"
}
ok: [k8s-master-02] => (item=ens3) => {
    "msg": "ens3             UP             aa:c1:ab:ee:d9:94 <BROADCAST,MULTICAST,UP,LOWER_UP>"
}
ok: [k8s-master-01] => (item=ens3) => {
    "msg": "ens3             UP             aa:c1:ab:b6:d0:39 <BROADCAST,MULTICAST,UP,LOWER_UP>"
}
ok: [k8s-master-03] => (item=ens2) => {
    "msg": "ens2             UP             aa:c1:ab:d9:fa:b2 <BROADCAST,MULTICAST,UP,LOWER_UP>"
}
ok: [k8s-db-01] => (item=ens2) => {
    "msg": "ens2             UP             aa:c1:ab:56:24:d7 <BROADCAST,MULTICAST,UP,LOWER_UP>"
}
ok: [k8s-master-03] => (item=ens3) => {
    "msg": "ens3             UP             aa:c1:ab:f0:6b:4a <BROADCAST,MULTICAST,UP,LOWER_UP>"
}
ok: [k8s-db-01] => (item=ens3) => {
    "msg": "ens3             UP             aa:c1:ab:e1:f2:c7 <BROADCAST,MULTICAST,UP,LOWER_UP>"
}
ok: [k8s-db-02] => (item=ens2) => {
    "msg": "ens2             UP             aa:c1:ab:ae:7f:4b <BROADCAST,MULTICAST,UP,LOWER_UP>"
}
ok: [k8s-db-03] => (item=ens2) => {
    "msg": "ens2             UP             aa:c1:ab:dc:6a:01 <BROADCAST,MULTICAST,UP,LOWER_UP>"
}
ok: [k8s-db-02] => (item=ens3) => {
    "msg": "ens3             UP             aa:c1:ab:02:b0:b5 <BROADCAST,MULTICAST,UP,LOWER_UP>"
}
ok: [k8s-db-03] => (item=ens3) => {
    "msg": "ens3             UP             aa:c1:ab:2e:4d:1e <BROADCAST,MULTICAST,UP,LOWER_UP>"
}
ok: [osh-ctrl-01] => (item=ens2) => {
    "msg": "ens2             UP             aa:c1:ab:7b:a7:cf <BROADCAST,MULTICAST,UP,LOWER_UP>"
}
ok: [osh-ctrl-02] => (item=ens2) => {
    "msg": "ens2             UP             aa:c1:ab:db:e1:fb <BROADCAST,MULTICAST,UP,LOWER_UP>"
}
ok: [osh-ctrl-01] => (item=ens3) => {
    "msg": "ens3             UP             aa:c1:ab:6a:9f:a3 <BROADCAST,MULTICAST,UP,LOWER_UP>"
}
ok: [osh-ctrl-02] => (item=ens3) => {
    "msg": "ens3             UP             aa:c1:ab:ac:c3:25 <BROADCAST,MULTICAST,UP,LOWER_UP>"
}
ok: [osh-ctrl-03] => (item=ens2) => {
    "msg": "ens2             UP             aa:c1:ab:e0:85:58 <BROADCAST,MULTICAST,UP,LOWER_UP>"
}
ok: [osh-net-01] => (item=ens2) => {
    "msg": "ens2             UP             aa:c1:ab:41:34:98 <BROADCAST,MULTICAST,UP,LOWER_UP>"
}
ok: [osh-ctrl-03] => (item=ens3) => {
    "msg": "ens3             UP             aa:c1:ab:b2:1c:d9 <BROADCAST,MULTICAST,UP,LOWER_UP>"
}
ok: [osh-net-01] => (item=ens3) => {
    "msg": "ens3             UP             aa:c1:ab:1b:f7:8d <BROADCAST,MULTICAST,UP,LOWER_UP>"
}
ok: [osh-net-02] => (item=ens2) => {
    "msg": "ens2             UP             aa:c1:ab:7a:8f:94 <BROADCAST,MULTICAST,UP,LOWER_UP>"
}
ok: [MonSrv] => (item=ens2) => {
    "msg": "ens2             UP             aa:c1:ab:63:dd:e8 <BROADCAST,MULTICAST,UP,LOWER_UP>"
}
ok: [osh-net-02] => (item=ens3) => {
    "msg": "ens3             UP             aa:c1:ab:0b:61:0c <BROADCAST,MULTICAST,UP,LOWER_UP>"
}
ok: [MonSrv] => (item=ens3) => {
    "msg": "ens3             UP             aa:c1:ab:f3:ee:87 <BROADCAST,MULTICAST,UP,LOWER_UP>"
}
ok: [osh-comp-01] => (item=ens2) => {
    "msg": "ens2             UP             aa:c1:ab:4d:db:91 <BROADCAST,MULTICAST,UP,LOWER_UP>"
}
ok: [osh-comp-02] => (item=ens2) => {
    "msg": "ens2             UP             aa:c1:ab:6a:ff:f1 <BROADCAST,MULTICAST,UP,LOWER_UP>"
}
ok: [osh-comp-01] => (item=ens3) => {
    "msg": "ens3             UP             aa:c1:ab:ca:c7:21 <BROADCAST,MULTICAST,UP,LOWER_UP>"
}
ok: [osh-comp-02] => (item=ens3) => {
    "msg": "ens3             UP             aa:c1:ab:50:04:77 <BROADCAST,MULTICAST,UP,LOWER_UP>"
}
ok: [osh-comp-03] => (item=ens2) => {
    "msg": "ens2             UP             aa:c1:ab:09:02:11 <BROADCAST,MULTICAST,UP,LOWER_UP>"
}
ok: [osh-comp-04] => (item=ens2) => {
    "msg": "ens2             UP             aa:c1:ab:3c:29:1e <BROADCAST,MULTICAST,UP,LOWER_UP>"
}
ok: [osh-comp-03] => (item=ens3) => {
    "msg": "ens3             UP             aa:c1:ab:6e:60:31 <BROADCAST,MULTICAST,UP,LOWER_UP>"
}
ok: [osh-comp-04] => (item=ens3) => {
    "msg": "ens3             UP             aa:c1:ab:7d:a8:a3 <BROADCAST,MULTICAST,UP,LOWER_UP>"
}

PLAY [Configure External-Router — FRR BGP to ISPs for WireGuard/VRF validation edge] ***************************************************************************************************************************

TASK [linux_external_router : Assert required external-router vars are present] ********************************************************************************************************************************
ok: [External-Router] => {
    "changed": false,
    "msg": "All assertions passed"
}

TASK [linux_external_router : Render FRR config on the containerlab host] **************************************************************************************************************************************
ok: [External-Router -> poweredge_r810(192.168.9.198)]

TASK [linux_external_router : Push FRR config into the container] **********************************************************************************************************************************************
changed: [External-Router -> poweredge_r810(192.168.9.198)]

TASK [linux_external_router : Assign IP addresses and bring up external-router interfaces] *********************************************************************************************************************
ok: [External-Router -> poweredge_r810(192.168.9.198)] => (item={'device': 'eth1', 'ip_addr': '100.64.0.3/30', 'description': 'To-ISP-1', 'neighbor_asn': 65401, 'neighbor_ip': '100.64.0.1'})
ok: [External-Router -> poweredge_r810(192.168.9.198)] => (item={'device': 'eth1', 'ip_addr': '100.64.0.6/30', 'description': 'To-ISP-2', 'neighbor_asn': 65402, 'neighbor_ip': '100.64.0.5'})

TASK [linux_external_router : Enable IPv4/IPv6 forwarding inside the container] ********************************************************************************************************************************
ok: [External-Router -> poweredge_r810(192.168.9.198)]

TASK [linux_external_router : Ensure FRR daemons are running inside the container (additive; never stops PID 1)] ***********************************************************************************************
ok: [External-Router -> poweredge_r810(192.168.9.198)]

TASK [linux_external_router : Apply integrated FRR configuration (vtysh -b, no restart)] ***********************************************************************************************************************
changed: [External-Router -> poweredge_r810(192.168.9.198)]

TASK [linux_external_router : Wait for FRR to initialise] ******************************************************************************************************************************************************
Pausing for 5 seconds
(ctrl+C then 'C' = continue early, ctrl+C then 'A' = abort)
ok: [External-Router]

TASK [linux_external_router : Verify FRR BGP is running] *******************************************************************************************************************************************************
ok: [External-Router -> poweredge_r810(192.168.9.198)]

TASK [linux_external_router : Display External-Router BGP summary] *********************************************************************************************************************************************
ok: [External-Router] => {
    "msg": [
        "",
        "IPv4 Unicast Summary:",
        "BGP router identifier 10.255.255.21, local AS number 65100 VRF default vrf-id 0",
        "BGP table version 0",
        "RIB entries 0, using 0 bytes of memory",
        "Peers 2, using 26 KiB of memory",
        "",
        "Neighbor        V         AS   MsgRcvd   MsgSent   TblVer  InQ OutQ  Up/Down State/PfxRcd   PfxSnt Desc",
        "100.64.0.1      4      65401         0         0        0    0    0    never      Connect        0 To-ISP-1",
        "100.64.0.5      4      65402         0         0        0    0    0    never      Connect        0 To-ISP-2",
        "",
        "Total number of neighbors 2"
    ]
}

PLAY [Configure ISP Routers — FRR BGP with default route advertisement] ****************************************************************************************************************************************

TASK [linux_isp_router : Assert required ISP router vars are present] ******************************************************************************************************************************************
ok: [ISP-1] => {
    "changed": false,
    "msg": "All assertions passed"
}
ok: [ISP-2] => {
    "changed": false,
    "msg": "All assertions passed"
}

TASK [linux_isp_router : Build complete ISP interface configuration set] ***************************************************************************************************************************************
ok: [ISP-1]
ok: [ISP-2]

TASK [linux_isp_router : Render FRR config on the containerlab host] *******************************************************************************************************************************************
ok: [ISP-1 -> poweredge_r810(192.168.9.198)]
ok: [ISP-2 -> poweredge_r810(192.168.9.198)]

TASK [linux_isp_router : Push FRR config into the container] ***************************************************************************************************************************************************
changed: [ISP-1 -> poweredge_r810(192.168.9.198)]
changed: [ISP-2 -> poweredge_r810(192.168.9.198)]

TASK [linux_isp_router : Assign IP addresses and bring up ISP data interfaces] *********************************************************************************************************************************
ok: [ISP-2 -> poweredge_r810(192.168.9.198)] => (item={'device': 'eth1', 'ip_addr': '198.51.100.1/30', 'description': 'Link-to-Exit-Router1', 'neighbor_asn': 65251, 'neighbor_ip': '198.51.100.2'})
ok: [ISP-1 -> poweredge_r810(192.168.9.198)] => (item={'device': 'eth1', 'ip_addr': '192.0.2.1/30', 'description': 'Link-to-Exit-Router1', 'neighbor_asn': 65251, 'neighbor_ip': '192.0.2.2'})
ok: [ISP-2 -> poweredge_r810(192.168.9.198)] => (item={'device': 'eth2', 'ip_addr': '198.51.100.5/30', 'description': 'Link-to-Exit-Router2', 'neighbor_asn': 65252, 'neighbor_ip': '198.51.100.6'})
ok: [ISP-1 -> poweredge_r810(192.168.9.198)] => (item={'device': 'eth2', 'ip_addr': '192.0.2.5/30', 'description': 'Link-to-Exit-Router2', 'neighbor_asn': 65252, 'neighbor_ip': '192.0.2.6'})
ok: [ISP-2 -> poweredge_r810(192.168.9.198)] => (item={'device': 'eth5', 'ip_addr': '192.168.254.2/30', 'description': 'iBGP-Sync-to-ISP-1', 'neighbor_asn': 65402, 'neighbor_ip': '192.168.254.1'})
ok: [ISP-1 -> poweredge_r810(192.168.9.198)] => (item={'device': 'eth5', 'ip_addr': '192.168.254.1/30', 'description': 'iBGP-Sync-to-ISP-2', 'neighbor_asn': 65401, 'neighbor_ip': '192.168.254.2'})
ok: [ISP-2 -> poweredge_r810(192.168.9.198)] => (item={'device': 'eth6', 'ip_addr': '100.64.0.5/30', 'description': 'Link-to-External-Router-via-Bridge', 'neighbor_asn': 65100, 'neighbor_ip': '100.64.0.3'})
ok: [ISP-1 -> poweredge_r810(192.168.9.198)] => (item={'device': 'eth6', 'ip_addr': '100.64.0.1/30', 'description': 'Link-to-External-Router-via-Bridge', 'neighbor_asn': 65100, 'neighbor_ip': '100.64.0.3'})

TASK [linux_isp_router : Enable IPv4/IPv6 forwarding inside the container] *************************************************************************************************************************************
ok: [ISP-1 -> poweredge_r810(192.168.9.198)]
ok: [ISP-2 -> poweredge_r810(192.168.9.198)]

TASK [linux_isp_router : Ensure vtysh.conf exists in the container] ********************************************************************************************************************************************
ok: [ISP-2 -> poweredge_r810(192.168.9.198)]
ok: [ISP-1 -> poweredge_r810(192.168.9.198)]

TASK [linux_isp_router : Ensure FRR daemons are running inside the container (additive; never stops PID1)] *****************************************************************************************************
ok: [ISP-1 -> poweredge_r810(192.168.9.198)]
ok: [ISP-2 -> poweredge_r810(192.168.9.198)]

TASK [linux_isp_router : Apply integrated FRR configuration (vtysh -b)] ****************************************************************************************************************************************
changed: [ISP-1 -> poweredge_r810(192.168.9.198)]
changed: [ISP-2 -> poweredge_r810(192.168.9.198)]

TASK [linux_isp_router : Wait for FRR routing daemons to initialize] *******************************************************************************************************************************************
Pausing for 5 seconds
(ctrl+C then 'C' = continue early, ctrl+C then 'A' = abort)
ok: [ISP-1]

TASK [linux_isp_router : Verify FRR BGP is running] ************************************************************************************************************************************************************
ok: [ISP-1 -> poweredge_r810(192.168.9.198)]
ok: [ISP-2 -> poweredge_r810(192.168.9.198)]

TASK [linux_isp_router : Display ISP BGP summary] **************************************************************************************************************************************************************
ok: [ISP-1] => {
    "msg": false
}
ok: [ISP-2] => {
    "msg": false
}

PLAY [Exit-router preflight — install FRR and validate tooling before BGP setup] *******************************************************************************************************************************

TASK [linux_exit_router : Assert required exit-router vars are present] ****************************************************************************************************************************************
ok: [Exit-Router1] => {
    "changed": false,
    "msg": "All assertions passed"
}
ok: [Exit-Router2] => {
    "changed": false,
    "msg": "All assertions passed"
}

TASK [linux_exit_router : Install exit-router packages] ********************************************************************************************************************************************************
[WARNING]: Failed to update cache after 1 retries due to , retrying
[WARNING]: Sleeping for 2 seconds, before attempting to refresh the cache again
[WARNING]: Failed to update cache after 2 retries due to , retrying
[WARNING]: Sleeping for 3 seconds, before attempting to refresh the cache again
[WARNING]: Failed to update cache after 3 retries due to , retrying
[WARNING]: Sleeping for 5 seconds, before attempting to refresh the cache again
[WARNING]: Failed to update cache after 4 retries due to , retrying
[WARNING]: Sleeping for 9 seconds, before attempting to refresh the cache again
[WARNING]: Failed to update cache after 5 retries due to , retrying
[WARNING]: Sleeping for 13 seconds, before attempting to refresh the cache again
fatal: [Exit-Router2]: FAILED! => {"changed": false, "msg": "Failed to update apt cache after 5 retries: "}
[WARNING]: Sleeping for 1 seconds, before attempting to refresh the cache again
[WARNING]: Sleeping for 4 seconds, before attempting to refresh the cache again
[WARNING]: Sleeping for 8 seconds, before attempting to refresh the cache again
[WARNING]: Sleeping for 12 seconds, before attempting to refresh the cache again
fatal: [Exit-Router1]: FAILED! => {"changed": false, "msg": "Failed to update apt cache after 5 retries: "}

PLAY RECAP *****************************************************************************************************************************************************************************************************
Border-Leaf1               : ok=77   changed=14   unreachable=0    failed=0    skipped=10   rescued=0    ignored=0
Border-Leaf2               : ok=77   changed=14   unreachable=0    failed=0    skipped=10   rescued=0    ignored=0
Exit-Router1               : ok=3    changed=0    unreachable=0    failed=1    skipped=0    rescued=0    ignored=0
Exit-Router2               : ok=3    changed=0    unreachable=0    failed=1    skipped=0    rescued=0    ignored=0
External-Router            : ok=10   changed=2    unreachable=0    failed=0    skipped=0    rescued=0    ignored=0
ISP-1                      : ok=12   changed=2    unreachable=0    failed=0    skipped=0    rescued=0    ignored=0
ISP-2                      : ok=11   changed=2    unreachable=0    failed=0    skipped=0    rescued=0    ignored=0
Leaf-L1                    : ok=78   changed=14   unreachable=0    failed=0    skipped=9    rescued=0    ignored=0
Leaf-L2                    : ok=78   changed=14   unreachable=0    failed=0    skipped=9    rescued=0    ignored=0
Leaf-L3                    : ok=13   changed=3    unreachable=0    failed=1    skipped=0    rescued=0    ignored=0
Leaf-L4                    : ok=13   changed=3    unreachable=0    failed=1    skipped=0    rescued=0    ignored=0
MonSrv                     : ok=6    changed=0    unreachable=0    failed=0    skipped=0    rescued=0    ignored=0
Spine-S1                   : ok=71   changed=14   unreachable=0    failed=0    skipped=16   rescued=0    ignored=0
Spine-S2                   : ok=71   changed=14   unreachable=0    failed=0    skipped=16   rescued=0    ignored=0
k8s-db-01                  : ok=6    changed=0    unreachable=0    failed=0    skipped=0    rescued=0    ignored=0
k8s-db-02                  : ok=6    changed=0    unreachable=0    failed=0    skipped=0    rescued=0    ignored=0
k8s-db-03                  : ok=6    changed=0    unreachable=0    failed=0    skipped=0    rescued=0    ignored=0
k8s-master-01              : ok=6    changed=0    unreachable=0    failed=0    skipped=0    rescued=0    ignored=0
k8s-master-02              : ok=6    changed=0    unreachable=0    failed=0    skipped=0    rescued=0    ignored=0
k8s-master-03              : ok=6    changed=0    unreachable=0    failed=0    skipped=0    rescued=0    ignored=0
localhost                  : ok=3    changed=1    unreachable=0    failed=0    skipped=5    rescued=0    ignored=0
oob-mgmt-node              : ok=2    changed=0    unreachable=0    failed=0    skipped=0    rescued=0    ignored=0
osh-comp-01                : ok=6    changed=0    unreachable=0    failed=0    skipped=0    rescued=0    ignored=0
osh-comp-02                : ok=6    changed=0    unreachable=0    failed=0    skipped=0    rescued=0    ignored=0
osh-comp-03                : ok=6    changed=0    unreachable=0    failed=0    skipped=0    rescued=0    ignored=0
osh-comp-04                : ok=6    changed=0    unreachable=0    failed=0    skipped=0    rescued=0    ignored=0
osh-ctrl-01                : ok=6    changed=0    unreachable=0    failed=0    skipped=0    rescued=0    ignored=0
osh-ctrl-02                : ok=6    changed=0    unreachable=0    failed=0    skipped=0    rescued=0    ignored=0
osh-ctrl-03                : ok=6    changed=0    unreachable=0    failed=0    skipped=0    rescued=0    ignored=0
osh-net-01                 : ok=6    changed=0    unreachable=0    failed=0    skipped=0    rescued=0    ignored=0
osh-net-02                 : ok=6    changed=0    unreachable=0    failed=0    skipped=0    rescued=0    ignored=0
poweredge_r810             : ok=26   changed=9    unreachable=0    failed=0    skipped=3    rescued=0    ignored=0

(venv) nh1221@Lab-ControlNode:/mnt/c/Users/nh1221/dc_lab/clab/sonic-clab$
nh1221@PowerEdge-R810:~$
nh1221@PowerEdge-R810:~$ sudo clab ins -a
+----+------------------------------------------------+----------+-----------------+--------------+------------------------------------+------------+---------+-----------------+--------------+
| #  |                   Topo Path                    | Lab Name |      Name       | Container ID |               Image                |    Kind    |  State  |  IPv4 Address   | IPv6 Address |
+----+------------------------------------------------+----------+-----------------+--------------+------------------------------------+------------+---------+-----------------+--------------+
|  1 | ../../opt/containerlab/sheba/topology.clab.yml | sheba    | Border-Leaf1    | 354e988c50ab | vrnetlab/sonic_sonic-vs:202605     | sonic-vm   | running | 172.16.2.31/24  | N/A          |
|  2 |                                                |          | Border-Leaf2    | 772fce299fef | vrnetlab/sonic_sonic-vs:202605     | sonic-vm   | running | 172.16.2.32/24  | N/A          |
|  3 |                                                |          | Exit-Router1    | c219a4af4156 | vrnetlab/canonical_ubuntu:resolute | generic_vm | running | 172.16.2.41/24  | N/A          |
|  4 |                                                |          | Exit-Router2    | e08b312fa90f | vrnetlab/canonical_ubuntu:resolute | generic_vm | running | 172.16.2.42/24  | N/A          |
|  5 |                                                |          | External-Router | 6c23d5d2aef1 | quay.io/frrouting/frr:10.0.1       | linux      | running | 172.16.2.254/24 | N/A          |
|  6 |                                                |          | ISP-1           | 6e63f553ea5d | quay.io/frrouting/frr:10.0.1       | linux      | running | 172.16.2.98/24  | N/A          |
|  7 |                                                |          | ISP-2           | 0e63f61ce583 | quay.io/frrouting/frr:10.0.1       | linux      | running | 172.16.2.99/24  | N/A          |
|  8 |                                                |          | Leaf-L1         | e3f4d0601fdc | vrnetlab/sonic_sonic-vs:202605     | sonic-vm   | running | 172.16.2.21/24  | N/A          |
|  9 |                                                |          | Leaf-L2         | 3e47a90fb7d7 | vrnetlab/sonic_sonic-vs:202605     | sonic-vm   | running | 172.16.2.22/24  | N/A          |
| 10 |                                                |          | Leaf-L3         | 4864eef57000 | vrnetlab/sonic_sonic-vs:202605     | sonic-vm   | running | 172.16.2.23/24  | N/A          |
| 11 |                                                |          | Leaf-L4         | 0cb1474bcf27 | vrnetlab/sonic_sonic-vs:202605     | sonic-vm   | running | 172.16.2.24/24  | N/A          |
| 12 |                                                |          | MonSrv          | c23a6f0a8300 | vrnetlab/canonical_ubuntu:resolute | generic_vm | running | 172.16.2.74/24  | N/A          |
| 13 |                                                |          | Spine-S1        | 507fb179860e | vrnetlab/sonic_sonic-vs:202605     | sonic-vm   | running | 172.16.2.11/24  | N/A          |
| 14 |                                                |          | Spine-S2        | a256c2e5d03d | vrnetlab/sonic_sonic-vs:202605     | sonic-vm   | running | 172.16.2.12/24  | N/A          |
| 15 |                                                |          | k8s-db-01       | 201ac1ada5e9 | vrnetlab/canonical_ubuntu:resolute | generic_vm | running | 172.16.2.52/24  | N/A          |
| 16 |                                                |          | k8s-db-02       | 1a9116d0f667 | vrnetlab/canonical_ubuntu:resolute | generic_vm | running | 172.16.2.62/24  | N/A          |
| 17 |                                                |          | k8s-db-03       | 688b84074edd | vrnetlab/canonical_ubuntu:resolute | generic_vm | running | 172.16.2.72/24  | N/A          |
| 18 |                                                |          | k8s-master-01   | 37f34d2cf8c4 | vrnetlab/canonical_ubuntu:resolute | generic_vm | running | 172.16.2.51/24  | N/A          |
| 19 |                                                |          | k8s-master-02   | d07b68048772 | vrnetlab/canonical_ubuntu:resolute | generic_vm | running | 172.16.2.61/24  | N/A          |
| 20 |                                                |          | k8s-master-03   | 1e2297cbda0f | vrnetlab/canonical_ubuntu:resolute | generic_vm | running | 172.16.2.71/24  | N/A          |
| 21 |                                                |          | oob-mgmt-node   | 706b6747094b | vrnetlab/canonical_ubuntu:resolute | generic_vm | running | 172.16.2.253/24 | N/A          |
| 22 |                                                |          | osh-comp-01     | 580a23aa1117 | vrnetlab/canonical_ubuntu:resolute | generic_vm | running | 172.16.2.55/24  | N/A          |
| 23 |                                                |          | osh-comp-02     | c33fe60e5ee0 | vrnetlab/canonical_ubuntu:resolute | generic_vm | running | 172.16.2.65/24  | N/A          |
| 24 |                                                |          | osh-comp-03     | 0ae647eb6868 | vrnetlab/canonical_ubuntu:resolute | generic_vm | running | 172.16.2.75/24  | N/A          |
| 25 |                                                |          | osh-comp-04     | 6d5a417f539e | vrnetlab/canonical_ubuntu:resolute | generic_vm | running | 172.16.2.56/24  | N/A          |
| 26 |                                                |          | osh-ctrl-01     | 3b9ec5c9b9b7 | vrnetlab/canonical_ubuntu:resolute | generic_vm | running | 172.16.2.53/24  | N/A          |
| 27 |                                                |          | osh-ctrl-02     | f98797fb943c | vrnetlab/canonical_ubuntu:resolute | generic_vm | running | 172.16.2.63/24  | N/A          |
| 28 |                                                |          | osh-ctrl-03     | 5d65b155f3b1 | vrnetlab/canonical_ubuntu:resolute | generic_vm | running | 172.16.2.73/24  | N/A          |
| 29 |                                                |          | osh-net-01      | 1dfeb8096cd4 | vrnetlab/canonical_ubuntu:resolute | generic_vm | running | 172.16.2.54/24  | N/A          |
| 30 |                                                |          | osh-net-02      | 197493f68599 | vrnetlab/canonical_ubuntu:resolute | generic_vm | running | 172.16.2.64/24  | N/A          |
+----+------------------------------------------------+----------+-----------------+--------------+------------------------------------+------------+---------+-----------------+--------------+
nh1221@PowerEdge-R810:~$
nh1221@PowerEdge-R810:~$
nh1221@PowerEdge-R810:~$ ping -c 3 bbc.com
PING bbc.com (151.101.192.81) 56(84) bytes of data.
64 bytes from 151.101.192.81: icmp_seq=1 ttl=57 time=10.5 ms
64 bytes from 151.101.192.81: icmp_seq=2 ttl=57 time=10.9 ms
64 bytes from 151.101.192.81: icmp_seq=3 ttl=57 time=9.82 ms

--- bbc.com ping statistics ---
3 packets transmitted, 3 received, 0% packet loss, time 2003ms
rtt min/avg/max/mdev = 9.823/10.404/10.871/0.435 ms
nh1221@PowerEdge-R810:~$ ssh ubuntu@Exit-Router1
Warning: Permanently added 'exit-router1' (ED25519) to the list of known hosts.
ubuntu@exit-router1's password:
Welcome to Ubuntu 26.04 LTS (GNU/Linux 7.0.0-28-generic x86_64)

 * Documentation:  https://docs.ubuntu.com
 * Management:     https://landscape.canonical.com
 * Support:        https://ubuntu.com/pro

 System information as of Fri Sep 11 15:45:28 CEST 2026

  System load:    0.09      Processes:               139
  Usage of /home: unknown   Users logged in:         0
  Memory usage:   2%        IPv4 address for enp1s0: 10.0.0.15
  Swap usage:     0%        IPv4 address for enp1s0: 172.16.2.41


Expanded Security Maintenance for Applications is not enabled.

0 updates can be applied immediately.

Enable ESM Apps to receive additional future security updates.
See https://ubuntu.com/esm or run: sudo pro status


The list of available updates is more than a week old.
To check for new updates run: sudo apt update

ubuntu@Exit-Router1:~$ ping bbc.com
PING bbc.com (151.101.128.81) 56(84) bytes of data.
64 bytes from 151.101.128.81: icmp_seq=1 ttl=55 time=9.66 ms
64 bytes from 151.101.128.81: icmp_seq=2 ttl=55 time=8.35 ms
64 bytes from 151.101.128.81: icmp_seq=3 ttl=55 time=10.4 ms
64 bytes from 151.101.128.81: icmp_seq=4 ttl=55 time=8.35 ms
64 bytes from 151.101.128.81: icmp_seq=5 ttl=55 time=8.40 ms
^C
--- bbc.com ping statistics ---
5 packets transmitted, 5 received, 0% packet loss, time 4007ms
rtt min/avg/max/mdev = 8.346/9.038/10.427/0.857 ms
ubuntu@Exit-Router1:~$ sudo vtysh
sudo: 'vtysh': command not found
ubuntu@Exit-Router1:~$
