(venv) nh1221@Lab-ControlNode:/mnt/c/Users/nh1221/data-center/_v3$ ansible-playbook playbooks/reused/deploy_ceph_rook.yml -i inventory/hosts.yml --tags rook_teardown -v
Using /mnt/c/Users/nh1221/data-center/_v3/ansible.cfg as config file

PLAY [Phase 0: Prepare OSD Nodes for Rook] **********************************************************************************************************************************************************************

PLAY [Phase 1: Deploy Rook-Ceph Operator] ***********************************************************************************************************************************************************************

PLAY [Phase 2: Deploy Ceph Cluster via Rook] ********************************************************************************************************************************************************************

PLAY [Phase 3: Expose Ceph Dashboard] ***************************************************************************************************************************************************************************

PLAY [Phase 4: Validate Rook-Ceph Cluster] **********************************************************************************************************************************************************************

PLAY [Phase 5: Teardown Rook-Ceph (DESTRUCTIVE)] ****************************************************************************************************************************************************************

TASK [TEARDOWN | Delete CephCluster Helm release] ***************************************************************************************************************************************************************
changed: [Host12_1] =>
    changed: true
    cmd:
    - helm
    - uninstall
    - rook-ceph-cluster
    - -n
    - rook-ceph
    delta: '0:00:00.545037'
    end: '2026-06-05 04:37:04.786533'
    msg: ''
    rc: 0
    start: '2026-06-05 04:37:04.241496'
    stderr: ''
    stderr_lines: <omitted>
    stdout: release "rook-ceph-cluster" uninstalled
    stdout_lines: <omitted>

TASK [TEARDOWN | Delete Rook operator Helm release] *************************************************************************************************************************************************************
changed: [Host12_1] =>
    changed: true
    cmd:
    - helm
    - uninstall
    - rook-ceph
    - -n
    - rook-ceph
    delta: '0:00:19.127167'
    end: '2026-06-05 04:37:26.110639'
    msg: ''
    rc: 0
    start: '2026-06-05 04:37:06.983472'
    stderr: ''
    stderr_lines: <omitted>
    stdout: |-
        These resources were kept due to the resource policy:
        [CustomResourceDefinition] cephblockpoolradosnamespaces.ceph.rook.io
        [CustomResourceDefinition] cephblockpools.ceph.rook.io
        [CustomResourceDefinition] cephbucketnotifications.ceph.rook.io
        [CustomResourceDefinition] cephbuckettopics.ceph.rook.io
        [CustomResourceDefinition] cephclients.ceph.rook.io
        [CustomResourceDefinition] cephclusters.ceph.rook.io
        [CustomResourceDefinition] cephcosidrivers.ceph.rook.io
        [CustomResourceDefinition] cephfilesystemmirrors.ceph.rook.io
        [CustomResourceDefinition] cephfilesystems.ceph.rook.io
        [CustomResourceDefinition] cephfilesystemsubvolumegroups.ceph.rook.io
        [CustomResourceDefinition] cephnfses.ceph.rook.io
        [CustomResourceDefinition] cephobjectrealms.ceph.rook.io
        [CustomResourceDefinition] cephobjectstores.ceph.rook.io
        [CustomResourceDefinition] cephobjectstoreusers.ceph.rook.io
        [CustomResourceDefinition] cephobjectzonegroups.ceph.rook.io
        [CustomResourceDefinition] cephobjectzones.ceph.rook.io
        [CustomResourceDefinition] cephrbdmirrors.ceph.rook.io
        [CustomResourceDefinition] objectbucketclaims.objectbucket.io
        [CustomResourceDefinition] objectbuckets.objectbucket.io

        release "rook-ceph" uninstalled
    stdout_lines: <omitted>

TASK [TEARDOWN | Strip finalizers from ALL Rook custom resources] ***********************************************************************************************************************************************
changed: [Host12_1] =>
    changed: true
    cmd: |-
        RESOURCES="cephcluster cephblockpool cephfilesystem cephobjectstore
                   cephfilesystemsubvolumegroup cephclient cephnfs
                   cephobjectstoreuser cephobjectrealm cephobjectzonegroup
                   cephobjectzone cephrbdmirror cephfilesystemmirror
                   cephblockpoolradosnamespace cephbucketnotification
                   cephbuckettopic"
        for resource in $RESOURCES; do
          for item in $(kubectl get $resource -n rook-ceph -o name 2>/dev/null); do
            kubectl patch $item -n rook-ceph --type merge      -p '{"metadata":{"finalizers":null}}' 2>/dev/null || true
          done
        done
        echo "All finalizers stripped"
    delta: '0:00:04.034381'
    end: '2026-06-05 04:37:32.530989'
    msg: ''
    rc: 0
    start: '2026-06-05 04:37:28.496608'
    stderr: ''
    stderr_lines: <omitted>
    stdout: |-
        cephcluster.ceph.rook.io/rook-ceph patched
        cephblockpool.ceph.rook.io/kube-rbd patched
        cephfilesystem.ceph.rook.io/dc-lab-ceph-fs patched
        cephobjectstore.ceph.rook.io/dc-lab-ceph-store patched
        cephfilesystemsubvolumegroup.ceph.rook.io/dc-lab-ceph-fs-csi patched
        All finalizers stripped
    stdout_lines: <omitted>

TASK [TEARDOWN | Delete all Ceph CRs] ***************************************************************************************************************************************************************************
changed: [Host12_1] =>
    changed: true
    cmd: |-
        for resource in cephcluster cephblockpool cephfilesystem cephobjectstore                cephfilesystemsubvolumegroup cephclient cephnfs; do
          kubectl delete $resource --all -n rook-ceph --timeout=10s 2>/dev/null || true
        done
    delta: '0:00:15.334194'
    end: '2026-06-05 04:37:50.297582'
    msg: ''
    rc: 0
    start: '2026-06-05 04:37:34.963388'
    stderr: ''
    stderr_lines: <omitted>
    stdout: |-
        No resources found
        No resources found
        No resources found
        No resources found
        No resources found
        No resources found
        No resources found
    stdout_lines: <omitted>

TASK [TEARDOWN | Force-delete all pods in rook-ceph namespace] **************************************************************************************************************************************************
changed: [Host12_1] =>
    changed: true
    cmd: |-
        kubectl delete pods --all -n rook-ceph  --force --grace-period=0 2>/dev/null || true
    delta: '0:00:04.310177'
    end: '2026-06-05 04:37:57.046844'
    msg: ''
    rc: 0
    start: '2026-06-05 04:37:52.736667'
    stderr: ''
    stderr_lines: <omitted>
    stdout: |-
        pod "csi-cephfsplugin-provisioner-55d789d7bd-wfxtb" force deleted
        pod "csi-rbdplugin-provisioner-7c6dcb4dff-46r4d" force deleted
        pod "csi-rbdplugin-provisioner-7c6dcb4dff-cfqk4" force deleted
        pod "rook-ceph-crashcollector-host34-2-76c4846f9d-h7v6l" force deleted
        pod "rook-ceph-crashcollector-hostb12-1-5549994767-xlxkh" force deleted
        pod "rook-ceph-exporter-host34-2-5cffc455c8-phclx" force deleted
        pod "rook-ceph-mds-dc-lab-ceph-fs-a-684bb58b7-qkjlm" force deleted
        pod "rook-ceph-mds-dc-lab-ceph-fs-b-cd5bd7cc-bnnr2" force deleted
        pod "rook-ceph-mon-c-6998d75867-w6lrv" force deleted
    stdout_lines: <omitted>

TASK [TEARDOWN | Delete OSD prepare jobs] ***********************************************************************************************************************************************************************
changed: [Host12_1] =>
    changed: true
    cmd: |-
        kubectl delete job -n rook-ceph  -l app=rook-ceph-osd-prepare 2>/dev/null || true
    delta: '0:00:00.156131'
    end: '2026-06-05 04:37:59.653640'
    msg: ''
    rc: 0
    start: '2026-06-05 04:37:59.497509'
    stderr: ''
    stderr_lines: <omitted>
    stdout: No resources found
    stdout_lines: <omitted>

TASK [TEARDOWN | Delete Rook-managed StorageClasses] ************************************************************************************************************************************************************
changed: [Host12_1] =>
    changed: true
    cmd: |-
        for sc in ceph-rbd ceph-filesystem ceph-bucket ceph-infra-rbd; do
          kubectl delete storageclass "$sc" 2>/dev/null || true
        done
    delta: '0:00:01.624096'
    end: '2026-06-05 04:38:03.611345'
    msg: ''
    rc: 0
    start: '2026-06-05 04:38:01.987249'
    stderr: ''
    stderr_lines: <omitted>
    stdout: ''
    stdout_lines: <omitted>

TASK [TEARDOWN | Delete all Rook CRDs] **************************************************************************************************************************************************************************
changed: [Host12_1] =>
    changed: true
    cmd: |-
        kubectl get crd -o name 2>/dev/null | grep -E 'rook|objectbucket' |  xargs -r kubectl delete 2>/dev/null || true
    delta: '0:00:04.918296'
    end: '2026-06-05 04:38:11.670539'
    msg: ''
    rc: 0
    start: '2026-06-05 04:38:06.752243'
    stderr: ''
    stderr_lines: <omitted>
    stdout: |-
        customresourcedefinition.apiextensions.k8s.io "cephblockpoolradosnamespaces.ceph.rook.io" deleted
        customresourcedefinition.apiextensions.k8s.io "cephblockpools.ceph.rook.io" deleted
        customresourcedefinition.apiextensions.k8s.io "cephbucketnotifications.ceph.rook.io" deleted
        customresourcedefinition.apiextensions.k8s.io "cephbuckettopics.ceph.rook.io" deleted
        customresourcedefinition.apiextensions.k8s.io "cephclients.ceph.rook.io" deleted
        customresourcedefinition.apiextensions.k8s.io "cephclusters.ceph.rook.io" deleted
        customresourcedefinition.apiextensions.k8s.io "cephcosidrivers.ceph.rook.io" deleted
        customresourcedefinition.apiextensions.k8s.io "cephfilesystemmirrors.ceph.rook.io" deleted
        customresourcedefinition.apiextensions.k8s.io "cephfilesystems.ceph.rook.io" deleted
        customresourcedefinition.apiextensions.k8s.io "cephfilesystemsubvolumegroups.ceph.rook.io" deleted
        customresourcedefinition.apiextensions.k8s.io "cephnfses.ceph.rook.io" deleted
        customresourcedefinition.apiextensions.k8s.io "cephobjectrealms.ceph.rook.io" deleted
        customresourcedefinition.apiextensions.k8s.io "cephobjectstores.ceph.rook.io" deleted
        customresourcedefinition.apiextensions.k8s.io "cephobjectstoreusers.ceph.rook.io" deleted
        customresourcedefinition.apiextensions.k8s.io "cephobjectzonegroups.ceph.rook.io" deleted
        customresourcedefinition.apiextensions.k8s.io "cephobjectzones.ceph.rook.io" deleted
        customresourcedefinition.apiextensions.k8s.io "cephrbdmirrors.ceph.rook.io" deleted
        customresourcedefinition.apiextensions.k8s.io "objectbucketclaims.objectbucket.io" deleted
        customresourcedefinition.apiextensions.k8s.io "objectbuckets.objectbucket.io" deleted
    stdout_lines: <omitted>

TASK [TEARDOWN | Delete namespace (may hang if finalizers stuck)] ***********************************************************************************************************************************************
changed: [Host12_1] =>
    changed: true
    cmd: |-
        kubectl delete namespace rook-ceph --timeout=60s 2>/dev/null || true
    delta: '0:01:00.172111'
    end: '2026-06-05 04:39:14.212845'
    msg: ''
    rc: 0
    start: '2026-06-05 04:38:14.040734'
    stderr: ''
    stderr_lines: <omitted>
    stdout: namespace "rook-ceph" deleted
    stdout_lines: <omitted>

TASK [TEARDOWN | Force-finalize namespace if stuck in Terminating] **********************************************************************************************************************************************
ok: [Host12_1] =>
    changed: false
    cmd: |-
        for i in $(seq 1 24); do
          STATUS=$(kubectl get ns rook-ceph -o jsonpath='{.status.phase}' 2>/dev/null || echo "NotFound")
          if [ "$STATUS" = "NotFound" ] || [ -z "$STATUS" ]; then
            echo "Namespace gone"
            exit 0
          fi
          if [ "$STATUS" = "Terminating" ]; then
            # Force-remove namespace finalizers via API
            kubectl get ns rook-ceph -o json |      python3 -c 'import json,sys; ns=json.load(sys.stdin); ns["spec"]["finalizers"]=[]; print(json.dumps(ns))' |      kubectl replace --raw "/api/v1/namespaces/rook-ceph/finalize" -f - 2>/dev/null || true
          fi
          sleep 5
        done
        # Final check
        if kubectl get ns rook-ceph 2>/dev/null; then
          echo "WARNING: Namespace still exists after 120s"
          exit 1
        fi
        echo "Namespace removed"
    delta: '0:00:05.485165'
    end: '2026-06-05 04:39:22.651164'
    msg: ''
    rc: 0
    start: '2026-06-05 04:39:17.165999'
    stderr: ''
    stderr_lines: <omitted>
    stdout: |-
        {"kind":"Namespace","apiVersion":"v1","metadata":{"name":"rook-ceph","uid":"a7c120fc-a2fb-48da-a4a4-3636c256d7a2","resourceVersion":"874694","creationTimestamp":"2026-06-05T04:12:55Z","deletionTimestamp":"2026-06-05T04:38:14Z","labels":{"kubernetes.io/metadata.name":"rook-ceph"},"managedFields":[{"manager":"kubectl-create","operation":"Update","apiVersion":"v1","time":"2026-06-05T04:12:55Z","fieldsType":"FieldsV1","fieldsV1":{"f:metadata":{"f:labels":{".":{},"f:kubernetes.io/metadata.name":{}}}}},{"manager":"kube-controller-manager","operation":"Update","apiVersion":"v1","time":"2026-06-05T04:38:32Z","fieldsType":"FieldsV1","fieldsV1":{"f:status":{"f:conditions":{".":{},"k:{\"type\":\"NamespaceContentRemaining\"}":{".":{},"f:lastTransitionTime":{},"f:message":{},"f:reason":{},"f:status":{},"f:type":{}},"k:{\"type\":\"NamespaceDeletionContentFailure\"}":{".":{},"f:lastTransitionTime":{},"f:message":{},"f:reason":{},"f:status":{},"f:type":{}},"k:{\"type\":\"NamespaceDeletionDiscoveryFailure\"}":{".":{},"f:lastTransitionTime":{},"f:message":{},"f:reason":{},"f:status":{},"f:type":{}},"k:{\"type\":\"NamespaceDeletionGroupVersionParsingFailure\"}":{".":{},"f:lastTransitionTime":{},"f:message":{},"f:reason":{},"f:status":{},"f:type":{}},"k:{\"type\":\"NamespaceFinalizersRemaining\"}":{".":{},"f:lastTransitionTime":{},"f:message":{},"f:reason":{},"f:status":{},"f:type":{}}}}},"subresource":"status"}]},"spec":{},"status":{"phase":"Terminating","conditions":[{"type":"NamespaceDeletionDiscoveryFailure","status":"False","lastTransitionTime":"2026-06-05T04:38:32Z","reason":"ResourcesDiscovered","message":"All resources successfully discovered"},{"type":"NamespaceDeletionGroupVersionParsingFailure","status":"False","lastTransitionTime":"2026-06-05T04:38:32Z","reason":"ParsedGroupVersions","message":"All legacy kube types successfully parsed"},{"type":"NamespaceDeletionContentFailure","status":"False","lastTransitionTime":"2026-06-05T04:38:32Z","reason":"ContentDeleted","message":"All content successfully deleted, may be waiting on finalization"},{"type":"NamespaceContentRemaining","status":"True","lastTransitionTime":"2026-06-05T04:38:32Z","reason":"SomeResourcesRemain","message":"Some resources are remaining: configmaps. has 1 resource instances, secrets. has 1 resource instances"},{"type":"NamespaceFinalizersRemaining","status":"True","lastTransitionTime":"2026-06-05T04:38:32Z","reason":"SomeFinalizersRemain","message":"Some content in the namespace has finalizers remaining: ceph.rook.io/disaster-protection in 2 resource instances"}]}}
        Namespace gone
    stdout_lines: <omitted>

TASK [TEARDOWN | Remove node labels] ****************************************************************************************************************************************************************************
changed: [Host12_1] =>
    changed: true
    cmd: |-
        for node in $(kubectl get nodes -o name); do
          kubectl label $node ceph-osd- ceph-mon- storage-node- 2>/dev/null || true
        done
    delta: '0:00:01.522926'
    end: '2026-06-05 04:39:26.427649'
    msg: ''
    rc: 0
    start: '2026-06-05 04:39:24.904723'
    stderr: ''
    stderr_lines: <omitted>
    stdout: |-
        node/host12-1 unlabeled
        label "ceph-mon" not found.
        node/host12-2 unlabeled
        label "ceph-mon" not found.
        node/host12-3 unlabeled
        node/host34-1 unlabeled
        label "ceph-mon" not found.
        node/host34-2 unlabeled
        label "ceph-mon" not found.
        node/hostb12-1 unlabeled
    stdout_lines: <omitted>

TASK [TEARDOWN | Clean up Ceph secrets in other namespaces] *****************************************************************************************************************************************************
changed: [Host12_1] =>
    changed: true
    cmd: |-
        kubectl delete secret ceph-infra-rbd-secret -n sheba-cloud-infra 2>/dev/null || true
        kubectl delete secret ceph-infra-rbd-admin-secret -n sheba-cloud-infra 2>/dev/null || true
    delta: '0:00:00.284933'
    end: '2026-06-05 04:39:29.513931'
    msg: ''
    rc: 0
    start: '2026-06-05 04:39:29.228998'
    stderr: ''
    stderr_lines: <omitted>
    stdout: ''
    stdout_lines: <omitted>

TASK [TEARDOWN | K8s cleanup complete] **************************************************************************************************************************************************************************
ok: [Host12_1] =>
    msg: Rook-Ceph fully removed from Kubernetes. Wiping OSD disks next...

PLAY [Phase 5b: Wipe OSD Disks on All Nodes (DESTRUCTIVE)] ******************************************************************************************************************************************************

TASK [TEARDOWN | Build device list] *****************************************************************************************************************************************************************************
ok: [Host12_1] =>
    ansible_facts:
        _osd_devices:
        - /dev/vdb
        - /dev/vdc
    changed: false
ok: [Host12_2] =>
    ansible_facts:
        _osd_devices:
        - /dev/vdb
        - /dev/vdc
    changed: false
ok: [Host12_3] =>
    ansible_facts:
        _osd_devices:
        - /dev/vdb
        - /dev/vdc
    changed: false
ok: [Host34_1] =>
    ansible_facts:
        _osd_devices:
        - /dev/vdb
        - /dev/vdc
    changed: false
ok: [Host34_2] =>
    ansible_facts:
        _osd_devices:
        - /dev/vdb
        - /dev/vdc
    changed: false
ok: [HostB12_1] =>
    ansible_facts:
        _osd_devices:
        - /dev/vdb
    changed: false

TASK [TEARDOWN | Full disk wipe (LVM + BlueStore + GPT)] ********************************************************************************************************************************************************
changed: [Host12_1] => (item=/dev/vdb) =>
    ansible_loop_var: item
    changed: true
    cmd: |-
        DEV=/dev/vdb
        DEVNAME=$(basename "$DEV")
        [ -b "$DEV" ] || { echo "SKIP (not found): $DEV"; exit 0; }
        # Remove device-mapper entries held by this device
        for dm in $(ls /sys/block/$DEVNAME/holders/ 2>/dev/null); do
          dmsetup remove -f "$dm" 2>/dev/null || true
        done
        # Deactivate LVM VGs, then remove PV label
        pvs "$DEV" --noheadings -o vg_name 2>/dev/null | while read VG; do
          [ -n "$VG" ] && vgchange -an "$VG" 2>/dev/null || true
          [ -n "$VG" ] && vgremove -f "$VG" 2>/dev/null || true
        done
        pvremove -ff "$DEV" 2>/dev/null || true
        # Wipe ALL signatures (filesystem, RAID, LVM, Ceph BlueStore)
        wipefs -af "$DEV" 2>/dev/null || true
        # Zero first 100MB (GPT header, LVM PV header, BlueStore superblock)
        dd if=/dev/zero of="$DEV" bs=1M count=100 2>/dev/null || true
        # Zero last 100MB (backup GPT, BlueStore label at end of device)
        DEV_SIZE=$(blockdev --getsize64 "$DEV" 2>/dev/null || echo 0)
        if [ "$DEV_SIZE" -gt 104857600 ]; then
          dd if=/dev/zero of="$DEV" bs=1M count=100    seek=$(( (DEV_SIZE / 1048576) - 100 )) 2>/dev/null || true
        fi
        # Zap GPT/MBR partition table
        sgdisk --zap-all "$DEV" 2>/dev/null || true
        partprobe "$DEV" 2>/dev/null || true
        echo "WIPED: $DEV"
    delta: '0:00:22.940256'
    end: '2026-06-05 04:39:55.976455'
    item: /dev/vdb
    msg: ''
    rc: 0
    start: '2026-06-05 04:39:33.036199'
    stderr: ''
    stderr_lines: <omitted>
    stdout: |4-
          Labels on physical volume "/dev/vdb" successfully wiped.
        Creating new GPT entries in memory.
        GPT data structures destroyed! You may now partition the disk using fdisk or
        other utilities.
        WIPED: /dev/vdb
    stdout_lines: <omitted>
changed: [Host12_2] => (item=/dev/vdb) =>
    ansible_loop_var: item
    changed: true
    cmd: |-
        DEV=/dev/vdb
        DEVNAME=$(basename "$DEV")
        [ -b "$DEV" ] || { echo "SKIP (not found): $DEV"; exit 0; }
        # Remove device-mapper entries held by this device
        for dm in $(ls /sys/block/$DEVNAME/holders/ 2>/dev/null); do
          dmsetup remove -f "$dm" 2>/dev/null || true
        done
        # Deactivate LVM VGs, then remove PV label
        pvs "$DEV" --noheadings -o vg_name 2>/dev/null | while read VG; do
          [ -n "$VG" ] && vgchange -an "$VG" 2>/dev/null || true
          [ -n "$VG" ] && vgremove -f "$VG" 2>/dev/null || true
        done
        pvremove -ff "$DEV" 2>/dev/null || true
        # Wipe ALL signatures (filesystem, RAID, LVM, Ceph BlueStore)
        wipefs -af "$DEV" 2>/dev/null || true
        # Zero first 100MB (GPT header, LVM PV header, BlueStore superblock)
        dd if=/dev/zero of="$DEV" bs=1M count=100 2>/dev/null || true
        # Zero last 100MB (backup GPT, BlueStore label at end of device)
        DEV_SIZE=$(blockdev --getsize64 "$DEV" 2>/dev/null || echo 0)
        if [ "$DEV_SIZE" -gt 104857600 ]; then
          dd if=/dev/zero of="$DEV" bs=1M count=100    seek=$(( (DEV_SIZE / 1048576) - 100 )) 2>/dev/null || true
        fi
        # Zap GPT/MBR partition table
        sgdisk --zap-all "$DEV" 2>/dev/null || true
        partprobe "$DEV" 2>/dev/null || true
        echo "WIPED: $DEV"
    delta: '0:00:30.326571'
    end: '2026-06-05 04:40:04.660952'
    item: /dev/vdb
    msg: ''
    rc: 0
    start: '2026-06-05 04:39:34.334381'
    stderr: ''
    stderr_lines: <omitted>
    stdout: |4-
          Labels on physical volume "/dev/vdb" successfully wiped.
        Creating new GPT entries in memory.
        GPT data structures destroyed! You may now partition the disk using fdisk or
        other utilities.
        WIPED: /dev/vdb
    stdout_lines: <omitted>
changed: [Host34_2] => (item=/dev/vdb) =>
    ansible_loop_var: item
    changed: true
    cmd: |-
        DEV=/dev/vdb
        DEVNAME=$(basename "$DEV")
        [ -b "$DEV" ] || { echo "SKIP (not found): $DEV"; exit 0; }
        # Remove device-mapper entries held by this device
        for dm in $(ls /sys/block/$DEVNAME/holders/ 2>/dev/null); do
          dmsetup remove -f "$dm" 2>/dev/null || true
        done
        # Deactivate LVM VGs, then remove PV label
        pvs "$DEV" --noheadings -o vg_name 2>/dev/null | while read VG; do
          [ -n "$VG" ] && vgchange -an "$VG" 2>/dev/null || true
          [ -n "$VG" ] && vgremove -f "$VG" 2>/dev/null || true
        done
        pvremove -ff "$DEV" 2>/dev/null || true
        # Wipe ALL signatures (filesystem, RAID, LVM, Ceph BlueStore)
        wipefs -af "$DEV" 2>/dev/null || true
        # Zero first 100MB (GPT header, LVM PV header, BlueStore superblock)
        dd if=/dev/zero of="$DEV" bs=1M count=100 2>/dev/null || true
        # Zero last 100MB (backup GPT, BlueStore label at end of device)
        DEV_SIZE=$(blockdev --getsize64 "$DEV" 2>/dev/null || echo 0)
        if [ "$DEV_SIZE" -gt 104857600 ]; then
          dd if=/dev/zero of="$DEV" bs=1M count=100    seek=$(( (DEV_SIZE / 1048576) - 100 )) 2>/dev/null || true
        fi
        # Zap GPT/MBR partition table
        sgdisk --zap-all "$DEV" 2>/dev/null || true
        partprobe "$DEV" 2>/dev/null || true
        echo "WIPED: $DEV"
    delta: '0:00:32.524947'
    end: '2026-06-05 04:40:07.307087'
    item: /dev/vdb
    msg: ''
    rc: 0
    start: '2026-06-05 04:39:34.782140'
    stderr: ''
    stderr_lines: <omitted>
    stdout: |4-
          Labels on physical volume "/dev/vdb" successfully wiped.
        Creating new GPT entries in memory.
        GPT data structures destroyed! You may now partition the disk using fdisk or
        other utilities.
        WIPED: /dev/vdb
    stdout_lines: <omitted>
changed: [Host12_3] => (item=/dev/vdb) =>
    ansible_loop_var: item
    changed: true
    cmd: |-
        DEV=/dev/vdb
        DEVNAME=$(basename "$DEV")
        [ -b "$DEV" ] || { echo "SKIP (not found): $DEV"; exit 0; }
        # Remove device-mapper entries held by this device
        for dm in $(ls /sys/block/$DEVNAME/holders/ 2>/dev/null); do
          dmsetup remove -f "$dm" 2>/dev/null || true
        done
        # Deactivate LVM VGs, then remove PV label
        pvs "$DEV" --noheadings -o vg_name 2>/dev/null | while read VG; do
          [ -n "$VG" ] && vgchange -an "$VG" 2>/dev/null || true
          [ -n "$VG" ] && vgremove -f "$VG" 2>/dev/null || true
        done
        pvremove -ff "$DEV" 2>/dev/null || true
        # Wipe ALL signatures (filesystem, RAID, LVM, Ceph BlueStore)
        wipefs -af "$DEV" 2>/dev/null || true
        # Zero first 100MB (GPT header, LVM PV header, BlueStore superblock)
        dd if=/dev/zero of="$DEV" bs=1M count=100 2>/dev/null || true
        # Zero last 100MB (backup GPT, BlueStore label at end of device)
        DEV_SIZE=$(blockdev --getsize64 "$DEV" 2>/dev/null || echo 0)
        if [ "$DEV_SIZE" -gt 104857600 ]; then
          dd if=/dev/zero of="$DEV" bs=1M count=100    seek=$(( (DEV_SIZE / 1048576) - 100 )) 2>/dev/null || true
        fi
        # Zap GPT/MBR partition table
        sgdisk --zap-all "$DEV" 2>/dev/null || true
        partprobe "$DEV" 2>/dev/null || true
        echo "WIPED: $DEV"
    delta: '0:00:32.689215'
    end: '2026-06-05 04:40:07.304353'
    item: /dev/vdb
    msg: ''
    rc: 0
    start: '2026-06-05 04:39:34.615138'
    stderr: ''
    stderr_lines: <omitted>
    stdout: |4-
          Labels on physical volume "/dev/vdb" successfully wiped.
        Creating new GPT entries in memory.
        GPT data structures destroyed! You may now partition the disk using fdisk or
        other utilities.
        WIPED: /dev/vdb
    stdout_lines: <omitted>
changed: [Host34_1] => (item=/dev/vdb) =>
    ansible_loop_var: item
    changed: true
    cmd: |-
        DEV=/dev/vdb
        DEVNAME=$(basename "$DEV")
        [ -b "$DEV" ] || { echo "SKIP (not found): $DEV"; exit 0; }
        # Remove device-mapper entries held by this device
        for dm in $(ls /sys/block/$DEVNAME/holders/ 2>/dev/null); do
          dmsetup remove -f "$dm" 2>/dev/null || true
        done
        # Deactivate LVM VGs, then remove PV label
        pvs "$DEV" --noheadings -o vg_name 2>/dev/null | while read VG; do
          [ -n "$VG" ] && vgchange -an "$VG" 2>/dev/null || true
          [ -n "$VG" ] && vgremove -f "$VG" 2>/dev/null || true
        done
        pvremove -ff "$DEV" 2>/dev/null || true
        # Wipe ALL signatures (filesystem, RAID, LVM, Ceph BlueStore)
        wipefs -af "$DEV" 2>/dev/null || true
        # Zero first 100MB (GPT header, LVM PV header, BlueStore superblock)
        dd if=/dev/zero of="$DEV" bs=1M count=100 2>/dev/null || true
        # Zero last 100MB (backup GPT, BlueStore label at end of device)
        DEV_SIZE=$(blockdev --getsize64 "$DEV" 2>/dev/null || echo 0)
        if [ "$DEV_SIZE" -gt 104857600 ]; then
          dd if=/dev/zero of="$DEV" bs=1M count=100    seek=$(( (DEV_SIZE / 1048576) - 100 )) 2>/dev/null || true
        fi
        # Zap GPT/MBR partition table
        sgdisk --zap-all "$DEV" 2>/dev/null || true
        partprobe "$DEV" 2>/dev/null || true
        echo "WIPED: $DEV"
    delta: '0:00:34.741962'
    end: '2026-06-05 04:40:09.596753'
    item: /dev/vdb
    msg: ''
    rc: 0
    start: '2026-06-05 04:39:34.854791'
    stderr: ''
    stderr_lines: <omitted>
    stdout: |4-
          Labels on physical volume "/dev/vdb" successfully wiped.
        Creating new GPT entries in memory.
        GPT data structures destroyed! You may now partition the disk using fdisk or
        other utilities.
        WIPED: /dev/vdb
    stdout_lines: <omitted>
changed: [Host12_1] => (item=/dev/vdc) =>
    ansible_loop_var: item
    changed: true
    cmd: |-
        DEV=/dev/vdc
        DEVNAME=$(basename "$DEV")
        [ -b "$DEV" ] || { echo "SKIP (not found): $DEV"; exit 0; }
        # Remove device-mapper entries held by this device
        for dm in $(ls /sys/block/$DEVNAME/holders/ 2>/dev/null); do
          dmsetup remove -f "$dm" 2>/dev/null || true
        done
        # Deactivate LVM VGs, then remove PV label
        pvs "$DEV" --noheadings -o vg_name 2>/dev/null | while read VG; do
          [ -n "$VG" ] && vgchange -an "$VG" 2>/dev/null || true
          [ -n "$VG" ] && vgremove -f "$VG" 2>/dev/null || true
        done
        pvremove -ff "$DEV" 2>/dev/null || true
        # Wipe ALL signatures (filesystem, RAID, LVM, Ceph BlueStore)
        wipefs -af "$DEV" 2>/dev/null || true
        # Zero first 100MB (GPT header, LVM PV header, BlueStore superblock)
        dd if=/dev/zero of="$DEV" bs=1M count=100 2>/dev/null || true
        # Zero last 100MB (backup GPT, BlueStore label at end of device)
        DEV_SIZE=$(blockdev --getsize64 "$DEV" 2>/dev/null || echo 0)
        if [ "$DEV_SIZE" -gt 104857600 ]; then
          dd if=/dev/zero of="$DEV" bs=1M count=100    seek=$(( (DEV_SIZE / 1048576) - 100 )) 2>/dev/null || true
        fi
        # Zap GPT/MBR partition table
        sgdisk --zap-all "$DEV" 2>/dev/null || true
        partprobe "$DEV" 2>/dev/null || true
        echo "WIPED: $DEV"
    delta: '0:00:22.992505'
    end: '2026-06-05 04:40:20.785054'
    item: /dev/vdc
    msg: ''
    rc: 0
    start: '2026-06-05 04:39:57.792549'
    stderr: ''
    stderr_lines: <omitted>
    stdout: |4-
          Labels on physical volume "/dev/vdc" successfully wiped.
        Creating new GPT entries in memory.
        GPT data structures destroyed! You may now partition the disk using fdisk or
        other utilities.
        WIPED: /dev/vdc
    stdout_lines: <omitted>
changed: [Host12_2] => (item=/dev/vdc) =>
    ansible_loop_var: item
    changed: true
    cmd: |-
        DEV=/dev/vdc
        DEVNAME=$(basename "$DEV")
        [ -b "$DEV" ] || { echo "SKIP (not found): $DEV"; exit 0; }
        # Remove device-mapper entries held by this device
        for dm in $(ls /sys/block/$DEVNAME/holders/ 2>/dev/null); do
          dmsetup remove -f "$dm" 2>/dev/null || true
        done
        # Deactivate LVM VGs, then remove PV label
        pvs "$DEV" --noheadings -o vg_name 2>/dev/null | while read VG; do
          [ -n "$VG" ] && vgchange -an "$VG" 2>/dev/null || true
          [ -n "$VG" ] && vgremove -f "$VG" 2>/dev/null || true
        done
        pvremove -ff "$DEV" 2>/dev/null || true
        # Wipe ALL signatures (filesystem, RAID, LVM, Ceph BlueStore)
        wipefs -af "$DEV" 2>/dev/null || true
        # Zero first 100MB (GPT header, LVM PV header, BlueStore superblock)
        dd if=/dev/zero of="$DEV" bs=1M count=100 2>/dev/null || true
        # Zero last 100MB (backup GPT, BlueStore label at end of device)
        DEV_SIZE=$(blockdev --getsize64 "$DEV" 2>/dev/null || echo 0)
        if [ "$DEV_SIZE" -gt 104857600 ]; then
          dd if=/dev/zero of="$DEV" bs=1M count=100    seek=$(( (DEV_SIZE / 1048576) - 100 )) 2>/dev/null || true
        fi
        # Zap GPT/MBR partition table
        sgdisk --zap-all "$DEV" 2>/dev/null || true
        partprobe "$DEV" 2>/dev/null || true
        echo "WIPED: $DEV"
    delta: '0:00:23.116968'
    end: '2026-06-05 04:40:29.433152'
    item: /dev/vdc
    msg: ''
    rc: 0
    start: '2026-06-05 04:40:06.316184'
    stderr: ''
    stderr_lines: <omitted>
    stdout: |4-
          Labels on physical volume "/dev/vdc" successfully wiped.
        Creating new GPT entries in memory.
        GPT data structures destroyed! You may now partition the disk using fdisk or
        other utilities.
        WIPED: /dev/vdc
    stdout_lines: <omitted>
changed: [Host12_3] => (item=/dev/vdc) =>
    ansible_loop_var: item
    changed: true
    cmd: |-
        DEV=/dev/vdc
        DEVNAME=$(basename "$DEV")
        [ -b "$DEV" ] || { echo "SKIP (not found): $DEV"; exit 0; }
        # Remove device-mapper entries held by this device
        for dm in $(ls /sys/block/$DEVNAME/holders/ 2>/dev/null); do
          dmsetup remove -f "$dm" 2>/dev/null || true
        done
        # Deactivate LVM VGs, then remove PV label
        pvs "$DEV" --noheadings -o vg_name 2>/dev/null | while read VG; do
          [ -n "$VG" ] && vgchange -an "$VG" 2>/dev/null || true
          [ -n "$VG" ] && vgremove -f "$VG" 2>/dev/null || true
        done
        pvremove -ff "$DEV" 2>/dev/null || true
        # Wipe ALL signatures (filesystem, RAID, LVM, Ceph BlueStore)
        wipefs -af "$DEV" 2>/dev/null || true
        # Zero first 100MB (GPT header, LVM PV header, BlueStore superblock)
        dd if=/dev/zero of="$DEV" bs=1M count=100 2>/dev/null || true
        # Zero last 100MB (backup GPT, BlueStore label at end of device)
        DEV_SIZE=$(blockdev --getsize64 "$DEV" 2>/dev/null || echo 0)
        if [ "$DEV_SIZE" -gt 104857600 ]; then
          dd if=/dev/zero of="$DEV" bs=1M count=100    seek=$(( (DEV_SIZE / 1048576) - 100 )) 2>/dev/null || true
        fi
        # Zap GPT/MBR partition table
        sgdisk --zap-all "$DEV" 2>/dev/null || true
        partprobe "$DEV" 2>/dev/null || true
        echo "WIPED: $DEV"
    delta: '0:00:26.862676'
    end: '2026-06-05 04:40:36.051427'
    item: /dev/vdc
    msg: ''
    rc: 0
    start: '2026-06-05 04:40:09.188751'
    stderr: ''
    stderr_lines: <omitted>
    stdout: |4-
          Labels on physical volume "/dev/vdc" successfully wiped.
        Creating new GPT entries in memory.
        GPT data structures destroyed! You may now partition the disk using fdisk or
        other utilities.
        WIPED: /dev/vdc
    stdout_lines: <omitted>
changed: [Host34_2] => (item=/dev/vdc) =>
    ansible_loop_var: item
    changed: true
    cmd: |-
        DEV=/dev/vdc
        DEVNAME=$(basename "$DEV")
        [ -b "$DEV" ] || { echo "SKIP (not found): $DEV"; exit 0; }
        # Remove device-mapper entries held by this device
        for dm in $(ls /sys/block/$DEVNAME/holders/ 2>/dev/null); do
          dmsetup remove -f "$dm" 2>/dev/null || true
        done
        # Deactivate LVM VGs, then remove PV label
        pvs "$DEV" --noheadings -o vg_name 2>/dev/null | while read VG; do
          [ -n "$VG" ] && vgchange -an "$VG" 2>/dev/null || true
          [ -n "$VG" ] && vgremove -f "$VG" 2>/dev/null || true
        done
        pvremove -ff "$DEV" 2>/dev/null || true
        # Wipe ALL signatures (filesystem, RAID, LVM, Ceph BlueStore)
        wipefs -af "$DEV" 2>/dev/null || true
        # Zero first 100MB (GPT header, LVM PV header, BlueStore superblock)
        dd if=/dev/zero of="$DEV" bs=1M count=100 2>/dev/null || true
        # Zero last 100MB (backup GPT, BlueStore label at end of device)
        DEV_SIZE=$(blockdev --getsize64 "$DEV" 2>/dev/null || echo 0)
        if [ "$DEV_SIZE" -gt 104857600 ]; then
          dd if=/dev/zero of="$DEV" bs=1M count=100    seek=$(( (DEV_SIZE / 1048576) - 100 )) 2>/dev/null || true
        fi
        # Zap GPT/MBR partition table
        sgdisk --zap-all "$DEV" 2>/dev/null || true
        partprobe "$DEV" 2>/dev/null || true
        echo "WIPED: $DEV"
    delta: '0:00:29.421007'
    end: '2026-06-05 04:40:38.576296'
    item: /dev/vdc
    msg: ''
    rc: 0
    start: '2026-06-05 04:40:09.155289'
    stderr: ''
    stderr_lines: <omitted>
    stdout: |4-
          Labels on physical volume "/dev/vdc" successfully wiped.
        Creating new GPT entries in memory.
        GPT data structures destroyed! You may now partition the disk using fdisk or
        other utilities.
        WIPED: /dev/vdc
    stdout_lines: <omitted>
changed: [Host34_1] => (item=/dev/vdc) =>
    ansible_loop_var: item
    changed: true
    cmd: |-
        DEV=/dev/vdc
        DEVNAME=$(basename "$DEV")
        [ -b "$DEV" ] || { echo "SKIP (not found): $DEV"; exit 0; }
        # Remove device-mapper entries held by this device
        for dm in $(ls /sys/block/$DEVNAME/holders/ 2>/dev/null); do
          dmsetup remove -f "$dm" 2>/dev/null || true
        done
        # Deactivate LVM VGs, then remove PV label
        pvs "$DEV" --noheadings -o vg_name 2>/dev/null | while read VG; do
          [ -n "$VG" ] && vgchange -an "$VG" 2>/dev/null || true
          [ -n "$VG" ] && vgremove -f "$VG" 2>/dev/null || true
        done
        pvremove -ff "$DEV" 2>/dev/null || true
        # Wipe ALL signatures (filesystem, RAID, LVM, Ceph BlueStore)
        wipefs -af "$DEV" 2>/dev/null || true
        # Zero first 100MB (GPT header, LVM PV header, BlueStore superblock)
        dd if=/dev/zero of="$DEV" bs=1M count=100 2>/dev/null || true
        # Zero last 100MB (backup GPT, BlueStore label at end of device)
        DEV_SIZE=$(blockdev --getsize64 "$DEV" 2>/dev/null || echo 0)
        if [ "$DEV_SIZE" -gt 104857600 ]; then
          dd if=/dev/zero of="$DEV" bs=1M count=100    seek=$(( (DEV_SIZE / 1048576) - 100 )) 2>/dev/null || true
        fi
        # Zap GPT/MBR partition table
        sgdisk --zap-all "$DEV" 2>/dev/null || true
        partprobe "$DEV" 2>/dev/null || true
        echo "WIPED: $DEV"
    delta: '0:00:35.121123'
    end: '2026-06-05 04:40:46.403184'
    item: /dev/vdc
    msg: ''
    rc: 0
    start: '2026-06-05 04:40:11.282061'
    stderr: ''
    stderr_lines: <omitted>
    stdout: |4-
          Labels on physical volume "/dev/vdc" successfully wiped.
        Creating new GPT entries in memory.
        GPT data structures destroyed! You may now partition the disk using fdisk or
        other utilities.
        WIPED: /dev/vdc
    stdout_lines: <omitted>
changed: [HostB12_1] => (item=/dev/vdb) =>
    ansible_loop_var: item
    changed: true
    cmd: |-
        DEV=/dev/vdb
        DEVNAME=$(basename "$DEV")
        [ -b "$DEV" ] || { echo "SKIP (not found): $DEV"; exit 0; }
        # Remove device-mapper entries held by this device
        for dm in $(ls /sys/block/$DEVNAME/holders/ 2>/dev/null); do
          dmsetup remove -f "$dm" 2>/dev/null || true
        done
        # Deactivate LVM VGs, then remove PV label
        pvs "$DEV" --noheadings -o vg_name 2>/dev/null | while read VG; do
          [ -n "$VG" ] && vgchange -an "$VG" 2>/dev/null || true
          [ -n "$VG" ] && vgremove -f "$VG" 2>/dev/null || true
        done
        pvremove -ff "$DEV" 2>/dev/null || true
        # Wipe ALL signatures (filesystem, RAID, LVM, Ceph BlueStore)
        wipefs -af "$DEV" 2>/dev/null || true
        # Zero first 100MB (GPT header, LVM PV header, BlueStore superblock)
        dd if=/dev/zero of="$DEV" bs=1M count=100 2>/dev/null || true
        # Zero last 100MB (backup GPT, BlueStore label at end of device)
        DEV_SIZE=$(blockdev --getsize64 "$DEV" 2>/dev/null || echo 0)
        if [ "$DEV_SIZE" -gt 104857600 ]; then
          dd if=/dev/zero of="$DEV" bs=1M count=100    seek=$(( (DEV_SIZE / 1048576) - 100 )) 2>/dev/null || true
        fi
        # Zap GPT/MBR partition table
        sgdisk --zap-all "$DEV" 2>/dev/null || true
        partprobe "$DEV" 2>/dev/null || true
        echo "WIPED: $DEV"
    delta: '0:00:22.625115'
    end: '2026-06-05 04:40:46.956286'
    item: /dev/vdb
    msg: ''
    rc: 0
    start: '2026-06-05 04:40:24.331171'
    stderr: ''
    stderr_lines: <omitted>
    stdout: |4-
          Labels on physical volume "/dev/vdb" successfully wiped.
        Creating new GPT entries in memory.
        GPT data structures destroyed! You may now partition the disk using fdisk or
        other utilities.
        WIPED: /dev/vdb
    stdout_lines: <omitted>

TASK [TEARDOWN | Remove ALL device-mapper entries] **************************************************************************************************************************************************************
changed: [Host12_1] =>
    changed: true
    cmd: |-
        dmsetup remove_all 2>/dev/null || true
    delta: '0:00:00.012051'
    end: '2026-06-05 04:40:50.179378'
    msg: ''
    rc: 0
    start: '2026-06-05 04:40:50.167327'
    stderr: ''
    stderr_lines: <omitted>
    stdout: ''
    stdout_lines: <omitted>
changed: [Host34_1] =>
    changed: true
    cmd: |-
        dmsetup remove_all 2>/dev/null || true
    delta: '0:00:00.011544'
    end: '2026-06-05 04:40:50.473429'
    msg: ''
    rc: 0
    start: '2026-06-05 04:40:50.461885'
    stderr: ''
    stderr_lines: <omitted>
    stdout: ''
    stdout_lines: <omitted>
changed: [Host34_2] =>
    changed: true
    cmd: |-
        dmsetup remove_all 2>/dev/null || true
    delta: '0:00:00.022615'
    end: '2026-06-05 04:40:50.560021'
    msg: ''
    rc: 0
    start: '2026-06-05 04:40:50.537406'
    stderr: ''
    stderr_lines: <omitted>
    stdout: ''
    stdout_lines: <omitted>
changed: [Host12_2] =>
    changed: true
    cmd: |-
        dmsetup remove_all 2>/dev/null || true
    delta: '0:00:00.010550'
    end: '2026-06-05 04:40:50.864984'
    msg: ''
    rc: 0
    start: '2026-06-05 04:40:50.854434'
    stderr: ''
    stderr_lines: <omitted>
    stdout: ''
    stdout_lines: <omitted>
changed: [Host12_3] =>
    changed: true
    cmd: |-
        dmsetup remove_all 2>/dev/null || true
    delta: '0:00:00.012772'
    end: '2026-06-05 04:40:50.946515'
    msg: ''
    rc: 0
    start: '2026-06-05 04:40:50.933743'
    stderr: ''
    stderr_lines: <omitted>
    stdout: ''
    stdout_lines: <omitted>
changed: [HostB12_1] =>
    changed: true
    cmd: |-
        dmsetup remove_all 2>/dev/null || true
    delta: '0:00:00.011944'
    end: '2026-06-05 04:40:52.582745'
    msg: ''
    rc: 0
    start: '2026-06-05 04:40:52.570801'
    stderr: ''
    stderr_lines: <omitted>
    stdout: ''
    stdout_lines: <omitted>

TASK [TEARDOWN | Remove Rook data directory] ********************************************************************************************************************************************************************
ok: [Host34_1] =>
    changed: false
    path: /var/lib/rook
    state: absent
changed: [Host34_2] =>
    changed: true
    path: /var/lib/rook
    state: absent
ok: [Host12_3] =>
    changed: false
    path: /var/lib/rook
    state: absent
ok: [Host12_2] =>
    changed: false
    path: /var/lib/rook
    state: absent
ok: [Host12_1] =>
    changed: false
    path: /var/lib/rook
    state: absent
changed: [HostB12_1] =>
    changed: true
    path: /var/lib/rook
    state: absent

TASK [TEARDOWN | Remove Ceph data directories] ******************************************************************************************************************************************************************
changed: [Host12_1] =>
    changed: true
    cmd: |-
        rm -rf /var/lib/ceph 2>/dev/null || true
        rm -rf /etc/ceph 2>/dev/null || true
    delta: '0:00:00.011939'
    end: '2026-06-05 04:41:01.896206'
    msg: ''
    rc: 0
    start: '2026-06-05 04:41:01.884267'
    stderr: ''
    stderr_lines: <omitted>
    stdout: ''
    stdout_lines: <omitted>
changed: [Host12_3] =>
    changed: true
    cmd: |-
        rm -rf /var/lib/ceph 2>/dev/null || true
        rm -rf /etc/ceph 2>/dev/null || true
    delta: '0:00:00.014258'
    end: '2026-06-05 04:41:02.236380'
    msg: ''
    rc: 0
    start: '2026-06-05 04:41:02.222122'
    stderr: ''
    stderr_lines: <omitted>
    stdout: ''
    stdout_lines: <omitted>
changed: [Host34_1] =>
    changed: true
    cmd: |-
        rm -rf /var/lib/ceph 2>/dev/null || true
        rm -rf /etc/ceph 2>/dev/null || true
    delta: '0:00:00.016679'
    end: '2026-06-05 04:41:02.280905'
    msg: ''
    rc: 0
    start: '2026-06-05 04:41:02.264226'
    stderr: ''
    stderr_lines: <omitted>
    stdout: ''
    stdout_lines: <omitted>
changed: [Host12_2] =>
    changed: true
    cmd: |-
        rm -rf /var/lib/ceph 2>/dev/null || true
        rm -rf /etc/ceph 2>/dev/null || true
    delta: '0:00:00.012646'
    end: '2026-06-05 04:41:02.407172'
    msg: ''
    rc: 0
    start: '2026-06-05 04:41:02.394526'
    stderr: ''
    stderr_lines: <omitted>
    stdout: ''
    stdout_lines: <omitted>
changed: [Host34_2] =>
    changed: true
    cmd: |-
        rm -rf /var/lib/ceph 2>/dev/null || true
        rm -rf /etc/ceph 2>/dev/null || true
    delta: '0:00:00.012574'
    end: '2026-06-05 04:41:02.433586'
    msg: ''
    rc: 0
    start: '2026-06-05 04:41:02.421012'
    stderr: ''
    stderr_lines: <omitted>
    stdout: ''
    stdout_lines: <omitted>
changed: [HostB12_1] =>
    changed: true
    cmd: |-
        rm -rf /var/lib/ceph 2>/dev/null || true
        rm -rf /etc/ceph 2>/dev/null || true
    delta: '0:00:00.011545'
    end: '2026-06-05 04:41:04.335025'
    msg: ''
    rc: 0
    start: '2026-06-05 04:41:04.323480'
    stderr: ''
    stderr_lines: <omitted>
    stdout: ''
    stdout_lines: <omitted>

TASK [TEARDOWN | Complete] **************************************************************************************************************************************************************************************
ok: [Host12_2] =>
    msg: |-
        ╔══════════════════════════════════════════════════════════════╗
        ║  TEARDOWN COMPLETE — Ceph fully removed from this cluster   ║
        ╠══════════════════════════════════════════════════════════════╣
        ║  • Helm releases removed                                    ║
        ║  • All Ceph CRs + finalizers stripped                       ║
        ║  • All pods force-deleted                                   ║
        ║  • CRDs deleted                                             ║
        ║  • Namespace force-finalized                                ║
        ║  • StorageClasses removed                                   ║
        ║  • Node labels cleaned                                      ║
        ║  • OSD disks fully wiped (pvremove + wipefs + zero + sgdisk)║
        ║  • /var/lib/rook + /var/lib/ceph + /etc/ceph removed        ║
        ║                                                             ║
        ║  Ready for fresh deploy:                                    ║
        ║    ansible-playbook playbooks/reused/deploy_ceph_rook.yml \ ║
        ║      -i inventory/hosts.yml -v                              ║
        ╚══════════════════════════════════════════════════════════════╝
ok: [Host12_1] =>
    msg: |-
        ╔══════════════════════════════════════════════════════════════╗
        ║  TEARDOWN COMPLETE — Ceph fully removed from this cluster   ║
        ╠══════════════════════════════════════════════════════════════╣
        ║  • Helm releases removed                                    ║
        ║  • All Ceph CRs + finalizers stripped                       ║
        ║  • All pods force-deleted                                   ║
        ║  • CRDs deleted                                             ║
        ║  • Namespace force-finalized                                ║
        ║  • StorageClasses removed                                   ║
        ║  • Node labels cleaned                                      ║
        ║  • OSD disks fully wiped (pvremove + wipefs + zero + sgdisk)║
        ║  • /var/lib/rook + /var/lib/ceph + /etc/ceph removed        ║
        ║                                                             ║
        ║  Ready for fresh deploy:                                    ║
        ║    ansible-playbook playbooks/reused/deploy_ceph_rook.yml \ ║
        ║      -i inventory/hosts.yml -v                              ║
        ╚══════════════════════════════════════════════════════════════╝
ok: [Host12_3] =>
    msg: |-
        ╔══════════════════════════════════════════════════════════════╗
        ║  TEARDOWN COMPLETE — Ceph fully removed from this cluster   ║
        ╠══════════════════════════════════════════════════════════════╣
        ║  • Helm releases removed                                    ║
        ║  • All Ceph CRs + finalizers stripped                       ║
        ║  • All pods force-deleted                                   ║
        ║  • CRDs deleted                                             ║
        ║  • Namespace force-finalized                                ║
        ║  • StorageClasses removed                                   ║
        ║  • Node labels cleaned                                      ║
        ║  • OSD disks fully wiped (pvremove + wipefs + zero + sgdisk)║
        ║  • /var/lib/rook + /var/lib/ceph + /etc/ceph removed        ║
        ║                                                             ║
        ║  Ready for fresh deploy:                                    ║
        ║    ansible-playbook playbooks/reused/deploy_ceph_rook.yml \ ║
        ║      -i inventory/hosts.yml -v                              ║
        ╚══════════════════════════════════════════════════════════════╝
ok: [Host34_1] =>
    msg: |-
        ╔══════════════════════════════════════════════════════════════╗
        ║  TEARDOWN COMPLETE — Ceph fully removed from this cluster   ║
        ╠══════════════════════════════════════════════════════════════╣
        ║  • Helm releases removed                                    ║
        ║  • All Ceph CRs + finalizers stripped                       ║
        ║  • All pods force-deleted                                   ║
        ║  • CRDs deleted                                             ║
        ║  • Namespace force-finalized                                ║
        ║  • StorageClasses removed                                   ║
        ║  • Node labels cleaned                                      ║
        ║  • OSD disks fully wiped (pvremove + wipefs + zero + sgdisk)║
        ║  • /var/lib/rook + /var/lib/ceph + /etc/ceph removed        ║
        ║                                                             ║
        ║  Ready for fresh deploy:                                    ║
        ║    ansible-playbook playbooks/reused/deploy_ceph_rook.yml \ ║
        ║      -i inventory/hosts.yml -v                              ║
        ╚══════════════════════════════════════════════════════════════╝
ok: [Host34_2] =>
    msg: |-
        ╔══════════════════════════════════════════════════════════════╗
        ║  TEARDOWN COMPLETE — Ceph fully removed from this cluster   ║
        ╠══════════════════════════════════════════════════════════════╣
        ║  • Helm releases removed                                    ║
        ║  • All Ceph CRs + finalizers stripped                       ║
        ║  • All pods force-deleted                                   ║
        ║  • CRDs deleted                                             ║
        ║  • Namespace force-finalized                                ║
        ║  • StorageClasses removed                                   ║
        ║  • Node labels cleaned                                      ║
        ║  • OSD disks fully wiped (pvremove + wipefs + zero + sgdisk)║
        ║  • /var/lib/rook + /var/lib/ceph + /etc/ceph removed        ║
        ║                                                             ║
        ║  Ready for fresh deploy:                                    ║
        ║    ansible-playbook playbooks/reused/deploy_ceph_rook.yml \ ║
        ║      -i inventory/hosts.yml -v                              ║
        ╚══════════════════════════════════════════════════════════════╝
ok: [HostB12_1] =>
    msg: |-
        ╔══════════════════════════════════════════════════════════════╗
        ║  TEARDOWN COMPLETE — Ceph fully removed from this cluster   ║
        ╠══════════════════════════════════════════════════════════════╣
        ║  • Helm releases removed                                    ║
        ║  • All Ceph CRs + finalizers stripped                       ║
        ║  • All pods force-deleted                                   ║
        ║  • CRDs deleted                                             ║
        ║  • Namespace force-finalized                                ║
        ║  • StorageClasses removed                                   ║
        ║  • Node labels cleaned                                      ║
        ║  • OSD disks fully wiped (pvremove + wipefs + zero + sgdisk)║
        ║  • /var/lib/rook + /var/lib/ceph + /etc/ceph removed        ║
        ║                                                             ║
        ║  Ready for fresh deploy:                                    ║
        ║    ansible-playbook playbooks/reused/deploy_ceph_rook.yml \ ║
        ║      -i inventory/hosts.yml -v                              ║
        ╚══════════════════════════════════════════════════════════════╝

PLAY RECAP ******************************************************************************************************************************************************************************************************
Host12_1                   : ok=19   changed=14   unreachable=0    failed=0    skipped=0    rescued=0    ignored=0
Host12_2                   : ok=6    changed=3    unreachable=0    failed=0    skipped=0    rescued=0    ignored=0
Host12_3                   : ok=6    changed=3    unreachable=0    failed=0    skipped=0    rescued=0    ignored=0
Host34_1                   : ok=6    changed=3    unreachable=0    failed=0    skipped=0    rescued=0    ignored=0
Host34_2                   : ok=6    changed=4    unreachable=0    failed=0    skipped=0    rescued=0    ignored=0
HostB12_1                  : ok=6    changed=4    unreachable=0    failed=0    skipped=0    rescued=0    ignored=0

(venv) nh1221@Lab-ControlNode:/mnt/c/Users/nh1221/data-center/_v3$ ansible-playbook playbooks/reused/deploy_ceph_rook.yml -i inventory/hosts.yml -v
Using /mnt/c/Users/nh1221/data-center/_v3/ansible.cfg as config file

PLAY [Phase 0: Prepare OSD Nodes for Rook] **********************************************************************************************************************************************************************

TASK [Gathering Facts] ******************************************************************************************************************************************************************************************
ok: [Host12_1]
ok: [Host12_2]
ok: [Host34_1]
ok: [Host34_2]
ok: [Host12_3]
ok: [HostB12_1]

TASK [Load required kernel modules for Ceph] ********************************************************************************************************************************************************************
ok: [Host34_1] => (item=rbd) =>
    ansible_loop_var: item
    changed: false
    item: rbd
    name: rbd
    params: ''
    state: present
ok: [Host12_1] => (item=rbd) =>
    ansible_loop_var: item
    changed: false
    item: rbd
    name: rbd
    params: ''
    state: present
ok: [Host12_3] => (item=rbd) =>
    ansible_loop_var: item
    changed: false
    item: rbd
    name: rbd
    params: ''
    state: present
ok: [Host34_2] => (item=rbd) =>
    ansible_loop_var: item
    changed: false
    item: rbd
    name: rbd
    params: ''
    state: present
ok: [Host12_2] => (item=rbd) =>
    ansible_loop_var: item
    changed: false
    item: rbd
    name: rbd
    params: ''
    state: present
ok: [Host12_1] => (item=ceph) =>
    ansible_loop_var: item
    changed: false
    item: ceph
    name: ceph
    params: ''
    state: present
ok: [Host34_1] => (item=ceph) =>
    ansible_loop_var: item
    changed: false
    item: ceph
    name: ceph
    params: ''
    state: present
ok: [Host34_2] => (item=ceph) =>
    ansible_loop_var: item
    changed: false
    item: ceph
    name: ceph
    params: ''
    state: present
ok: [Host12_3] => (item=ceph) =>
    ansible_loop_var: item
    changed: false
    item: ceph
    name: ceph
    params: ''
    state: present
ok: [Host12_2] => (item=ceph) =>
    ansible_loop_var: item
    changed: false
    item: ceph
    name: ceph
    params: ''
    state: present
ok: [HostB12_1] => (item=rbd) =>
    ansible_loop_var: item
    changed: false
    item: rbd
    name: rbd
    params: ''
    state: present
ok: [HostB12_1] => (item=ceph) =>
    ansible_loop_var: item
    changed: false
    item: ceph
    name: ceph
    params: ''
    state: present

TASK [Persist kernel modules across reboots] ********************************************************************************************************************************************************************
ok: [Host12_3] => (item=rbd) =>
    ansible_loop_var: item
    backup: ''
    changed: false
    item: rbd
    msg: ''
ok: [Host34_1] => (item=rbd) =>
    ansible_loop_var: item
    backup: ''
    changed: false
    item: rbd
    msg: ''
ok: [Host12_1] => (item=rbd) =>
    ansible_loop_var: item
    backup: ''
    changed: false
    item: rbd
    msg: ''
ok: [Host12_2] => (item=rbd) =>
    ansible_loop_var: item
    backup: ''
    changed: false
    item: rbd
    msg: ''
ok: [Host34_2] => (item=rbd) =>
    ansible_loop_var: item
    backup: ''
    changed: false
    item: rbd
    msg: ''
ok: [Host12_3] => (item=ceph) =>
    ansible_loop_var: item
    backup: ''
    changed: false
    item: ceph
    msg: ''
ok: [Host34_1] => (item=ceph) =>
    ansible_loop_var: item
    backup: ''
    changed: false
    item: ceph
    msg: ''
ok: [Host12_1] => (item=ceph) =>
    ansible_loop_var: item
    backup: ''
    changed: false
    item: ceph
    msg: ''
ok: [Host12_2] => (item=ceph) =>
    ansible_loop_var: item
    backup: ''
    changed: false
    item: ceph
    msg: ''
ok: [Host34_2] => (item=ceph) =>
    ansible_loop_var: item
    backup: ''
    changed: false
    item: ceph
    msg: ''
ok: [HostB12_1] => (item=rbd) =>
    ansible_loop_var: item
    backup: ''
    changed: false
    item: rbd
    msg: ''
ok: [HostB12_1] => (item=ceph) =>
    ansible_loop_var: item
    backup: ''
    changed: false
    item: ceph
    msg: ''

TASK [Install lvm2 (required for Ceph OSD LVM mode)] ************************************************************************************************************************************************************
ok: [Host34_1] =>
    cache_update_time: 1780544240
    cache_updated: false
    changed: false
ok: [Host34_2] =>
    cache_update_time: 1780549856
    cache_updated: false
    changed: false
ok: [Host12_2] =>
    cache_update_time: 1780582606
    cache_updated: false
    changed: false
ok: [Host12_3] =>
    cache_update_time: 1780623594
    cache_updated: false
    changed: false
ok: [Host12_1] =>
    cache_update_time: 1780587050
    cache_updated: false
    changed: false
ok: [HostB12_1] =>
    cache_update_time: 1780566326
    cache_updated: false
    changed: false

TASK [Build OSD device list] ************************************************************************************************************************************************************************************
ok: [Host12_1] =>
    ansible_facts:
        _osd_devices:
        - /dev/vdb
        - /dev/vdc
    changed: false
ok: [Host12_2] =>
    ansible_facts:
        _osd_devices:
        - /dev/vdb
        - /dev/vdc
    changed: false
ok: [Host12_3] =>
    ansible_facts:
        _osd_devices:
        - /dev/vdb
        - /dev/vdc
    changed: false
ok: [Host34_1] =>
    ansible_facts:
        _osd_devices:
        - /dev/vdb
        - /dev/vdc
    changed: false
ok: [Host34_2] =>
    ansible_facts:
        _osd_devices:
        - /dev/vdb
        - /dev/vdc
    changed: false
ok: [HostB12_1] =>
    ansible_facts:
        _osd_devices:
        - /dev/vdb
    changed: false

TASK [Wipe OSD devices (full LVM + BlueStore cleanup)] **********************************************************************************************************************************************************
changed: [Host12_1] => (item=/dev/vdb) =>
    ansible_loop_var: item
    changed: true
    cmd: |-
        DEV=/dev/vdb
        DEVNAME=$(basename "$DEV")
        # Check device existence via sysfs (works regardless of DM/LVM state)
        if [ ! -d "/sys/block/$DEVNAME" ]; then
          echo "SKIP (not found): $DEV"
          exit 0
        fi
        # Check if mounted (use findmnt which doesn't choke on stale DM)
        if findmnt -rn -S "$DEV" >/dev/null 2>&1; then
          echo "SKIP (mounted): $DEV"
          exit 0
        fi
        # Remove any stale device-mapper entries (LVM from previous Ceph OSD)
        for dm in $(ls /sys/block/$DEVNAME/holders/ 2>/dev/null); do
          dmsetup remove -f "$dm" 2>/dev/null || true
        done
        # Deactivate any LVM VGs on this device, then remove PV label
        pvs "$DEV" --noheadings -o vg_name 2>/dev/null | while read VG; do
          [ -n "$VG" ] && vgchange -an "$VG" 2>/dev/null || true
          [ -n "$VG" ] && vgremove -f "$VG" 2>/dev/null || true
        done
        pvremove -ff "$DEV" 2>/dev/null || true
        # Wipe all filesystem/RAID/LVM/Ceph signatures
        wipefs -af "$DEV" 2>/dev/null || true
        # Zero first 100MB (GPT, LVM headers, BlueStore superblock)
        dd if=/dev/zero of="$DEV" bs=1M count=100 2>/dev/null || true
        # Zero last 100MB (backup GPT, Ceph BlueStore label at end of device)
        DEV_SIZE=$(blockdev --getsize64 "$DEV" 2>/dev/null || echo 0)
        if [ "$DEV_SIZE" -gt 104857600 ]; then
          dd if=/dev/zero of="$DEV" bs=1M count=100 seek=$(( (DEV_SIZE / 1048576) - 100 )) 2>/dev/null || true
        fi
        sgdisk --zap-all "$DEV" 2>/dev/null || true
        partprobe "$DEV" 2>/dev/null || true
        echo "WIPED: $DEV"
    delta: '0:00:24.734842'
    end: '2026-06-05 04:42:38.512417'
    item: /dev/vdb
    msg: ''
    rc: 0
    start: '2026-06-05 04:42:13.777575'
    stderr: ''
    stderr_lines: <omitted>
    stdout: |4-
          Labels on physical volume "/dev/vdb" successfully wiped.
        Creating new GPT entries in memory.
        GPT data structures destroyed! You may now partition the disk using fdisk or
        other utilities.
        WIPED: /dev/vdb
    stdout_lines: <omitted>
changed: [Host34_2] => (item=/dev/vdb) =>
    ansible_loop_var: item
    changed: true
    cmd: |-
        DEV=/dev/vdb
        DEVNAME=$(basename "$DEV")
        # Check device existence via sysfs (works regardless of DM/LVM state)
        if [ ! -d "/sys/block/$DEVNAME" ]; then
          echo "SKIP (not found): $DEV"
          exit 0
        fi
        # Check if mounted (use findmnt which doesn't choke on stale DM)
        if findmnt -rn -S "$DEV" >/dev/null 2>&1; then
          echo "SKIP (mounted): $DEV"
          exit 0
        fi
        # Remove any stale device-mapper entries (LVM from previous Ceph OSD)
        for dm in $(ls /sys/block/$DEVNAME/holders/ 2>/dev/null); do
          dmsetup remove -f "$dm" 2>/dev/null || true
        done
        # Deactivate any LVM VGs on this device, then remove PV label
        pvs "$DEV" --noheadings -o vg_name 2>/dev/null | while read VG; do
          [ -n "$VG" ] && vgchange -an "$VG" 2>/dev/null || true
          [ -n "$VG" ] && vgremove -f "$VG" 2>/dev/null || true
        done
        pvremove -ff "$DEV" 2>/dev/null || true
        # Wipe all filesystem/RAID/LVM/Ceph signatures
        wipefs -af "$DEV" 2>/dev/null || true
        # Zero first 100MB (GPT, LVM headers, BlueStore superblock)
        dd if=/dev/zero of="$DEV" bs=1M count=100 2>/dev/null || true
        # Zero last 100MB (backup GPT, Ceph BlueStore label at end of device)
        DEV_SIZE=$(blockdev --getsize64 "$DEV" 2>/dev/null || echo 0)
        if [ "$DEV_SIZE" -gt 104857600 ]; then
          dd if=/dev/zero of="$DEV" bs=1M count=100 seek=$(( (DEV_SIZE / 1048576) - 100 )) 2>/dev/null || true
        fi
        sgdisk --zap-all "$DEV" 2>/dev/null || true
        partprobe "$DEV" 2>/dev/null || true
        echo "WIPED: $DEV"
    delta: '0:00:30.648099'
    end: '2026-06-05 04:42:44.716667'
    item: /dev/vdb
    msg: ''
    rc: 0
    start: '2026-06-05 04:42:14.068568'
    stderr: ''
    stderr_lines: <omitted>
    stdout: |4-
          Labels on physical volume "/dev/vdb" successfully wiped.
        Creating new GPT entries in memory.
        GPT data structures destroyed! You may now partition the disk using fdisk or
        other utilities.
        WIPED: /dev/vdb
    stdout_lines: <omitted>
changed: [Host12_3] => (item=/dev/vdb) =>
    ansible_loop_var: item
    changed: true
    cmd: |-
        DEV=/dev/vdb
        DEVNAME=$(basename "$DEV")
        # Check device existence via sysfs (works regardless of DM/LVM state)
        if [ ! -d "/sys/block/$DEVNAME" ]; then
          echo "SKIP (not found): $DEV"
          exit 0
        fi
        # Check if mounted (use findmnt which doesn't choke on stale DM)
        if findmnt -rn -S "$DEV" >/dev/null 2>&1; then
          echo "SKIP (mounted): $DEV"
          exit 0
        fi
        # Remove any stale device-mapper entries (LVM from previous Ceph OSD)
        for dm in $(ls /sys/block/$DEVNAME/holders/ 2>/dev/null); do
          dmsetup remove -f "$dm" 2>/dev/null || true
        done
        # Deactivate any LVM VGs on this device, then remove PV label
        pvs "$DEV" --noheadings -o vg_name 2>/dev/null | while read VG; do
          [ -n "$VG" ] && vgchange -an "$VG" 2>/dev/null || true
          [ -n "$VG" ] && vgremove -f "$VG" 2>/dev/null || true
        done
        pvremove -ff "$DEV" 2>/dev/null || true
        # Wipe all filesystem/RAID/LVM/Ceph signatures
        wipefs -af "$DEV" 2>/dev/null || true
        # Zero first 100MB (GPT, LVM headers, BlueStore superblock)
        dd if=/dev/zero of="$DEV" bs=1M count=100 2>/dev/null || true
        # Zero last 100MB (backup GPT, Ceph BlueStore label at end of device)
        DEV_SIZE=$(blockdev --getsize64 "$DEV" 2>/dev/null || echo 0)
        if [ "$DEV_SIZE" -gt 104857600 ]; then
          dd if=/dev/zero of="$DEV" bs=1M count=100 seek=$(( (DEV_SIZE / 1048576) - 100 )) 2>/dev/null || true
        fi
        sgdisk --zap-all "$DEV" 2>/dev/null || true
        partprobe "$DEV" 2>/dev/null || true
        echo "WIPED: $DEV"
    delta: '0:00:31.774179'
    end: '2026-06-05 04:42:45.736373'
    item: /dev/vdb
    msg: ''
    rc: 0
    start: '2026-06-05 04:42:13.962194'
    stderr: ''
    stderr_lines: <omitted>
    stdout: |4-
          Labels on physical volume "/dev/vdb" successfully wiped.
        Creating new GPT entries in memory.
        GPT data structures destroyed! You may now partition the disk using fdisk or
        other utilities.
        WIPED: /dev/vdb
    stdout_lines: <omitted>
changed: [Host12_2] => (item=/dev/vdb) =>
    ansible_loop_var: item
    changed: true
    cmd: |-
        DEV=/dev/vdb
        DEVNAME=$(basename "$DEV")
        # Check device existence via sysfs (works regardless of DM/LVM state)
        if [ ! -d "/sys/block/$DEVNAME" ]; then
          echo "SKIP (not found): $DEV"
          exit 0
        fi
        # Check if mounted (use findmnt which doesn't choke on stale DM)
        if findmnt -rn -S "$DEV" >/dev/null 2>&1; then
          echo "SKIP (mounted): $DEV"
          exit 0
        fi
        # Remove any stale device-mapper entries (LVM from previous Ceph OSD)
        for dm in $(ls /sys/block/$DEVNAME/holders/ 2>/dev/null); do
          dmsetup remove -f "$dm" 2>/dev/null || true
        done
        # Deactivate any LVM VGs on this device, then remove PV label
        pvs "$DEV" --noheadings -o vg_name 2>/dev/null | while read VG; do
          [ -n "$VG" ] && vgchange -an "$VG" 2>/dev/null || true
          [ -n "$VG" ] && vgremove -f "$VG" 2>/dev/null || true
        done
        pvremove -ff "$DEV" 2>/dev/null || true
        # Wipe all filesystem/RAID/LVM/Ceph signatures
        wipefs -af "$DEV" 2>/dev/null || true
        # Zero first 100MB (GPT, LVM headers, BlueStore superblock)
        dd if=/dev/zero of="$DEV" bs=1M count=100 2>/dev/null || true
        # Zero last 100MB (backup GPT, Ceph BlueStore label at end of device)
        DEV_SIZE=$(blockdev --getsize64 "$DEV" 2>/dev/null || echo 0)
        if [ "$DEV_SIZE" -gt 104857600 ]; then
          dd if=/dev/zero of="$DEV" bs=1M count=100 seek=$(( (DEV_SIZE / 1048576) - 100 )) 2>/dev/null || true
        fi
        sgdisk --zap-all "$DEV" 2>/dev/null || true
        partprobe "$DEV" 2>/dev/null || true
        echo "WIPED: $DEV"
    delta: '0:00:31.757884'
    end: '2026-06-05 04:42:45.852041'
    item: /dev/vdb
    msg: ''
    rc: 0
    start: '2026-06-05 04:42:14.094157'
    stderr: ''
    stderr_lines: <omitted>
    stdout: |4-
          Labels on physical volume "/dev/vdb" successfully wiped.
        Creating new GPT entries in memory.
        GPT data structures destroyed! You may now partition the disk using fdisk or
        other utilities.
        WIPED: /dev/vdb
    stdout_lines: <omitted>
changed: [Host34_1] => (item=/dev/vdb) =>
    ansible_loop_var: item
    changed: true
    cmd: |-
        DEV=/dev/vdb
        DEVNAME=$(basename "$DEV")
        # Check device existence via sysfs (works regardless of DM/LVM state)
        if [ ! -d "/sys/block/$DEVNAME" ]; then
          echo "SKIP (not found): $DEV"
          exit 0
        fi
        # Check if mounted (use findmnt which doesn't choke on stale DM)
        if findmnt -rn -S "$DEV" >/dev/null 2>&1; then
          echo "SKIP (mounted): $DEV"
          exit 0
        fi
        # Remove any stale device-mapper entries (LVM from previous Ceph OSD)
        for dm in $(ls /sys/block/$DEVNAME/holders/ 2>/dev/null); do
          dmsetup remove -f "$dm" 2>/dev/null || true
        done
        # Deactivate any LVM VGs on this device, then remove PV label
        pvs "$DEV" --noheadings -o vg_name 2>/dev/null | while read VG; do
          [ -n "$VG" ] && vgchange -an "$VG" 2>/dev/null || true
          [ -n "$VG" ] && vgremove -f "$VG" 2>/dev/null || true
        done
        pvremove -ff "$DEV" 2>/dev/null || true
        # Wipe all filesystem/RAID/LVM/Ceph signatures
        wipefs -af "$DEV" 2>/dev/null || true
        # Zero first 100MB (GPT, LVM headers, BlueStore superblock)
        dd if=/dev/zero of="$DEV" bs=1M count=100 2>/dev/null || true
        # Zero last 100MB (backup GPT, Ceph BlueStore label at end of device)
        DEV_SIZE=$(blockdev --getsize64 "$DEV" 2>/dev/null || echo 0)
        if [ "$DEV_SIZE" -gt 104857600 ]; then
          dd if=/dev/zero of="$DEV" bs=1M count=100 seek=$(( (DEV_SIZE / 1048576) - 100 )) 2>/dev/null || true
        fi
        sgdisk --zap-all "$DEV" 2>/dev/null || true
        partprobe "$DEV" 2>/dev/null || true
        echo "WIPED: $DEV"
    delta: '0:00:31.726288'
    end: '2026-06-05 04:42:45.867101'
    item: /dev/vdb
    msg: ''
    rc: 0
    start: '2026-06-05 04:42:14.140813'
    stderr: ''
    stderr_lines: <omitted>
    stdout: |4-
          Labels on physical volume "/dev/vdb" successfully wiped.
        Creating new GPT entries in memory.
        GPT data structures destroyed! You may now partition the disk using fdisk or
        other utilities.
        WIPED: /dev/vdb
    stdout_lines: <omitted>
changed: [Host12_1] => (item=/dev/vdc) =>
    ansible_loop_var: item
    changed: true
    cmd: |-
        DEV=/dev/vdc
        DEVNAME=$(basename "$DEV")
        # Check device existence via sysfs (works regardless of DM/LVM state)
        if [ ! -d "/sys/block/$DEVNAME" ]; then
          echo "SKIP (not found): $DEV"
          exit 0
        fi
        # Check if mounted (use findmnt which doesn't choke on stale DM)
        if findmnt -rn -S "$DEV" >/dev/null 2>&1; then
          echo "SKIP (mounted): $DEV"
          exit 0
        fi
        # Remove any stale device-mapper entries (LVM from previous Ceph OSD)
        for dm in $(ls /sys/block/$DEVNAME/holders/ 2>/dev/null); do
          dmsetup remove -f "$dm" 2>/dev/null || true
        done
        # Deactivate any LVM VGs on this device, then remove PV label
        pvs "$DEV" --noheadings -o vg_name 2>/dev/null | while read VG; do
          [ -n "$VG" ] && vgchange -an "$VG" 2>/dev/null || true
          [ -n "$VG" ] && vgremove -f "$VG" 2>/dev/null || true
        done
        pvremove -ff "$DEV" 2>/dev/null || true
        # Wipe all filesystem/RAID/LVM/Ceph signatures
        wipefs -af "$DEV" 2>/dev/null || true
        # Zero first 100MB (GPT, LVM headers, BlueStore superblock)
        dd if=/dev/zero of="$DEV" bs=1M count=100 2>/dev/null || true
        # Zero last 100MB (backup GPT, Ceph BlueStore label at end of device)
        DEV_SIZE=$(blockdev --getsize64 "$DEV" 2>/dev/null || echo 0)
        if [ "$DEV_SIZE" -gt 104857600 ]; then
          dd if=/dev/zero of="$DEV" bs=1M count=100 seek=$(( (DEV_SIZE / 1048576) - 100 )) 2>/dev/null || true
        fi
        sgdisk --zap-all "$DEV" 2>/dev/null || true
        partprobe "$DEV" 2>/dev/null || true
        echo "WIPED: $DEV"
    delta: '0:00:27.904013'
    end: '2026-06-05 04:43:08.079124'
    item: /dev/vdc
    msg: ''
    rc: 0
    start: '2026-06-05 04:42:40.175111'
    stderr: ''
    stderr_lines: <omitted>
    stdout: |4-
          Labels on physical volume "/dev/vdc" successfully wiped.
        Creating new GPT entries in memory.
        GPT data structures destroyed! You may now partition the disk using fdisk or
        other utilities.
        WIPED: /dev/vdc
    stdout_lines: <omitted>
changed: [Host12_3] => (item=/dev/vdc) =>
    ansible_loop_var: item
    changed: true
    cmd: |-
        DEV=/dev/vdc
        DEVNAME=$(basename "$DEV")
        # Check device existence via sysfs (works regardless of DM/LVM state)
        if [ ! -d "/sys/block/$DEVNAME" ]; then
          echo "SKIP (not found): $DEV"
          exit 0
        fi
        # Check if mounted (use findmnt which doesn't choke on stale DM)
        if findmnt -rn -S "$DEV" >/dev/null 2>&1; then
          echo "SKIP (mounted): $DEV"
          exit 0
        fi
        # Remove any stale device-mapper entries (LVM from previous Ceph OSD)
        for dm in $(ls /sys/block/$DEVNAME/holders/ 2>/dev/null); do
          dmsetup remove -f "$dm" 2>/dev/null || true
        done
        # Deactivate any LVM VGs on this device, then remove PV label
        pvs "$DEV" --noheadings -o vg_name 2>/dev/null | while read VG; do
          [ -n "$VG" ] && vgchange -an "$VG" 2>/dev/null || true
          [ -n "$VG" ] && vgremove -f "$VG" 2>/dev/null || true
        done
        pvremove -ff "$DEV" 2>/dev/null || true
        # Wipe all filesystem/RAID/LVM/Ceph signatures
        wipefs -af "$DEV" 2>/dev/null || true
        # Zero first 100MB (GPT, LVM headers, BlueStore superblock)
        dd if=/dev/zero of="$DEV" bs=1M count=100 2>/dev/null || true
        # Zero last 100MB (backup GPT, Ceph BlueStore label at end of device)
        DEV_SIZE=$(blockdev --getsize64 "$DEV" 2>/dev/null || echo 0)
        if [ "$DEV_SIZE" -gt 104857600 ]; then
          dd if=/dev/zero of="$DEV" bs=1M count=100 seek=$(( (DEV_SIZE / 1048576) - 100 )) 2>/dev/null || true
        fi
        sgdisk --zap-all "$DEV" 2>/dev/null || true
        partprobe "$DEV" 2>/dev/null || true
        echo "WIPED: $DEV"
    delta: '0:00:27.859739'
    end: '2026-06-05 04:43:15.462280'
    item: /dev/vdc
    msg: ''
    rc: 0
    start: '2026-06-05 04:42:47.602541'
    stderr: ''
    stderr_lines: <omitted>
    stdout: |4-
          Labels on physical volume "/dev/vdc" successfully wiped.
        Creating new GPT entries in memory.
        GPT data structures destroyed! You may now partition the disk using fdisk or
        other utilities.
        WIPED: /dev/vdc
    stdout_lines: <omitted>
changed: [Host34_2] => (item=/dev/vdc) =>
    ansible_loop_var: item
    changed: true
    cmd: |-
        DEV=/dev/vdc
        DEVNAME=$(basename "$DEV")
        # Check device existence via sysfs (works regardless of DM/LVM state)
        if [ ! -d "/sys/block/$DEVNAME" ]; then
          echo "SKIP (not found): $DEV"
          exit 0
        fi
        # Check if mounted (use findmnt which doesn't choke on stale DM)
        if findmnt -rn -S "$DEV" >/dev/null 2>&1; then
          echo "SKIP (mounted): $DEV"
          exit 0
        fi
        # Remove any stale device-mapper entries (LVM from previous Ceph OSD)
        for dm in $(ls /sys/block/$DEVNAME/holders/ 2>/dev/null); do
          dmsetup remove -f "$dm" 2>/dev/null || true
        done
        # Deactivate any LVM VGs on this device, then remove PV label
        pvs "$DEV" --noheadings -o vg_name 2>/dev/null | while read VG; do
          [ -n "$VG" ] && vgchange -an "$VG" 2>/dev/null || true
          [ -n "$VG" ] && vgremove -f "$VG" 2>/dev/null || true
        done
        pvremove -ff "$DEV" 2>/dev/null || true
        # Wipe all filesystem/RAID/LVM/Ceph signatures
        wipefs -af "$DEV" 2>/dev/null || true
        # Zero first 100MB (GPT, LVM headers, BlueStore superblock)
        dd if=/dev/zero of="$DEV" bs=1M count=100 2>/dev/null || true
        # Zero last 100MB (backup GPT, Ceph BlueStore label at end of device)
        DEV_SIZE=$(blockdev --getsize64 "$DEV" 2>/dev/null || echo 0)
        if [ "$DEV_SIZE" -gt 104857600 ]; then
          dd if=/dev/zero of="$DEV" bs=1M count=100 seek=$(( (DEV_SIZE / 1048576) - 100 )) 2>/dev/null || true
        fi
        sgdisk --zap-all "$DEV" 2>/dev/null || true
        partprobe "$DEV" 2>/dev/null || true
        echo "WIPED: $DEV"
    delta: '0:00:28.917106'
    end: '2026-06-05 04:43:15.460487'
    item: /dev/vdc
    msg: ''
    rc: 0
    start: '2026-06-05 04:42:46.543381'
    stderr: ''
    stderr_lines: <omitted>
    stdout: |4-
          Labels on physical volume "/dev/vdc" successfully wiped.
        Creating new GPT entries in memory.
        GPT data structures destroyed! You may now partition the disk using fdisk or
        other utilities.
        WIPED: /dev/vdc
    stdout_lines: <omitted>
changed: [Host12_2] => (item=/dev/vdc) =>
    ansible_loop_var: item
    changed: true
    cmd: |-
        DEV=/dev/vdc
        DEVNAME=$(basename "$DEV")
        # Check device existence via sysfs (works regardless of DM/LVM state)
        if [ ! -d "/sys/block/$DEVNAME" ]; then
          echo "SKIP (not found): $DEV"
          exit 0
        fi
        # Check if mounted (use findmnt which doesn't choke on stale DM)
        if findmnt -rn -S "$DEV" >/dev/null 2>&1; then
          echo "SKIP (mounted): $DEV"
          exit 0
        fi
        # Remove any stale device-mapper entries (LVM from previous Ceph OSD)
        for dm in $(ls /sys/block/$DEVNAME/holders/ 2>/dev/null); do
          dmsetup remove -f "$dm" 2>/dev/null || true
        done
        # Deactivate any LVM VGs on this device, then remove PV label
        pvs "$DEV" --noheadings -o vg_name 2>/dev/null | while read VG; do
          [ -n "$VG" ] && vgchange -an "$VG" 2>/dev/null || true
          [ -n "$VG" ] && vgremove -f "$VG" 2>/dev/null || true
        done
        pvremove -ff "$DEV" 2>/dev/null || true
        # Wipe all filesystem/RAID/LVM/Ceph signatures
        wipefs -af "$DEV" 2>/dev/null || true
        # Zero first 100MB (GPT, LVM headers, BlueStore superblock)
        dd if=/dev/zero of="$DEV" bs=1M count=100 2>/dev/null || true
        # Zero last 100MB (backup GPT, Ceph BlueStore label at end of device)
        DEV_SIZE=$(blockdev --getsize64 "$DEV" 2>/dev/null || echo 0)
        if [ "$DEV_SIZE" -gt 104857600 ]; then
          dd if=/dev/zero of="$DEV" bs=1M count=100 seek=$(( (DEV_SIZE / 1048576) - 100 )) 2>/dev/null || true
        fi
        sgdisk --zap-all "$DEV" 2>/dev/null || true
        partprobe "$DEV" 2>/dev/null || true
        echo "WIPED: $DEV"
    delta: '0:00:31.754672'
    end: '2026-06-05 04:43:19.600293'
    item: /dev/vdc
    msg: ''
    rc: 0
    start: '2026-06-05 04:42:47.845621'
    stderr: ''
    stderr_lines: <omitted>
    stdout: |4-
          Labels on physical volume "/dev/vdc" successfully wiped.
        Creating new GPT entries in memory.
        GPT data structures destroyed! You may now partition the disk using fdisk or
        other utilities.
        WIPED: /dev/vdc
    stdout_lines: <omitted>
changed: [Host34_1] => (item=/dev/vdc) =>
    ansible_loop_var: item
    changed: true
    cmd: |-
        DEV=/dev/vdc
        DEVNAME=$(basename "$DEV")
        # Check device existence via sysfs (works regardless of DM/LVM state)
        if [ ! -d "/sys/block/$DEVNAME" ]; then
          echo "SKIP (not found): $DEV"
          exit 0
        fi
        # Check if mounted (use findmnt which doesn't choke on stale DM)
        if findmnt -rn -S "$DEV" >/dev/null 2>&1; then
          echo "SKIP (mounted): $DEV"
          exit 0
        fi
        # Remove any stale device-mapper entries (LVM from previous Ceph OSD)
        for dm in $(ls /sys/block/$DEVNAME/holders/ 2>/dev/null); do
          dmsetup remove -f "$dm" 2>/dev/null || true
        done
        # Deactivate any LVM VGs on this device, then remove PV label
        pvs "$DEV" --noheadings -o vg_name 2>/dev/null | while read VG; do
          [ -n "$VG" ] && vgchange -an "$VG" 2>/dev/null || true
          [ -n "$VG" ] && vgremove -f "$VG" 2>/dev/null || true
        done
        pvremove -ff "$DEV" 2>/dev/null || true
        # Wipe all filesystem/RAID/LVM/Ceph signatures
        wipefs -af "$DEV" 2>/dev/null || true
        # Zero first 100MB (GPT, LVM headers, BlueStore superblock)
        dd if=/dev/zero of="$DEV" bs=1M count=100 2>/dev/null || true
        # Zero last 100MB (backup GPT, Ceph BlueStore label at end of device)
        DEV_SIZE=$(blockdev --getsize64 "$DEV" 2>/dev/null || echo 0)
        if [ "$DEV_SIZE" -gt 104857600 ]; then
          dd if=/dev/zero of="$DEV" bs=1M count=100 seek=$(( (DEV_SIZE / 1048576) - 100 )) 2>/dev/null || true
        fi
        sgdisk --zap-all "$DEV" 2>/dev/null || true
        partprobe "$DEV" 2>/dev/null || true
        echo "WIPED: $DEV"
    delta: '0:00:32.185449'
    end: '2026-06-05 04:43:20.015085'
    item: /dev/vdc
    msg: ''
    rc: 0
    start: '2026-06-05 04:42:47.829636'
    stderr: ''
    stderr_lines: <omitted>
    stdout: |4-
          Labels on physical volume "/dev/vdc" successfully wiped.
        Creating new GPT entries in memory.
        GPT data structures destroyed! You may now partition the disk using fdisk or
        other utilities.
        WIPED: /dev/vdc
    stdout_lines: <omitted>
changed: [HostB12_1] => (item=/dev/vdb) =>
    ansible_loop_var: item
    changed: true
    cmd: |-
        DEV=/dev/vdb
        DEVNAME=$(basename "$DEV")
        # Check device existence via sysfs (works regardless of DM/LVM state)
        if [ ! -d "/sys/block/$DEVNAME" ]; then
          echo "SKIP (not found): $DEV"
          exit 0
        fi
        # Check if mounted (use findmnt which doesn't choke on stale DM)
        if findmnt -rn -S "$DEV" >/dev/null 2>&1; then
          echo "SKIP (mounted): $DEV"
          exit 0
        fi
        # Remove any stale device-mapper entries (LVM from previous Ceph OSD)
        for dm in $(ls /sys/block/$DEVNAME/holders/ 2>/dev/null); do
          dmsetup remove -f "$dm" 2>/dev/null || true
        done
        # Deactivate any LVM VGs on this device, then remove PV label
        pvs "$DEV" --noheadings -o vg_name 2>/dev/null | while read VG; do
          [ -n "$VG" ] && vgchange -an "$VG" 2>/dev/null || true
          [ -n "$VG" ] && vgremove -f "$VG" 2>/dev/null || true
        done
        pvremove -ff "$DEV" 2>/dev/null || true
        # Wipe all filesystem/RAID/LVM/Ceph signatures
        wipefs -af "$DEV" 2>/dev/null || true
        # Zero first 100MB (GPT, LVM headers, BlueStore superblock)
        dd if=/dev/zero of="$DEV" bs=1M count=100 2>/dev/null || true
        # Zero last 100MB (backup GPT, Ceph BlueStore label at end of device)
        DEV_SIZE=$(blockdev --getsize64 "$DEV" 2>/dev/null || echo 0)
        if [ "$DEV_SIZE" -gt 104857600 ]; then
          dd if=/dev/zero of="$DEV" bs=1M count=100 seek=$(( (DEV_SIZE / 1048576) - 100 )) 2>/dev/null || true
        fi
        sgdisk --zap-all "$DEV" 2>/dev/null || true
        partprobe "$DEV" 2>/dev/null || true
        echo "WIPED: $DEV"
    delta: '0:00:15.982789'
    end: '2026-06-05 04:43:27.581399'
    item: /dev/vdb
    msg: ''
    rc: 0
    start: '2026-06-05 04:43:11.598610'
    stderr: ''
    stderr_lines: <omitted>
    stdout: |4-
          Labels on physical volume "/dev/vdb" successfully wiped.
        Creating new GPT entries in memory.
        GPT data structures destroyed! You may now partition the disk using fdisk or
        other utilities.
        WIPED: /dev/vdb
    stdout_lines: <omitted>

TASK [Display disk preparation results] *************************************************************************************************************************************************************************
ok: [Host12_1] =>
    msg:
    - |4-
          Labels on physical volume "/dev/vdb" successfully wiped.
        Creating new GPT entries in memory.
        GPT data structures destroyed! You may now partition the disk using fdisk or
        other utilities.
        WIPED: /dev/vdb
    - |4-
          Labels on physical volume "/dev/vdc" successfully wiped.
        Creating new GPT entries in memory.
        GPT data structures destroyed! You may now partition the disk using fdisk or
        other utilities.
        WIPED: /dev/vdc
ok: [Host12_2] =>
    msg:
    - |4-
          Labels on physical volume "/dev/vdb" successfully wiped.
        Creating new GPT entries in memory.
        GPT data structures destroyed! You may now partition the disk using fdisk or
        other utilities.
        WIPED: /dev/vdb
    - |4-
          Labels on physical volume "/dev/vdc" successfully wiped.
        Creating new GPT entries in memory.
        GPT data structures destroyed! You may now partition the disk using fdisk or
        other utilities.
        WIPED: /dev/vdc
ok: [Host12_3] =>
    msg:
    - |4-
          Labels on physical volume "/dev/vdb" successfully wiped.
        Creating new GPT entries in memory.
        GPT data structures destroyed! You may now partition the disk using fdisk or
        other utilities.
        WIPED: /dev/vdb
    - |4-
          Labels on physical volume "/dev/vdc" successfully wiped.
        Creating new GPT entries in memory.
        GPT data structures destroyed! You may now partition the disk using fdisk or
        other utilities.
        WIPED: /dev/vdc
ok: [Host34_1] =>
    msg:
    - |4-
          Labels on physical volume "/dev/vdb" successfully wiped.
        Creating new GPT entries in memory.
        GPT data structures destroyed! You may now partition the disk using fdisk or
        other utilities.
        WIPED: /dev/vdb
    - |4-
          Labels on physical volume "/dev/vdc" successfully wiped.
        Creating new GPT entries in memory.
        GPT data structures destroyed! You may now partition the disk using fdisk or
        other utilities.
        WIPED: /dev/vdc
ok: [Host34_2] =>
    msg:
    - |4-
          Labels on physical volume "/dev/vdb" successfully wiped.
        Creating new GPT entries in memory.
        GPT data structures destroyed! You may now partition the disk using fdisk or
        other utilities.
        WIPED: /dev/vdb
    - |4-
          Labels on physical volume "/dev/vdc" successfully wiped.
        Creating new GPT entries in memory.
        GPT data structures destroyed! You may now partition the disk using fdisk or
        other utilities.
        WIPED: /dev/vdc
ok: [HostB12_1] =>
    msg:
    - |4-
          Labels on physical volume "/dev/vdb" successfully wiped.
        Creating new GPT entries in memory.
        GPT data structures destroyed! You may now partition the disk using fdisk or
        other utilities.
        WIPED: /dev/vdb

TASK [Remove stale Rook state directory] ************************************************************************************************************************************************************************
ok: [Host12_1] =>
    changed: false
    path: /var/lib/rook
    state: absent
ok: [Host34_1] =>
    changed: false
    path: /var/lib/rook
    state: absent
ok: [Host34_2] =>
    changed: false
    path: /var/lib/rook
    state: absent
ok: [Host12_2] =>
    changed: false
    path: /var/lib/rook
    state: absent
ok: [Host12_3] =>
    changed: false
    path: /var/lib/rook
    state: absent
ok: [HostB12_1] =>
    changed: false
    path: /var/lib/rook
    state: absent

PLAY [Phase 1: Deploy Rook-Ceph Operator] ***********************************************************************************************************************************************************************

TASK [Gathering Facts] ******************************************************************************************************************************************************************************************
ok: [Host12_1]

TASK [Check if Helm is available] *******************************************************************************************************************************************************************************
ok: [Host12_1] =>
    changed: false
    cmd:
    - helm
    - version
    - --short
    delta: '0:00:00.106314'
    end: '2026-06-05 04:43:42.644391'
    msg: ''
    rc: 0
    start: '2026-06-05 04:43:42.538077'
    stderr: ''
    stderr_lines: <omitted>
    stdout: v3.14.2+gc309b6f
    stdout_lines: <omitted>

TASK [Create rook-ceph namespace] *******************************************************************************************************************************************************************************
changed: [Host12_1] =>
    changed: true
    cmd: |-
        # Wait if namespace is still terminating from a prior teardown
        for i in $(seq 1 30); do
          STATUS=$(kubectl get ns rook-ceph -o jsonpath='{.status.phase}' 2>/dev/null || echo "NotFound")
          if [ "$STATUS" = "NotFound" ] || [ -z "$STATUS" ]; then
            kubectl create namespace rook-ceph
            exit $?
          elif [ "$STATUS" = "Active" ]; then
            echo "Namespace already exists and active"
            exit 0
          fi
          echo "Namespace is $STATUS, waiting..."
          sleep 5
        done
        echo "ERROR: Namespace stuck in Terminating state after 150s"
        exit 1
    delta: '0:00:00.292229'
    end: '2026-06-05 04:43:45.270881'
    msg: ''
    rc: 0
    start: '2026-06-05 04:43:44.978652'
    stderr: ''
    stderr_lines: <omitted>
    stdout: namespace/rook-ceph created
    stdout_lines: <omitted>

TASK [Label OSD nodes for Rook scheduling] **********************************************************************************************************************************************************************
changed: [Host12_1] => (item=Host12_1) =>
    ansible_loop_var: item
    changed: true
    cmd:
    - kubectl
    - label
    - node
    - host12-1
    - ceph-osd=enabled
    - storage-node=true
    - --overwrite
    delta: '0:00:00.172174'
    end: '2026-06-05 04:43:48.222293'
    item: Host12_1
    msg: ''
    rc: 0
    start: '2026-06-05 04:43:48.050119'
    stderr: ''
    stderr_lines: <omitted>
    stdout: node/host12-1 labeled
    stdout_lines: <omitted>
changed: [Host12_1] => (item=Host12_2) =>
    ansible_loop_var: item
    changed: true
    cmd:
    - kubectl
    - label
    - node
    - host12-2
    - ceph-osd=enabled
    - storage-node=true
    - --overwrite
    delta: '0:00:01.803990'
    end: '2026-06-05 04:43:51.788317'
    item: Host12_2
    msg: ''
    rc: 0
    start: '2026-06-05 04:43:49.984327'
    stderr: ''
    stderr_lines: <omitted>
    stdout: node/host12-2 labeled
    stdout_lines: <omitted>
changed: [Host12_1] => (item=Host12_3) =>
    ansible_loop_var: item
    changed: true
    cmd:
    - kubectl
    - label
    - node
    - host12-3
    - ceph-osd=enabled
    - storage-node=true
    - --overwrite
    delta: '0:00:00.190117'
    end: '2026-06-05 04:43:54.477587'
    item: Host12_3
    msg: ''
    rc: 0
    start: '2026-06-05 04:43:54.287470'
    stderr: ''
    stderr_lines: <omitted>
    stdout: node/host12-3 labeled
    stdout_lines: <omitted>
changed: [Host12_1] => (item=Host34_1) =>
    ansible_loop_var: item
    changed: true
    cmd:
    - kubectl
    - label
    - node
    - host34-1
    - ceph-osd=enabled
    - storage-node=true
    - --overwrite
    delta: '0:00:00.178903'
    end: '2026-06-05 04:43:56.637322'
    item: Host34_1
    msg: ''
    rc: 0
    start: '2026-06-05 04:43:56.458419'
    stderr: ''
    stderr_lines: <omitted>
    stdout: node/host34-1 labeled
    stdout_lines: <omitted>
changed: [Host12_1] => (item=Host34_2) =>
    ansible_loop_var: item
    changed: true
    cmd:
    - kubectl
    - label
    - node
    - host34-2
    - ceph-osd=enabled
    - storage-node=true
    - --overwrite
    delta: '0:00:00.228785'
    end: '2026-06-05 04:44:00.079851'
    item: Host34_2
    msg: ''
    rc: 0
    start: '2026-06-05 04:43:59.851066'
    stderr: ''
    stderr_lines: <omitted>
    stdout: node/host34-2 labeled
    stdout_lines: <omitted>
changed: [Host12_1] => (item=HostB12_1) =>
    ansible_loop_var: item
    changed: true
    cmd:
    - kubectl
    - label
    - node
    - hostb12-1
    - ceph-osd=enabled
    - storage-node=true
    - --overwrite
    delta: '0:00:00.241705'
    end: '2026-06-05 04:44:04.381181'
    item: HostB12_1
    msg: ''
    rc: 0
    start: '2026-06-05 04:44:04.139476'
    stderr: ''
    stderr_lines: <omitted>
    stdout: node/hostb12-1 labeled
    stdout_lines: <omitted>

TASK [Label MON nodes for Rook scheduling] **********************************************************************************************************************************************************************
changed: [Host12_1] => (item=Host12_1) =>
    ansible_loop_var: item
    changed: true
    cmd:
    - kubectl
    - label
    - node
    - host12-1
    - ceph-mon=enabled
    - --overwrite
    delta: '0:00:00.186364'
    end: '2026-06-05 04:44:07.116172'
    item: Host12_1
    msg: ''
    rc: 0
    start: '2026-06-05 04:44:06.929808'
    stderr: ''
    stderr_lines: <omitted>
    stdout: node/host12-1 labeled
    stdout_lines: <omitted>
changed: [Host12_1] => (item=Host34_1) =>
    ansible_loop_var: item
    changed: true
    cmd:
    - kubectl
    - label
    - node
    - host34-1
    - ceph-mon=enabled
    - --overwrite
    delta: '0:00:00.189116'
    end: '2026-06-05 04:44:09.157969'
    item: Host34_1
    msg: ''
    rc: 0
    start: '2026-06-05 04:44:08.968853'
    stderr: ''
    stderr_lines: <omitted>
    stdout: node/host34-1 labeled
    stdout_lines: <omitted>

TASK [Check for cached Rook operator chart] *********************************************************************************************************************************************************************
ok: [Host12_1] =>
    changed: false
    stat:
        exists: false

TASK [Find cached rook-ceph chart tarball] **********************************************************************************************************************************************************************
skipping: [Host12_1] =>
    changed: false
    false_condition: helm_cache_dir.stat.exists | default(false)
    skip_reason: Conditional result was False

TASK [Add Rook Helm repository (if no cached chart)] ************************************************************************************************************************************************************
ok: [Host12_1] =>
    changed: false
    cmd:
    - helm
    - repo
    - add
    - rook-release
    - https://charts.rook.io/release
    delta: '0:00:00.114225'
    end: '2026-06-05 04:44:16.180504'
    failed_when_result: false
    msg: ''
    rc: 0
    start: '2026-06-05 04:44:16.066279'
    stderr: ''
    stderr_lines: <omitted>
    stdout: '"rook-release" already exists with the same configuration, skipping'
    stdout_lines: <omitted>

TASK [Update Helm repos (if no cached chart)] *******************************************************************************************************************************************************************
ok: [Host12_1] =>
    changed: false
    cmd:
    - helm
    - repo
    - update
    delta: '0:00:00.296303'
    end: '2026-06-05 04:44:19.014744'
    msg: ''
    rc: 0
    start: '2026-06-05 04:44:18.718441'
    stderr: ''
    stderr_lines: <omitted>
    stdout: |-
        Hang tight while we grab the latest from your chart repositories...
        ...Successfully got an update from the "metallb" chart repository
        ...Successfully got an update from the "rook-release" chart repository
        Update Complete. ⎈Happy Helming!⎈
    stdout_lines: <omitted>

TASK [Deploy Rook-Ceph Operator (from cache)] *******************************************************************************************************************************************************************
skipping: [Host12_1] =>
    changed: false
    false_condition: cached_rook_operator.files | default([]) | length > 0
    skip_reason: Conditional result was False

TASK [Deploy Rook-Ceph Operator (from repo)] ********************************************************************************************************************************************************************
changed: [Host12_1] =>
    changed: true
    cmd:
    - helm
    - upgrade
    - --install
    - rook-ceph
    - rook-release/rook-ceph
    - --namespace
    - rook-ceph
    - --version
    - v1.14.7
    - --set
    - crds.enabled=true
    - --set
    - csi.enableRbdDriver=true
    - --set
    - csi.enableCephfsDriver=true
    - --set
    - monitoring.enabled=true
    - --set
    - enableDiscoveryDaemon=true
    - --wait
    - --timeout
    - 5m0s
    delta: '0:00:16.625505'
    end: '2026-06-05 04:44:39.596876'
    msg: ''
    rc: 0
    start: '2026-06-05 04:44:22.971371'
    stderr: ''
    stderr_lines: <omitted>
    stdout: |-
        Release "rook-ceph" does not exist. Installing it now.
        NAME: rook-ceph
        LAST DEPLOYED: Fri Jun  5 04:44:23 2026
        NAMESPACE: rook-ceph
        STATUS: deployed
        REVISION: 1
        TEST SUITE: None
        NOTES:
        The Rook Operator has been installed. Check its status by running:
          kubectl --namespace rook-ceph get pods -l "app=rook-ceph-operator"

        Visit https://rook.io/docs/rook/latest for instructions on how to create and configure Rook clusters

        Important Notes:
        - You must customize the 'CephCluster' resource in the sample manifests for your cluster.
        - Each CephCluster must be deployed to its own namespace, the samples use `rook-ceph` for the namespace.
        - The sample manifests assume you also installed the rook-ceph operator in the `rook-ceph` namespace.
        - The helm chart includes all the RBAC required to create a CephCluster CRD in the same namespace.
        - Any disk devices you add to the cluster in the 'CephCluster' must be empty (no filesystem and no partitions).
    stdout_lines: <omitted>

TASK [Wait for Rook operator pod to be ready] *******************************************************************************************************************************************************************
ok: [Host12_1] =>
    changed: false
    cmd:
    - kubectl
    - wait
    - --for=condition=ready
    - pod
    - -l
    - app=rook-ceph-operator
    - -n
    - rook-ceph
    - --timeout=120s
    delta: '0:00:00.367945'
    end: '2026-06-05 04:44:43.276882'
    msg: ''
    rc: 0
    start: '2026-06-05 04:44:42.908937'
    stderr: ''
    stderr_lines: <omitted>
    stdout: pod/rook-ceph-operator-b757f78f8-4z98f condition met
    stdout_lines: <omitted>

TASK [Display operator status] **********************************************************************************************************************************************************************************
ok: [Host12_1] =>
    msg: Rook-Ceph operator is ready in namespace 'rook-ceph'

PLAY [Phase 2: Deploy Ceph Cluster via Rook] ********************************************************************************************************************************************************************

TASK [Gathering Facts] ******************************************************************************************************************************************************************************************
ok: [Host12_1]

TASK [Generate Rook CephCluster values file] ********************************************************************************************************************************************************************
[ERROR]: Task failed: 'ceph_rook_monitoring_enabled' is undefined

Task failed.
Origin: /mnt/c/Users/nh1221/data-center/_v3/playbooks/reused/deploy_ceph_rook.yml:304:7

302       - /dev/vdc
303   tasks:
304     - name: Generate Rook CephCluster values file
          ^ column 7

<<< caused by >>>

'ceph_rook_monitoring_enabled' is undefined
Origin: /mnt/c/Users/nh1221/data-center/_v3/roles/ceph/templates/rook-ceph-cluster-values.yml.j2

fatal: [Host12_1]: FAILED! =>
    changed: false
    msg: 'Task failed: ''ceph_rook_monitoring_enabled'' is undefined'

PLAY RECAP ******************************************************************************************************************************************************************************************************
Host12_1                   : ok=20   changed=5    unreachable=0    failed=1    skipped=2    rescued=0    ignored=0
Host12_2                   : ok=8    changed=1    unreachable=0    failed=0    skipped=0    rescued=0    ignored=0
Host12_3                   : ok=8    changed=1    unreachable=0    failed=0    skipped=0    rescued=0    ignored=0
Host34_1                   : ok=8    changed=1    unreachable=0    failed=0    skipped=0    rescued=0    ignored=0
Host34_2                   : ok=8    changed=1    unreachable=0    failed=0    skipped=0    rescued=0    ignored=0
HostB12_1                  : ok=8    changed=1    unreachable=0    failed=0    skipped=0    rescued=0    ignored=0

(venv) nh1221@Lab-ControlNode:/mnt/c/Users/nh1221/data-center/_v3$
