nh1221@PowerEdge-R810:~$
nh1221@PowerEdge-R810:~$ sudo virsh destroy Exit_Router2
Domain 'Exit_Router2' destroyed

nh1221@PowerEdge-R810:~$ sudo virsh edit Exit_Router2
Domain 'Exit_Router2' XML configuration edited.

nh1221@PowerEdge-R810:~$ sudo virsh start Exit_Router2
Domain 'Exit_Router2' started

nh1221@PowerEdge-R810:~$ sudo virsh destroy Exit_Router1
Domain 'Exit_Router1' destroyed

nh1221@PowerEdge-R810:~$ sudo virsh edit Exit_Router1
Domain 'Exit_Router1' XML configuration not changed.

nh1221@PowerEdge-R810:~$ sudo virsh start Exit_Router1
Domain 'Exit_Router1' started

nh1221@PowerEdge-R810:~$
nh1221@PowerEdge-R810:~$
nh1221@PowerEdge-R810:~$
nh1221@PowerEdge-R810:~$ virsh list --all
 Id   Name           State
------------------------------
 62   Spine_S1       running
 63   Spine_S2       running
 64   Leaf_L1        running
 65   Leaf_L2        running
 66   Leaf_L3        running
 67   Leaf_L4        running
 68   Border_Leaf1   running
 69   Border_Leaf2   running
 70   Exit_Router1   running
 71   Exit_Router2   running
 72   Host12_1       running
 73   Host12_2       running
 74   Host12_3       running
 75   Host34_1       running
 76   Host34_2       running
 77   HostB12_1      running
 78   HostB12_2      running
 79   MonitorSrv     running

nh1221@PowerEdge-R810:~$ virsh domiflist Exit_Router1
 Interface   Type      Source       Model     MAC
-----------------------------------------------------------------
 vnet1266    network   dc-mgmt      virtio    52:54:00:09:95:29
 vnet1267    bridge    br-BL1-ER1   rtl8139   52:54:00:0f:cd:fb

nh1221@PowerEdge-R810:~$ virsh domiflist Exit_Router2
 Interface   Type      Source       Model     MAC
-----------------------------------------------------------------
 vnet1268    network   dc-mgmt      virtio    52:54:00:41:cb:8d
 vnet1269    bridge    br-BL2-ER2   rtl8139   52:54:00:90:b6:46

nh1221@PowerEdge-R810:~$ sudo virsh edit Exit_Router1
[sudo: authenticate] Password:
Domain 'Exit_Router1' XML configuration not changed.

nh1221@PowerEdge-R810:~$ sudo virsh edit Exit_Router2
Domain 'Exit_Router2' XML configuration not changed.

nh1221@PowerEdge-R810:~$

<domain type='kvm'>
  <name>Exit_Router1</name>
  <uuid>69e0f58e-3ba4-48a1-9ff6-4112e04f2d2a</uuid>
  <memory unit='KiB'>2097152</memory>
  <currentMemory unit='KiB'>2097152</currentMemory>
  <vcpu placement='static'>2</vcpu>
  <os>
    <type arch='x86_64' machine='pc-i440fx-resolute'>hvm</type>
    <boot dev='hd'/>
  </os>
  <features>
    <acpi/>
    <apic/>
  </features>
  <cpu mode='host-passthrough' check='none' migratable='on'/>
  <clock offset='utc'>
    <timer name='rtc' tickpolicy='catchup'/>
    <timer name='pit' tickpolicy='delay'/>
    <timer name='hpet' present='no'/>
  </clock>
  <on_poweroff>destroy</on_poweroff>
  <on_reboot>restart</on_reboot>
  <on_crash>destroy</on_crash>
  <pm>
    <suspend-to-mem enabled='no'/>
    <suspend-to-disk enabled='no'/>
  </pm>
  <devices>
    <emulator>/usr/bin/qemu-system-x86_64</emulator>
    <disk type='file' device='disk'>
      <driver name='qemu' type='qcow2'/>
      <source file='/home/nh1221/dc_lab/disks/Exit_Router1.qcow2'/>
      <target dev='vda' bus='virtio'/>
      <address type='pci' domain='0x0000' bus='0x00' slot='0x05' function='0x0'/>
    </disk>
    <controller type='usb' index='0' model='ich9-ehci1'>
      <address type='pci' domain='0x0000' bus='0x00' slot='0x04' function='0x7'/>
    </controller>
    <controller type='usb' index='0' model='ich9-uhci1'>
      <master startport='0'/>
      <address type='pci' domain='0x0000' bus='0x00' slot='0x04' function='0x0' multifunction='on'/>
    </controller>
    <controller type='usb' index='0' model='ich9-uhci2'>
      <master startport='2'/>
      <address type='pci' domain='0x0000' bus='0x00' slot='0x04' function='0x1'/>
    </controller>
    <controller type='usb' index='0' model='ich9-uhci3'>
      <master startport='4'/>
      <address type='pci' domain='0x0000' bus='0x00' slot='0x04' function='0x2'/>
    </controller>
    <controller type='pci' index='0' model='pci-root'/>
    <interface type='network'>
      <mac address='52:54:00:09:95:29'/>
      <source network='dc-mgmt'/>
      <model type='virtio'/>
      <address type='pci' domain='0x0000' bus='0x00' slot='0x02' function='0x0'/>
    </interface>
    <interface type='network'>
      <mac address='52:54:00:0f:cd:fb'/>
	  <model type='virtio'/>
      <driver>
        <host csum='off' gso='off' tso4='off' tso6='off'/>
      </driver>
      <address type='pci' domain='0x0000' bus='0x00' slot='0x03' function='0x0'/>
    </interface>
    <serial type='pty'>
      <target type='isa-serial' port='0'>
        <model name='isa-serial'/>
      </target>
    </serial>
    <console type='pty'>
      <target type='serial' port='0'/>
    </console>
    <input type='mouse' bus='ps2'/>
    <input type='keyboard' bus='ps2'/>
    <audio id='1' type='none'/>
    <memballoon model='virtio'>
      <address type='pci' domain='0x0000' bus='0x00' slot='0x06' function='0x0'/>
    </memballoon>
  </devices>
</domain>

<domain type='kvm'>
  <name>Exit_Router2</name>
  <uuid>346f9844-54c3-4da8-a192-3ae5f86ab50c</uuid>
  <memory unit='KiB'>2097152</memory>
  <currentMemory unit='KiB'>2097152</currentMemory>
  <vcpu placement='static'>2</vcpu>
  <os>
    <type arch='x86_64' machine='pc-i440fx-resolute'>hvm</type>
    <boot dev='hd'/>
  </os>
  <features>
    <acpi/>
    <apic/>
  </features>
  <cpu mode='host-passthrough' check='none' migratable='on'/>
  <clock offset='utc'>
    <timer name='rtc' tickpolicy='catchup'/>
    <timer name='pit' tickpolicy='delay'/>
    <timer name='hpet' present='no'/>
  </clock>
  <on_poweroff>destroy</on_poweroff>
  <on_reboot>restart</on_reboot>
  <on_crash>destroy</on_crash>
  <pm>
    <suspend-to-mem enabled='no'/>
    <suspend-to-disk enabled='no'/>
  </pm>
  <devices>
    <emulator>/usr/bin/qemu-system-x86_64</emulator>
    <disk type='file' device='disk'>
      <driver name='qemu' type='qcow2'/>
      <source file='/home/nh1221/dc_lab/disks/Exit_Router2.qcow2'/>
      <target dev='vda' bus='virtio'/>
      <address type='pci' domain='0x0000' bus='0x00' slot='0x05' function='0x0'/>
    </disk>
    <controller type='usb' index='0' model='ich9-ehci1'>
      <address type='pci' domain='0x0000' bus='0x00' slot='0x04' function='0x7'/>
    </controller>
    <controller type='usb' index='0' model='ich9-uhci1'>
      <master startport='0'/>
      <address type='pci' domain='0x0000' bus='0x00' slot='0x04' function='0x0' multifunction='on'/>
    </controller>
    <controller type='usb' index='0' model='ich9-uhci2'>
      <master startport='2'/>
      <address type='pci' domain='0x0000' bus='0x00' slot='0x04' function='0x1'/>
    </controller>
    <controller type='usb' index='0' model='ich9-uhci3'>
      <master startport='4'/>
      <address type='pci' domain='0x0000' bus='0x00' slot='0x04' function='0x2'/>
    </controller>
    <controller type='pci' index='0' model='pci-root'/>
    <interface type='network'>
      <mac address='52:54:00:41:cb:8d'/>
      <source network='dc-mgmt'/>
      <model type='virtio'/>
      <address type='pci' domain='0x0000' bus='0x00' slot='0x02' function='0x0'/>
    </interface>
    <interface type='network'>
      <mac address='52:54:00:90:b6:46'/>
      <source network='br-BL2-ER2'/>
      <model type='virtio'/>
	  <driver>
        <host csum='off' gso='off' tso4='off' tso6='off'/>
      </driver>
      <address type='pci' domain='0x0000' bus='0x00' slot='0x03' function='0x0'/>
    </interface>
    <serial type='pty'>
      <target type='isa-serial' port='0'>
        <model name='isa-serial'/>
      </target>
    </serial>
    <console type='pty'>
      <target type='serial' port='0'/>
    </console>
    <input type='mouse' bus='ps2'/>
    <input type='keyboard' bus='ps2'/>
    <audio id='1' type='none'/>
    <memballoon model='virtio'>
      <address type='pci' domain='0x0000' bus='0x00' slot='0x06' function='0x0'/>
    </memballoon>
  </devices>
</domain>	

(venv) nh1221@Lab-ControlNode:/mnt/c/Users/nh1221/data-center/_v3$ ansible-playbook playbooks/reused/deploy_day1.yml -i inventory/hosts.yml -e automation_profile=ubuntu_r810_kvm --limit "Border_Leaf1:Border_Leaf2:Exit_Router1:Exit_Router2" --tags deploy

PLAY [Day-1 Fabric Wiring — SONiC Switches] *********************************************************************************************************************************************************************

TASK [Phase 0 | Assert automation profile is supported] *********************************************************************************************************************************************************
skipping: [Border_Leaf2]
ok: [Border_Leaf1 -> localhost] =>
    changed: false
    msg: automation_profile=ubuntu_r810_kvm (QEMU/KVM on Ubuntu for Dell R810 (256GB/64CPU))

TASK [Phase 0 | Build hypervisor tap-offload work list (profile-driven)] ****************************************************************************************************************************************
skipping: [Border_Leaf2]

TASK [Phase 0 | Build hypervisor tap-offload work list (profile-driven)] ****************************************************************************************************************************************
skipping: [Border_Leaf2]

TASK [Phase 0 | Build hypervisor tap-offload work list] *********************************************************************************************************************************************************
skipping: [Border_Leaf2]

TASK [Phase 0 | Disable hypervisor tap TX offload for KVM fabric VMs] *******************************************************************************************************************************************
skipping: [Border_Leaf2]

TASK [Phase 0 | Report hypervisor tap TX offload result] ********************************************************************************************************************************************************
skipping: [Border_Leaf2]

TASK [Phase 0 | Build hypervisor tap-offload work list (profile-driven)] ****************************************************************************************************************************************
ok: [Border_Leaf1 -> localhost]

TASK [Phase 0 | Build hypervisor tap-offload work list (profile-driven)] ****************************************************************************************************************************************
skipping: [Border_Leaf1]

TASK [sonic_fabric : fabric | Validate required variables] ******************************************************************************************************************************************************
ok: [Border_Leaf2]

TASK [Phase 0 | Build hypervisor tap-offload work list] *********************************************************************************************************************************************************
skipping: [Border_Leaf1]

TASK [sonic_fabric : fabric | Set unified interface list] *******************************************************************************************************************************************************
ok: [Border_Leaf2]

TASK [sonic_fabric : fabric | Resolve local hardware profile paths] *********************************************************************************************************************************************
ok: [Border_Leaf2]

TASK [sonic_fabric : fabric | Validate local hardware profile mapping] ******************************************************************************************************************************************
ok: [Border_Leaf2]

TASK [sonic_fabric : fabric | Check current port breakout mode matches expected (real hardware)] ****************************************************************************************************************
skipping: [Border_Leaf2]

TASK [sonic_fabric : fabric | Report breakout pre-check result] *************************************************************************************************************************************************
skipping: [Border_Leaf2]

TASK [sonic_fabric : fabric | Fail if no interfaces match play hosts] *******************************************************************************************************************************************
skipping: [Border_Leaf2]

TASK [sonic_fabric : fabric | Resolve interface metadata from hardware files] ***********************************************************************************************************************************
ok: [Border_Leaf2 -> localhost]

TASK [sonic_fabric : fabric | Use hardware-resolved interface metadata] *****************************************************************************************************************************************
ok: [Border_Leaf2]

TASK [sonic_fabric : fabric | Display target interfaces] ********************************************************************************************************************************************************
ok: [Border_Leaf2] =>
    msg: 'Configuring 6 fabric interface(s) on Border_Leaf2: Ethernet124(speed=40000,
        hw=40000, breakout=1x40G[10G]), Ethernet120(speed=40000, hw=40000, breakout=1x40G[10G]),
        Ethernet0(speed=10000, hw=40000, breakout=1x40G[10G]), Ethernet20(speed=40000,
        hw=40000, breakout=1x40G[10G]), Ethernet24(speed=40000, hw=40000, breakout=1x40G[10G]),
        Ethernet28(speed=40000, hw=40000, breakout=1x40G[10G])'

TASK [Phase 0 | Disable hypervisor tap TX offload for KVM fabric VMs] *******************************************************************************************************************************************
ok: [Border_Leaf1 -> localhost] => (item=nh1221@R810 => Border_Leaf1,Border_Leaf2)

TASK [Phase 0 | Report hypervisor tap TX offload result] ********************************************************************************************************************************************************
ok: [Border_Leaf1 -> localhost] => (item=nh1221@R810) =>
    msg: Could not disable hypervisor tap offload via nh1221@R810 because remote sudo
        requires a password. Run the offload fix directly on that hypervisor or configure
        passwordless sudo for ovs-vsctl, virsh, and ethtool.

TASK [sonic_fabric : fabric | Validate required variables] ******************************************************************************************************************************************************
ok: [Border_Leaf1]

TASK [sonic_fabric : fabric | Set unified interface list] *******************************************************************************************************************************************************
ok: [Border_Leaf1]

TASK [sonic_fabric : fabric | Resolve local hardware profile paths] *********************************************************************************************************************************************
ok: [Border_Leaf1]

TASK [sonic_fabric : fabric | Validate local hardware profile mapping] ******************************************************************************************************************************************
ok: [Border_Leaf1]

TASK [sonic_fabric : fabric | Check current port breakout mode matches expected (real hardware)] ****************************************************************************************************************
skipping: [Border_Leaf1]

TASK [sonic_fabric : fabric | Report breakout pre-check result] *************************************************************************************************************************************************
skipping: [Border_Leaf1]

TASK [sonic_fabric : fabric | Fail if no interfaces match play hosts] *******************************************************************************************************************************************
skipping: [Border_Leaf1]

TASK [sonic_fabric : fabric | Resolve interface metadata from hardware files] ***********************************************************************************************************************************
ok: [Border_Leaf1 -> localhost]

TASK [sonic_fabric : fabric | Use hardware-resolved interface metadata] *****************************************************************************************************************************************
ok: [Border_Leaf1]

TASK [sonic_fabric : fabric | Ensure local render directory exists] *********************************************************************************************************************************************
ok: [Border_Leaf2 -> localhost]

TASK [sonic_fabric : fabric | Display target interfaces] ********************************************************************************************************************************************************
ok: [Border_Leaf1] =>
    msg: 'Configuring 6 fabric interface(s) on Border_Leaf1: Ethernet124(speed=40000,
        hw=40000, breakout=1x40G[10G]), Ethernet120(speed=40000, hw=40000, breakout=1x40G[10G]),
        Ethernet0(speed=10000, hw=40000, breakout=1x40G[10G]), Ethernet20(speed=40000,
        hw=40000, breakout=1x40G[10G]), Ethernet24(speed=40000, hw=40000, breakout=1x40G[10G]),
        Ethernet28(speed=40000, hw=40000, breakout=1x40G[10G])'

TASK [sonic_fabric : fabric | Ensure local render directory exists] *********************************************************************************************************************************************
ok: [Border_Leaf1 -> localhost]

TASK [sonic_fabric : fabric | Render fabric config_db.json] *****************************************************************************************************************************************************
ok: [Border_Leaf1 -> localhost]
ok: [Border_Leaf2 -> localhost]

TASK [sonic_fabric : fabric | Validate rendered JSON syntax] ****************************************************************************************************************************************************
ok: [Border_Leaf1 -> localhost]
ok: [Border_Leaf2 -> localhost]

TASK [sonic_fabric : fabric | Set rendered_config_path for push] ************************************************************************************************************************************************
ok: [Border_Leaf1]
ok: [Border_Leaf2]

TASK [sonic_fabric : apply | Wait for SSH to be reachable before config push] ***********************************************************************************************************************************
ok: [Border_Leaf1]
ok: [Border_Leaf2]

TASK [sonic_fabric : apply | Check fabric port exists in running config] ****************************************************************************************************************************************
ok: [Border_Leaf1] => (item=Ethernet124)
ok: [Border_Leaf2] => (item=Ethernet124)
ok: [Border_Leaf1] => (item=Ethernet120)
ok: [Border_Leaf2] => (item=Ethernet120)
ok: [Border_Leaf1] => (item=Ethernet0)
ok: [Border_Leaf2] => (item=Ethernet0)
ok: [Border_Leaf1] => (item=Ethernet20)
ok: [Border_Leaf2] => (item=Ethernet20)
ok: [Border_Leaf1] => (item=Ethernet24)
ok: [Border_Leaf2] => (item=Ethernet24)
ok: [Border_Leaf1] => (item=Ethernet28)

TASK [sonic_fabric : apply | Fail if a fabric port is missing from APPL_DB] *************************************************************************************************************************************
skipping: [Border_Leaf1] => (item=Ethernet124)
skipping: [Border_Leaf1] => (item=Ethernet120)
skipping: [Border_Leaf1] => (item=Ethernet0)
skipping: [Border_Leaf1] => (item=Ethernet20)
skipping: [Border_Leaf1] => (item=Ethernet24)
skipping: [Border_Leaf1] => (item=Ethernet28)
skipping: [Border_Leaf1]

TASK [sonic_fabric : apply | Check fabric port exists in running config] ****************************************************************************************************************************************
ok: [Border_Leaf2] => (item=Ethernet28)

TASK [sonic_fabric : apply | Fail if a fabric port is missing from APPL_DB] *************************************************************************************************************************************
skipping: [Border_Leaf2] => (item=Ethernet124)
skipping: [Border_Leaf2] => (item=Ethernet120)
skipping: [Border_Leaf2] => (item=Ethernet0)
skipping: [Border_Leaf2] => (item=Ethernet20)
skipping: [Border_Leaf2] => (item=Ethernet24)
skipping: [Border_Leaf2] => (item=Ethernet28)
skipping: [Border_Leaf2]

TASK [sonic_fabric : apply | Check current lane count for target fabric ports] **********************************************************************************************************************************
ok: [Border_Leaf1] => (item=Ethernet0)

TASK [sonic_fabric : apply | Apply target breakout mode before patch merge] *************************************************************************************************************************************
skipping: [Border_Leaf1] => (item=Ethernet0)
skipping: [Border_Leaf1]

TASK [sonic_fabric : apply | Record whether breakout changed] ***************************************************************************************************************************************************
ok: [Border_Leaf1]

TASK [sonic_fabric : apply | Wait for SSH after breakout change] ************************************************************************************************************************************************
skipping: [Border_Leaf1]

TASK [sonic_fabric : apply | Check current lane count for target fabric ports] **********************************************************************************************************************************
ok: [Border_Leaf2] => (item=Ethernet0)

TASK [sonic_fabric : apply | Apply target breakout mode before patch merge] *************************************************************************************************************************************
skipping: [Border_Leaf2] => (item=Ethernet0)
skipping: [Border_Leaf2]

TASK [sonic_fabric : apply | Record whether breakout changed] ***************************************************************************************************************************************************
ok: [Border_Leaf2]

TASK [sonic_fabric : apply | Wait for SSH after breakout change] ************************************************************************************************************************************************
skipping: [Border_Leaf2]

TASK [sonic_fabric : apply | Copy fabric patch JSON to switch] **************************************************************************************************************************************************
changed: [Border_Leaf1 -> localhost]
changed: [Border_Leaf2 -> localhost]

TASK [sonic_fabric : apply | Re-establish Ansible SSH after patch copy] *****************************************************************************************************************************************
ok: [Border_Leaf1]
ok: [Border_Leaf2]

TASK [sonic_fabric : apply | Merge patch tables into running ConfigDB (Redis)] **********************************************************************************************************************************
changed: [Border_Leaf2]
changed: [Border_Leaf1]

TASK [sonic_fabric : apply | Wait for SSH to stabilise after ConfigDB merge] ************************************************************************************************************************************
ok: [Border_Leaf2]
ok: [Border_Leaf1]

TASK [sonic_fabric : apply | Check current port speed in ConfigDB before applying] ******************************************************************************************************************************
ok: [Border_Leaf1] => (item=Ethernet124)
ok: [Border_Leaf2] => (item=Ethernet124)
ok: [Border_Leaf1] => (item=Ethernet120)
ok: [Border_Leaf2] => (item=Ethernet120)
ok: [Border_Leaf2] => (item=Ethernet0)
ok: [Border_Leaf1] => (item=Ethernet0)
ok: [Border_Leaf1] => (item=Ethernet20)
ok: [Border_Leaf2] => (item=Ethernet20)
ok: [Border_Leaf2] => (item=Ethernet24)
ok: [Border_Leaf1] => (item=Ethernet24)
ok: [Border_Leaf2] => (item=Ethernet28)

TASK [sonic_fabric : apply | Set live fabric port speed after patch merge] **************************************************************************************************************************************
skipping: [Border_Leaf2] => (item=Ethernet124=40000)
skipping: [Border_Leaf2] => (item=Ethernet120=40000)
skipping: [Border_Leaf2] => (item=Ethernet0=10000)
skipping: [Border_Leaf2] => (item=Ethernet20=40000)
skipping: [Border_Leaf2] => (item=Ethernet24=40000)
skipping: [Border_Leaf2] => (item=Ethernet28=40000)
skipping: [Border_Leaf2]

TASK [sonic_fabric : apply | Check current port speed in ConfigDB before applying] ******************************************************************************************************************************
ok: [Border_Leaf1] => (item=Ethernet28)

TASK [sonic_fabric : apply | Set live fabric port speed after patch merge] **************************************************************************************************************************************
skipping: [Border_Leaf1] => (item=Ethernet124=40000)
skipping: [Border_Leaf1] => (item=Ethernet120=40000)
skipping: [Border_Leaf1] => (item=Ethernet0=10000)
skipping: [Border_Leaf1] => (item=Ethernet20=40000)
skipping: [Border_Leaf1] => (item=Ethernet24=40000)
skipping: [Border_Leaf1] => (item=Ethernet28=40000)
skipping: [Border_Leaf1]

TASK [sonic_fabric : apply | Wait for SSH after port speed changes] *********************************************************************************************************************************************
ok: [Border_Leaf2]
ok: [Border_Leaf1]

TASK [sonic_fabric : apply | Persist merged config to /etc/sonic/config_db.json] ********************************************************************************************************************************
changed: [Border_Leaf2]

TASK [sonic_fabric : apply | Wait for SSH after config save (if connection dropped)] ****************************************************************************************************************************
skipping: [Border_Leaf2]

TASK [sonic_fabric : apply | Retry config save after SSH recovery] **********************************************************************************************************************************************
skipping: [Border_Leaf2]

TASK [sonic_fabric : apply | [ROLLBACK] Bring fabric ports admin-down] ******************************************************************************************************************************************
skipping: [Border_Leaf2] => (item=Ethernet124)
skipping: [Border_Leaf2] => (item=Ethernet120)
skipping: [Border_Leaf2] => (item=Ethernet0)
skipping: [Border_Leaf2] => (item=Ethernet20)
skipping: [Border_Leaf2] => (item=Ethernet24)
skipping: [Border_Leaf2] => (item=Ethernet28)
skipping: [Border_Leaf2]

TASK [sonic_fabric : apply | [ROLLBACK] Remove BGP_NEIGHBOR entries from ConfigDB] ******************************************************************************************************************************
skipping: [Border_Leaf2]

TASK [sonic_fabric : apply | [ROLLBACK] Remove INTERFACE IPv6 entries from ConfigDB] ****************************************************************************************************************************
skipping: [Border_Leaf2]

TASK [sonic_fabric : apply | [ROLLBACK] Persist rolled-back config to disk] *************************************************************************************************************************************
skipping: [Border_Leaf2]

TASK [sonic_fabric : apply | Persist merged config to /etc/sonic/config_db.json] ********************************************************************************************************************************
changed: [Border_Leaf1]

TASK [sonic_fabric : apply | Wait for SSH after config save (if connection dropped)] ****************************************************************************************************************************
skipping: [Border_Leaf1]

TASK [sonic_fabric : apply | Retry config save after SSH recovery] **********************************************************************************************************************************************
skipping: [Border_Leaf1]

TASK [sonic_fabric : apply | [ROLLBACK] Bring fabric ports admin-down] ******************************************************************************************************************************************
skipping: [Border_Leaf1] => (item=Ethernet124)
skipping: [Border_Leaf1] => (item=Ethernet120)
skipping: [Border_Leaf1] => (item=Ethernet0)
skipping: [Border_Leaf1] => (item=Ethernet20)
skipping: [Border_Leaf1] => (item=Ethernet24)
skipping: [Border_Leaf1] => (item=Ethernet28)
skipping: [Border_Leaf1]

TASK [sonic_fabric : apply | [ROLLBACK] Remove BGP_NEIGHBOR entries from ConfigDB] ******************************************************************************************************************************
skipping: [Border_Leaf1]

TASK [sonic_fabric : apply | [ROLLBACK] Remove INTERFACE IPv6 entries from ConfigDB] ****************************************************************************************************************************
skipping: [Border_Leaf1]

TASK [sonic_fabric : apply | [ROLLBACK] Persist rolled-back config to disk] *************************************************************************************************************************************
skipping: [Border_Leaf1]

TASK [sonic_fabric : apply | Bring fabric interface(s) admin-up] ************************************************************************************************************************************************
changed: [Border_Leaf2] => (item=Ethernet124)
changed: [Border_Leaf1] => (item=Ethernet124)
changed: [Border_Leaf2] => (item=Ethernet120)
changed: [Border_Leaf1] => (item=Ethernet120)
changed: [Border_Leaf2] => (item=Ethernet0)
changed: [Border_Leaf1] => (item=Ethernet0)
changed: [Border_Leaf2] => (item=Ethernet20)
changed: [Border_Leaf1] => (item=Ethernet20)
changed: [Border_Leaf2] => (item=Ethernet24)
changed: [Border_Leaf1] => (item=Ethernet24)
changed: [Border_Leaf2] => (item=Ethernet28)

TASK [sonic_fabric : apply | Kill stale ControlMaster socket after config interface startup] ********************************************************************************************************************
ok: [Border_Leaf2 -> localhost]

TASK [sonic_fabric : apply | Wait for SSH port 22 to recover after interface startup] ***************************************************************************************************************************
ok: [Border_Leaf2 -> localhost]

TASK [sonic_fabric : apply | Bring fabric interface(s) admin-up] ************************************************************************************************************************************************
changed: [Border_Leaf1] => (item=Ethernet28)

TASK [sonic_fabric : apply | Kill stale ControlMaster socket after config interface startup] ********************************************************************************************************************
ok: [Border_Leaf1 -> localhost]

TASK [sonic_fabric : apply | Wait for SSH port 22 to recover after interface startup] ***************************************************************************************************************************
ok: [Border_Leaf1 -> localhost]

TASK [sonic_fabric : apply | Re-establish SSH after config interface startup] ***********************************************************************************************************************************
ok: [Border_Leaf2 -> localhost]

TASK [sonic_fabric : apply | Retry startup for ports that hit SSH drop] *****************************************************************************************************************************************
skipping: [Border_Leaf2] => (item=Ethernet124)
skipping: [Border_Leaf2] => (item=Ethernet120)
skipping: [Border_Leaf2] => (item=Ethernet0)
skipping: [Border_Leaf2] => (item=Ethernet20)
skipping: [Border_Leaf2] => (item=Ethernet24)
skipping: [Border_Leaf2] => (item=Ethernet28)
skipping: [Border_Leaf2]

TASK [sonic_fabric : apply | Re-establish SSH after config interface startup] ***********************************************************************************************************************************
ok: [Border_Leaf1 -> localhost]

TASK [sonic_fabric : apply | Retry startup for ports that hit SSH drop] *****************************************************************************************************************************************
skipping: [Border_Leaf1] => (item=Ethernet124)
skipping: [Border_Leaf1] => (item=Ethernet120)
skipping: [Border_Leaf1] => (item=Ethernet0)
skipping: [Border_Leaf1] => (item=Ethernet20)
skipping: [Border_Leaf1] => (item=Ethernet24)
skipping: [Border_Leaf1] => (item=Ethernet28)
skipping: [Border_Leaf1]

TASK [sonic_fabric : apply | Check configured fabric port speed after merge] ************************************************************************************************************************************
ok: [Border_Leaf2] => (item=Ethernet124)
ok: [Border_Leaf1] => (item=Ethernet124)
ok: [Border_Leaf2] => (item=Ethernet120)
ok: [Border_Leaf2] => (item=Ethernet0)
ok: [Border_Leaf1] => (item=Ethernet120)
ok: [Border_Leaf2] => (item=Ethernet20)
ok: [Border_Leaf1] => (item=Ethernet0)
ok: [Border_Leaf2] => (item=Ethernet24)
ok: [Border_Leaf1] => (item=Ethernet20)
ok: [Border_Leaf2] => (item=Ethernet28)

TASK [sonic_fabric : apply | Fail if configured fabric port speed does not match rendered speed] ****************************************************************************************************************
ok: [Border_Leaf2] => (item=Ethernet124)
ok: [Border_Leaf2] => (item=Ethernet120)
ok: [Border_Leaf2] => (item=Ethernet0)

TASK [sonic_fabric : apply | Check configured fabric port speed after merge] ************************************************************************************************************************************
ok: [Border_Leaf1] => (item=Ethernet24)

TASK [sonic_fabric : apply | Fail if configured fabric port speed does not match rendered speed] ****************************************************************************************************************
ok: [Border_Leaf2] => (item=Ethernet20)
ok: [Border_Leaf2] => (item=Ethernet24)
ok: [Border_Leaf2] => (item=Ethernet28)

TASK [sonic_fabric : apply | Check configured fabric port speed after merge] ************************************************************************************************************************************
ok: [Border_Leaf1] => (item=Ethernet28)

TASK [sonic_fabric : apply | Fail if configured fabric port speed does not match rendered speed] ****************************************************************************************************************
ok: [Border_Leaf1] => (item=Ethernet124)

TASK [sonic_fabric : apply | Check live fabric port speed after merge] ******************************************************************************************************************************************
ok: [Border_Leaf2] => (item=Ethernet124)

TASK [sonic_fabric : apply | Fail if configured fabric port speed does not match rendered speed] ****************************************************************************************************************
ok: [Border_Leaf1] => (item=Ethernet120)
ok: [Border_Leaf1] => (item=Ethernet0)
ok: [Border_Leaf1] => (item=Ethernet20)
ok: [Border_Leaf1] => (item=Ethernet24)
ok: [Border_Leaf1] => (item=Ethernet28)

TASK [sonic_fabric : apply | Check live fabric port speed after merge] ******************************************************************************************************************************************
ok: [Border_Leaf2] => (item=Ethernet120)
ok: [Border_Leaf1] => (item=Ethernet124)
ok: [Border_Leaf2] => (item=Ethernet0)
ok: [Border_Leaf2] => (item=Ethernet20)
ok: [Border_Leaf1] => (item=Ethernet120)
ok: [Border_Leaf1] => (item=Ethernet0)
ok: [Border_Leaf2] => (item=Ethernet24)
ok: [Border_Leaf1] => (item=Ethernet20)
ok: [Border_Leaf2] => (item=Ethernet28)

TASK [sonic_fabric : apply | Report live fabric port speed after merge] *****************************************************************************************************************************************
ok: [Border_Leaf2] => (item=Ethernet124) =>
    msg: 'Border_Leaf2 Ethernet124: CONFIG_DB speed=40000 Mbps (authoritative), APPL_DB
        live speed=40000 Mbps. On KVM VS the virtual ASIC always reports hardware-native
        speed in APPL_DB regardless of CONFIG_DB — this discrepancy is expected and non-fatal.'
ok: [Border_Leaf2] => (item=Ethernet120) =>
    msg: 'Border_Leaf2 Ethernet120: CONFIG_DB speed=40000 Mbps (authoritative), APPL_DB
        live speed=40000 Mbps. On KVM VS the virtual ASIC always reports hardware-native
        speed in APPL_DB regardless of CONFIG_DB — this discrepancy is expected and non-fatal.'
ok: [Border_Leaf2] => (item=Ethernet0) =>
    msg: 'Border_Leaf2 Ethernet0: CONFIG_DB speed=10000 Mbps (authoritative), APPL_DB
        live speed=10000 Mbps. On KVM VS the virtual ASIC always reports hardware-native
        speed in APPL_DB regardless of CONFIG_DB — this discrepancy is expected and non-fatal.'
ok: [Border_Leaf2] => (item=Ethernet20) =>
    msg: 'Border_Leaf2 Ethernet20: CONFIG_DB speed=40000 Mbps (authoritative), APPL_DB
        live speed=40000 Mbps. On KVM VS the virtual ASIC always reports hardware-native
        speed in APPL_DB regardless of CONFIG_DB — this discrepancy is expected and non-fatal.'
ok: [Border_Leaf2] => (item=Ethernet24) =>
    msg: 'Border_Leaf2 Ethernet24: CONFIG_DB speed=40000 Mbps (authoritative), APPL_DB
        live speed=40000 Mbps. On KVM VS the virtual ASIC always reports hardware-native
        speed in APPL_DB regardless of CONFIG_DB — this discrepancy is expected and non-fatal.'
ok: [Border_Leaf2] => (item=Ethernet28) =>
    msg: 'Border_Leaf2 Ethernet28: CONFIG_DB speed=40000 Mbps (authoritative), APPL_DB
        live speed=40000 Mbps. On KVM VS the virtual ASIC always reports hardware-native
        speed in APPL_DB regardless of CONFIG_DB — this discrepancy is expected and non-fatal.'

TASK [sonic_fabric : apply | Clear stale FRR BGP router config before container restart] ************************************************************************************************************************
skipping: [Border_Leaf2]

TASK [sonic_fabric : apply | Stop bgp service before restart (no-block)] ****************************************************************************************************************************************
skipping: [Border_Leaf2]

TASK [sonic_fabric : apply | Recover SSH after bgp stop] ********************************************************************************************************************************************************
skipping: [Border_Leaf2]

TASK [sonic_fabric : apply | Wait for bgp container to fully stop] **********************************************************************************************************************************************
skipping: [Border_Leaf2]

TASK [sonic_fabric : apply | Recover SSH after bgp stop wait] ***************************************************************************************************************************************************
skipping: [Border_Leaf2]

TASK [sonic_fabric : apply | Drop page cache after bgp stop (prevent OOM on 2GB KVM VS)] ************************************************************************************************************************
skipping: [Border_Leaf2]

TASK [sonic_fabric : apply | Recover SSH after page cache drop] *************************************************************************************************************************************************
skipping: [Border_Leaf2]

TASK [sonic_fabric : apply | Start bgp service after stop (no-block)] *******************************************************************************************************************************************
skipping: [Border_Leaf2]

TASK [sonic_fabric : apply | Wait for bgp container to become active] *******************************************************************************************************************************************
skipping: [Border_Leaf2]

TASK [sonic_fabric : apply | Recover SSH after bgp start] *******************************************************************************************************************************************************
skipping: [Border_Leaf2]

TASK [sonic_fabric : apply | Check live fabric port speed after merge] ******************************************************************************************************************************************
ok: [Border_Leaf1] => (item=Ethernet24)
ok: [Border_Leaf1] => (item=Ethernet28)

TASK [sonic_fabric : apply | Report live fabric port speed after merge] *****************************************************************************************************************************************
ok: [Border_Leaf1] => (item=Ethernet124) =>
    msg: 'Border_Leaf1 Ethernet124: CONFIG_DB speed=40000 Mbps (authoritative), APPL_DB
        live speed=40000 Mbps. On KVM VS the virtual ASIC always reports hardware-native
        speed in APPL_DB regardless of CONFIG_DB — this discrepancy is expected and non-fatal.'
ok: [Border_Leaf1] => (item=Ethernet120) =>
    msg: 'Border_Leaf1 Ethernet120: CONFIG_DB speed=40000 Mbps (authoritative), APPL_DB
        live speed=40000 Mbps. On KVM VS the virtual ASIC always reports hardware-native
        speed in APPL_DB regardless of CONFIG_DB — this discrepancy is expected and non-fatal.'
ok: [Border_Leaf1] => (item=Ethernet0) =>
    msg: 'Border_Leaf1 Ethernet0: CONFIG_DB speed=10000 Mbps (authoritative), APPL_DB
        live speed=10000 Mbps. On KVM VS the virtual ASIC always reports hardware-native
        speed in APPL_DB regardless of CONFIG_DB — this discrepancy is expected and non-fatal.'
ok: [Border_Leaf1] => (item=Ethernet20) =>
    msg: 'Border_Leaf1 Ethernet20: CONFIG_DB speed=40000 Mbps (authoritative), APPL_DB
        live speed=40000 Mbps. On KVM VS the virtual ASIC always reports hardware-native
        speed in APPL_DB regardless of CONFIG_DB — this discrepancy is expected and non-fatal.'
ok: [Border_Leaf1] => (item=Ethernet24) =>
    msg: 'Border_Leaf1 Ethernet24: CONFIG_DB speed=40000 Mbps (authoritative), APPL_DB
        live speed=40000 Mbps. On KVM VS the virtual ASIC always reports hardware-native
        speed in APPL_DB regardless of CONFIG_DB — this discrepancy is expected and non-fatal.'
ok: [Border_Leaf1] => (item=Ethernet28) =>
    msg: 'Border_Leaf1 Ethernet28: CONFIG_DB speed=40000 Mbps (authoritative), APPL_DB
        live speed=40000 Mbps. On KVM VS the virtual ASIC always reports hardware-native
        speed in APPL_DB regardless of CONFIG_DB — this discrepancy is expected and non-fatal.'

TASK [sonic_fabric : apply | Clear stale FRR BGP router config before container restart] ************************************************************************************************************************
skipping: [Border_Leaf1]

TASK [sonic_fabric : apply | Stop bgp service before restart (no-block)] ****************************************************************************************************************************************
skipping: [Border_Leaf1]

TASK [sonic_fabric : apply | Recover SSH after bgp stop] ********************************************************************************************************************************************************
skipping: [Border_Leaf1]

TASK [sonic_fabric : apply | Wait for bgp container to fully stop] **********************************************************************************************************************************************
skipping: [Border_Leaf1]

TASK [sonic_fabric : apply | Recover SSH after bgp stop wait] ***************************************************************************************************************************************************
skipping: [Border_Leaf1]

TASK [sonic_fabric : apply | Wait for bgpd to be responsive inside bgp container] *******************************************************************************************************************************
ok: [Border_Leaf2]

TASK [sonic_fabric : apply | Drop page cache after bgp stop (prevent OOM on 2GB KVM VS)] ************************************************************************************************************************
skipping: [Border_Leaf1]

TASK [sonic_fabric : apply | Recover SSH after page cache drop] *************************************************************************************************************************************************
skipping: [Border_Leaf1]

TASK [sonic_fabric : apply | Start bgp service after stop (no-block)] *******************************************************************************************************************************************
skipping: [Border_Leaf1]

TASK [sonic_fabric : apply | Wait for bgp container to become active] *******************************************************************************************************************************************
skipping: [Border_Leaf1]

TASK [sonic_fabric : apply | Recover SSH after bgp start] *******************************************************************************************************************************************************
skipping: [Border_Leaf1]

TASK [sonic_fabric : apply | Wait for bgpd to be responsive inside bgp container] *******************************************************************************************************************************
ok: [Border_Leaf1]

TASK [sonic_fabric : apply | Confirm bgpd is stable after responsive check] *************************************************************************************************************************************
ok: [Border_Leaf2]
ok: [Border_Leaf1]

TASK [sonic_fabric : apply | Read all BGP neighbors from ConfigDB (full topology)] ******************************************************************************************************************************
ok: [Border_Leaf2]

TASK [sonic_fabric : apply | Parse full BGP neighbor list from ConfigDB] ****************************************************************************************************************************************
ok: [Border_Leaf2]

TASK [sonic_fabric : apply | Identify IP-based BGP peers from fabric_links] *************************************************************************************************************************************
ok: [Border_Leaf2]

TASK [sonic_fabric : apply | Compute valid unnumbered port set] *************************************************************************************************************************************************
ok: [Border_Leaf2]

TASK [sonic_fabric : apply | Remove stale interface-based BGP_NEIGHBOR entries from ConfigDB] *******************************************************************************************************************
skipping: [Border_Leaf2]

TASK [sonic_fabric : apply | Report stale entry cleanup] ********************************************************************************************************************************************************
skipping: [Border_Leaf2]

TASK [sonic_fabric : apply | Compute effective BGP neighbor list (fabric_mode=incremental)] *********************************************************************************************************************
ok: [Border_Leaf2]

TASK [sonic_fabric : apply | Display effective BGP neighbors for this run] **************************************************************************************************************************************
ok: [Border_Leaf2] =>
    msg: |-
        fabric_mode=incremental on Border_Leaf2: PRESERVING 2 unnumbered: Ethernet120, Ethernet124;
          downlinks: Ethernet20, Ethernet24, Ethernet28;
          IP-based: 10.0.253.3

TASK [sonic_fabric : apply | Read all BGP neighbors from ConfigDB (full topology)] ******************************************************************************************************************************
ok: [Border_Leaf1]

TASK [sonic_fabric : apply | Parse full BGP neighbor list from ConfigDB] ****************************************************************************************************************************************
ok: [Border_Leaf1]

TASK [sonic_fabric : apply | Identify IP-based BGP peers from fabric_links] *************************************************************************************************************************************
ok: [Border_Leaf1]

TASK [sonic_fabric : apply | Compute valid unnumbered port set] *************************************************************************************************************************************************
ok: [Border_Leaf1]

TASK [sonic_fabric : apply | Remove stale interface-based BGP_NEIGHBOR entries from ConfigDB] *******************************************************************************************************************
skipping: [Border_Leaf1]

TASK [sonic_fabric : apply | Report stale entry cleanup] ********************************************************************************************************************************************************
skipping: [Border_Leaf1]

TASK [sonic_fabric : apply | Compute effective BGP neighbor list (fabric_mode=incremental)] *********************************************************************************************************************
ok: [Border_Leaf1]

TASK [sonic_fabric : apply | Display effective BGP neighbors for this run] **************************************************************************************************************************************
ok: [Border_Leaf1] =>
    msg: |-
        fabric_mode=incremental on Border_Leaf1: PRESERVING 2 unnumbered: Ethernet120, Ethernet124;
          downlinks: Ethernet20, Ethernet24, Ethernet28;
          IP-based: 10.0.253.1

TASK [sonic_fabric : apply | Check live IPv4 address on IP-based fabric interfaces] *****************************************************************************************************************************
ok: [Border_Leaf2] => (item=Ethernet0=10.0.253.2/31)

TASK [sonic_fabric : apply | Assign live IPv4 address on IP-based fabric interfaces] ****************************************************************************************************************************
skipping: [Border_Leaf2] => (item=Ethernet0=10.0.253.2/31)
skipping: [Border_Leaf2]

TASK [sonic_fabric : apply | Check live IPv4 address on IP-based fabric interfaces] *****************************************************************************************************************************
ok: [Border_Leaf1] => (item=Ethernet0=10.0.253.0/31)

TASK [sonic_fabric : apply | Assign live IPv4 address on IP-based fabric interfaces] ****************************************************************************************************************************
skipping: [Border_Leaf1] => (item=Ethernet0=10.0.253.0/31)
skipping: [Border_Leaf1]

TASK [sonic_fabric : apply | Configure FRR BGP via vtysh (fabric_mode=incremental)] *****************************************************************************************************************************
changed: [Border_Leaf2]
changed: [Border_Leaf1]

TASK [sonic_fabric : apply | Verify FRR BGP ASN after vtysh config] *********************************************************************************************************************************************
ok: [Border_Leaf2]

TASK [sonic_fabric : apply | Report FRR BGP ASN] ****************************************************************************************************************************************************************
ok: [Border_Leaf2] =>
    msg: 'Border_Leaf2 FRR BGP: BGP router identifier 10.0.2.2, local AS number 65022
        vrf-id 0. Expected local AS number 65022.'

TASK [sonic_fabric : apply | Kill stale SSH ControlMaster process after bgp restart] ****************************************************************************************************************************
ok: [Border_Leaf2 -> localhost]

TASK [sonic_fabric : apply | Verify FRR BGP ASN after vtysh config] *********************************************************************************************************************************************
ok: [Border_Leaf1]

TASK [sonic_fabric : apply | Report FRR BGP ASN] ****************************************************************************************************************************************************************
ok: [Border_Leaf1] =>
    msg: 'Border_Leaf1 FRR BGP: BGP router identifier 10.0.2.1, local AS number 65021
        vrf-id 0. Expected local AS number 65021.'

TASK [sonic_fabric : apply | Kill stale SSH ControlMaster process after bgp restart] ****************************************************************************************************************************
ok: [Border_Leaf1 -> localhost]

TASK [sonic_fabric : apply | Re-establish SSH connection after bgp restart] *************************************************************************************************************************************
ok: [Border_Leaf2]

TASK [sonic_fabric : apply | Confirm fabric operation completed] ************************************************************************************************************************************************
ok: [Border_Leaf2] =>
    msg: 'INCREMENTAL deploy on Border_Leaf2: new_links=Ethernet124, Ethernet120, Ethernet0,
        Ethernet20, Ethernet24, Ethernet28, total_bgp_neighbors=2+3dl+1ip, bgp_asn=65022,
        router_id=10.0.2.2. bgp container is active. swss/syncd were NOT restarted.'

TASK [sonic_fabric : verify | Set unified interface list] *******************************************************************************************************************************************************
ok: [Border_Leaf2]

TASK [sonic_fabric : verify | Fail if no fabric interfaces are defined] *****************************************************************************************************************************************
skipping: [Border_Leaf2]

TASK [sonic_fabric : verify | Kill stale ControlMaster socket before verify] ************************************************************************************************************************************
ok: [Border_Leaf2 -> localhost]

TASK [sonic_fabric : apply | Re-establish SSH connection after bgp restart] *************************************************************************************************************************************
ok: [Border_Leaf1]

TASK [sonic_fabric : apply | Confirm fabric operation completed] ************************************************************************************************************************************************
ok: [Border_Leaf1] =>
    msg: 'INCREMENTAL deploy on Border_Leaf1: new_links=Ethernet124, Ethernet120, Ethernet0,
        Ethernet20, Ethernet24, Ethernet28, total_bgp_neighbors=2+3dl+1ip, bgp_asn=65021,
        router_id=10.0.2.1. bgp container is active. swss/syncd were NOT restarted.'

TASK [sonic_fabric : verify | Wait for SSH port 22 before verify] ***********************************************************************************************************************************************
ok: [Border_Leaf2 -> localhost]

TASK [sonic_fabric : verify | Set unified interface list] *******************************************************************************************************************************************************
ok: [Border_Leaf1]

TASK [sonic_fabric : verify | Fail if no fabric interfaces are defined] *****************************************************************************************************************************************
skipping: [Border_Leaf1]

TASK [sonic_fabric : verify | Kill stale ControlMaster socket before verify] ************************************************************************************************************************************
ok: [Border_Leaf1 -> localhost]

TASK [sonic_fabric : verify | Wait for SSH port 22 before verify] ***********************************************************************************************************************************************
ok: [Border_Leaf1 -> localhost]

TASK [sonic_fabric : verify | Re-establish SSH before verify] ***************************************************************************************************************************************************
ok: [Border_Leaf2]
ok: [Border_Leaf1]

TASK [sonic_fabric : verify | Wait for bgp + swss + syncd to stabilize] *****************************************************************************************************************************************
ok: [Border_Leaf2]

TASK [sonic_fabric : verify | Kill stale ControlMaster after stability gate] ************************************************************************************************************************************
ok: [Border_Leaf2 -> localhost]

TASK [sonic_fabric : verify | Wait for bgp + swss + syncd to stabilize] *****************************************************************************************************************************************
ok: [Border_Leaf1]

TASK [sonic_fabric : verify | Kill stale ControlMaster after stability gate] ************************************************************************************************************************************
ok: [Border_Leaf1 -> localhost]

TASK [sonic_fabric : verify | Re-establish SSH after stability gate] ********************************************************************************************************************************************
ok: [Border_Leaf2]
ok: [Border_Leaf1]

TASK [sonic_fabric : verify | Check fabric port admin status] ***************************************************************************************************************************************************
ok: [Border_Leaf2] => (item=Ethernet124)
ok: [Border_Leaf1] => (item=Ethernet124)
ok: [Border_Leaf2] => (item=Ethernet120)
ok: [Border_Leaf1] => (item=Ethernet120)
ok: [Border_Leaf2] => (item=Ethernet0)
ok: [Border_Leaf1] => (item=Ethernet0)
ok: [Border_Leaf2] => (item=Ethernet20)
ok: [Border_Leaf1] => (item=Ethernet20)
ok: [Border_Leaf2] => (item=Ethernet24)
ok: [Border_Leaf1] => (item=Ethernet24)
ok: [Border_Leaf2] => (item=Ethernet28)
ok: [Border_Leaf1] => (item=Ethernet28)

TASK [sonic_fabric : verify | Check fabric port oper status] ****************************************************************************************************************************************************
ok: [Border_Leaf2] => (item=Ethernet124)
ok: [Border_Leaf1] => (item=Ethernet124)
ok: [Border_Leaf2] => (item=Ethernet120)
ok: [Border_Leaf1] => (item=Ethernet120)
ok: [Border_Leaf2] => (item=Ethernet0)
ok: [Border_Leaf1] => (item=Ethernet0)
ok: [Border_Leaf2] => (item=Ethernet20)
ok: [Border_Leaf1] => (item=Ethernet20)
ok: [Border_Leaf2] => (item=Ethernet24)
ok: [Border_Leaf1] => (item=Ethernet24)
ok: [Border_Leaf2] => (item=Ethernet28)

TASK [sonic_fabric : verify | Report port status] ***************************************************************************************************************************************************************
ok: [Border_Leaf2] => (item=Ethernet124) =>
    msg: 'Ethernet124 admin=up oper=up ✓ LINK UP '
ok: [Border_Leaf2] => (item=Ethernet120) =>
    msg: 'Ethernet120 admin=up oper=up ✓ LINK UP '
ok: [Border_Leaf2] => (item=Ethernet0) =>
    msg: 'Ethernet0 admin=up oper=up ✓ LINK UP '
ok: [Border_Leaf2] => (item=Ethernet20) =>
    msg: 'Ethernet20 admin=up oper=up ✓ LINK UP '
ok: [Border_Leaf2] => (item=Ethernet24) =>
    msg: 'Ethernet24 admin=up oper=up ✓ LINK UP '
ok: [Border_Leaf2] => (item=Ethernet28) =>
    msg: 'Ethernet28 admin=up oper=up ✓ LINK UP '

TASK [sonic_fabric : verify | Dump port detail when oper=down (KVM bridge diagnostic)] **************************************************************************************************************************
skipping: [Border_Leaf2] => (item=Ethernet124)
skipping: [Border_Leaf2] => (item=Ethernet120)
skipping: [Border_Leaf2] => (item=Ethernet0)
skipping: [Border_Leaf2] => (item=Ethernet20)
skipping: [Border_Leaf2] => (item=Ethernet24)
skipping: [Border_Leaf2] => (item=Ethernet28)
skipping: [Border_Leaf2]

TASK [sonic_fabric : verify | Show port diagnostic output] ******************************************************************************************************************************************************
skipping: [Border_Leaf2] => (item=Ethernet124)
skipping: [Border_Leaf2] => (item=Ethernet120)
skipping: [Border_Leaf2] => (item=Ethernet0)
skipping: [Border_Leaf2] => (item=Ethernet20)
skipping: [Border_Leaf2] => (item=Ethernet24)
skipping: [Border_Leaf2] => (item=Ethernet28)
skipping: [Border_Leaf2]

TASK [sonic_fabric : verify | Check fabric port oper status] ****************************************************************************************************************************************************
ok: [Border_Leaf1] => (item=Ethernet28)

TASK [sonic_fabric : verify | Report port status] ***************************************************************************************************************************************************************
ok: [Border_Leaf1] => (item=Ethernet124) =>
    msg: 'Ethernet124 admin=up oper=up ✓ LINK UP '
ok: [Border_Leaf1] => (item=Ethernet120) =>
    msg: 'Ethernet120 admin=up oper=up ✓ LINK UP '
ok: [Border_Leaf1] => (item=Ethernet0) =>
    msg: 'Ethernet0 admin=up oper=up ✓ LINK UP '
ok: [Border_Leaf1] => (item=Ethernet20) =>
    msg: 'Ethernet20 admin=up oper=up ✓ LINK UP '
ok: [Border_Leaf1] => (item=Ethernet24) =>
    msg: 'Ethernet24 admin=up oper=up ✓ LINK UP '
ok: [Border_Leaf1] => (item=Ethernet28) =>
    msg: 'Ethernet28 admin=up oper=up ✓ LINK UP '

TASK [sonic_fabric : verify | Dump port detail when oper=down (KVM bridge diagnostic)] **************************************************************************************************************************
skipping: [Border_Leaf1] => (item=Ethernet124)
skipping: [Border_Leaf1] => (item=Ethernet120)
skipping: [Border_Leaf1] => (item=Ethernet0)
skipping: [Border_Leaf1] => (item=Ethernet20)
skipping: [Border_Leaf1] => (item=Ethernet24)
skipping: [Border_Leaf1] => (item=Ethernet28)
skipping: [Border_Leaf1]

TASK [sonic_fabric : verify | Show port diagnostic output] ******************************************************************************************************************************************************
skipping: [Border_Leaf1] => (item=Ethernet124)
skipping: [Border_Leaf1] => (item=Ethernet120)
skipping: [Border_Leaf1] => (item=Ethernet0)
skipping: [Border_Leaf1] => (item=Ethernet20)
skipping: [Border_Leaf1] => (item=Ethernet24)
skipping: [Border_Leaf1] => (item=Ethernet28)
skipping: [Border_Leaf1]

TASK [sonic_fabric : verify | Check BGP session summary] ********************************************************************************************************************************************************
ok: [Border_Leaf2]

TASK [sonic_fabric : verify | Parse BGP session state] **********************************************************************************************************************************************************
ok: [Border_Leaf2]

TASK [sonic_fabric : verify | Report BGP neighbor states] *******************************************************************************************************************************************************
ok: [Border_Leaf2] =>
    msg: |-
        BGP Summary for Border_Leaf2 (AS 65022):
          Ethernet20: state=Established, pfxRcd=15
          Ethernet24: state=Established, pfxRcd=2
          Ethernet28: state=Established, pfxRcd=2
          Ethernet120: state=Established, pfxRcd=14
          Ethernet124: state=Established, pfxRcd=14
          10.0.253.3: state=Active, pfxRcd=0

TASK [sonic_fabric : verify | Check BGP session summary] ********************************************************************************************************************************************************
ok: [Border_Leaf1]

TASK [sonic_fabric : verify | Parse BGP session state] **********************************************************************************************************************************************************
ok: [Border_Leaf1]

TASK [sonic_fabric : verify | Check BFD session states] *********************************************************************************************************************************************************
ok: [Border_Leaf2]

TASK [sonic_fabric : verify | Report BGP neighbor states] *******************************************************************************************************************************************************
ok: [Border_Leaf1] =>
    msg: |-
        BGP Summary for Border_Leaf1 (AS 65021):
          Ethernet20: state=Established, pfxRcd=6
          Ethernet24: state=Established, pfxRcd=0
          Ethernet28: state=Established, pfxRcd=0
          Ethernet120: state=Established, pfxRcd=15
          Ethernet124: state=Established, pfxRcd=15
          10.0.253.1: state=Active, pfxRcd=0

TASK [sonic_fabric : verify | Parse BFD peer data] **************************************************************************************************************************************************************
skipping: [Border_Leaf2]

TASK [sonic_fabric : verify | Report BFD session status] ********************************************************************************************************************************************************
ok: [Border_Leaf2] =>
    msg: |-
        BFD Sessions for Border_Leaf2:
          BFD sessions not yet established (peers may still be negotiating)

TASK [sonic_fabric : verify | Warn if BFD sessions not all Up] **************************************************************************************************************************************************
skipping: [Border_Leaf2]

TASK [sonic_fabric : verify | Check BFD session states] *********************************************************************************************************************************************************
ok: [Border_Leaf1]

TASK [sonic_fabric : verify | Parse BFD peer data] **************************************************************************************************************************************************************
skipping: [Border_Leaf1]

TASK [sonic_fabric : verify | Report BFD session status] ********************************************************************************************************************************************************
ok: [Border_Leaf1] =>
    msg: |-
        BFD Sessions for Border_Leaf1:
          BFD sessions not yet established (peers may still be negotiating)

TASK [sonic_fabric : verify | Warn if BFD sessions not all Up] **************************************************************************************************************************************************
skipping: [Border_Leaf1]

TASK [sonic_fabric : verify | Check LLDP neighbors] *************************************************************************************************************************************************************
ok: [Border_Leaf2]

TASK [sonic_fabric : verify | Report LLDP neighbors] ************************************************************************************************************************************************************
ok: [Border_Leaf2] =>
    msg: |-
        LLDP Neighbors on fabric ports:
        Interface:    Ethernet120, via: LLDP, RID: 2, Time: 0 day, 18:02:45
        Interface:    Ethernet124, via: LLDP, RID: 3, Time: 0 day, 18:02:20
        Interface:    Ethernet0, via: LLDP, RID: 1, Time: 0 day, 11:40:56
        Interface:    Ethernet20, via: LLDP, RID: 4, Time: 0 day, 13:07:56
        Interface:    Ethernet24, via: LLDP, RID: 5, Time: 0 day, 13:07:52
        Interface:    Ethernet28, via: LLDP, RID: 6, Time: 0 day, 13:07:47

TASK [sonic_fabric : verify | Assert expected LLDP neighbor count (real hardware)] ******************************************************************************************************************************
skipping: [Border_Leaf2]

TASK [sonic_fabric : verify | Report LLDP mismatch (real hardware)] *********************************************************************************************************************************************
skipping: [Border_Leaf2]

TASK [sonic_fabric : verify | Check LLDP neighbors] *************************************************************************************************************************************************************
ok: [Border_Leaf1]

TASK [sonic_fabric : verify | Report LLDP neighbors] ************************************************************************************************************************************************************
ok: [Border_Leaf1] =>
    msg: |-
        LLDP Neighbors on fabric ports:
        Interface:    Ethernet120, via: LLDP, RID: 2, Time: 0 day, 18:02:51
        Interface:    Ethernet124, via: LLDP, RID: 3, Time: 0 day, 18:02:27
        Interface:    Ethernet0, via: LLDP, RID: 1, Time: 0 day, 11:40:59
        Interface:    Ethernet20, via: LLDP, RID: 4, Time: 0 day, 13:07:29
        Interface:    Ethernet24, via: LLDP, RID: 5, Time: 0 day, 13:07:25
        Interface:    Ethernet28, via: LLDP, RID: 6, Time: 0 day, 13:07:20

TASK [sonic_fabric : verify | Assert expected LLDP neighbor count (real hardware)] ******************************************************************************************************************************
skipping: [Border_Leaf1]

TASK [sonic_fabric : verify | Report LLDP mismatch (real hardware)] *********************************************************************************************************************************************
skipping: [Border_Leaf1]

TASK [sonic_fabric : verify | Check IPv6 link-local addresses on fabric ports] **********************************************************************************************************************************
ok: [Border_Leaf2]

TASK [sonic_fabric : verify | Report IPv6 link-local] ***********************************************************************************************************************************************************
ok: [Border_Leaf2] =>
    msg: |-
        IPv6 link-local on fabric ports:
        Ethernet0              fe80::2e0:ecff:fe57:1202%Ethernet0/64    up/up         N/A             N/A
        Ethernet20             fe80::2e0:ecff:fe57:1202%Ethernet20/64   up/up         N/A             N/A
        Ethernet24             fe80::2e0:ecff:fe57:1202%Ethernet24/64   up/up         N/A             N/A
        Ethernet28             fe80::2e0:ecff:fe57:1202%Ethernet28/64   up/up         N/A             N/A
        Ethernet120            fe80::2e0:ecff:fe57:1202%Ethernet120/64  up/up         N/A             N/A
        Ethernet124            fe80::2e0:ecff:fe57:1202%Ethernet124/64  up/up         N/A             N/A

TASK [sonic_fabric : verify | Fabric integration summary] *******************************************************************************************************************************************************
ok: [Border_Leaf2] =>
    msg: |-
        ============================================
        Fabric Integration Complete: Border_Leaf2
        ============================================
        ASN:            65022
        Router-ID:      10.0.2.2
        Fabric Ports:   Ethernet124, Ethernet120, Ethernet0, Ethernet20, Ethernet24, Ethernet28
        BGP Mode:       eBGP unnumbered (IPv6 link-local)
        LLDP:           Enabled (Tx+Rx)
        Neighbors:      Spine_S1, Spine_S2, Exit_Router2, HostB12_1, HostB12_2, MonitorSrv
        ============================================

TASK [sonic_fabric : verify | Check IPv6 link-local addresses on fabric ports] **********************************************************************************************************************************
ok: [Border_Leaf1]

TASK [sonic_fabric : verify | Report IPv6 link-local] ***********************************************************************************************************************************************************
ok: [Border_Leaf1] =>
    msg: |-
        IPv6 link-local on fabric ports:
        Ethernet0              fe80::2e0:ecff:fe57:1201%Ethernet0/64    up/up         N/A             N/A
        Ethernet20             fe80::2e0:ecff:fe57:1201%Ethernet20/64   up/up         N/A             N/A
        Ethernet24             fe80::2e0:ecff:fe57:1201%Ethernet24/64   up/up         N/A             N/A
        Ethernet28             fe80::2e0:ecff:fe57:1201%Ethernet28/64   up/up         N/A             N/A
        Ethernet120            fe80::2e0:ecff:fe57:1201%Ethernet120/64  up/up         N/A             N/A
        Ethernet124            fe80::2e0:ecff:fe57:1201%Ethernet124/64  up/up         N/A             N/A

TASK [sonic_fabric : verify | Fabric integration summary] *******************************************************************************************************************************************************
ok: [Border_Leaf1] =>
    msg: |-
        ============================================
        Fabric Integration Complete: Border_Leaf1
        ============================================
        ASN:            65021
        Router-ID:      10.0.2.1
        Fabric Ports:   Ethernet124, Ethernet120, Ethernet0, Ethernet20, Ethernet24, Ethernet28
        BGP Mode:       eBGP unnumbered (IPv6 link-local)
        LLDP:           Enabled (Tx+Rx)
        Neighbors:      Spine_S1, Spine_S2, Exit_Router1, HostB12_1, HostB12_2, MonitorSrv
        ============================================

TASK [sonic_fabric : verify | Wait for at least one BGP session to reach Established] ***************************************************************************************************************************
ok: [Border_Leaf2]

TASK [sonic_fabric : verify | Report BGP establish result before ping test] *************************************************************************************************************************************
ok: [Border_Leaf2] =>
    msg: 'BGP establish check on Border_Leaf2: at least one session Established — proceeding
        with ping'

TASK [sonic_fabric : verify | Wait for at least one BGP session to reach Established] ***************************************************************************************************************************
ok: [Border_Leaf1]

TASK [sonic_fabric : verify | Discover peer IPv6 link-local from FRR BGP neighbor state] ************************************************************************************************************************
ok: [Border_Leaf2] => (item=Ethernet124)

TASK [sonic_fabric : verify | Report BGP establish result before ping test] *************************************************************************************************************************************
ok: [Border_Leaf1] =>
    msg: 'BGP establish check on Border_Leaf1: at least one session Established — proceeding
        with ping'

TASK [sonic_fabric : verify | Discover peer IPv6 link-local from FRR BGP neighbor state] ************************************************************************************************************************
ok: [Border_Leaf2] => (item=Ethernet120)
ok: [Border_Leaf1] => (item=Ethernet124)
ok: [Border_Leaf2] => (item=Ethernet0)
ok: [Border_Leaf1] => (item=Ethernet120)
ok: [Border_Leaf2] => (item=Ethernet20)
ok: [Border_Leaf1] => (item=Ethernet0)
ok: [Border_Leaf2] => (item=Ethernet24)
ok: [Border_Leaf1] => (item=Ethernet20)
ok: [Border_Leaf2] => (item=Ethernet28)
ok: [Border_Leaf1] => (item=Ethernet24)

TASK [sonic_fabric : verify | Ping peer IPv6 link-local via fabric interface] ***********************************************************************************************************************************
ok: [Border_Leaf2] => (item=Ethernet124 → Spine_S1)

TASK [sonic_fabric : verify | Discover peer IPv6 link-local from FRR BGP neighbor state] ************************************************************************************************************************
ok: [Border_Leaf1] => (item=Ethernet28)

TASK [sonic_fabric : verify | Ping peer IPv6 link-local via fabric interface] ***********************************************************************************************************************************
ok: [Border_Leaf2] => (item=Ethernet120 → Spine_S2)
ok: [Border_Leaf1] => (item=Ethernet124 → Spine_S1)
ok: [Border_Leaf1] => (item=Ethernet120 → Spine_S2)
ok: [Border_Leaf2] => (item=Ethernet0 → Exit_Router2)
ok: [Border_Leaf1] => (item=Ethernet0 → Exit_Router1)
ok: [Border_Leaf2] => (item=Ethernet20 → HostB12_1)
ok: [Border_Leaf2] => (item=Ethernet24 → HostB12_2)
ok: [Border_Leaf1] => (item=Ethernet20 → HostB12_1)
ok: [Border_Leaf1] => (item=Ethernet24 → HostB12_2)
ok: [Border_Leaf2] => (item=Ethernet28 → MonitorSrv)

TASK [sonic_fabric : verify | Report ping connectivity results] *************************************************************************************************************************************************
ok: [Border_Leaf2] => (item=Ethernet124 → Spine_S1) =>
    msg: 'SKIP: peer link-local not yet known for Ethernet124 → Spine_S1 (BGP not Established
        yet)'
ok: [Border_Leaf2] => (item=Ethernet120 → Spine_S2) =>
    msg: 'SKIP: peer link-local not yet known for Ethernet120 → Spine_S2 (BGP not Established
        yet)'
ok: [Border_Leaf2] => (item=Ethernet0 → Exit_Router2) =>
    msg: 'SKIP: peer link-local not yet known for Ethernet0 → Exit_Router2 (BGP not Established
        yet)'
ok: [Border_Leaf2] => (item=Ethernet20 → HostB12_1) =>
    msg: 'SKIP: peer link-local not yet known for Ethernet20 → HostB12_1 (BGP not Established
        yet)'
ok: [Border_Leaf2] => (item=Ethernet24 → HostB12_2) =>
    msg: 'SKIP: peer link-local not yet known for Ethernet24 → HostB12_2 (BGP not Established
        yet)'
ok: [Border_Leaf2] => (item=Ethernet28 → MonitorSrv) =>
    msg: 'SKIP: peer link-local not yet known for Ethernet28 → MonitorSrv (BGP not Established
        yet)'

TASK [sonic_fabric : verify | Ping peer IPv6 link-local via fabric interface] ***********************************************************************************************************************************
ok: [Border_Leaf1] => (item=Ethernet28 → MonitorSrv)

TASK [sonic_fabric : verify | Report ping connectivity results] *************************************************************************************************************************************************
ok: [Border_Leaf1] => (item=Ethernet124 → Spine_S1) =>
    msg: 'SKIP: peer link-local not yet known for Ethernet124 → Spine_S1 (BGP not Established
        yet)'
ok: [Border_Leaf1] => (item=Ethernet120 → Spine_S2) =>
    msg: 'SKIP: peer link-local not yet known for Ethernet120 → Spine_S2 (BGP not Established
        yet)'
ok: [Border_Leaf1] => (item=Ethernet0 → Exit_Router1) =>
    msg: 'SKIP: peer link-local not yet known for Ethernet0 → Exit_Router1 (BGP not Established
        yet)'
ok: [Border_Leaf1] => (item=Ethernet20 → HostB12_1) =>
    msg: 'SKIP: peer link-local not yet known for Ethernet20 → HostB12_1 (BGP not Established
        yet)'
ok: [Border_Leaf1] => (item=Ethernet24 → HostB12_2) =>
    msg: 'SKIP: peer link-local not yet known for Ethernet24 → HostB12_2 (BGP not Established
        yet)'
ok: [Border_Leaf1] => (item=Ethernet28 → MonitorSrv) =>
    msg: 'SKIP: peer link-local not yet known for Ethernet28 → MonitorSrv (BGP not Established
        yet)'

PLAY [Day-1 BGP Wiring — MikroTik Exit Routers] *****************************************************************************************************************************************************************

TASK [Phase 0 | Build hypervisor tap-offload work list (profile-driven)] ****************************************************************************************************************************************
ok: [Exit_Router1 -> localhost]
skipping: [Exit_Router2]

TASK [Phase 0 | Build hypervisor tap-offload work list (profile-driven)] ****************************************************************************************************************************************
skipping: [Exit_Router1]
skipping: [Exit_Router2]

TASK [Phase 0 | Build hypervisor tap-offload work list] *********************************************************************************************************************************************************
skipping: [Exit_Router1]
skipping: [Exit_Router2]

TASK [Phase 0 | Disable hypervisor tap TX offload for KVM fabric VMs] *******************************************************************************************************************************************
skipping: [Exit_Router2]

TASK [Phase 0 | Report hypervisor tap TX offload result] ********************************************************************************************************************************************************
skipping: [Exit_Router2]

TASK [Phase 1 | Configure BGP peering (MikroTik)] ***************************************************************************************************************************************************************
included: mikrotik_base for Exit_Router2

TASK [mikrotik_base : day1 | Resolve fabric interfaces (profile-conditional)] ***********************************************************************************************************************************
ok: [Exit_Router2]

TASK [Phase 0 | Disable hypervisor tap TX offload for KVM fabric VMs] *******************************************************************************************************************************************
ok: [Exit_Router1 -> localhost] => (item=nh1221@R810 => Exit_Router1,Exit_Router2)

TASK [mikrotik_base : day1 | Probe running ethernet interfaces on KVM CHR] **************************************************************************************************************************************
ok: [Exit_Router2]

TASK [Phase 0 | Report hypervisor tap TX offload result] ********************************************************************************************************************************************************
ok: [Exit_Router1 -> localhost] => (item=nh1221@R810) =>
    msg: Could not disable hypervisor tap offload via nh1221@R810 because remote sudo
        requires a password. Run the offload fix directly on that hypervisor or configure
        passwordless sudo for ovs-vsctl, virsh, and ethtool.

TASK [Phase 1 | Configure BGP peering (MikroTik)] ***************************************************************************************************************************************************************
included: mikrotik_base for Exit_Router1

TASK [mikrotik_base : day1 | Parse running data interfaces on KVM CHR] ******************************************************************************************************************************************
ok: [Exit_Router2]

TASK [mikrotik_base : day1 | Resolve fabric interfaces (profile-conditional)] ***********************************************************************************************************************************
ok: [Exit_Router1]

TASK [mikrotik_base : day1 | Rebind KVM fabric interface to the live RouterOS port] *****************************************************************************************************************************
ok: [Exit_Router2]

TASK [mikrotik_base : day1 | Fail when the KVM fabric interface is ambiguous] ***********************************************************************************************************************************
skipping: [Exit_Router2]

TASK [mikrotik_base : day1 | Report resolved KVM fabric interface] **********************************************************************************************************************************************
ok: [Exit_Router2] =>
    msg: 'Using ether3 as the live fabric interface on Exit_Router2. Running RouterOS
        data ports: ether3'

TASK [mikrotik_base : day1 | Configure fabric-facing interface speed] *******************************************************************************************************************************************
skipping: [Exit_Router2] => (item=ether3 (Exit_Router2 ether2 → Border_Leaf2 Ethernet0 (KVM fabric NIC)))
skipping: [Exit_Router2]

TASK [mikrotik_base : day1 | Probe running ethernet interfaces on KVM CHR] **************************************************************************************************************************************
ok: [Exit_Router1]

TASK [mikrotik_base : day1 | Parse running data interfaces on KVM CHR] ******************************************************************************************************************************************
ok: [Exit_Router1]

TASK [mikrotik_base : day1 | Rebind KVM fabric interface to the live RouterOS port] *****************************************************************************************************************************
skipping: [Exit_Router1]

TASK [mikrotik_base : day1 | Fail when the KVM fabric interface is ambiguous] ***********************************************************************************************************************************
skipping: [Exit_Router1]

TASK [mikrotik_base : day1 | Remove existing IP on fabric interface (idempotent re-run)] ************************************************************************************************************************
changed: [Exit_Router2] => (item=ether3)

TASK [mikrotik_base : day1 | Report resolved KVM fabric interface] **********************************************************************************************************************************************
ok: [Exit_Router1] =>
    msg: 'Using ether2 as the live fabric interface on Exit_Router1. Running RouterOS
        data ports: ether2'

TASK [mikrotik_base : day1 | Configure fabric-facing interface speed] *******************************************************************************************************************************************
skipping: [Exit_Router1] => (item=ether2 (Exit_Router1 ether2 → Border_Leaf1 Ethernet0 (KVM fabric NIC)))
skipping: [Exit_Router1]

TASK [mikrotik_base : day1 | Add IP address to fabric interface] ************************************************************************************************************************************************
changed: [Exit_Router2] => (item=ether3)

TASK [mikrotik_base : day1 | Remove existing IP on fabric interface (idempotent re-run)] ************************************************************************************************************************
changed: [Exit_Router1] => (item=ether2)

TASK [mikrotik_base : day1 | Verify IP is present on fabric interface] ******************************************************************************************************************************************
ok: [Exit_Router2] => (item=ether3)

TASK [mikrotik_base : day1 | Add IP address to fabric interface] ************************************************************************************************************************************************
changed: [Exit_Router1] => (item=ether2)

TASK [mikrotik_base : day1 | Remove stale BGP firewall accept rules (idempotent re-run)] ************************************************************************************************************************
changed: [Exit_Router2]

TASK [mikrotik_base : day1 | Verify IP is present on fabric interface] ******************************************************************************************************************************************
ok: [Exit_Router1] => (item=ether2)

TASK [mikrotik_base : day1 | Ensure default RouterOS BGP template matches inventory] ****************************************************************************************************************************
changed: [Exit_Router2]

TASK [mikrotik_base : day1 | Remove stale BGP firewall accept rules (idempotent re-run)] ************************************************************************************************************************
changed: [Exit_Router1]

TASK [mikrotik_base : day1 | Ensure default RouterOS routing-id matches inventory] ******************************************************************************************************************************
changed: [Exit_Router2]

TASK [mikrotik_base : day1 | Ensure default RouterOS BGP template matches inventory] ****************************************************************************************************************************
changed: [Exit_Router1]

TASK [mikrotik_base : day1 | Remove stale RouterOS fabric BGP templates] ****************************************************************************************************************************************
changed: [Exit_Router2]

TASK [mikrotik_base : day1 | Ensure default RouterOS routing-id matches inventory] ******************************************************************************************************************************
changed: [Exit_Router1]

TASK [mikrotik_base : day1 | Create RouterOS fabric BGP template with inventory router-id] **********************************************************************************************************************
changed: [Exit_Router2]

TASK [mikrotik_base : day1 | Remove stale RouterOS fabric BGP templates] ****************************************************************************************************************************************
changed: [Exit_Router1]

TASK [mikrotik_base : day1 | Probe legacy RouterOS BGP instance support] ****************************************************************************************************************************************
ok: [Exit_Router2]

TASK [mikrotik_base : day1 | Ensure legacy RouterOS BGP instance matches inventory] *****************************************************************************************************************************
skipping: [Exit_Router2]

TASK [mikrotik_base : day1 | Create RouterOS fabric BGP template with inventory router-id] **********************************************************************************************************************
changed: [Exit_Router1]

TASK [mikrotik_base : day1 | Add firewall rule to accept BGP (TCP/179) from fabric peer] ************************************************************************************************************************
changed: [Exit_Router2] => (item=BGP accept ← Border_Leaf2 (10.0.253.2))

TASK [mikrotik_base : day1 | Probe legacy RouterOS BGP instance support] ****************************************************************************************************************************************
ok: [Exit_Router1]

TASK [mikrotik_base : day1 | Ensure legacy RouterOS BGP instance matches inventory] *****************************************************************************************************************************
skipping: [Exit_Router1]

TASK [mikrotik_base : day1 | Remove existing BGP connections (idempotent re-run)] *******************************************************************************************************************************
changed: [Exit_Router2]

TASK [mikrotik_base : day1 | Add firewall rule to accept BGP (TCP/179) from fabric peer] ************************************************************************************************************************
changed: [Exit_Router1] => (item=BGP accept ← Border_Leaf1 (10.0.253.0))

TASK [mikrotik_base : day1 | Configure BGP connection to neighbor] **********************************************************************************************************************************************
changed: [Exit_Router2] => (item=BGP → Border_Leaf2 (AS65022))

TASK [mikrotik_base : day1 | Remove existing BGP connections (idempotent re-run)] *******************************************************************************************************************************
changed: [Exit_Router1]

TASK [mikrotik_base : day1 | Gather BGP connection count] *******************************************************************************************************************************************************
ok: [Exit_Router2]

TASK [mikrotik_base : day1 | Parse BGP connection count] ********************************************************************************************************************************************************
ok: [Exit_Router2]

TASK [mikrotik_base : day1 | Configure BGP connection to neighbor] **********************************************************************************************************************************************
changed: [Exit_Router1] => (item=BGP → Border_Leaf1 (AS65021))

TASK [mikrotik_base : day1 | Gather immediate BGP session state after deploy] ***********************************************************************************************************************************
ok: [Exit_Router2]

TASK [mikrotik_base : day1 | Gather BGP connection count] *******************************************************************************************************************************************************
ok: [Exit_Router1]

TASK [mikrotik_base : day1 | Parse BGP connection count] ********************************************************************************************************************************************************
ok: [Exit_Router1]

TASK [mikrotik_base : day1 | Gather immediate BGP session count after deploy] ***********************************************************************************************************************************
ok: [Exit_Router2]

TASK [mikrotik_base : day1 | Parse immediate BGP session count after deploy] ************************************************************************************************************************************
ok: [Exit_Router2]

TASK [mikrotik_base : day1 | Parse concrete BGP session rows after deploy] **************************************************************************************************************************************
ok: [Exit_Router2]

TASK [mikrotik_base : day1 | Gather immediate BGP session state after deploy] ***********************************************************************************************************************************
ok: [Exit_Router1]

TASK [mikrotik_base : day1 | Warn when BGP connection exists but no live RouterOS session formed] ***************************************************************************************************************
ok: [Exit_Router2]

TASK [mikrotik_base : day1 | Report RouterOS BGP diagnostics when no live session formed] ***********************************************************************************************************************
ok: [Exit_Router2] =>
    msg: |-
        Exit_Router2 has a configured RouterOS BGP connection but no concrete
        /routing bgp session rows.

        RouterOS reported 1 configured BGP connections
        via /routing bgp connection print count-only.

        RouterOS reported 0 live BGP sessions
        via /routing bgp session print count-only.

        RouterOS diagnostic snapshot:
        Flags: X - disabled, D - dynamic, I - inactive
         0 D name="main" dynamic-id=10.0.99.2 select-dynamic-id=only-vrf
             select-from-vrf=main

         1   name="main" id=10.0.99.2

         2   name="main" id=10.0.99.2

         3   name="main" id=10.0.99.2

         4   name="main" id=10.0.99.2

         5   name="main" id=10.0.99.2

         6   name="default" id=10.0.99.2

        Flags: * - default; X - disabled, I - inactive
         0 *  name="default" routing-table=main router-id=10.0.99.2 as=65254
              hold-time=3m keepalive-time=1m address-families=ip

         1    name="fabric" routing-table=main router-id=10.0.99.2 as=65254
              hold-time=3m keepalive-time=1m address-families=ip

        Flags: D - dynamic, X - disabled, I - inactive
         0   name="to_Border_Leaf2"
             remote.address=10.0.253.2/32 .as=65022
             local.address=10.0.253.3 .role=ebgp
             connect=yes listen=no routing-table=main router-id=10.0.99.2
             templates=default as=65254 hold-time=3m keepalive-time=1m
             address-families=ip

         12:05:31 route,bgp,info EBGP peer is not on a shared network and multihop is not configured  {l_addr: (empty), r_addr: (empty)}

TASK [mikrotik_base : day1 | Gather immediate BGP session count after deploy] ***********************************************************************************************************************************
ok: [Exit_Router1]

TASK [mikrotik_base : day1 | Fail deploy when RouterOS BGP connection exists but no live session formed] ********************************************************************************************************
[ERROR]: Task failed: Action failed: Exit_Router2 still has no concrete /routing bgp session rows after deploy. The BGP connection object exists, but RouterOS did not instantiate a live session. See the preceding diagnostic snapshot for routing-id, template, connection, and log state.
Origin: /mnt/c/Users/nh1221/data-center/_v3/roles/mikrotik_base/tasks/day1_bgp.yml:298:3

296   tags: [deploy, day1, bgp]
297
298 - name: "day1 | Fail deploy when RouterOS BGP connection exists but no live session formed"
      ^ column 3

fatal: [Exit_Router2]: FAILED! =>
    changed: false
    msg: Exit_Router2 still has no concrete /routing bgp session rows after deploy. The
        BGP connection object exists, but RouterOS did not instantiate a live session.
        See the preceding diagnostic snapshot for routing-id, template, connection, and
        log state.

TASK [mikrotik_base : day1 | Parse immediate BGP session count after deploy] ************************************************************************************************************************************
ok: [Exit_Router1]

TASK [mikrotik_base : day1 | Parse concrete BGP session rows after deploy] **************************************************************************************************************************************
ok: [Exit_Router1]

TASK [mikrotik_base : day1 | Warn when BGP connection exists but no live RouterOS session formed] ***************************************************************************************************************
ok: [Exit_Router1]

TASK [mikrotik_base : day1 | Report RouterOS BGP diagnostics when no live session formed] ***********************************************************************************************************************
ok: [Exit_Router1] =>
    msg: |-
        Exit_Router1 has a configured RouterOS BGP connection but no concrete
        /routing bgp session rows.

        RouterOS reported 1 configured BGP connections
        via /routing bgp connection print count-only.

        RouterOS reported 0 live BGP sessions
        via /routing bgp session print count-only.

        RouterOS diagnostic snapshot:
        Flags: X - disabled, D - dynamic, I - inactive
         0 D name="main" dynamic-id=10.0.99.1 select-dynamic-id=only-vrf
             select-from-vrf=main

         1   name="main" id=10.0.99.1

         2   name="main" id=10.0.99.1

         3   name="main" id=10.0.99.1

         4   name="main" id=10.0.99.1

         5   name="main" id=10.0.99.1

         6   name="default" id=10.0.99.1

        Flags: * - default; X - disabled, I - inactive
         0 *  name="default" routing-table=main router-id=10.0.99.1 as=65253
              hold-time=3m keepalive-time=1m address-families=ip

         1    name="fabric" routing-table=main router-id=10.0.99.1 as=65253
              hold-time=3m keepalive-time=1m address-families=ip

        Flags: D - dynamic, X - disabled, I - inactive
         0   name="to_Border_Leaf1"
             remote.address=10.0.253.0/32 .as=65021
             local.address=10.0.253.1 .role=ebgp
             connect=yes listen=no routing-table=main router-id=10.0.99.1
             templates=default as=65253 hold-time=3m keepalive-time=1m
             address-families=ip

TASK [mikrotik_base : day1 | Fail deploy when RouterOS BGP connection exists but no live session formed] ********************************************************************************************************
[ERROR]: Task failed: Action failed: Exit_Router1 still has no concrete /routing bgp session rows after deploy. The BGP connection object exists, but RouterOS did not instantiate a live session. See the preceding diagnostic snapshot for routing-id, template, connection, and log state.
Origin: /mnt/c/Users/nh1221/data-center/_v3/roles/mikrotik_base/tasks/day1_bgp.yml:298:3

296   tags: [deploy, day1, bgp]
297
298 - name: "day1 | Fail deploy when RouterOS BGP connection exists but no live session formed"
      ^ column 3

fatal: [Exit_Router1]: FAILED! =>
    changed: false
    msg: Exit_Router1 still has no concrete /routing bgp session rows after deploy. The
        BGP connection object exists, but RouterOS did not instantiate a live session.
        See the preceding diagnostic snapshot for routing-id, template, connection, and
        log state.

PLAY RECAP ******************************************************************************************************************************************************************************************************
Border_Leaf1               : ok=74   changed=5    unreachable=0    failed=0    skipped=36   rescued=0    ignored=0
Border_Leaf2               : ok=70   changed=5    unreachable=0    failed=0    skipped=40   rescued=0    ignored=0
Exit_Router1               : ok=28   changed=10   unreachable=0    failed=1    skipped=6    rescued=0    ignored=0
Exit_Router2               : ok=26   changed=10   unreachable=0    failed=1    skipped=8    rescued=0    ignored=0

(venv) nh1221@Lab-ControlNode:/mnt/c/Users/nh1221/data-center/_v3$ ssh Border_Leaf1 "sudo vtysh -c 'show bgp summary'"
Warning: Permanently added '172.16.2.31' (RSA) to the list of known hosts.

IPv4 Unicast Summary (VRF default):
BGP router identifier 10.0.2.1, local AS number 65021 vrf-id 0
BGP table version 1074
RIB entries 37, using 8288 bytes of memory
Peers 6, using 4348 KiB of memory

Neighbor        V         AS   MsgRcvd   MsgSent   TblVer  InQ OutQ  Up/Down State/PfxRcd   PfxSnt Desc
Ethernet20      4      65106      1851      1860        0    0    0 13:10:09            6       19 HostB12_1
Ethernet24      4      65107       886      7933        0    0    0 00:02:05            0       19 HostB12_2
Ethernet28      4      65108       877      7931        0    0    0 00:02:10            0       19 MonitorSrv
Ethernet120     4      65000      2144      2156        0    0    0 18:04:56           15       19 Spine_S2
Ethernet124     4      65000      2144      2156        0    0    0 18:04:40           15       19 Spine_S1
10.0.253.1      4      65253         0         0        0    0    0    never       Active        0 Exit_Router1

Total number of neighbors 6

IPv6 Unicast Summary (VRF default):
BGP router identifier 10.0.2.1, local AS number 65021 vrf-id 0
BGP table version 0
RIB entries 0, using 0 bytes of memory
Peers 5, using 3623 KiB of memory

Neighbor        V         AS   MsgRcvd   MsgSent   TblVer  InQ OutQ  Up/Down State/PfxRcd   PfxSnt Desc
Ethernet20      4      65106      1851      1860        0    0    0 13:10:09            0        0 HostB12_1
Ethernet24      4      65107       886      7933        0    0    0 00:02:05            0        0 HostB12_2
Ethernet28      4      65108       877      7931        0    0    0 00:02:10            0        0 MonitorSrv
Ethernet120     4      65000      2144      2156        0    0    0 18:04:56            0        0 Spine_S2
Ethernet124     4      65000      2144      2156        0    0    0 18:04:40            0        0 Spine_S1

Total number of neighbors 5
(venv) nh1221@Lab-ControlNode:/mnt/c/Users/nh1221/data-center/_v3$ ssh Border_Leaf2 "sudo vtysh -c 'show bgp summary'"
Warning: Permanently added '172.16.2.32' (RSA) to the list of known hosts.

IPv4 Unicast Summary (VRF default):
BGP router identifier 10.0.2.2, local AS number 65022 vrf-id 0
BGP table version 1066
RIB entries 37, using 8288 bytes of memory
Peers 6, using 4348 KiB of memory

Neighbor        V         AS   MsgRcvd   MsgSent   TblVer  InQ OutQ  Up/Down State/PfxRcd   PfxSnt Desc
Ethernet20      4      65106      1851      1852        0    0    0 13:10:23           15       19 HostB12_1
Ethernet24      4      65107      1850      1852        0    0    0 13:10:23            2       19 HostB12_2
Ethernet28      4      65108      1850      1852        0    0    0 13:10:23            2       19 MonitorSrv
Ethernet120     4      65000      2145      2149        0    0    0 18:05:12           14       19 Spine_S2
Ethernet124     4      65000      2144      2148        0    0    0 18:04:45           14       19 Spine_S1
10.0.253.3      4      65254         0         0        0    0    0    never       Active        0 Exit_Router2

Total number of neighbors 6

IPv6 Unicast Summary (VRF default):
BGP router identifier 10.0.2.2, local AS number 65022 vrf-id 0
BGP table version 0
RIB entries 0, using 0 bytes of memory
Peers 5, using 3623 KiB of memory

Neighbor        V         AS   MsgRcvd   MsgSent   TblVer  InQ OutQ  Up/Down State/PfxRcd   PfxSnt Desc
Ethernet20      4      65106      1851      1852        0    0    0 13:10:23            0        0 HostB12_1
Ethernet24      4      65107      1850      1852        0    0    0 13:10:23            0        0 HostB12_2
Ethernet28      4      65108      1850      1852        0    0    0 13:10:23            0        0 MonitorSrv
Ethernet120     4      65000      2145      2149        0    0    0 18:05:12            0        0 Spine_S2
Ethernet124     4      65000      2144      2148        0    0    0 18:04:45            0        0 Spine_S1

Total number of neighbors 5
(venv) nh1221@Lab-ControlNode:/mnt/c/Users/nh1221/data-center/_v3$ ssh Exit_Router1 '/routing bgp template print detail; /routing bgp connection print detail; /routing bgp session print detail'
Warning: Permanently added '172.16.2.98' (RSA) to the list of known hosts.
Flags: * - default; X - disabled, I - inactive
 0 *  name="default" routing-table=main router-id=10.0.99.1 as=65253
      hold-time=3m keepalive-time=1m address-families=ip

 1    name="fabric" routing-table=main router-id=10.0.99.1 as=65253
      hold-time=3m keepalive-time=1m address-families=ip

Flags: D - dynamic, X - disabled, I - inactive
 0   name="to_Border_Leaf1"
     remote.address=10.0.253.0/32 .as=65021
     local.address=10.0.253.1 .role=ebgp
     connect=yes listen=no routing-table=main router-id=10.0.99.1
     templates=default as=65253 hold-time=3m keepalive-time=1m
     address-families=ip

Flags: E - established

(venv) nh1221@Lab-ControlNode:/mnt/c/Users/nh1221/data-center/_v3$ ssh Exit_Router2 '/routing bgp template print detail; /routing bgp connection print detail; /routing bgp session print detail'
Warning: Permanently added '172.16.2.99' (RSA) to the list of known hosts.
Flags: * - default; X - disabled, I - inactive
 0 *  name="default" routing-table=main router-id=10.0.99.2 as=65254
      hold-time=3m keepalive-time=1m address-families=ip

 1    name="fabric" routing-table=main router-id=10.0.99.2 as=65254
      hold-time=3m keepalive-time=1m address-families=ip

Flags: D - dynamic, X - disabled, I - inactive
 0   name="to_Border_Leaf2"
     remote.address=10.0.253.2/32 .as=65022
     local.address=10.0.253.3 .role=ebgp
     connect=yes listen=no routing-table=main router-id=10.0.99.2
     templates=default as=65254 hold-time=3m keepalive-time=1m
     address-families=ip

Flags: E - established

(venv) nh1221@Lab-ControlNode:/mnt/c/Users/nh1221/data-center/_v3$
