(venv) nh1221@Lab-ControlNode:/mnt/c/Users/nh1221/data-center/_v3$ ./deploy_lab_v3.sh day0
[INFO] Preflight: checking SSH connectivity to R810 (nh1221@R810)
[INFO] Preflight: R810 — key-based auth OK
[INFO] Preflight: checking SSH connectivity to REMOTE_V13_HOST (nh1221@R810)
[INFO] Preflight: REMOTE_V13_HOST — key-based auth OK
[INFO] Preflight: checking deploy_lab_v13.sh on remote (/home/nh1221/deploy_lab_v13.sh)
[INFO] Remote deploy_lab_v13.sh differs from local copy; syncing latest version...
[INFO] Copying deploy_lab_v13.sh to nh1221@R810:/home/nh1221/deploy_lab_v13.sh
Warning: Permanently added '192.168.9.198' (ED25519) to the list of known hosts.
deploy_lab_v13.sh                                                                                                                                                              100%  118KB   1.2MB/s   00:00
[INFO] Preflight completed successfully.
[INFO] Running ansible-playbook playbooks/reused/deploy_day0.yml (profile=ubuntu_r810_kvm)

PLAY [Day-0 Base Provisioning — SONiC Switches] *****************************************************************************************************************************************************************
[WARNING]: Using run_once with the free strategy is not currently supported. This task will still be executed for every host in the inventory list.

TASK [Phase 0 | Assert automation profile is supported] *********************************************************************************************************************************************************
ok: [Spine_S1 -> localhost] =>
    changed: false
    msg: automation_profile=ubuntu_r810_kvm (QEMU/KVM on Ubuntu for Dell R810 (256GB/64CPU/5TB))
ok: [Spine_S2 -> localhost] =>
    changed: false
    msg: automation_profile=ubuntu_r810_kvm (QEMU/KVM on Ubuntu for Dell R810 (256GB/64CPU/5TB))

TASK [Phase 0 | Assert ansible_host is reachable subnet (real hardware)] ****************************************************************************************************************************************
skipping: [Spine_S1]
skipping: [Spine_S2]

TASK [Phase 0 | Assert automation profile is supported] *********************************************************************************************************************************************************
ok: [Border_Leaf1 -> localhost] =>
    changed: false
    msg: automation_profile=ubuntu_r810_kvm (QEMU/KVM on Ubuntu for Dell R810 (256GB/64CPU/5TB))

TASK [Phase 0 | Assert iDRAC PXE map is populated (real hardware)] **********************************************************************************************************************************************
skipping: [Spine_S1]
skipping: [Spine_S2]

TASK [Phase 0 | Assert ansible_host is reachable subnet (real hardware)] ****************************************************************************************************************************************
skipping: [Border_Leaf1]

TASK [Phase 0 | Assert automation profile is supported] *********************************************************************************************************************************************************
ok: [Border_Leaf2 -> localhost] =>
    changed: false
    msg: automation_profile=ubuntu_r810_kvm (QEMU/KVM on Ubuntu for Dell R810 (256GB/64CPU/5TB))

TASK [Phase 0 | Assert iDRAC PXE map is populated (real hardware)] **********************************************************************************************************************************************
skipping: [Border_Leaf1]

TASK [Phase 0 | Pre-flight connectivity and platform verification] **********************************************************************************************************************************************
included: sonic_base for Spine_S1

TASK [Phase 0 | Assert ansible_host is reachable subnet (real hardware)] ****************************************************************************************************************************************
skipping: [Border_Leaf2]

TASK [Phase 0 | Pre-flight connectivity and platform verification] **********************************************************************************************************************************************

TASK [sonic_base : preflight | Connectivity phase] **************************************************************************************************************************************************************
included: sonic_base for Spine_S2
included: /mnt/c/Users/nh1221/data-center/_v3/roles/sonic_base/tasks/preflight_connectivity.yml for Spine_S1

TASK [Phase 0 | Pre-flight connectivity and platform verification] **********************************************************************************************************************************************

TASK [sonic_base : preflight | Connectivity phase] **************************************************************************************************************************************************************
included: sonic_base for Border_Leaf1
included: /mnt/c/Users/nh1221/data-center/_v3/roles/sonic_base/tasks/preflight_connectivity.yml for Spine_S2

TASK [Phase 0 | Assert iDRAC PXE map is populated (real hardware)] **********************************************************************************************************************************************
skipping: [Border_Leaf2]

TASK [sonic_base : preflight | Connectivity phase] **************************************************************************************************************************************************************
included: /mnt/c/Users/nh1221/data-center/_v3/roles/sonic_base/tasks/preflight_connectivity.yml for Border_Leaf1

TASK [Phase 0 | Pre-flight connectivity and platform verification] **********************************************************************************************************************************************
included: sonic_base for Border_Leaf2

TASK [sonic_base : preflight | Connectivity phase] **************************************************************************************************************************************************************
included: /mnt/c/Users/nh1221/data-center/_v3/roles/sonic_base/tasks/preflight_connectivity.yml for Border_Leaf2

TASK [sonic_base : preflight | Kill any stale SSH ControlMaster process] ****************************************************************************************************************************************
ok: [Spine_S2 -> localhost]

TASK [sonic_base : preflight | Kill any stale SSH ControlMaster process] ****************************************************************************************************************************************
ok: [Border_Leaf1 -> localhost]

TASK [sonic_base : preflight | Kill any stale SSH ControlMaster process] ****************************************************************************************************************************************
ok: [Border_Leaf2 -> localhost]

TASK [sonic_base : preflight | Kill any stale SSH ControlMaster process] ****************************************************************************************************************************************
ok: [Spine_S1 -> localhost]

TASK [sonic_base : preflight | Wait for SSH port 22 to accept connections] **************************************************************************************************************************************
ok: [Spine_S2 -> localhost]

TASK [sonic_base : preflight | Wait for SSH port 22 to accept connections] **************************************************************************************************************************************
ok: [Border_Leaf1 -> localhost]

TASK [sonic_base : preflight | Wait for SSH port 22 to accept connections] **************************************************************************************************************************************
ok: [Spine_S1 -> localhost]

TASK [sonic_base : preflight | Wait for SSH port 22 to accept connections] **************************************************************************************************************************************
ok: [Border_Leaf2 -> localhost]

TASK [sonic_base : preflight | Probe SSH password (primary)] ****************************************************************************************************************************************************
ok: [Spine_S2 -> localhost]

TASK [sonic_base : preflight | Try alternate password (factory default)] ****************************************************************************************************************************************
skipping: [Spine_S2]

TASK [sonic_base : preflight | Switch to alternate password] ****************************************************************************************************************************************************
skipping: [Spine_S2]

TASK [sonic_base : preflight | Probe SSH password (primary)] ****************************************************************************************************************************************************
ok: [Border_Leaf1 -> localhost]

TASK [sonic_base : preflight | Probe SSH password (primary)] ****************************************************************************************************************************************************
ok: [Border_Leaf2 -> localhost]

TASK [sonic_base : preflight | Initialize raw SSH stability probe state] ****************************************************************************************************************************************
ok: [Spine_S2]

TASK [sonic_base : preflight | Probe SSH password (primary)] ****************************************************************************************************************************************************
ok: [Spine_S1 -> localhost]

TASK [sonic_base : preflight | Try alternate password (factory default)] ****************************************************************************************************************************************
skipping: [Border_Leaf1]

TASK [sonic_base : preflight | Try alternate password (factory default)] ****************************************************************************************************************************************
skipping: [Border_Leaf2]

TASK [sonic_base : preflight | Switch to alternate password] ****************************************************************************************************************************************************
skipping: [Border_Leaf1]

TASK [sonic_base : preflight | Confirm raw SSH is stable before Ansible session] ********************************************************************************************************************************

TASK [sonic_base : preflight | Switch to alternate password] ****************************************************************************************************************************************************
skipping: [Border_Leaf2]
included: /mnt/c/Users/nh1221/data-center/_v3/roles/sonic_base/tasks/preflight_ssh_probe_attempt.yml for Spine_S2 => (item=1)
included: /mnt/c/Users/nh1221/data-center/_v3/roles/sonic_base/tasks/preflight_ssh_probe_attempt.yml for Spine_S2 => (item=2)
included: /mnt/c/Users/nh1221/data-center/_v3/roles/sonic_base/tasks/preflight_ssh_probe_attempt.yml for Spine_S2 => (item=3)
included: /mnt/c/Users/nh1221/data-center/_v3/roles/sonic_base/tasks/preflight_ssh_probe_attempt.yml for Spine_S2 => (item=4)

TASK [sonic_base : preflight | Try alternate password (factory default)] ****************************************************************************************************************************************
skipping: [Spine_S1]

TASK [sonic_base : preflight | Switch to alternate password] ****************************************************************************************************************************************************
skipping: [Spine_S1]

TASK [sonic_base : preflight | Initialize raw SSH stability probe state] ****************************************************************************************************************************************
ok: [Border_Leaf1]

TASK [sonic_base : preflight | Initialize raw SSH stability probe state] ****************************************************************************************************************************************
ok: [Border_Leaf2]

TASK [sonic_base : preflight | Confirm raw SSH is stable before Ansible session] ********************************************************************************************************************************
included: /mnt/c/Users/nh1221/data-center/_v3/roles/sonic_base/tasks/preflight_ssh_probe_attempt.yml for Border_Leaf1 => (item=1)
included: /mnt/c/Users/nh1221/data-center/_v3/roles/sonic_base/tasks/preflight_ssh_probe_attempt.yml for Border_Leaf1 => (item=2)
included: /mnt/c/Users/nh1221/data-center/_v3/roles/sonic_base/tasks/preflight_ssh_probe_attempt.yml for Border_Leaf1 => (item=3)
included: /mnt/c/Users/nh1221/data-center/_v3/roles/sonic_base/tasks/preflight_ssh_probe_attempt.yml for Border_Leaf1 => (item=4)

TASK [sonic_base : preflight | Initialize raw SSH stability probe state] ****************************************************************************************************************************************
ok: [Spine_S1]

TASK [sonic_base : preflight | Confirm raw SSH is stable before Ansible session] ********************************************************************************************************************************
included: /mnt/c/Users/nh1221/data-center/_v3/roles/sonic_base/tasks/preflight_ssh_probe_attempt.yml for Border_Leaf2 => (item=1)
included: /mnt/c/Users/nh1221/data-center/_v3/roles/sonic_base/tasks/preflight_ssh_probe_attempt.yml for Border_Leaf2 => (item=2)
included: /mnt/c/Users/nh1221/data-center/_v3/roles/sonic_base/tasks/preflight_ssh_probe_attempt.yml for Border_Leaf2 => (item=3)
included: /mnt/c/Users/nh1221/data-center/_v3/roles/sonic_base/tasks/preflight_ssh_probe_attempt.yml for Border_Leaf2 => (item=4)

TASK [sonic_base : preflight | Confirm raw SSH is stable before Ansible session] ********************************************************************************************************************************
included: /mnt/c/Users/nh1221/data-center/_v3/roles/sonic_base/tasks/preflight_ssh_probe_attempt.yml for Spine_S1 => (item=1)
included: /mnt/c/Users/nh1221/data-center/_v3/roles/sonic_base/tasks/preflight_ssh_probe_attempt.yml for Spine_S1 => (item=2)
included: /mnt/c/Users/nh1221/data-center/_v3/roles/sonic_base/tasks/preflight_ssh_probe_attempt.yml for Spine_S1 => (item=3)
included: /mnt/c/Users/nh1221/data-center/_v3/roles/sonic_base/tasks/preflight_ssh_probe_attempt.yml for Spine_S1 => (item=4)

TASK [sonic_base : preflight | Probe raw SSH stability before Ansible session] **********************************************************************************************************************************
ok: [Spine_S2 -> localhost]

TASK [sonic_base : preflight | Probe raw SSH stability before Ansible session] **********************************************************************************************************************************
ok: [Border_Leaf2 -> localhost]

TASK [sonic_base : preflight | Record raw SSH stability before Ansible session result] **************************************************************************************************************************
ok: [Spine_S2]

TASK [sonic_base : preflight | Report raw SSH stability before Ansible session progress] ************************************************************************************************************************
skipping: [Spine_S2]

TASK [sonic_base : preflight | Probe raw SSH stability before Ansible session] **********************************************************************************************************************************
ok: [Border_Leaf1 -> localhost]

TASK [sonic_base : preflight | Wait before retrying raw SSH stability before Ansible session] *******************************************************************************************************************
skipping: [Spine_S2]

TASK [sonic_base : preflight | Probe raw SSH stability before Ansible session] **********************************************************************************************************************************
skipping: [Spine_S2]

TASK [sonic_base : preflight | Record raw SSH stability before Ansible session result] **************************************************************************************************************************
skipping: [Spine_S2]

TASK [sonic_base : preflight | Report raw SSH stability before Ansible session progress] ************************************************************************************************************************
skipping: [Spine_S2]

TASK [sonic_base : preflight | Record raw SSH stability before Ansible session result] **************************************************************************************************************************
ok: [Border_Leaf2]

TASK [sonic_base : preflight | Wait before retrying raw SSH stability before Ansible session] *******************************************************************************************************************
skipping: [Spine_S2]

TASK [sonic_base : preflight | Report raw SSH stability before Ansible session progress] ************************************************************************************************************************
skipping: [Border_Leaf2]

TASK [sonic_base : preflight | Probe raw SSH stability before Ansible session] **********************************************************************************************************************************
skipping: [Spine_S2]

TASK [sonic_base : preflight | Wait before retrying raw SSH stability before Ansible session] *******************************************************************************************************************
skipping: [Border_Leaf2]

TASK [sonic_base : preflight | Record raw SSH stability before Ansible session result] **************************************************************************************************************************
skipping: [Spine_S2]

TASK [sonic_base : preflight | Record raw SSH stability before Ansible session result] **************************************************************************************************************************
ok: [Border_Leaf1]

TASK [sonic_base : preflight | Probe raw SSH stability before Ansible session] **********************************************************************************************************************************
skipping: [Border_Leaf2]

TASK [sonic_base : preflight | Report raw SSH stability before Ansible session progress] ************************************************************************************************************************
skipping: [Spine_S2]

TASK [sonic_base : preflight | Wait before retrying raw SSH stability before Ansible session] *******************************************************************************************************************
skipping: [Spine_S2]

TASK [sonic_base : preflight | Report raw SSH stability before Ansible session progress] ************************************************************************************************************************
skipping: [Border_Leaf1]

TASK [sonic_base : preflight | Record raw SSH stability before Ansible session result] **************************************************************************************************************************
skipping: [Border_Leaf2]

TASK [sonic_base : preflight | Probe raw SSH stability before Ansible session] **********************************************************************************************************************************
skipping: [Spine_S2]

TASK [sonic_base : preflight | Wait before retrying raw SSH stability before Ansible session] *******************************************************************************************************************
skipping: [Border_Leaf1]

TASK [sonic_base : preflight | Record raw SSH stability before Ansible session result] **************************************************************************************************************************
skipping: [Spine_S2]

TASK [sonic_base : preflight | Report raw SSH stability before Ansible session progress] ************************************************************************************************************************
skipping: [Border_Leaf2]

TASK [sonic_base : preflight | Report raw SSH stability before Ansible session progress] ************************************************************************************************************************
skipping: [Spine_S2]

TASK [sonic_base : preflight | Probe raw SSH stability before Ansible session] **********************************************************************************************************************************
skipping: [Border_Leaf1]

TASK [sonic_base : preflight | Wait before retrying raw SSH stability before Ansible session] *******************************************************************************************************************
skipping: [Spine_S2]

TASK [sonic_base : preflight | Wait before retrying raw SSH stability before Ansible session] *******************************************************************************************************************
skipping: [Border_Leaf2]

TASK [sonic_base : preflight | Fail fast when raw SSH is unstable] **********************************************************************************************************************************************
skipping: [Spine_S2]

TASK [sonic_base : preflight | Record raw SSH stability before Ansible session result] **************************************************************************************************************************
skipping: [Border_Leaf1]

TASK [sonic_base : preflight | Probe raw SSH stability before Ansible session] **********************************************************************************************************************************
skipping: [Border_Leaf2]

TASK [sonic_base : preflight | Report raw SSH stability before Ansible session progress] ************************************************************************************************************************
skipping: [Border_Leaf1]

TASK [sonic_base : preflight | Record raw SSH stability before Ansible session result] **************************************************************************************************************************
skipping: [Border_Leaf2]

TASK [sonic_base : preflight | Wait before retrying raw SSH stability before Ansible session] *******************************************************************************************************************
skipping: [Border_Leaf1]

TASK [sonic_base : preflight | Report raw SSH stability before Ansible session progress] ************************************************************************************************************************
skipping: [Border_Leaf2]

TASK [sonic_base : preflight | Probe raw SSH stability before Ansible session] **********************************************************************************************************************************
skipping: [Border_Leaf1]

TASK [sonic_base : preflight | Probe raw SSH stability before Ansible session] **********************************************************************************************************************************
ok: [Spine_S1 -> localhost]

TASK [sonic_base : preflight | Wait before retrying raw SSH stability before Ansible session] *******************************************************************************************************************
skipping: [Border_Leaf2]

TASK [sonic_base : preflight | Record raw SSH stability before Ansible session result] **************************************************************************************************************************
skipping: [Border_Leaf1]

TASK [sonic_base : preflight | Probe raw SSH stability before Ansible session] **********************************************************************************************************************************
skipping: [Border_Leaf2]

TASK [sonic_base : preflight | Report raw SSH stability before Ansible session progress] ************************************************************************************************************************
skipping: [Border_Leaf1]

TASK [sonic_base : preflight | Record raw SSH stability before Ansible session result] **************************************************************************************************************************
skipping: [Border_Leaf2]

TASK [sonic_base : preflight | Initialize SSH handoff probe state] **********************************************************************************************************************************************
ok: [Spine_S2]

TASK [sonic_base : preflight | Wait before retrying raw SSH stability before Ansible session] *******************************************************************************************************************
skipping: [Border_Leaf1]

TASK [sonic_base : preflight | Report raw SSH stability before Ansible session progress] ************************************************************************************************************************
skipping: [Border_Leaf2]

TASK [sonic_base : preflight | Probe raw SSH stability before Ansible session] **********************************************************************************************************************************
skipping: [Border_Leaf1]

TASK [sonic_base : preflight | Wait before retrying raw SSH stability before Ansible session] *******************************************************************************************************************
skipping: [Border_Leaf2]

TASK [sonic_base : preflight | Record raw SSH stability before Ansible session result] **************************************************************************************************************************
ok: [Spine_S1]

TASK [sonic_base : preflight | Record raw SSH stability before Ansible session result] **************************************************************************************************************************
skipping: [Border_Leaf1]

TASK [sonic_base : preflight | Fail fast when raw SSH is unstable] **********************************************************************************************************************************************
skipping: [Border_Leaf2]

TASK [sonic_base : preflight | Report raw SSH stability before Ansible session progress] ************************************************************************************************************************
skipping: [Spine_S1]

TASK [sonic_base : preflight | Report raw SSH stability before Ansible session progress] ************************************************************************************************************************
skipping: [Border_Leaf1]

TASK [sonic_base : preflight | Confirm SSH is reachable for Ansible handoff] ************************************************************************************************************************************

TASK [sonic_base : preflight | Wait before retrying raw SSH stability before Ansible session] *******************************************************************************************************************
skipping: [Spine_S1]
included: /mnt/c/Users/nh1221/data-center/_v3/roles/sonic_base/tasks/preflight_ssh_probe_attempt.yml for Spine_S2 => (item=1)
included: /mnt/c/Users/nh1221/data-center/_v3/roles/sonic_base/tasks/preflight_ssh_probe_attempt.yml for Spine_S2 => (item=2)
included: /mnt/c/Users/nh1221/data-center/_v3/roles/sonic_base/tasks/preflight_ssh_probe_attempt.yml for Spine_S2 => (item=3)
included: /mnt/c/Users/nh1221/data-center/_v3/roles/sonic_base/tasks/preflight_ssh_probe_attempt.yml for Spine_S2 => (item=4)
included: /mnt/c/Users/nh1221/data-center/_v3/roles/sonic_base/tasks/preflight_ssh_probe_attempt.yml for Spine_S2 => (item=5)
included: /mnt/c/Users/nh1221/data-center/_v3/roles/sonic_base/tasks/preflight_ssh_probe_attempt.yml for Spine_S2 => (item=6)

TASK [sonic_base : preflight | Probe raw SSH stability before Ansible session] **********************************************************************************************************************************
skipping: [Spine_S1]

TASK [sonic_base : preflight | Wait before retrying raw SSH stability before Ansible session] *******************************************************************************************************************
skipping: [Border_Leaf1]

TASK [sonic_base : preflight | Record raw SSH stability before Ansible session result] **************************************************************************************************************************
skipping: [Spine_S1]

TASK [sonic_base : preflight | Initialize SSH handoff probe state] **********************************************************************************************************************************************
ok: [Border_Leaf2]

TASK [sonic_base : preflight | Fail fast when raw SSH is unstable] **********************************************************************************************************************************************
skipping: [Border_Leaf1]

TASK [sonic_base : preflight | Report raw SSH stability before Ansible session progress] ************************************************************************************************************************
skipping: [Spine_S1]

TASK [sonic_base : preflight | Wait before retrying raw SSH stability before Ansible session] *******************************************************************************************************************
skipping: [Spine_S1]

TASK [sonic_base : preflight | Probe raw SSH stability before Ansible session] **********************************************************************************************************************************
skipping: [Spine_S1]

TASK [sonic_base : preflight | Record raw SSH stability before Ansible session result] **************************************************************************************************************************
skipping: [Spine_S1]

TASK [sonic_base : preflight | Report raw SSH stability before Ansible session progress] ************************************************************************************************************************
skipping: [Spine_S1]

TASK [sonic_base : preflight | Confirm SSH is reachable for Ansible handoff] ************************************************************************************************************************************
included: /mnt/c/Users/nh1221/data-center/_v3/roles/sonic_base/tasks/preflight_ssh_probe_attempt.yml for Border_Leaf2 => (item=1)
included: /mnt/c/Users/nh1221/data-center/_v3/roles/sonic_base/tasks/preflight_ssh_probe_attempt.yml for Border_Leaf2 => (item=2)
included: /mnt/c/Users/nh1221/data-center/_v3/roles/sonic_base/tasks/preflight_ssh_probe_attempt.yml for Border_Leaf2 => (item=3)
included: /mnt/c/Users/nh1221/data-center/_v3/roles/sonic_base/tasks/preflight_ssh_probe_attempt.yml for Border_Leaf2 => (item=4)
included: /mnt/c/Users/nh1221/data-center/_v3/roles/sonic_base/tasks/preflight_ssh_probe_attempt.yml for Border_Leaf2 => (item=5)
included: /mnt/c/Users/nh1221/data-center/_v3/roles/sonic_base/tasks/preflight_ssh_probe_attempt.yml for Border_Leaf2 => (item=6)

TASK [sonic_base : preflight | Wait before retrying raw SSH stability before Ansible session] *******************************************************************************************************************
skipping: [Spine_S1]

TASK [sonic_base : preflight | Initialize SSH handoff probe state] **********************************************************************************************************************************************
ok: [Border_Leaf1]

TASK [sonic_base : preflight | Probe raw SSH stability before Ansible session] **********************************************************************************************************************************
skipping: [Spine_S1]

TASK [sonic_base : preflight | Record raw SSH stability before Ansible session result] **************************************************************************************************************************
skipping: [Spine_S1]

TASK [sonic_base : preflight | Report raw SSH stability before Ansible session progress] ************************************************************************************************************************
skipping: [Spine_S1]

TASK [sonic_base : preflight | Wait before retrying raw SSH stability before Ansible session] *******************************************************************************************************************
skipping: [Spine_S1]

TASK [sonic_base : preflight | Fail fast when raw SSH is unstable] **********************************************************************************************************************************************
skipping: [Spine_S1]

TASK [sonic_base : preflight | Confirm SSH is reachable for Ansible handoff] ************************************************************************************************************************************
included: /mnt/c/Users/nh1221/data-center/_v3/roles/sonic_base/tasks/preflight_ssh_probe_attempt.yml for Border_Leaf1 => (item=1)
included: /mnt/c/Users/nh1221/data-center/_v3/roles/sonic_base/tasks/preflight_ssh_probe_attempt.yml for Border_Leaf1 => (item=2)
included: /mnt/c/Users/nh1221/data-center/_v3/roles/sonic_base/tasks/preflight_ssh_probe_attempt.yml for Border_Leaf1 => (item=3)
included: /mnt/c/Users/nh1221/data-center/_v3/roles/sonic_base/tasks/preflight_ssh_probe_attempt.yml for Border_Leaf1 => (item=4)
included: /mnt/c/Users/nh1221/data-center/_v3/roles/sonic_base/tasks/preflight_ssh_probe_attempt.yml for Border_Leaf1 => (item=5)
included: /mnt/c/Users/nh1221/data-center/_v3/roles/sonic_base/tasks/preflight_ssh_probe_attempt.yml for Border_Leaf1 => (item=6)

TASK [sonic_base : preflight | Initialize SSH handoff probe state] **********************************************************************************************************************************************
ok: [Spine_S1]

TASK [sonic_base : preflight | Confirm SSH is reachable for Ansible handoff] ************************************************************************************************************************************
included: /mnt/c/Users/nh1221/data-center/_v3/roles/sonic_base/tasks/preflight_ssh_probe_attempt.yml for Spine_S1 => (item=1)
included: /mnt/c/Users/nh1221/data-center/_v3/roles/sonic_base/tasks/preflight_ssh_probe_attempt.yml for Spine_S1 => (item=2)
included: /mnt/c/Users/nh1221/data-center/_v3/roles/sonic_base/tasks/preflight_ssh_probe_attempt.yml for Spine_S1 => (item=3)
included: /mnt/c/Users/nh1221/data-center/_v3/roles/sonic_base/tasks/preflight_ssh_probe_attempt.yml for Spine_S1 => (item=4)
included: /mnt/c/Users/nh1221/data-center/_v3/roles/sonic_base/tasks/preflight_ssh_probe_attempt.yml for Spine_S1 => (item=5)
included: /mnt/c/Users/nh1221/data-center/_v3/roles/sonic_base/tasks/preflight_ssh_probe_attempt.yml for Spine_S1 => (item=6)

TASK [sonic_base : preflight | Probe SSH handoff to Ansible] ****************************************************************************************************************************************************
ok: [Spine_S2 -> localhost]

TASK [sonic_base : preflight | Record SSH handoff to Ansible result] ********************************************************************************************************************************************
ok: [Spine_S2]

TASK [sonic_base : preflight | Report SSH handoff to Ansible progress] ******************************************************************************************************************************************
skipping: [Spine_S2]

TASK [sonic_base : preflight | Wait before retrying SSH handoff to Ansible] *************************************************************************************************************************************
skipping: [Spine_S2]

TASK [sonic_base : preflight | Probe SSH handoff to Ansible] ****************************************************************************************************************************************************
skipping: [Spine_S2]

TASK [sonic_base : preflight | Record SSH handoff to Ansible result] ********************************************************************************************************************************************
skipping: [Spine_S2]

TASK [sonic_base : preflight | Report SSH handoff to Ansible progress] ******************************************************************************************************************************************
skipping: [Spine_S2]

TASK [sonic_base : preflight | Wait before retrying SSH handoff to Ansible] *************************************************************************************************************************************
skipping: [Spine_S2]

TASK [sonic_base : preflight | Probe SSH handoff to Ansible] ****************************************************************************************************************************************************
skipping: [Spine_S2]

TASK [sonic_base : preflight | Record SSH handoff to Ansible result] ********************************************************************************************************************************************
skipping: [Spine_S2]

TASK [sonic_base : preflight | Report SSH handoff to Ansible progress] ******************************************************************************************************************************************
skipping: [Spine_S2]

TASK [sonic_base : preflight | Wait before retrying SSH handoff to Ansible] *************************************************************************************************************************************
skipping: [Spine_S2]

TASK [sonic_base : preflight | Probe SSH handoff to Ansible] ****************************************************************************************************************************************************
skipping: [Spine_S2]

TASK [sonic_base : preflight | Record SSH handoff to Ansible result] ********************************************************************************************************************************************
skipping: [Spine_S2]

TASK [sonic_base : preflight | Report SSH handoff to Ansible progress] ******************************************************************************************************************************************
skipping: [Spine_S2]

TASK [sonic_base : preflight | Wait before retrying SSH handoff to Ansible] *************************************************************************************************************************************
skipping: [Spine_S2]

TASK [sonic_base : preflight | Probe SSH handoff to Ansible] ****************************************************************************************************************************************************
skipping: [Spine_S2]

TASK [sonic_base : preflight | Record SSH handoff to Ansible result] ********************************************************************************************************************************************
skipping: [Spine_S2]

TASK [sonic_base : preflight | Report SSH handoff to Ansible progress] ******************************************************************************************************************************************
skipping: [Spine_S2]

TASK [sonic_base : preflight | Wait before retrying SSH handoff to Ansible] *************************************************************************************************************************************
skipping: [Spine_S2]

TASK [sonic_base : preflight | Probe SSH handoff to Ansible] ****************************************************************************************************************************************************
skipping: [Spine_S2]

TASK [sonic_base : preflight | Record SSH handoff to Ansible result] ********************************************************************************************************************************************
skipping: [Spine_S2]

TASK [sonic_base : preflight | Report SSH handoff to Ansible progress] ******************************************************************************************************************************************
skipping: [Spine_S2]

TASK [sonic_base : preflight | Wait before retrying SSH handoff to Ansible] *************************************************************************************************************************************
skipping: [Spine_S2]

TASK [sonic_base : preflight | Fail fast when SSH handoff is unstable] ******************************************************************************************************************************************
skipping: [Spine_S2]

TASK [sonic_base : preflight | Probe SSH handoff to Ansible] ****************************************************************************************************************************************************
ok: [Border_Leaf1 -> localhost]

TASK [sonic_base : preflight | Record SSH handoff to Ansible result] ********************************************************************************************************************************************
ok: [Border_Leaf1]

TASK [sonic_base : preflight | Report SSH handoff to Ansible progress] ******************************************************************************************************************************************
skipping: [Border_Leaf1]

TASK [sonic_base : preflight | Wait before retrying SSH handoff to Ansible] *************************************************************************************************************************************
skipping: [Border_Leaf1]

TASK [sonic_base : preflight | Probe SSH handoff to Ansible] ****************************************************************************************************************************************************
skipping: [Border_Leaf1]

TASK [sonic_base : preflight | Record SSH handoff to Ansible result] ********************************************************************************************************************************************
skipping: [Border_Leaf1]

TASK [sonic_base : preflight | Report SSH handoff to Ansible progress] ******************************************************************************************************************************************
skipping: [Border_Leaf1]

TASK [sonic_base : preflight | Wait before retrying SSH handoff to Ansible] *************************************************************************************************************************************
skipping: [Border_Leaf1]

TASK [sonic_base : preflight | Probe SSH handoff to Ansible] ****************************************************************************************************************************************************
skipping: [Border_Leaf1]

TASK [sonic_base : preflight | Probe SSH handoff to Ansible] ****************************************************************************************************************************************************
ok: [Spine_S1 -> localhost]

TASK [sonic_base : preflight | Record SSH handoff to Ansible result] ********************************************************************************************************************************************
skipping: [Border_Leaf1]

TASK [sonic_base : preflight | Report SSH handoff to Ansible progress] ******************************************************************************************************************************************
skipping: [Border_Leaf1]

TASK [sonic_base : preflight | Wait before retrying SSH handoff to Ansible] *************************************************************************************************************************************
skipping: [Border_Leaf1]

TASK [sonic_base : preflight | Probe SSH handoff to Ansible] ****************************************************************************************************************************************************
skipping: [Border_Leaf1]

TASK [sonic_base : preflight | Record SSH handoff to Ansible result] ********************************************************************************************************************************************
skipping: [Border_Leaf1]

TASK [sonic_base : preflight | Report SSH handoff to Ansible progress] ******************************************************************************************************************************************
skipping: [Border_Leaf1]

TASK [sonic_base : preflight | Wait before retrying SSH handoff to Ansible] *************************************************************************************************************************************
skipping: [Border_Leaf1]

TASK [sonic_base : preflight | Probe SSH handoff to Ansible] ****************************************************************************************************************************************************
ok: [Border_Leaf2 -> localhost]

TASK [sonic_base : preflight | Probe SSH handoff to Ansible] ****************************************************************************************************************************************************
skipping: [Border_Leaf1]

TASK [sonic_base : preflight | Record SSH handoff to Ansible result] ********************************************************************************************************************************************
skipping: [Border_Leaf1]

TASK [sonic_base : preflight | Report SSH handoff to Ansible progress] ******************************************************************************************************************************************
skipping: [Border_Leaf1]

TASK [sonic_base : preflight | Record SSH handoff to Ansible result] ********************************************************************************************************************************************
ok: [Spine_S1]

TASK [sonic_base : preflight | Wait before retrying SSH handoff to Ansible] *************************************************************************************************************************************
skipping: [Border_Leaf1]

TASK [sonic_base : preflight | Report SSH handoff to Ansible progress] ******************************************************************************************************************************************
skipping: [Spine_S1]

TASK [sonic_base : preflight | Probe SSH handoff to Ansible] ****************************************************************************************************************************************************
skipping: [Border_Leaf1]

TASK [sonic_base : preflight | Wait before retrying SSH handoff to Ansible] *************************************************************************************************************************************
skipping: [Spine_S1]

TASK [sonic_base : preflight | Record SSH handoff to Ansible result] ********************************************************************************************************************************************
skipping: [Border_Leaf1]

TASK [sonic_base : preflight | Probe SSH handoff to Ansible] ****************************************************************************************************************************************************
skipping: [Spine_S1]

TASK [sonic_base : preflight | Report SSH handoff to Ansible progress] ******************************************************************************************************************************************
skipping: [Border_Leaf1]

TASK [sonic_base : preflight | Record SSH handoff to Ansible result] ********************************************************************************************************************************************
skipping: [Spine_S1]

TASK [sonic_base : preflight | Wait before retrying SSH handoff to Ansible] *************************************************************************************************************************************
skipping: [Border_Leaf1]

TASK [sonic_base : preflight | Report SSH handoff to Ansible progress] ******************************************************************************************************************************************
skipping: [Spine_S1]

TASK [sonic_base : preflight | Fail fast when SSH handoff is unstable] ******************************************************************************************************************************************
skipping: [Border_Leaf1]

TASK [sonic_base : preflight | Record SSH handoff to Ansible result] ********************************************************************************************************************************************
ok: [Border_Leaf2]

TASK [sonic_base : preflight | Wait before retrying SSH handoff to Ansible] *************************************************************************************************************************************
skipping: [Spine_S1]

TASK [sonic_base : preflight | Report SSH handoff to Ansible progress] ******************************************************************************************************************************************
skipping: [Border_Leaf2]

TASK [sonic_base : preflight | Probe SSH handoff to Ansible] ****************************************************************************************************************************************************
skipping: [Spine_S1]

TASK [sonic_base : preflight | Wait before retrying SSH handoff to Ansible] *************************************************************************************************************************************
skipping: [Border_Leaf2]

TASK [sonic_base : preflight | Record SSH handoff to Ansible result] ********************************************************************************************************************************************
skipping: [Spine_S1]

TASK [sonic_base : preflight | Probe SSH handoff to Ansible] ****************************************************************************************************************************************************
skipping: [Border_Leaf2]

TASK [sonic_base : preflight | Report SSH handoff to Ansible progress] ******************************************************************************************************************************************
skipping: [Spine_S1]

TASK [sonic_base : preflight | Record SSH handoff to Ansible result] ********************************************************************************************************************************************
skipping: [Border_Leaf2]

TASK [sonic_base : preflight | Wait before retrying SSH handoff to Ansible] *************************************************************************************************************************************
skipping: [Spine_S1]

TASK [sonic_base : preflight | Report SSH handoff to Ansible progress] ******************************************************************************************************************************************
skipping: [Border_Leaf2]

TASK [sonic_base : preflight | Probe SSH handoff to Ansible] ****************************************************************************************************************************************************
skipping: [Spine_S1]

TASK [sonic_base : preflight | Wait before retrying SSH handoff to Ansible] *************************************************************************************************************************************
skipping: [Border_Leaf2]

TASK [sonic_base : preflight | Record SSH handoff to Ansible result] ********************************************************************************************************************************************
skipping: [Spine_S1]

TASK [sonic_base : preflight | Probe SSH handoff to Ansible] ****************************************************************************************************************************************************
skipping: [Border_Leaf2]

TASK [sonic_base : preflight | Report SSH handoff to Ansible progress] ******************************************************************************************************************************************
skipping: [Spine_S1]

TASK [sonic_base : preflight | Record SSH handoff to Ansible result] ********************************************************************************************************************************************
skipping: [Border_Leaf2]

TASK [sonic_base : preflight | Wait before retrying SSH handoff to Ansible] *************************************************************************************************************************************
skipping: [Spine_S1]

TASK [sonic_base : preflight | Report SSH handoff to Ansible progress] ******************************************************************************************************************************************
skipping: [Border_Leaf2]

TASK [sonic_base : preflight | Probe SSH handoff to Ansible] ****************************************************************************************************************************************************
skipping: [Spine_S1]

TASK [sonic_base : preflight | Wait before retrying SSH handoff to Ansible] *************************************************************************************************************************************
skipping: [Border_Leaf2]

TASK [sonic_base : preflight | Record SSH handoff to Ansible result] ********************************************************************************************************************************************
skipping: [Spine_S1]

TASK [sonic_base : preflight | Probe SSH handoff to Ansible] ****************************************************************************************************************************************************
skipping: [Border_Leaf2]

TASK [sonic_base : preflight | Report SSH handoff to Ansible progress] ******************************************************************************************************************************************
skipping: [Spine_S1]

TASK [sonic_base : preflight | Record SSH handoff to Ansible result] ********************************************************************************************************************************************
skipping: [Border_Leaf2]

TASK [sonic_base : preflight | Wait before retrying SSH handoff to Ansible] *************************************************************************************************************************************
skipping: [Spine_S1]

TASK [sonic_base : preflight | Report SSH handoff to Ansible progress] ******************************************************************************************************************************************
skipping: [Border_Leaf2]

TASK [sonic_base : preflight | Probe SSH handoff to Ansible] ****************************************************************************************************************************************************
skipping: [Spine_S1]

TASK [sonic_base : preflight | Wait before retrying SSH handoff to Ansible] *************************************************************************************************************************************
skipping: [Border_Leaf2]

TASK [sonic_base : preflight | Record SSH handoff to Ansible result] ********************************************************************************************************************************************
skipping: [Spine_S1]

TASK [sonic_base : preflight | Probe SSH handoff to Ansible] ****************************************************************************************************************************************************
skipping: [Border_Leaf2]

TASK [sonic_base : preflight | Report SSH handoff to Ansible progress] ******************************************************************************************************************************************
skipping: [Spine_S1]

TASK [sonic_base : preflight | Record SSH handoff to Ansible result] ********************************************************************************************************************************************
skipping: [Border_Leaf2]

TASK [sonic_base : preflight | Wait before retrying SSH handoff to Ansible] *************************************************************************************************************************************
skipping: [Spine_S1]

TASK [sonic_base : preflight | Report SSH handoff to Ansible progress] ******************************************************************************************************************************************
skipping: [Border_Leaf2]

TASK [sonic_base : preflight | Fail fast when SSH handoff is unstable] ******************************************************************************************************************************************
skipping: [Spine_S1]

TASK [sonic_base : preflight | Wait before retrying SSH handoff to Ansible] *************************************************************************************************************************************
skipping: [Border_Leaf2]

TASK [sonic_base : preflight | Probe SSH handoff to Ansible] ****************************************************************************************************************************************************
skipping: [Border_Leaf2]

TASK [sonic_base : preflight | Record SSH handoff to Ansible result] ********************************************************************************************************************************************
skipping: [Border_Leaf2]

TASK [sonic_base : preflight | Report SSH handoff to Ansible progress] ******************************************************************************************************************************************
skipping: [Border_Leaf2]

TASK [sonic_base : preflight | Wait before retrying SSH handoff to Ansible] *************************************************************************************************************************************
skipping: [Border_Leaf2]

TASK [sonic_base : preflight | Fail fast when SSH handoff is unstable] ******************************************************************************************************************************************
skipping: [Border_Leaf2]

TASK [sonic_base : preflight | Wait for critical SONiC services to be active] ***********************************************************************************************************************************
ok: [Spine_S2 -> localhost]

TASK [sonic_base : preflight | Kill stale ControlMaster after services gate] ************************************************************************************************************************************
ok: [Spine_S2 -> localhost]

TASK [sonic_base : preflight | Wait for critical SONiC services to be active] ***********************************************************************************************************************************
ok: [Border_Leaf1 -> localhost]

TASK [sonic_base : preflight | Wait for SSH port 22 to stabilize after services gate] ***************************************************************************************************************************
ok: [Spine_S2 -> localhost]

TASK [sonic_base : preflight | Kill stale ControlMaster after services gate] ************************************************************************************************************************************
ok: [Border_Leaf1 -> localhost]

TASK [sonic_base : preflight | Wait for critical SONiC services to be active] ***********************************************************************************************************************************
ok: [Spine_S1 -> localhost]

TASK [sonic_base : preflight | Wait for critical SONiC services to be active] ***********************************************************************************************************************************
ok: [Border_Leaf2 -> localhost]

TASK [sonic_base : preflight | Kill stale ControlMaster after services gate] ************************************************************************************************************************************
ok: [Spine_S1 -> localhost]

TASK [sonic_base : preflight | Kill stale ControlMaster after services gate] ************************************************************************************************************************************
ok: [Border_Leaf2 -> localhost]

TASK [sonic_base : preflight | Wait for SSH port 22 to stabilize after services gate] ***************************************************************************************************************************
ok: [Border_Leaf1 -> localhost]

TASK [sonic_base : preflight | Re-establish SSH after services gate] ********************************************************************************************************************************************
ok: [Spine_S2 -> localhost]

TASK [sonic_base : preflight | Wait for SSH port 22 to stabilize after services gate] ***************************************************************************************************************************
ok: [Spine_S1 -> localhost]

TASK [sonic_base : preflight | Wait for SSH port 22 to stabilize after services gate] ***************************************************************************************************************************
ok: [Border_Leaf2 -> localhost]

TASK [sonic_base : preflight | Pin conservative SSH transport for remaining preflight] **************************************************************************************************************************
ok: [Spine_S2]

TASK [sonic_base : preflight | Host prep phase] *****************************************************************************************************************************************************************
included: /mnt/c/Users/nh1221/data-center/_v3/roles/sonic_base/tasks/preflight_host_prep.yml for Spine_S2

TASK [sonic_base : preflight | Re-establish SSH after services gate] ********************************************************************************************************************************************
ok: [Border_Leaf1 -> localhost]

TASK [sonic_base : preflight | Pin conservative SSH transport for remaining preflight] **************************************************************************************************************************
ok: [Border_Leaf1]

TASK [sonic_base : preflight | Host prep phase] *****************************************************************************************************************************************************************
included: /mnt/c/Users/nh1221/data-center/_v3/roles/sonic_base/tasks/preflight_host_prep.yml for Border_Leaf1

TASK [sonic_base : preflight | Re-establish SSH after services gate] ********************************************************************************************************************************************
ok: [Spine_S1 -> localhost]

TASK [sonic_base : preflight | Re-establish SSH after services gate] ********************************************************************************************************************************************
ok: [Border_Leaf2 -> localhost]

TASK [sonic_base : preflight | Pin conservative SSH transport for remaining preflight] **************************************************************************************************************************
ok: [Spine_S1]

TASK [sonic_base : preflight | Pin conservative SSH transport for remaining preflight] **************************************************************************************************************************
ok: [Border_Leaf2]

TASK [sonic_base : preflight | Host prep phase] *****************************************************************************************************************************************************************
included: /mnt/c/Users/nh1221/data-center/_v3/roles/sonic_base/tasks/preflight_host_prep.yml for Spine_S1

TASK [sonic_base : preflight | Host prep phase] *****************************************************************************************************************************************************************
included: /mnt/c/Users/nh1221/data-center/_v3/roles/sonic_base/tasks/preflight_host_prep.yml for Border_Leaf2

TASK [sonic_base : preflight | Wait for Ansible connection to stabilise before host prep] ***********************************************************************************************************************
ok: [Spine_S2]

TASK [sonic_base : preflight | Wait for Ansible connection to stabilise before host prep] ***********************************************************************************************************************
ok: [Border_Leaf1]

TASK [sonic_base : preflight | Wait for Ansible connection to stabilise before host prep] ***********************************************************************************************************************
ok: [Border_Leaf2]

TASK [sonic_base : preflight | Wait for Ansible connection to stabilise before host prep] ***********************************************************************************************************************
ok: [Spine_S1]

TASK [sonic_base : preflight | Check if swap is already active] *************************************************************************************************************************************************
ok: [Spine_S2]

TASK [sonic_base : preflight | Check if swap is already active] *************************************************************************************************************************************************
ok: [Border_Leaf2]

TASK [sonic_base : preflight | Check if swap is already active] *************************************************************************************************************************************************
ok: [Border_Leaf1]

TASK [sonic_base : preflight | Check if swap is already active] *************************************************************************************************************************************************
ok: [Spine_S1]

TASK [sonic_base : preflight | Check if /swapfile exists] *******************************************************************************************************************************************************
ok: [Spine_S2]

TASK [sonic_base : preflight | Check if /swapfile exists] *******************************************************************************************************************************************************
ok: [Border_Leaf2]

TASK [sonic_base : preflight | Check if /swapfile exists] *******************************************************************************************************************************************************
ok: [Border_Leaf1]

TASK [sonic_base : preflight | Check if /swapfile exists] *******************************************************************************************************************************************************
ok: [Spine_S1]

TASK [sonic_base : preflight | Activate existing swapfile] ******************************************************************************************************************************************************
ok: [Spine_S2]

TASK [sonic_base : preflight | Activate existing swapfile] ******************************************************************************************************************************************************
ok: [Border_Leaf2]

TASK [sonic_base : preflight | Activate existing swapfile] ******************************************************************************************************************************************************
ok: [Border_Leaf1]

TASK [sonic_base : preflight | Activate existing swapfile] ******************************************************************************************************************************************************
ok: [Spine_S1]

TASK [sonic_base : preflight | Re-check swap status] ************************************************************************************************************************************************************
ok: [Spine_S2]

TASK [sonic_base : preflight | Re-check swap status] ************************************************************************************************************************************************************
ok: [Border_Leaf2]

TASK [sonic_base : preflight | Re-check swap status] ************************************************************************************************************************************************************
ok: [Border_Leaf1]

TASK [sonic_base : preflight | Re-check swap status] ************************************************************************************************************************************************************
ok: [Spine_S1]

TASK [sonic_base : preflight | Create 1GB swap for OOM protection] **********************************************************************************************************************************************
changed: [Spine_S2]

TASK [sonic_base : preflight | Kill stale ControlMaster after swap setup] ***************************************************************************************************************************************
ok: [Spine_S2 -> localhost]

TASK [sonic_base : preflight | Wait for SSH port 22 after swap setup] *******************************************************************************************************************************************
ok: [Spine_S2 -> localhost]

TASK [sonic_base : preflight | Re-establish SSH after swap setup] ***********************************************************************************************************************************************
ok: [Spine_S2 -> localhost]

TASK [sonic_base : preflight | Identity phase] ******************************************************************************************************************************************************************
included: /mnt/c/Users/nh1221/data-center/_v3/roles/sonic_base/tasks/preflight_identity.yml for Spine_S2

TASK [sonic_base : preflight | Gather SONiC build version (probe)] **********************************************************************************************************************************************
ok: [Spine_S2 -> localhost]

TASK [sonic_base : preflight | Mark whether SONiC probe needs recovery] *****************************************************************************************************************************************
ok: [Spine_S2]

TASK [sonic_base : preflight | Kill stale ControlMaster (recovery after probe failure)] *************************************************************************************************************************
skipping: [Spine_S2]

TASK [sonic_base : preflight | Wait for SSH port 22 (recovery after probe failure)] *****************************************************************************************************************************
skipping: [Spine_S2]

TASK [sonic_base : preflight | Re-establish SSH (recovery after probe failure)] *********************************************************************************************************************************
skipping: [Spine_S2]

TASK [sonic_base : preflight | Gather SONiC build version (retry)] **********************************************************************************************************************************************
skipping: [Spine_S2]

TASK [sonic_base : preflight | Set sonic hostname fact] *********************************************************************************************************************************************************
ok: [Spine_S2]

TASK [sonic_base : preflight | Gather platform identity from ConfigDB] ******************************************************************************************************************************************
ok: [Spine_S2 -> localhost]

TASK [sonic_base : preflight | Display platform identity] *******************************************************************************************************************************************************
ok: [Spine_S2] =>
    msg: |-
        hostname=Warning: Permanently added '192.168.9.198' (ED25519) to the list of known hosts.
        Warning: Permanently added '172.16.2.12' (RSA) to the list of known hosts.
        Debian GNU/Linux 12 \n \l

        sonic | metadata=Warning: Permanently added '192.168.9.198' (ED25519) to the list of known hosts.
        Warning: Permanently added '172.16.2.12' (RSA) to the list of known hosts.
        Debian GNU/Linux 12 \n \l

        {'bgp_asn': '65100', 'buffer_model': 'traditional', 'default_bgp_status': 'up', 'default_pfcwd_status': 'disable', 'hostname': 'sonic', 'hwsku': 'Force10-S6000', 'mac': '22:66:c2:36:6e:84', 'platform': 'x86_64-kvm_x86_64-r0', 'timezone': 'UTC', 'type': 'LeafRouter'}

TASK [sonic_base : preflight | Verify config_db.json exists] ****************************************************************************************************************************************************
ok: [Spine_S2 -> localhost]

TASK [sonic_base : preflight | Report config_db.json status] ****************************************************************************************************************************************************
ok: [Spine_S2] =>
    msg: config_db.json exists at /etc/sonic/config_db.json

TASK [Phase 0 | Apply system hardening (UseDNS, /etc/hosts)] ****************************************************************************************************************************************************
included: sonic_base for Spine_S2

TASK [sonic_base : hardening | Set target admin password fact] **************************************************************************************************************************************************
ok: [Spine_S2]

TASK [sonic_base : preflight | Create 1GB swap for OOM protection] **********************************************************************************************************************************************
changed: [Border_Leaf2]

TASK [sonic_base : preflight | Create 1GB swap for OOM protection] **********************************************************************************************************************************************
changed: [Border_Leaf1]

TASK [sonic_base : preflight | Create 1GB swap for OOM protection] **********************************************************************************************************************************************
changed: [Spine_S1]

TASK [sonic_base : preflight | Kill stale ControlMaster after swap setup] ***************************************************************************************************************************************
ok: [Border_Leaf2 -> localhost]

TASK [sonic_base : preflight | Kill stale ControlMaster after swap setup] ***************************************************************************************************************************************
ok: [Border_Leaf1 -> localhost]

TASK [sonic_base : preflight | Kill stale ControlMaster after swap setup] ***************************************************************************************************************************************
ok: [Spine_S1 -> localhost]

TASK [sonic_base : preflight | Wait for SSH port 22 after swap setup] *******************************************************************************************************************************************
ok: [Border_Leaf2 -> localhost]

TASK [sonic_base : preflight | Wait for SSH port 22 after swap setup] *******************************************************************************************************************************************
ok: [Spine_S1 -> localhost]

TASK [sonic_base : preflight | Wait for SSH port 22 after swap setup] *******************************************************************************************************************************************
ok: [Border_Leaf1 -> localhost]

TASK [sonic_base : preflight | Re-establish SSH after swap setup] ***********************************************************************************************************************************************
ok: [Border_Leaf2 -> localhost]

TASK [sonic_base : preflight | Identity phase] ******************************************************************************************************************************************************************
included: /mnt/c/Users/nh1221/data-center/_v3/roles/sonic_base/tasks/preflight_identity.yml for Border_Leaf2

TASK [sonic_base : preflight | Re-establish SSH after swap setup] ***********************************************************************************************************************************************
ok: [Border_Leaf1 -> localhost]

TASK [sonic_base : preflight | Identity phase] ******************************************************************************************************************************************************************
included: /mnt/c/Users/nh1221/data-center/_v3/roles/sonic_base/tasks/preflight_identity.yml for Border_Leaf1

TASK [sonic_base : preflight | Re-establish SSH after swap setup] ***********************************************************************************************************************************************
ok: [Spine_S1 -> localhost]

TASK [sonic_base : preflight | Identity phase] ******************************************************************************************************************************************************************
included: /mnt/c/Users/nh1221/data-center/_v3/roles/sonic_base/tasks/preflight_identity.yml for Spine_S1

TASK [sonic_base : preflight | Gather SONiC build version (probe)] **********************************************************************************************************************************************
ok: [Border_Leaf2 -> localhost]

TASK [sonic_base : preflight | Mark whether SONiC probe needs recovery] *****************************************************************************************************************************************
ok: [Border_Leaf2]

TASK [sonic_base : preflight | Kill stale ControlMaster (recovery after probe failure)] *************************************************************************************************************************
skipping: [Border_Leaf2]

TASK [sonic_base : preflight | Wait for SSH port 22 (recovery after probe failure)] *****************************************************************************************************************************
skipping: [Border_Leaf2]

TASK [sonic_base : preflight | Re-establish SSH (recovery after probe failure)] *********************************************************************************************************************************
skipping: [Border_Leaf2]

TASK [sonic_base : preflight | Gather SONiC build version (probe)] **********************************************************************************************************************************************
ok: [Border_Leaf1 -> localhost]

TASK [sonic_base : preflight | Gather SONiC build version (retry)] **********************************************************************************************************************************************
skipping: [Border_Leaf2]

TASK [sonic_base : preflight | Gather SONiC build version (probe)] **********************************************************************************************************************************************
ok: [Spine_S1 -> localhost]

TASK [sonic_base : preflight | Set sonic hostname fact] *********************************************************************************************************************************************************
ok: [Border_Leaf2]

TASK [sonic_base : preflight | Mark whether SONiC probe needs recovery] *****************************************************************************************************************************************
ok: [Border_Leaf1]

TASK [sonic_base : preflight | Kill stale ControlMaster (recovery after probe failure)] *************************************************************************************************************************
skipping: [Border_Leaf1]

TASK [sonic_base : preflight | Wait for SSH port 22 (recovery after probe failure)] *****************************************************************************************************************************
skipping: [Border_Leaf1]

TASK [sonic_base : preflight | Mark whether SONiC probe needs recovery] *****************************************************************************************************************************************
ok: [Spine_S1]

TASK [sonic_base : preflight | Re-establish SSH (recovery after probe failure)] *********************************************************************************************************************************
skipping: [Border_Leaf1]

TASK [sonic_base : preflight | Kill stale ControlMaster (recovery after probe failure)] *************************************************************************************************************************
skipping: [Spine_S1]

TASK [sonic_base : preflight | Gather SONiC build version (retry)] **********************************************************************************************************************************************
skipping: [Border_Leaf1]

TASK [sonic_base : preflight | Wait for SSH port 22 (recovery after probe failure)] *****************************************************************************************************************************
skipping: [Spine_S1]

TASK [sonic_base : preflight | Re-establish SSH (recovery after probe failure)] *********************************************************************************************************************************
skipping: [Spine_S1]

TASK [sonic_base : preflight | Set sonic hostname fact] *********************************************************************************************************************************************************
ok: [Border_Leaf1]

TASK [sonic_base : preflight | Gather SONiC build version (retry)] **********************************************************************************************************************************************
skipping: [Spine_S1]

TASK [sonic_base : preflight | Set sonic hostname fact] *********************************************************************************************************************************************************
ok: [Spine_S1]

TASK [sonic_base : hardening | Re-establish SSH before password sync] *******************************************************************************************************************************************
ok: [Spine_S2]

TASK [sonic_base : preflight | Gather platform identity from ConfigDB] ******************************************************************************************************************************************
ok: [Border_Leaf2 -> localhost]

TASK [sonic_base : preflight | Display platform identity] *******************************************************************************************************************************************************
ok: [Border_Leaf2] =>
    msg: |-
        hostname=Warning: Permanently added '192.168.9.198' (ED25519) to the list of known hosts.
        Warning: Permanently added '172.16.2.32' (RSA) to the list of known hosts.
        Debian GNU/Linux 12 \n \l

        sonic | metadata=Warning: Permanently added '192.168.9.198' (ED25519) to the list of known hosts.
        Warning: Permanently added '172.16.2.32' (RSA) to the list of known hosts.
        Debian GNU/Linux 12 \n \l

        {'bgp_asn': '65100', 'buffer_model': 'traditional', 'default_bgp_status': 'up', 'default_pfcwd_status': 'disable', 'hostname': 'sonic', 'hwsku': 'Force10-S6000', 'mac': '22:64:fa:5d:99:4e', 'platform': 'x86_64-kvm_x86_64-r0', 'timezone': 'UTC', 'type': 'LeafRouter'}

TASK [sonic_base : preflight | Gather platform identity from ConfigDB] ******************************************************************************************************************************************
ok: [Border_Leaf1 -> localhost]

TASK [sonic_base : preflight | Display platform identity] *******************************************************************************************************************************************************
ok: [Border_Leaf1] =>
    msg: |-
        hostname=Warning: Permanently added '192.168.9.198' (ED25519) to the list of known hosts.
        Warning: Permanently added '172.16.2.31' (RSA) to the list of known hosts.
        Debian GNU/Linux 12 \n \l

        sonic | metadata=Warning: Permanently added '192.168.9.198' (ED25519) to the list of known hosts.
        Warning: Permanently added '172.16.2.31' (RSA) to the list of known hosts.
        Debian GNU/Linux 12 \n \l

        {'bgp_asn': '65100', 'buffer_model': 'traditional', 'default_bgp_status': 'up', 'default_pfcwd_status': 'disable', 'hostname': 'sonic', 'hwsku': 'Force10-S6000', 'mac': '22:4f:7f:ed:ee:45', 'platform': 'x86_64-kvm_x86_64-r0', 'timezone': 'UTC', 'type': 'LeafRouter'}

TASK [sonic_base : preflight | Gather platform identity from ConfigDB] ******************************************************************************************************************************************
ok: [Spine_S1 -> localhost]

TASK [sonic_base : preflight | Display platform identity] *******************************************************************************************************************************************************
ok: [Spine_S1] =>
    msg: |-
        hostname=Warning: Permanently added '192.168.9.198' (ED25519) to the list of known hosts.
        Warning: Permanently added '172.16.2.11' (RSA) to the list of known hosts.
        Debian GNU/Linux 12 \n \l

        sonic | metadata=Warning: Permanently added '192.168.9.198' (ED25519) to the list of known hosts.
        Warning: Permanently added '172.16.2.11' (RSA) to the list of known hosts.
        Debian GNU/Linux 12 \n \l

        {'bgp_asn': '65100', 'buffer_model': 'traditional', 'default_bgp_status': 'up', 'default_pfcwd_status': 'disable', 'hostname': 'sonic', 'hwsku': 'Force10-S6000', 'mac': '22:d9:c5:74:31:77', 'platform': 'x86_64-kvm_x86_64-r0', 'timezone': 'UTC', 'type': 'LeafRouter'}

TASK [sonic_base : preflight | Verify config_db.json exists] ****************************************************************************************************************************************************
ok: [Border_Leaf2 -> localhost]

TASK [sonic_base : preflight | Report config_db.json status] ****************************************************************************************************************************************************
ok: [Border_Leaf2] =>
    msg: config_db.json exists at /etc/sonic/config_db.json

TASK [Phase 0 | Apply system hardening (UseDNS, /etc/hosts)] ****************************************************************************************************************************************************
included: sonic_base for Border_Leaf2

TASK [sonic_base : hardening | Set target admin password fact] **************************************************************************************************************************************************
ok: [Border_Leaf2]

TASK [sonic_base : preflight | Verify config_db.json exists] ****************************************************************************************************************************************************
ok: [Border_Leaf1 -> localhost]

TASK [sonic_base : preflight | Report config_db.json status] ****************************************************************************************************************************************************
ok: [Border_Leaf1] =>
    msg: config_db.json exists at /etc/sonic/config_db.json

TASK [Phase 0 | Apply system hardening (UseDNS, /etc/hosts)] ****************************************************************************************************************************************************
included: sonic_base for Border_Leaf1

TASK [sonic_base : preflight | Verify config_db.json exists] ****************************************************************************************************************************************************
ok: [Spine_S1 -> localhost]

TASK [sonic_base : hardening | Set target admin password fact] **************************************************************************************************************************************************
ok: [Border_Leaf1]

TASK [sonic_base : preflight | Report config_db.json status] ****************************************************************************************************************************************************
ok: [Spine_S1] =>
    msg: config_db.json exists at /etc/sonic/config_db.json

TASK [Phase 0 | Apply system hardening (UseDNS, /etc/hosts)] ****************************************************************************************************************************************************
included: sonic_base for Spine_S1

TASK [sonic_base : hardening | Set target admin password fact] **************************************************************************************************************************************************
ok: [Spine_S1]

TASK [sonic_base : hardening | Ensure admin password is synchronized] *******************************************************************************************************************************************
changed: [Spine_S2]

TASK [sonic_base : hardening | Sync ansible become_password with current admin password] ************************************************************************************************************************
ok: [Spine_S2]

TASK [sonic_base : hardening | Re-establish SSH before password sync] *******************************************************************************************************************************************
ok: [Border_Leaf2]

TASK [sonic_base : hardening | Re-establish SSH before password sync] *******************************************************************************************************************************************
ok: [Border_Leaf1]

TASK [sonic_base : hardening | Re-establish SSH before password sync] *******************************************************************************************************************************************
ok: [Spine_S1]

TASK [sonic_base : hardening | Disable UseDNS in sshd_config] ***************************************************************************************************************************************************
ok: [Spine_S2]

TASK [sonic_base : hardening | Ensure admin password is synchronized] *******************************************************************************************************************************************
changed: [Border_Leaf2]

TASK [sonic_base : hardening | Sync ansible become_password with current admin password] ************************************************************************************************************************
ok: [Border_Leaf2]

TASK [sonic_base : hardening | Ensure admin password is synchronized] *******************************************************************************************************************************************
changed: [Border_Leaf1]

TASK [sonic_base : hardening | Sync ansible become_password with current admin password] ************************************************************************************************************************
ok: [Border_Leaf1]

TASK [sonic_base : hardening | Ensure admin password is synchronized] *******************************************************************************************************************************************
changed: [Spine_S1]

TASK [sonic_base : hardening | Sync ansible become_password with current admin password] ************************************************************************************************************************
ok: [Spine_S1]

TASK [sonic_base : hardening | Raise MaxStartups to prevent banner-exchange drops under load] *******************************************************************************************************************
changed: [Spine_S2]

TASK [sonic_base : hardening | Disable UseDNS in sshd_config] ***************************************************************************************************************************************************
ok: [Border_Leaf2]

TASK [sonic_base : hardening | Disable UseDNS in sshd_config] ***************************************************************************************************************************************************
ok: [Border_Leaf1]

TASK [sonic_base : hardening | Disable UseDNS in sshd_config] ***************************************************************************************************************************************************
ok: [Spine_S1]

TASK [sonic_base : hardening | Suppress SSH banners for pipelining compatibility] *******************************************************************************************************************************
ok: [Spine_S2] => (item=PrintMotd no)

TASK [sonic_base : hardening | Raise MaxStartups to prevent banner-exchange drops under load] *******************************************************************************************************************
changed: [Border_Leaf2]

TASK [sonic_base : hardening | Raise MaxStartups to prevent banner-exchange drops under load] *******************************************************************************************************************
changed: [Border_Leaf1]

TASK [sonic_base : hardening | Raise MaxStartups to prevent banner-exchange drops under load] *******************************************************************************************************************
changed: [Spine_S1]

TASK [sonic_base : hardening | Suppress SSH banners for pipelining compatibility] *******************************************************************************************************************************
changed: [Spine_S2] => (item=Banner none)

TASK [sonic_base : hardening | Suppress SSH banners for pipelining compatibility] *******************************************************************************************************************************
ok: [Border_Leaf2] => (item=PrintMotd no)

TASK [sonic_base : hardening | Suppress SSH banners for pipelining compatibility] *******************************************************************************************************************************
ok: [Border_Leaf1] => (item=PrintMotd no)

TASK [sonic_base : hardening | Suppress SSH banners for pipelining compatibility] *******************************************************************************************************************************
ok: [Spine_S1] => (item=PrintMotd no)

TASK [sonic_base : hardening | Suppress SSH banners for pipelining compatibility] *******************************************************************************************************************************
changed: [Spine_S2] => (item=PrintLastLog no)

TASK [sonic_base : hardening | Suppress SSH banners for pipelining compatibility] *******************************************************************************************************************************
changed: [Border_Leaf2] => (item=Banner none)

TASK [sonic_base : hardening | Suppress SSH banners for pipelining compatibility] *******************************************************************************************************************************
changed: [Border_Leaf1] => (item=Banner none)

TASK [sonic_base : hardening | Suppress SSH banners for pipelining compatibility] *******************************************************************************************************************************
changed: [Spine_S1] => (item=Banner none)

TASK [sonic_base : hardening | Suppress SSH banners for pipelining compatibility] *******************************************************************************************************************************
changed: [Border_Leaf2] => (item=PrintLastLog no)

TASK [sonic_base : hardening | Suppress SSH banners for pipelining compatibility] *******************************************************************************************************************************
changed: [Border_Leaf1] => (item=PrintLastLog no)

TASK [sonic_base : hardening | Suppress SSH banners for pipelining compatibility] *******************************************************************************************************************************
changed: [Spine_S1] => (item=PrintLastLog no)

TASK [sonic_base : hardening | Clear /etc/issue.net to prevent stray banner output] *****************************************************************************************************************************
changed: [Spine_S2]

TASK [sonic_base : hardening | Restart sshd to apply config changes] ********************************************************************************************************************************************
changed: [Spine_S2]

TASK [sonic_base : hardening | Kill stale SSH ControlMaster process after sshd restart] *************************************************************************************************************************
ok: [Spine_S2 -> localhost]

TASK [sonic_base : hardening | Clear /etc/issue.net to prevent stray banner output] *****************************************************************************************************************************
changed: [Border_Leaf2]

TASK [sonic_base : hardening | Re-establish SSH connection after sshd restart] **********************************************************************************************************************************
ok: [Spine_S2 -> localhost]

TASK [sonic_base : hardening | Clear /etc/issue.net to prevent stray banner output] *****************************************************************************************************************************
changed: [Border_Leaf1]

TASK [sonic_base : hardening | Clear /etc/issue.net to prevent stray banner output] *****************************************************************************************************************************
changed: [Spine_S1]

TASK [sonic_base : hardening | Restart sshd to apply config changes] ********************************************************************************************************************************************
changed: [Border_Leaf2]

TASK [sonic_base : hardening | Kill stale SSH ControlMaster process after sshd restart] *************************************************************************************************************************
ok: [Border_Leaf2 -> localhost]

TASK [sonic_base : hardening | Gather current Linux hostname] ***************************************************************************************************************************************************
ok: [Spine_S2]

TASK [sonic_base : hardening | Re-establish SSH connection after sshd restart] **********************************************************************************************************************************
ok: [Border_Leaf2 -> localhost]

TASK [sonic_base : hardening | Restart sshd to apply config changes] ********************************************************************************************************************************************
changed: [Border_Leaf1]

TASK [sonic_base : hardening | Kill stale SSH ControlMaster process after sshd restart] *************************************************************************************************************************
ok: [Border_Leaf1 -> localhost]

TASK [sonic_base : hardening | Re-establish SSH connection after sshd restart] **********************************************************************************************************************************
ok: [Border_Leaf1 -> localhost]

TASK [sonic_base : hardening | Restart sshd to apply config changes] ********************************************************************************************************************************************
changed: [Spine_S1]

TASK [sonic_base : hardening | Kill stale SSH ControlMaster process after sshd restart] *************************************************************************************************************************
ok: [Spine_S1 -> localhost]

TASK [sonic_base : hardening | Re-establish SSH connection after sshd restart] **********************************************************************************************************************************
ok: [Spine_S1 -> localhost]

TASK [sonic_base : hardening | Gather current Linux hostname] ***************************************************************************************************************************************************
ok: [Border_Leaf2]

TASK [sonic_base : hardening | Set Linux hostname to match SONiC ConfigDB hostname] *****************************************************************************************************************************
changed: [Spine_S2]

TASK [sonic_base : hardening | Gather current Linux hostname] ***************************************************************************************************************************************************
ok: [Border_Leaf1]

TASK [sonic_base : hardening | Gather current Linux hostname] ***************************************************************************************************************************************************
ok: [Spine_S1]

TASK [sonic_base : hardening | Set Linux hostname to match SONiC ConfigDB hostname] *****************************************************************************************************************************
changed: [Border_Leaf2]

TASK [sonic_base : hardening | Read back actual kernel hostname after hostnamectl] ******************************************************************************************************************************
ok: [Spine_S2]

TASK [sonic_base : hardening | Set Linux hostname to match SONiC ConfigDB hostname] *****************************************************************************************************************************
changed: [Border_Leaf1]

TASK [sonic_base : hardening | Set Linux hostname to match SONiC ConfigDB hostname] *****************************************************************************************************************************
changed: [Spine_S1]

TASK [sonic_base : hardening | Read back actual kernel hostname after hostnamectl] ******************************************************************************************************************************
ok: [Border_Leaf2]

TASK [sonic_base : hardening | Ensure hostname resolves in /etc/hosts] ******************************************************************************************************************************************
changed: [Spine_S2]

TASK [sonic_base : hardening | Read back actual kernel hostname after hostnamectl] ******************************************************************************************************************************
ok: [Spine_S1]

TASK [sonic_base : hardening | Read back actual kernel hostname after hostnamectl] ******************************************************************************************************************************
ok: [Border_Leaf1]

TASK [sonic_base : hardening | Check /swapfile size] ************************************************************************************************************************************************************
ok: [Spine_S2]

TASK [sonic_base : hardening | Set swap setup flag] *************************************************************************************************************************************************************
ok: [Spine_S2]

TASK [sonic_base : hardening | Ensure hostname resolves in /etc/hosts] ******************************************************************************************************************************************
changed: [Border_Leaf2]

TASK [sonic_base : hardening | Check if any swap is already active] *********************************************************************************************************************************************
ok: [Spine_S2]

TASK [sonic_base : hardening | Kill stale ControlMaster before swap setup] **************************************************************************************************************************************
skipping: [Spine_S2]

TASK [sonic_base : hardening | Wait for SSH port 22 before swap setup] ******************************************************************************************************************************************
skipping: [Spine_S2]

TASK [sonic_base : hardening | Re-establish SSH before swap setup] **********************************************************************************************************************************************
skipping: [Spine_S2]

TASK [sonic_base : hardening | Create and activate 2GB swap (async — survives sshd restart during dd)] **********************************************************************************************************
skipping: [Spine_S2]

TASK [sonic_base : hardening | Kill stale ControlMaster socket after dd I/O load] *******************************************************************************************************************************
skipping: [Spine_S2]

TASK [sonic_base : hardening | Wait for SSH port 22 to recover after dd I/O load] *******************************************************************************************************************************
skipping: [Spine_S2]

TASK [sonic_base : hardening | Re-establish SSH after dd] *******************************************************************************************************************************************************
skipping: [Spine_S2]

TASK [sonic_base : hardening | Poll async swap job until complete] **********************************************************************************************************************************************
skipping: [Spine_S2]

TASK [sonic_base : hardening | Kill stale ControlMaster before systemd swap unit] *******************************************************************************************************************************
skipping: [Spine_S2]

TASK [sonic_base : hardening | Wait for SSH port 22 before systemd swap unit] ***********************************************************************************************************************************
skipping: [Spine_S2]

TASK [sonic_base : hardening | Probe privileged SSH before systemd swap unit] ***********************************************************************************************************************************
skipping: [Spine_S2]

TASK [sonic_base : hardening | Mark whether systemd swap unit probe needs recovery] *****************************************************************************************************************************
skipping: [Spine_S2]

TASK [sonic_base : hardening | Recover after failed systemd swap probe] *****************************************************************************************************************************************
skipping: [Spine_S2]

TASK [sonic_base : hardening | Re-establish raw SSH before systemd swap unit tasks] *****************************************************************************************************************************
skipping: [Spine_S2]

TASK [sonic_base : hardening | Ensure hostname resolves in /etc/hosts] ******************************************************************************************************************************************
changed: [Spine_S1]

TASK [sonic_base : hardening | Ensure hostname resolves in /etc/hosts] ******************************************************************************************************************************************
changed: [Border_Leaf1]

TASK [sonic_base : hardening | Install systemd .swap unit for /swapfile] ****************************************************************************************************************************************
changed: [Spine_S2 -> localhost]

TASK [sonic_base : hardening | Enable swapfile.swap unit] *******************************************************************************************************************************************************
changed: [Spine_S2 -> localhost]

TASK [Phase 0 | Backup existing config_db.json] *****************************************************************************************************************************************************************
included: sonic_base for Spine_S2

TASK [sonic_base : backup | Pin conservative SSH transport for backup] ******************************************************************************************************************************************
ok: [Spine_S2]

TASK [sonic_base : hardening | Check /swapfile size] ************************************************************************************************************************************************************
ok: [Border_Leaf2]

TASK [sonic_base : backup | Refresh transport before backup] ****************************************************************************************************************************************************
included: /mnt/c/Users/nh1221/data-center/_v3/roles/sonic_base/tasks/backup_transport_refresh.yml for Spine_S2

TASK [sonic_base : hardening | Set swap setup flag] *************************************************************************************************************************************************************
ok: [Border_Leaf2]

TASK [sonic_base : backup | Kill stale ControlMaster before backup] *********************************************************************************************************************************************
ok: [Spine_S2 -> localhost]
[WARNING]: reset_connection task does not support when conditional

TASK [sonic_base : backup | Wait for SSH port 22 before backup] *************************************************************************************************************************************************
ok: [Spine_S2 -> localhost]

TASK [sonic_base : backup | Re-establish raw SSH before backup] *************************************************************************************************************************************************
ok: [Spine_S2 -> localhost]

TASK [sonic_base : hardening | Check /swapfile size] ************************************************************************************************************************************************************
ok: [Spine_S1]

TASK [sonic_base : hardening | Set swap setup flag] *************************************************************************************************************************************************************
ok: [Spine_S1]

TASK [sonic_base : hardening | Check /swapfile size] ************************************************************************************************************************************************************
ok: [Border_Leaf1]

TASK [sonic_base : hardening | Set swap setup flag] *************************************************************************************************************************************************************
ok: [Border_Leaf1]

TASK [sonic_base : hardening | Check if any swap is already active] *********************************************************************************************************************************************
ok: [Border_Leaf2]

TASK [sonic_base : hardening | Kill stale ControlMaster before swap setup] **************************************************************************************************************************************
skipping: [Border_Leaf2]

TASK [sonic_base : hardening | Wait for SSH port 22 before swap setup] ******************************************************************************************************************************************
skipping: [Border_Leaf2]

TASK [sonic_base : hardening | Re-establish SSH before swap setup] **********************************************************************************************************************************************
skipping: [Border_Leaf2]

TASK [sonic_base : hardening | Create and activate 2GB swap (async — survives sshd restart during dd)] **********************************************************************************************************
skipping: [Border_Leaf2]

TASK [sonic_base : hardening | Kill stale ControlMaster socket after dd I/O load] *******************************************************************************************************************************
skipping: [Border_Leaf2]

TASK [sonic_base : hardening | Wait for SSH port 22 to recover after dd I/O load] *******************************************************************************************************************************
skipping: [Border_Leaf2]

TASK [sonic_base : hardening | Re-establish SSH after dd] *******************************************************************************************************************************************************
skipping: [Border_Leaf2]

TASK [sonic_base : hardening | Poll async swap job until complete] **********************************************************************************************************************************************
skipping: [Border_Leaf2]

TASK [sonic_base : hardening | Kill stale ControlMaster before systemd swap unit] *******************************************************************************************************************************
skipping: [Border_Leaf2]

TASK [sonic_base : hardening | Wait for SSH port 22 before systemd swap unit] ***********************************************************************************************************************************
skipping: [Border_Leaf2]

TASK [sonic_base : hardening | Probe privileged SSH before systemd swap unit] ***********************************************************************************************************************************
skipping: [Border_Leaf2]

TASK [sonic_base : hardening | Mark whether systemd swap unit probe needs recovery] *****************************************************************************************************************************
skipping: [Border_Leaf2]

TASK [sonic_base : hardening | Recover after failed systemd swap probe] *****************************************************************************************************************************************
skipping: [Border_Leaf2]

TASK [sonic_base : hardening | Re-establish raw SSH before systemd swap unit tasks] *****************************************************************************************************************************
skipping: [Border_Leaf2]

TASK [sonic_base : hardening | Install systemd .swap unit for /swapfile] ****************************************************************************************************************************************
changed: [Border_Leaf2 -> localhost]

TASK [sonic_base : hardening | Enable swapfile.swap unit] *******************************************************************************************************************************************************
changed: [Border_Leaf2 -> localhost]

TASK [Phase 0 | Backup existing config_db.json] *****************************************************************************************************************************************************************
included: sonic_base for Border_Leaf2

TASK [sonic_base : backup | Pin conservative SSH transport for backup] ******************************************************************************************************************************************
ok: [Border_Leaf2]

TASK [sonic_base : backup | Refresh transport before backup] ****************************************************************************************************************************************************
included: /mnt/c/Users/nh1221/data-center/_v3/roles/sonic_base/tasks/backup_transport_refresh.yml for Border_Leaf2

TASK [sonic_base : backup | Kill stale ControlMaster before backup] *********************************************************************************************************************************************
ok: [Border_Leaf2 -> localhost]

TASK [sonic_base : backup | Wait for SSH port 22 before backup] *************************************************************************************************************************************************
ok: [Border_Leaf2 -> localhost]

TASK [sonic_base : hardening | Check if any swap is already active] *********************************************************************************************************************************************
ok: [Spine_S1]

TASK [sonic_base : hardening | Kill stale ControlMaster before swap setup] **************************************************************************************************************************************
skipping: [Spine_S1]

TASK [sonic_base : hardening | Wait for SSH port 22 before swap setup] ******************************************************************************************************************************************
skipping: [Spine_S1]

TASK [sonic_base : hardening | Re-establish SSH before swap setup] **********************************************************************************************************************************************
skipping: [Spine_S1]

TASK [sonic_base : hardening | Create and activate 2GB swap (async — survives sshd restart during dd)] **********************************************************************************************************
skipping: [Spine_S1]

TASK [sonic_base : hardening | Kill stale ControlMaster socket after dd I/O load] *******************************************************************************************************************************
skipping: [Spine_S1]

TASK [sonic_base : hardening | Wait for SSH port 22 to recover after dd I/O load] *******************************************************************************************************************************
skipping: [Spine_S1]

TASK [sonic_base : hardening | Re-establish SSH after dd] *******************************************************************************************************************************************************
skipping: [Spine_S1]

TASK [sonic_base : hardening | Poll async swap job until complete] **********************************************************************************************************************************************
skipping: [Spine_S1]

TASK [sonic_base : hardening | Kill stale ControlMaster before systemd swap unit] *******************************************************************************************************************************
skipping: [Spine_S1]

TASK [sonic_base : hardening | Check if any swap is already active] *********************************************************************************************************************************************
ok: [Border_Leaf1]

TASK [sonic_base : hardening | Wait for SSH port 22 before systemd swap unit] ***********************************************************************************************************************************
skipping: [Spine_S1]

TASK [sonic_base : hardening | Kill stale ControlMaster before swap setup] **************************************************************************************************************************************
skipping: [Border_Leaf1]

TASK [sonic_base : hardening | Probe privileged SSH before systemd swap unit] ***********************************************************************************************************************************
skipping: [Spine_S1]

TASK [sonic_base : hardening | Mark whether systemd swap unit probe needs recovery] *****************************************************************************************************************************
skipping: [Spine_S1]

TASK [sonic_base : hardening | Wait for SSH port 22 before swap setup] ******************************************************************************************************************************************
skipping: [Border_Leaf1]

TASK [sonic_base : hardening | Recover after failed systemd swap probe] *****************************************************************************************************************************************
skipping: [Spine_S1]

TASK [sonic_base : hardening | Re-establish SSH before swap setup] **********************************************************************************************************************************************
skipping: [Border_Leaf1]

TASK [sonic_base : hardening | Re-establish raw SSH before systemd swap unit tasks] *****************************************************************************************************************************
skipping: [Spine_S1]

TASK [sonic_base : hardening | Create and activate 2GB swap (async — survives sshd restart during dd)] **********************************************************************************************************
skipping: [Border_Leaf1]

TASK [sonic_base : hardening | Kill stale ControlMaster socket after dd I/O load] *******************************************************************************************************************************
skipping: [Border_Leaf1]

TASK [sonic_base : hardening | Wait for SSH port 22 to recover after dd I/O load] *******************************************************************************************************************************
skipping: [Border_Leaf1]

TASK [sonic_base : hardening | Re-establish SSH after dd] *******************************************************************************************************************************************************
skipping: [Border_Leaf1]

TASK [sonic_base : hardening | Poll async swap job until complete] **********************************************************************************************************************************************
skipping: [Border_Leaf1]

TASK [sonic_base : hardening | Kill stale ControlMaster before systemd swap unit] *******************************************************************************************************************************
skipping: [Border_Leaf1]

TASK [sonic_base : hardening | Wait for SSH port 22 before systemd swap unit] ***********************************************************************************************************************************
skipping: [Border_Leaf1]

TASK [sonic_base : hardening | Probe privileged SSH before systemd swap unit] ***********************************************************************************************************************************
skipping: [Border_Leaf1]

TASK [sonic_base : hardening | Mark whether systemd swap unit probe needs recovery] *****************************************************************************************************************************
skipping: [Border_Leaf1]

TASK [sonic_base : hardening | Recover after failed systemd swap probe] *****************************************************************************************************************************************
skipping: [Border_Leaf1]

TASK [sonic_base : hardening | Re-establish raw SSH before systemd swap unit tasks] *****************************************************************************************************************************
skipping: [Border_Leaf1]

TASK [sonic_base : backup | Re-establish Ansible SSH before backup] *********************************************************************************************************************************************
ok: [Spine_S2]

TASK [sonic_base : backup | Re-establish raw SSH before backup] *************************************************************************************************************************************************
ok: [Border_Leaf2 -> localhost]

TASK [sonic_base : hardening | Install systemd .swap unit for /swapfile] ****************************************************************************************************************************************
changed: [Spine_S1 -> localhost]

TASK [sonic_base : hardening | Install systemd .swap unit for /swapfile] ****************************************************************************************************************************************
changed: [Border_Leaf1 -> localhost]

TASK [sonic_base : hardening | Enable swapfile.swap unit] *******************************************************************************************************************************************************
changed: [Spine_S1 -> localhost]

TASK [Phase 0 | Backup existing config_db.json] *****************************************************************************************************************************************************************
included: sonic_base for Spine_S1

TASK [sonic_base : backup | Pin conservative SSH transport for backup] ******************************************************************************************************************************************
ok: [Spine_S1]

TASK [sonic_base : backup | Refresh transport before backup] ****************************************************************************************************************************************************
included: /mnt/c/Users/nh1221/data-center/_v3/roles/sonic_base/tasks/backup_transport_refresh.yml for Spine_S1

TASK [sonic_base : hardening | Enable swapfile.swap unit] *******************************************************************************************************************************************************
changed: [Border_Leaf1 -> localhost]

TASK [Phase 0 | Backup existing config_db.json] *****************************************************************************************************************************************************************
included: sonic_base for Border_Leaf1

TASK [sonic_base : backup | Kill stale ControlMaster before backup] *********************************************************************************************************************************************
ok: [Spine_S1 -> localhost]

TASK [sonic_base : backup | Pin conservative SSH transport for backup] ******************************************************************************************************************************************
ok: [Border_Leaf1]

TASK [sonic_base : backup | Refresh transport before backup] ****************************************************************************************************************************************************
included: /mnt/c/Users/nh1221/data-center/_v3/roles/sonic_base/tasks/backup_transport_refresh.yml for Border_Leaf1

TASK [sonic_base : backup | Kill stale ControlMaster before backup] *********************************************************************************************************************************************
ok: [Border_Leaf1 -> localhost]

TASK [sonic_base : backup | Wait for SSH port 22 before backup] *************************************************************************************************************************************************
ok: [Spine_S1 -> localhost]

TASK [sonic_base : backup | Wait for SSH port 22 before backup] *************************************************************************************************************************************************
ok: [Border_Leaf1 -> localhost]

TASK [sonic_base : backup | Re-establish raw SSH before backup] *************************************************************************************************************************************************
ok: [Spine_S1 -> localhost]

TASK [sonic_base : backup | Re-establish raw SSH before backup] *************************************************************************************************************************************************
ok: [Border_Leaf1 -> localhost]

TASK [sonic_base : backup | Ensure backup directory exists] *****************************************************************************************************************************************************
changed: [Spine_S2]

TASK [sonic_base : backup | Generate timestamp] *****************************************************************************************************************************************************************
ok: [Spine_S2]

TASK [sonic_base : backup | Re-establish Ansible SSH before backup] *********************************************************************************************************************************************
ok: [Border_Leaf2]

TASK [sonic_base : backup | Re-establish Ansible SSH before backup] *********************************************************************************************************************************************
ok: [Spine_S1]

TASK [sonic_base : backup | Ensure backup directory exists] *****************************************************************************************************************************************************
changed: [Border_Leaf2]

TASK [sonic_base : backup | Generate timestamp] *****************************************************************************************************************************************************************
ok: [Border_Leaf2]

TASK [sonic_base : backup | Re-establish Ansible SSH before backup] *********************************************************************************************************************************************
ok: [Border_Leaf1]

TASK [sonic_base : backup | Wait for Redis to finish any background save] ***************************************************************************************************************************************
ok: [Spine_S2]

TASK [sonic_base : backup | Refresh transport before config dump on KVM profiles] *******************************************************************************************************************************
included: /mnt/c/Users/nh1221/data-center/_v3/roles/sonic_base/tasks/backup_transport_refresh.yml for Spine_S2

TASK [sonic_base : backup | Kill stale ControlMaster before config dump] ****************************************************************************************************************************************
ok: [Spine_S2 -> localhost]

TASK [sonic_base : backup | Wait for SSH port 22 before config dump] ********************************************************************************************************************************************
ok: [Spine_S2 -> localhost]

TASK [sonic_base : backup | Re-establish raw SSH before config dump] ********************************************************************************************************************************************
ok: [Spine_S2 -> localhost]

TASK [sonic_base : backup | Ensure backup directory exists] *****************************************************************************************************************************************************
changed: [Spine_S1]

TASK [sonic_base : backup | Generate timestamp] *****************************************************************************************************************************************************************
ok: [Spine_S1]

TASK [sonic_base : backup | Wait for Redis to finish any background save] ***************************************************************************************************************************************
ok: [Border_Leaf2]

TASK [sonic_base : backup | Refresh transport before config dump on KVM profiles] *******************************************************************************************************************************
included: /mnt/c/Users/nh1221/data-center/_v3/roles/sonic_base/tasks/backup_transport_refresh.yml for Border_Leaf2

TASK [sonic_base : backup | Ensure backup directory exists] *****************************************************************************************************************************************************
changed: [Border_Leaf1]

TASK [sonic_base : backup | Generate timestamp] *****************************************************************************************************************************************************************
ok: [Border_Leaf1]

TASK [sonic_base : backup | Kill stale ControlMaster before config dump] ****************************************************************************************************************************************
ok: [Border_Leaf2 -> localhost]

TASK [sonic_base : backup | Wait for SSH port 22 before config dump] ********************************************************************************************************************************************
ok: [Border_Leaf2 -> localhost]

TASK [sonic_base : backup | Re-establish raw SSH before config dump] ********************************************************************************************************************************************
ok: [Border_Leaf2 -> localhost]

TASK [sonic_base : backup | Wait for Redis to finish any background save] ***************************************************************************************************************************************
ok: [Spine_S1]

TASK [sonic_base : backup | Refresh transport before config dump on KVM profiles] *******************************************************************************************************************************
included: /mnt/c/Users/nh1221/data-center/_v3/roles/sonic_base/tasks/backup_transport_refresh.yml for Spine_S1

TASK [sonic_base : backup | Kill stale ControlMaster before config dump] ****************************************************************************************************************************************
ok: [Spine_S1 -> localhost]

TASK [sonic_base : backup | Wait for SSH port 22 before config dump] ********************************************************************************************************************************************
ok: [Spine_S1 -> localhost]

TASK [sonic_base : backup | Re-establish raw SSH before config dump] ********************************************************************************************************************************************
ok: [Spine_S1 -> localhost]

TASK [sonic_base : backup | Wait for Redis to finish any background save] ***************************************************************************************************************************************
ok: [Border_Leaf1]

TASK [sonic_base : backup | Refresh transport before config dump on KVM profiles] *******************************************************************************************************************************
included: /mnt/c/Users/nh1221/data-center/_v3/roles/sonic_base/tasks/backup_transport_refresh.yml for Border_Leaf1

TASK [sonic_base : backup | Kill stale ControlMaster before config dump] ****************************************************************************************************************************************
ok: [Border_Leaf1 -> localhost]

TASK [sonic_base : backup | Re-establish Ansible SSH before config dump] ****************************************************************************************************************************************
ok: [Spine_S2]

TASK [sonic_base : backup | Wait for SSH port 22 before config dump] ********************************************************************************************************************************************
ok: [Border_Leaf1 -> localhost]

TASK [sonic_base : backup | Re-establish raw SSH before config dump] ********************************************************************************************************************************************
ok: [Border_Leaf1 -> localhost]

TASK [sonic_base : backup | Re-establish Ansible SSH before config dump] ****************************************************************************************************************************************
ok: [Border_Leaf2]

TASK [sonic_base : backup | Save running config to config_db.json] **********************************************************************************************************************************************
ok: [Spine_S2]

TASK [sonic_base : backup | Re-establish Ansible SSH before config dump] ****************************************************************************************************************************************
ok: [Spine_S1]

TASK [sonic_base : backup | Re-establish Ansible SSH before config dump] ****************************************************************************************************************************************
ok: [Border_Leaf1]

TASK [sonic_base : backup | Save running config to config_db.json] **********************************************************************************************************************************************
ok: [Border_Leaf2]

TASK [sonic_base : backup | Save running config to config_db.json] **********************************************************************************************************************************************
ok: [Spine_S1]

TASK [sonic_base : backup | Save running config to config_db.json] **********************************************************************************************************************************************
ok: [Border_Leaf1]

TASK [sonic_base : backup | Write backup file] ******************************************************************************************************************************************************************
changed: [Spine_S2]

TASK [sonic_base : backup | Write backup file] ******************************************************************************************************************************************************************
changed: [Border_Leaf2]

TASK [sonic_base : backup | Write backup file] ******************************************************************************************************************************************************************
changed: [Spine_S1]

TASK [sonic_base : backup | Verify backup was created] **********************************************************************************************************************************************************
ok: [Border_Leaf2]

TASK [sonic_base : backup | Confirm backup] *********************************************************************************************************************************************************************
ok: [Border_Leaf2] =>
    msg: 'Backup saved: /etc/sonic/backup/config_db.20260605T114749.json'

TASK [sonic_base : backup | Verify backup was created] **********************************************************************************************************************************************************
ok: [Spine_S2]

TASK [sonic_base : backup | Confirm backup] *********************************************************************************************************************************************************************
ok: [Spine_S2] =>
    msg: 'Backup saved: /etc/sonic/backup/config_db.20260605T114736.json'

TASK [sonic_day0 : day0 | Validate required variables] **********************************************************************************************************************************************************
ok: [Border_Leaf2]

TASK [sonic_day0 : day0 | Check SONiC firmware version (real hardware)] *****************************************************************************************************************************************
skipping: [Border_Leaf2]

TASK [sonic_day0 : day0 | Parse and validate SONiC version] *****************************************************************************************************************************************************
skipping: [Border_Leaf2]

TASK [sonic_day0 : day0 | Verify ONIE partition exists (real hardware)] *****************************************************************************************************************************************
skipping: [Border_Leaf2]

TASK [sonic_day0 : day0 | Validate required variables] **********************************************************************************************************************************************************
ok: [Spine_S2]

TASK [sonic_base : backup | Write backup file] ******************************************************************************************************************************************************************
changed: [Border_Leaf1]

TASK [sonic_day0 : day0 | Report ONIE status] *******************************************************************************************************************************************************************
skipping: [Border_Leaf2]

TASK [sonic_day0 : day0 | Check SONiC firmware version (real hardware)] *****************************************************************************************************************************************
skipping: [Spine_S2]

TASK [sonic_day0 : day0 | Parse and validate SONiC version] *****************************************************************************************************************************************************
skipping: [Spine_S2]

TASK [sonic_day0 : day0 | Verify ONIE partition exists (real hardware)] *****************************************************************************************************************************************
skipping: [Spine_S2]

TASK [sonic_day0 : day0 | Report ONIE status] *******************************************************************************************************************************************************************
skipping: [Spine_S2]

TASK [sonic_day0 : day0 | Ensure local render directory exists] *************************************************************************************************************************************************
changed: [Border_Leaf2 -> localhost]
ok: [Spine_S2 -> localhost]

TASK [sonic_day0 : day0 | Render day-0 config_db.json] **********************************************************************************************************************************************************
changed: [Border_Leaf2 -> localhost]
changed: [Spine_S2 -> localhost]

TASK [sonic_day0 : day0 | Validate rendered JSON syntax] ********************************************************************************************************************************************************
ok: [Border_Leaf2 -> localhost]

TASK [sonic_day0 : day0 | Set rendered_config_path for downstream tasks] ****************************************************************************************************************************************
ok: [Border_Leaf2]

TASK [sonic_day0 : day0 | Validate rendered JSON syntax] ********************************************************************************************************************************************************
ok: [Spine_S2 -> localhost]

TASK [sonic_day0 : day0 | Display rendered config summary] ******************************************************************************************************************************************************
ok: [Border_Leaf2] =>
    msg: Day-0 config rendered for Border_Leaf2 (x86_64-arista_7050_qx32s / Arista-7050QX-32S)
        → /mnt/c/Users/nh1221/data-center/_v3/playbooks/reused/../rendered/Border_Leaf2_config_db.json

TASK [sonic_day0 : day0 | Set rendered_config_path for downstream tasks] ****************************************************************************************************************************************
ok: [Spine_S2]

TASK [Phase 2 | Push rendered config to Border_Leaf2] ***********************************************************************************************************************************************************
included: sonic_base for Border_Leaf2

TASK [sonic_day0 : day0 | Display rendered config summary] ******************************************************************************************************************************************************
ok: [Spine_S2] =>
    msg: Day-0 config rendered for Spine_S2 (x86_64-cel_seastone-r0 / Seastone-DX010)
        → /mnt/c/Users/nh1221/data-center/_v3/playbooks/reused/../rendered/Spine_S2_config_db.json

TASK [Phase 2 | Push rendered config to Border_Leaf2] ***********************************************************************************************************************************************************
included: sonic_base for Spine_S2

TASK [sonic_base : push | Validate rendered config is valid JSON] ***********************************************************************************************************************************************
ok: [Border_Leaf2 -> localhost]

TASK [sonic_base : push | Backup current config before push (real hardware safety)] *****************************************************************************************************************************
skipping: [Border_Leaf2]

TASK [sonic_base : push | Validate rendered config is valid JSON] ***********************************************************************************************************************************************
ok: [Spine_S2 -> localhost]

TASK [sonic_base : push | Backup current config before push (real hardware safety)] *****************************************************************************************************************************
skipping: [Spine_S2]

TASK [sonic_base : backup | Verify backup was created] **********************************************************************************************************************************************************
ok: [Spine_S1]

TASK [sonic_base : backup | Confirm backup] *********************************************************************************************************************************************************************
ok: [Spine_S1] =>
    msg: 'Backup saved: /etc/sonic/backup/config_db.20260605T114758.json'

TASK [sonic_day0 : day0 | Validate required variables] **********************************************************************************************************************************************************
ok: [Spine_S1]

TASK [sonic_day0 : day0 | Check SONiC firmware version (real hardware)] *****************************************************************************************************************************************
skipping: [Spine_S1]

TASK [sonic_day0 : day0 | Parse and validate SONiC version] *****************************************************************************************************************************************************
skipping: [Spine_S1]

TASK [sonic_day0 : day0 | Verify ONIE partition exists (real hardware)] *****************************************************************************************************************************************
skipping: [Spine_S1]

TASK [sonic_day0 : day0 | Report ONIE status] *******************************************************************************************************************************************************************
skipping: [Spine_S1]

TASK [sonic_day0 : day0 | Ensure local render directory exists] *************************************************************************************************************************************************
ok: [Spine_S1 -> localhost]

TASK [sonic_day0 : day0 | Render day-0 config_db.json] **********************************************************************************************************************************************************
changed: [Spine_S1 -> localhost]

TASK [sonic_day0 : day0 | Validate rendered JSON syntax] ********************************************************************************************************************************************************
ok: [Spine_S1 -> localhost]

TASK [sonic_day0 : day0 | Set rendered_config_path for downstream tasks] ****************************************************************************************************************************************
ok: [Spine_S1]

TASK [sonic_day0 : day0 | Display rendered config summary] ******************************************************************************************************************************************************
ok: [Spine_S1] =>
    msg: Day-0 config rendered for Spine_S1 (x86_64-cel_seastone-r0 / Seastone-DX010)
        → /mnt/c/Users/nh1221/data-center/_v3/playbooks/reused/../rendered/Spine_S1_config_db.json

TASK [Phase 2 | Push rendered config to Border_Leaf2] ***********************************************************************************************************************************************************
included: sonic_base for Spine_S1

TASK [sonic_base : push | Validate rendered config is valid JSON] ***********************************************************************************************************************************************
ok: [Spine_S1 -> localhost]

TASK [sonic_base : push | Backup current config before push (real hardware safety)] *****************************************************************************************************************************
skipping: [Spine_S1]

TASK [sonic_base : backup | Verify backup was created] **********************************************************************************************************************************************************
ok: [Border_Leaf1]

TASK [sonic_base : backup | Confirm backup] *********************************************************************************************************************************************************************
ok: [Border_Leaf1] =>
    msg: 'Backup saved: /etc/sonic/backup/config_db.20260605T114803.json'

TASK [sonic_day0 : day0 | Validate required variables] **********************************************************************************************************************************************************
ok: [Border_Leaf1]

TASK [sonic_day0 : day0 | Check SONiC firmware version (real hardware)] *****************************************************************************************************************************************
skipping: [Border_Leaf1]

TASK [sonic_day0 : day0 | Parse and validate SONiC version] *****************************************************************************************************************************************************
skipping: [Border_Leaf1]

TASK [sonic_day0 : day0 | Verify ONIE partition exists (real hardware)] *****************************************************************************************************************************************
skipping: [Border_Leaf1]

TASK [sonic_day0 : day0 | Report ONIE status] *******************************************************************************************************************************************************************
skipping: [Border_Leaf1]

TASK [sonic_day0 : day0 | Ensure local render directory exists] *************************************************************************************************************************************************
ok: [Border_Leaf1 -> localhost]

TASK [sonic_day0 : day0 | Render day-0 config_db.json] **********************************************************************************************************************************************************
changed: [Border_Leaf1 -> localhost]

TASK [sonic_day0 : day0 | Validate rendered JSON syntax] ********************************************************************************************************************************************************
ok: [Border_Leaf1 -> localhost]

TASK [sonic_day0 : day0 | Set rendered_config_path for downstream tasks] ****************************************************************************************************************************************
ok: [Border_Leaf1]

TASK [sonic_day0 : day0 | Display rendered config summary] ******************************************************************************************************************************************************
ok: [Border_Leaf1] =>
    msg: Day-0 config rendered for Border_Leaf1 (x86_64-arista_7050_qx32s / Arista-7050QX-32S)
        → /mnt/c/Users/nh1221/data-center/_v3/playbooks/reused/../rendered/Border_Leaf1_config_db.json

TASK [Phase 2 | Push rendered config to Border_Leaf2] ***********************************************************************************************************************************************************
included: sonic_base for Border_Leaf1

TASK [sonic_base : push | Validate rendered config is valid JSON] ***********************************************************************************************************************************************
ok: [Border_Leaf1 -> localhost]

TASK [sonic_base : push | Backup current config before push (real hardware safety)] *****************************************************************************************************************************
skipping: [Border_Leaf1]

TASK [sonic_base : push | Transfer config file] *****************************************************************************************************************************************************************
changed: [Border_Leaf2]

TASK [sonic_base : push | Set config_changed fact] **************************************************************************************************************************************************************
ok: [Border_Leaf2]

TASK [sonic_base : push | Transfer config file] *****************************************************************************************************************************************************************
changed: [Spine_S2]

TASK [sonic_base : push | Set config_changed fact] **************************************************************************************************************************************************************
ok: [Spine_S2]

TASK [sonic_base : push | Transfer config file] *****************************************************************************************************************************************************************
changed: [Spine_S1]

TASK [sonic_base : push | Set config_changed fact] **************************************************************************************************************************************************************
ok: [Spine_S1]

TASK [sonic_base : push | Verify config contains DEVICE_METADATA] ***********************************************************************************************************************************************
ok: [Border_Leaf2]

TASK [Phase 3 | Reload config on Border_Leaf2] ******************************************************************************************************************************************************************
included: sonic_base for Border_Leaf2

TASK [sonic_base : reload | Skip reload if config unchanged] ****************************************************************************************************************************************************
skipping: [Border_Leaf2]

TASK [sonic_base : push | Transfer config file] *****************************************************************************************************************************************************************
changed: [Border_Leaf1]

TASK [sonic_base : push | Set config_changed fact] **************************************************************************************************************************************************************
ok: [Border_Leaf1]

TASK [sonic_base : push | Verify config contains DEVICE_METADATA] ***********************************************************************************************************************************************
ok: [Spine_S1]

TASK [Phase 3 | Reload config on Border_Leaf2] ******************************************************************************************************************************************************************
included: sonic_base for Spine_S1

TASK [sonic_base : reload | Skip reload if config unchanged] ****************************************************************************************************************************************************
skipping: [Spine_S1]

TASK [sonic_base : push | Verify config contains DEVICE_METADATA] ***********************************************************************************************************************************************
ok: [Spine_S2]

TASK [Phase 3 | Reload config on Border_Leaf2] ******************************************************************************************************************************************************************
included: sonic_base for Spine_S2

TASK [sonic_base : reload | Skip reload if config unchanged] ****************************************************************************************************************************************************
skipping: [Spine_S2]

TASK [sonic_base : push | Verify config contains DEVICE_METADATA] ***********************************************************************************************************************************************
ok: [Border_Leaf1]

TASK [Phase 3 | Reload config on Border_Leaf2] ******************************************************************************************************************************************************************
included: sonic_base for Border_Leaf1

TASK [sonic_base : reload | Skip reload if config unchanged] ****************************************************************************************************************************************************
skipping: [Border_Leaf1]

TASK [sonic_base : reload | Apply config reload] ****************************************************************************************************************************************************************
changed: [Border_Leaf2]

TASK [sonic_base : reload | Kill stale SSH ControlMaster process after config reload] ***************************************************************************************************************************
ok: [Border_Leaf2 -> localhost]

TASK [sonic_base : reload | Apply config reload] ****************************************************************************************************************************************************************
changed: [Spine_S1]

TASK [sonic_base : reload | Kill stale SSH ControlMaster process after config reload] ***************************************************************************************************************************
ok: [Spine_S1 -> localhost]

TASK [sonic_base : reload | Apply config reload] ****************************************************************************************************************************************************************
changed: [Border_Leaf1]

TASK [sonic_base : reload | Kill stale SSH ControlMaster process after config reload] ***************************************************************************************************************************
ok: [Border_Leaf1 -> localhost]

TASK [sonic_base : reload | Re-establish SSH connection after socket reset] *************************************************************************************************************************************
ok: [Spine_S1]

TASK [sonic_base : reload | Apply config reload] ****************************************************************************************************************************************************************
changed: [Spine_S2]

TASK [sonic_base : reload | Kill stale SSH ControlMaster process after config reload] ***************************************************************************************************************************
ok: [Spine_S2 -> localhost]

TASK [sonic_base : reload | Re-establish SSH connection after socket reset] *************************************************************************************************************************************
ok: [Border_Leaf1]

TASK [sonic_base : reload | Re-establish SSH connection after socket reset] *************************************************************************************************************************************
ok: [Border_Leaf2]

TASK [sonic_base : reload | Re-establish SSH connection after socket reset] *************************************************************************************************************************************
ok: [Spine_S2]

TASK [sonic_base : reload | Wait for switch to become reachable] ************************************************************************************************************************************************
ok: [Spine_S1]

TASK [sonic_base : reload | Wait for switch to become reachable] ************************************************************************************************************************************************
ok: [Border_Leaf1]

TASK [sonic_base : reload | Wait for switch to become reachable] ************************************************************************************************************************************************
ok: [Border_Leaf2]

TASK [sonic_base : reload | Wait for switch to become reachable] ************************************************************************************************************************************************
ok: [Spine_S2]

TASK [sonic_base : reload | Wait for SONiC services to stabilize] ***********************************************************************************************************************************************
ok: [Spine_S1 -> localhost]

TASK [sonic_base : reload | Wait for SONiC services to stabilize] ***********************************************************************************************************************************************
ok: [Border_Leaf1 -> localhost]

TASK [sonic_base : reload | Verify critical services are running] ***********************************************************************************************************************************************
ok: [Spine_S1] => (item=swss)

TASK [sonic_base : reload | Wait for SONiC services to stabilize] ***********************************************************************************************************************************************
ok: [Border_Leaf2 -> localhost]

TASK [sonic_base : reload | Verify critical services are running] ***********************************************************************************************************************************************
ok: [Border_Leaf1] => (item=swss)

TASK [sonic_base : reload | Verify critical services are running] ***********************************************************************************************************************************************
ok: [Spine_S1] => (item=syncd)

TASK [sonic_base : reload | Wait for SONiC services to stabilize] ***********************************************************************************************************************************************
ok: [Spine_S2 -> localhost]

TASK [sonic_base : reload | Verify critical services are running] ***********************************************************************************************************************************************
ok: [Border_Leaf2] => (item=swss)

TASK [sonic_base : reload | Verify critical services are running] ***********************************************************************************************************************************************
ok: [Border_Leaf1] => (item=syncd)

TASK [sonic_base : reload | Verify critical services are running] ***********************************************************************************************************************************************
ok: [Spine_S1] => (item=database)

TASK [sonic_base : reload | Confirm reload complete] ************************************************************************************************************************************************************
ok: [Spine_S1] =>
    msg: Config reload complete — critical services (swss, syncd, database) are active
        on Spine_S1"

TASK [sonic_base : reload | Verify critical services are running] ***********************************************************************************************************************************************
ok: [Border_Leaf2] => (item=syncd)

TASK [sonic_base : reload | Verify critical services are running] ***********************************************************************************************************************************************
ok: [Border_Leaf1] => (item=database)

TASK [sonic_base : reload | Confirm reload complete] ************************************************************************************************************************************************************
ok: [Border_Leaf1] =>
    msg: Config reload complete — critical services (swss, syncd, database) are active
        on Border_Leaf1"

TASK [Phase 4 | Verify hostname is set correctly] ***************************************************************************************************************************************************************
ok: [Spine_S1]

TASK [Phase 4 | Assert hostname matches inventory] **************************************************************************************************************************************************************
ok: [Spine_S1] =>
    changed: false
    msg: 'Hostname verified: Spine_S1'

TASK [sonic_base : reload | Verify critical services are running] ***********************************************************************************************************************************************
ok: [Border_Leaf2] => (item=database)

TASK [sonic_base : reload | Confirm reload complete] ************************************************************************************************************************************************************
ok: [Border_Leaf2] =>
    msg: Config reload complete — critical services (swss, syncd, database) are active
        on Border_Leaf2"

TASK [Phase 4 | Verify hostname is set correctly] ***************************************************************************************************************************************************************
ok: [Border_Leaf1]

TASK [Phase 4 | Assert hostname matches inventory] **************************************************************************************************************************************************************
ok: [Border_Leaf1] =>
    changed: false
    msg: 'Hostname verified: Border_Leaf1'
FAILED - RETRYING: [Spine_S2]: reload | Verify critical services are running (12 retries left).

TASK [Phase 4 | Verify management gateway is reachable] *********************************************************************************************************************************************************
ok: [Spine_S1]

TASK [Phase 4 | Report management connectivity] *****************************************************************************************************************************************************************
ok: [Spine_S1] =>
    msg: 'Management gateway 172.16.2.1: UNREACHABLE (expected on isolated fabric VMs
        before OVS bridge is wired)'

TASK [Phase 4 | Verify hostname is set correctly] ***************************************************************************************************************************************************************
ok: [Border_Leaf2]

TASK [Phase 4 | Assert hostname matches inventory] **************************************************************************************************************************************************************
ok: [Border_Leaf2] =>
    changed: false
    msg: 'Hostname verified: Border_Leaf2'

TASK [Phase 4 | Verify management gateway is reachable] *********************************************************************************************************************************************************
ok: [Border_Leaf1]

TASK [Phase 4 | Report management connectivity] *****************************************************************************************************************************************************************
ok: [Border_Leaf1] =>
    msg: 'Management gateway 172.16.2.1: UNREACHABLE (expected on isolated fabric VMs
        before OVS bridge is wired)'

TASK [Phase 4 | Verify all ports are admin-down] ****************************************************************************************************************************************************************
ok: [Spine_S1]

TASK [Phase 4 | Report port admin states] ***********************************************************************************************************************************************************************
ok: [Spine_S1] =>
    msg: 'Port admin states found: [''N/A'', ''PFC'']'

TASK [Phase 4 | Deployment summary] *****************************************************************************************************************************************************************************
ok: [Spine_S1] =>
    msg: |-
        ============================================================
        Day-0 Deployment Complete: Spine_S1 (SONiC)
        ============================================================
        Automation profile: ubuntu_r810_kvm (QEMU/KVM on Ubuntu for Dell R810 (256GB/64CPU/5TB))
        Role:         spine
        Platform:     x86_64-kvm_x86_64-r0
        HWSKU:        Seastone-DX010
        Management:   172.16.2.11/24
        Loopback:     10.0.0.1/32
        BGP ASN:      65000
        Fabric/Uplink ports (admin-down): 6
        Downlink ports    (admin-down): 0
        Total ports   (admin-down): 32
        ============================================================
        NEXT STEP: run deploy_day1.yml to wire BGP
        ============================================================

TASK [Phase 4 | Verify management gateway is reachable] *********************************************************************************************************************************************************
ok: [Border_Leaf2]

TASK [Phase 4 | Report management connectivity] *****************************************************************************************************************************************************************
ok: [Border_Leaf2] =>
    msg: 'Management gateway 172.16.2.1: UNREACHABLE (expected on isolated fabric VMs
        before OVS bridge is wired)'

TASK [Phase 4 | Verify all ports are admin-down] ****************************************************************************************************************************************************************
ok: [Border_Leaf1]

TASK [Phase 4 | Report port admin states] ***********************************************************************************************************************************************************************
ok: [Border_Leaf1] =>
    msg: 'Port admin states found: [''N/A'', ''PFC'']'

TASK [Phase 4 | Deployment summary] *****************************************************************************************************************************************************************************
ok: [Border_Leaf1] =>
    msg: |-
        ============================================================
        Day-0 Deployment Complete: Border_Leaf1 (SONiC)
        ============================================================
        Automation profile: ubuntu_r810_kvm (QEMU/KVM on Ubuntu for Dell R810 (256GB/64CPU/5TB))
        Role:         border_leaf
        Platform:     x86_64-kvm_x86_64-r0
        HWSKU:        Arista-7050QX-32S
        Management:   172.16.2.31/24
        Loopback:     10.0.2.1/32
        BGP ASN:      65021
        Fabric/Uplink ports (admin-down): 2
        Downlink ports    (admin-down): 3
        Total ports   (admin-down): 32
        ============================================================
        NEXT STEP: run deploy_day1.yml to wire BGP
        ============================================================

TASK [Phase 4 | Verify all ports are admin-down] ****************************************************************************************************************************************************************
ok: [Border_Leaf2]

TASK [Phase 4 | Report port admin states] ***********************************************************************************************************************************************************************
ok: [Border_Leaf2] =>
    msg: 'Port admin states found: [''N/A'', ''PFC'']'

TASK [Phase 4 | Deployment summary] *****************************************************************************************************************************************************************************
ok: [Border_Leaf2] =>
    msg: |-
        ============================================================
        Day-0 Deployment Complete: Border_Leaf2 (SONiC)
        ============================================================
        Automation profile: ubuntu_r810_kvm (QEMU/KVM on Ubuntu for Dell R810 (256GB/64CPU/5TB))
        Role:         border_leaf
        Platform:     x86_64-kvm_x86_64-r0
        HWSKU:        Arista-7050QX-32S
        Management:   172.16.2.32/24
        Loopback:     10.0.2.2/32
        BGP ASN:      65022
        Fabric/Uplink ports (admin-down): 2
        Downlink ports    (admin-down): 3
        Total ports   (admin-down): 32
        ============================================================
        NEXT STEP: run deploy_day1.yml to wire BGP
        ============================================================

TASK [sonic_base : reload | Verify critical services are running] ***********************************************************************************************************************************************
ok: [Spine_S2] => (item=swss)
ok: [Spine_S2] => (item=syncd)
ok: [Spine_S2] => (item=database)

TASK [sonic_base : reload | Confirm reload complete] ************************************************************************************************************************************************************
ok: [Spine_S2] =>
    msg: Config reload complete — critical services (swss, syncd, database) are active
        on Spine_S2"

TASK [Phase 4 | Verify hostname is set correctly] ***************************************************************************************************************************************************************
ok: [Spine_S2]

TASK [Phase 4 | Assert hostname matches inventory] **************************************************************************************************************************************************************
ok: [Spine_S2] =>
    changed: false
    msg: 'Hostname verified: Spine_S2'

TASK [Phase 4 | Verify management gateway is reachable] *********************************************************************************************************************************************************
ok: [Spine_S2]

TASK [Phase 4 | Report management connectivity] *****************************************************************************************************************************************************************
ok: [Spine_S2] =>
    msg: 'Management gateway 172.16.2.1: UNREACHABLE (expected on isolated fabric VMs
        before OVS bridge is wired)'

TASK [Phase 4 | Verify all ports are admin-down] ****************************************************************************************************************************************************************
ok: [Spine_S2]

TASK [Phase 4 | Report port admin states] ***********************************************************************************************************************************************************************
ok: [Spine_S2] =>
    msg: 'Port admin states found: [''N/A'', ''PFC'']'

TASK [Phase 4 | Deployment summary] *****************************************************************************************************************************************************************************
ok: [Spine_S2] =>
    msg: |-
        ============================================================
        Day-0 Deployment Complete: Spine_S2 (SONiC)
        ============================================================
        Automation profile: ubuntu_r810_kvm (QEMU/KVM on Ubuntu for Dell R810 (256GB/64CPU/5TB))
        Role:         spine
        Platform:     x86_64-kvm_x86_64-r0
        HWSKU:        Seastone-DX010
        Management:   172.16.2.12/24
        Loopback:     10.0.0.2/32
        BGP ASN:      65000
        Fabric/Uplink ports (admin-down): 6
        Downlink ports    (admin-down): 0
        Total ports   (admin-down): 32
        ============================================================
        NEXT STEP: run deploy_day1.yml to wire BGP
        ============================================================

PLAY [Day-0 Base Provisioning — SONiC Switches] *****************************************************************************************************************************************************************

TASK [Phase 0 | Assert automation profile is supported] *********************************************************************************************************************************************************
ok: [Leaf_L1 -> localhost] =>
    changed: false
    msg: automation_profile=ubuntu_r810_kvm (QEMU/KVM on Ubuntu for Dell R810 (256GB/64CPU/5TB))
ok: [Leaf_L2 -> localhost] =>
    changed: false
    msg: automation_profile=ubuntu_r810_kvm (QEMU/KVM on Ubuntu for Dell R810 (256GB/64CPU/5TB))

TASK [Phase 0 | Assert ansible_host is reachable subnet (real hardware)] ****************************************************************************************************************************************
skipping: [Leaf_L1]

TASK [Phase 0 | Assert automation profile is supported] *********************************************************************************************************************************************************
ok: [Leaf_L3 -> localhost] =>
    changed: false
    msg: automation_profile=ubuntu_r810_kvm (QEMU/KVM on Ubuntu for Dell R810 (256GB/64CPU/5TB))

TASK [Phase 0 | Assert ansible_host is reachable subnet (real hardware)] ****************************************************************************************************************************************
skipping: [Leaf_L2]

TASK [Phase 0 | Assert iDRAC PXE map is populated (real hardware)] **********************************************************************************************************************************************
skipping: [Leaf_L1]
skipping: [Leaf_L2]

TASK [Phase 0 | Assert ansible_host is reachable subnet (real hardware)] ****************************************************************************************************************************************
skipping: [Leaf_L3]

TASK [Phase 0 | Assert automation profile is supported] *********************************************************************************************************************************************************
ok: [Leaf_L4 -> localhost] =>
    changed: false
    msg: automation_profile=ubuntu_r810_kvm (QEMU/KVM on Ubuntu for Dell R810 (256GB/64CPU/5TB))

TASK [Phase 0 | Pre-flight connectivity and platform verification] **********************************************************************************************************************************************
included: sonic_base for Leaf_L1

TASK [Phase 0 | Assert iDRAC PXE map is populated (real hardware)] **********************************************************************************************************************************************
skipping: [Leaf_L3]
included: sonic_base for Leaf_L2

TASK [sonic_base : preflight | Connectivity phase] **************************************************************************************************************************************************************

TASK [Phase 0 | Assert ansible_host is reachable subnet (real hardware)] ****************************************************************************************************************************************
skipping: [Leaf_L4]
included: /mnt/c/Users/nh1221/data-center/_v3/roles/sonic_base/tasks/preflight_connectivity.yml for Leaf_L1

TASK [sonic_base : preflight | Connectivity phase] **************************************************************************************************************************************************************

TASK [Phase 0 | Pre-flight connectivity and platform verification] **********************************************************************************************************************************************
included: /mnt/c/Users/nh1221/data-center/_v3/roles/sonic_base/tasks/preflight_connectivity.yml for Leaf_L2
included: sonic_base for Leaf_L3

TASK [Phase 0 | Assert iDRAC PXE map is populated (real hardware)] **********************************************************************************************************************************************
skipping: [Leaf_L4]

TASK [sonic_base : preflight | Connectivity phase] **************************************************************************************************************************************************************
included: /mnt/c/Users/nh1221/data-center/_v3/roles/sonic_base/tasks/preflight_connectivity.yml for Leaf_L3

TASK [Phase 0 | Pre-flight connectivity and platform verification] **********************************************************************************************************************************************
included: sonic_base for Leaf_L4

TASK [sonic_base : preflight | Kill any stale SSH ControlMaster process] ****************************************************************************************************************************************
ok: [Leaf_L1 -> localhost]

TASK [sonic_base : preflight | Connectivity phase] **************************************************************************************************************************************************************

TASK [sonic_base : preflight | Kill any stale SSH ControlMaster process] ****************************************************************************************************************************************
ok: [Leaf_L2 -> localhost]
included: /mnt/c/Users/nh1221/data-center/_v3/roles/sonic_base/tasks/preflight_connectivity.yml for Leaf_L4

TASK [sonic_base : preflight | Kill any stale SSH ControlMaster process] ****************************************************************************************************************************************
ok: [Leaf_L3 -> localhost]

TASK [sonic_base : preflight | Kill any stale SSH ControlMaster process] ****************************************************************************************************************************************
ok: [Leaf_L4 -> localhost]

TASK [sonic_base : preflight | Wait for SSH port 22 to accept connections] **************************************************************************************************************************************
ok: [Leaf_L1 -> localhost]

TASK [sonic_base : preflight | Wait for SSH port 22 to accept connections] **************************************************************************************************************************************
ok: [Leaf_L2 -> localhost]

TASK [sonic_base : preflight | Wait for SSH port 22 to accept connections] **************************************************************************************************************************************
ok: [Leaf_L3 -> localhost]

TASK [sonic_base : preflight | Wait for SSH port 22 to accept connections] **************************************************************************************************************************************
ok: [Leaf_L4 -> localhost]

TASK [sonic_base : preflight | Probe SSH password (primary)] ****************************************************************************************************************************************************
ok: [Leaf_L1 -> localhost]

TASK [sonic_base : preflight | Probe SSH password (primary)] ****************************************************************************************************************************************************
ok: [Leaf_L4 -> localhost]

TASK [sonic_base : preflight | Probe SSH password (primary)] ****************************************************************************************************************************************************
ok: [Leaf_L3 -> localhost]

TASK [sonic_base : preflight | Try alternate password (factory default)] ****************************************************************************************************************************************
ok: [Leaf_L1 -> localhost]

TASK [sonic_base : preflight | Probe SSH password (primary)] ****************************************************************************************************************************************************
ok: [Leaf_L2 -> localhost]

TASK [sonic_base : preflight | Switch to alternate password] ****************************************************************************************************************************************************
ok: [Leaf_L1]

TASK [sonic_base : preflight | Initialize raw SSH stability probe state] ****************************************************************************************************************************************
ok: [Leaf_L1]

TASK [sonic_base : preflight | Confirm raw SSH is stable before Ansible session] ********************************************************************************************************************************
included: /mnt/c/Users/nh1221/data-center/_v3/roles/sonic_base/tasks/preflight_ssh_probe_attempt.yml for Leaf_L1 => (item=1)
included: /mnt/c/Users/nh1221/data-center/_v3/roles/sonic_base/tasks/preflight_ssh_probe_attempt.yml for Leaf_L1 => (item=2)
included: /mnt/c/Users/nh1221/data-center/_v3/roles/sonic_base/tasks/preflight_ssh_probe_attempt.yml for Leaf_L1 => (item=3)
included: /mnt/c/Users/nh1221/data-center/_v3/roles/sonic_base/tasks/preflight_ssh_probe_attempt.yml for Leaf_L1 => (item=4)

TASK [sonic_base : preflight | Try alternate password (factory default)] ****************************************************************************************************************************************
ok: [Leaf_L4 -> localhost]

TASK [sonic_base : preflight | Try alternate password (factory default)] ****************************************************************************************************************************************
ok: [Leaf_L3 -> localhost]

TASK [sonic_base : preflight | Switch to alternate password] ****************************************************************************************************************************************************
ok: [Leaf_L4]

TASK [sonic_base : preflight | Try alternate password (factory default)] ****************************************************************************************************************************************
ok: [Leaf_L2 -> localhost]

TASK [sonic_base : preflight | Switch to alternate password] ****************************************************************************************************************************************************
ok: [Leaf_L3]

TASK [sonic_base : preflight | Initialize raw SSH stability probe state] ****************************************************************************************************************************************
ok: [Leaf_L4]

TASK [sonic_base : preflight | Switch to alternate password] ****************************************************************************************************************************************************
ok: [Leaf_L2]

TASK [sonic_base : preflight | Confirm raw SSH is stable before Ansible session] ********************************************************************************************************************************
included: /mnt/c/Users/nh1221/data-center/_v3/roles/sonic_base/tasks/preflight_ssh_probe_attempt.yml for Leaf_L4 => (item=1)
included: /mnt/c/Users/nh1221/data-center/_v3/roles/sonic_base/tasks/preflight_ssh_probe_attempt.yml for Leaf_L4 => (item=2)
included: /mnt/c/Users/nh1221/data-center/_v3/roles/sonic_base/tasks/preflight_ssh_probe_attempt.yml for Leaf_L4 => (item=3)
included: /mnt/c/Users/nh1221/data-center/_v3/roles/sonic_base/tasks/preflight_ssh_probe_attempt.yml for Leaf_L4 => (item=4)

TASK [sonic_base : preflight | Initialize raw SSH stability probe state] ****************************************************************************************************************************************
ok: [Leaf_L3]

TASK [sonic_base : preflight | Initialize raw SSH stability probe state] ****************************************************************************************************************************************
ok: [Leaf_L2]

TASK [sonic_base : preflight | Confirm raw SSH is stable before Ansible session] ********************************************************************************************************************************
included: /mnt/c/Users/nh1221/data-center/_v3/roles/sonic_base/tasks/preflight_ssh_probe_attempt.yml for Leaf_L3 => (item=1)
included: /mnt/c/Users/nh1221/data-center/_v3/roles/sonic_base/tasks/preflight_ssh_probe_attempt.yml for Leaf_L3 => (item=2)
included: /mnt/c/Users/nh1221/data-center/_v3/roles/sonic_base/tasks/preflight_ssh_probe_attempt.yml for Leaf_L3 => (item=3)
included: /mnt/c/Users/nh1221/data-center/_v3/roles/sonic_base/tasks/preflight_ssh_probe_attempt.yml for Leaf_L3 => (item=4)

TASK [sonic_base : preflight | Confirm raw SSH is stable before Ansible session] ********************************************************************************************************************************
included: /mnt/c/Users/nh1221/data-center/_v3/roles/sonic_base/tasks/preflight_ssh_probe_attempt.yml for Leaf_L2 => (item=1)
included: /mnt/c/Users/nh1221/data-center/_v3/roles/sonic_base/tasks/preflight_ssh_probe_attempt.yml for Leaf_L2 => (item=2)
included: /mnt/c/Users/nh1221/data-center/_v3/roles/sonic_base/tasks/preflight_ssh_probe_attempt.yml for Leaf_L2 => (item=3)
included: /mnt/c/Users/nh1221/data-center/_v3/roles/sonic_base/tasks/preflight_ssh_probe_attempt.yml for Leaf_L2 => (item=4)

TASK [sonic_base : preflight | Probe raw SSH stability before Ansible session] **********************************************************************************************************************************
ok: [Leaf_L1 -> localhost]

TASK [sonic_base : preflight | Record raw SSH stability before Ansible session result] **************************************************************************************************************************
ok: [Leaf_L1]

TASK [sonic_base : preflight | Report raw SSH stability before Ansible session progress] ************************************************************************************************************************
skipping: [Leaf_L1]

TASK [sonic_base : preflight | Wait before retrying raw SSH stability before Ansible session] *******************************************************************************************************************
skipping: [Leaf_L1]

TASK [sonic_base : preflight | Probe raw SSH stability before Ansible session] **********************************************************************************************************************************
skipping: [Leaf_L1]

TASK [sonic_base : preflight | Record raw SSH stability before Ansible session result] **************************************************************************************************************************
skipping: [Leaf_L1]

TASK [sonic_base : preflight | Report raw SSH stability before Ansible session progress] ************************************************************************************************************************
skipping: [Leaf_L1]

TASK [sonic_base : preflight | Wait before retrying raw SSH stability before Ansible session] *******************************************************************************************************************
skipping: [Leaf_L1]

TASK [sonic_base : preflight | Probe raw SSH stability before Ansible session] **********************************************************************************************************************************
skipping: [Leaf_L1]

TASK [sonic_base : preflight | Record raw SSH stability before Ansible session result] **************************************************************************************************************************
skipping: [Leaf_L1]

TASK [sonic_base : preflight | Report raw SSH stability before Ansible session progress] ************************************************************************************************************************
skipping: [Leaf_L1]

TASK [sonic_base : preflight | Wait before retrying raw SSH stability before Ansible session] *******************************************************************************************************************
skipping: [Leaf_L1]

TASK [sonic_base : preflight | Probe raw SSH stability before Ansible session] **********************************************************************************************************************************
ok: [Leaf_L4 -> localhost]

TASK [sonic_base : preflight | Probe raw SSH stability before Ansible session] **********************************************************************************************************************************
skipping: [Leaf_L1]

TASK [sonic_base : preflight | Record raw SSH stability before Ansible session result] **************************************************************************************************************************
skipping: [Leaf_L1]

TASK [sonic_base : preflight | Report raw SSH stability before Ansible session progress] ************************************************************************************************************************
skipping: [Leaf_L1]

TASK [sonic_base : preflight | Wait before retrying raw SSH stability before Ansible session] *******************************************************************************************************************
skipping: [Leaf_L1]

TASK [sonic_base : preflight | Fail fast when raw SSH is unstable] **********************************************************************************************************************************************
skipping: [Leaf_L1]

TASK [sonic_base : preflight | Record raw SSH stability before Ansible session result] **************************************************************************************************************************
ok: [Leaf_L4]

TASK [sonic_base : preflight | Report raw SSH stability before Ansible session progress] ************************************************************************************************************************
skipping: [Leaf_L4]

TASK [sonic_base : preflight | Wait before retrying raw SSH stability before Ansible session] *******************************************************************************************************************
skipping: [Leaf_L4]

TASK [sonic_base : preflight | Probe raw SSH stability before Ansible session] **********************************************************************************************************************************
ok: [Leaf_L3 -> localhost]

TASK [sonic_base : preflight | Initialize SSH handoff probe state] **********************************************************************************************************************************************
ok: [Leaf_L1]

TASK [sonic_base : preflight | Probe raw SSH stability before Ansible session] **********************************************************************************************************************************
skipping: [Leaf_L4]

TASK [sonic_base : preflight | Probe raw SSH stability before Ansible session] **********************************************************************************************************************************
ok: [Leaf_L2 -> localhost]

TASK [sonic_base : preflight | Record raw SSH stability before Ansible session result] **************************************************************************************************************************
skipping: [Leaf_L4]

TASK [sonic_base : preflight | Report raw SSH stability before Ansible session progress] ************************************************************************************************************************
skipping: [Leaf_L4]

TASK [sonic_base : preflight | Wait before retrying raw SSH stability before Ansible session] *******************************************************************************************************************
skipping: [Leaf_L4]

TASK [sonic_base : preflight | Confirm SSH is reachable for Ansible handoff] ************************************************************************************************************************************

TASK [sonic_base : preflight | Record raw SSH stability before Ansible session result] **************************************************************************************************************************
ok: [Leaf_L3]
included: /mnt/c/Users/nh1221/data-center/_v3/roles/sonic_base/tasks/preflight_ssh_probe_attempt.yml for Leaf_L1 => (item=1)
included: /mnt/c/Users/nh1221/data-center/_v3/roles/sonic_base/tasks/preflight_ssh_probe_attempt.yml for Leaf_L1 => (item=2)
included: /mnt/c/Users/nh1221/data-center/_v3/roles/sonic_base/tasks/preflight_ssh_probe_attempt.yml for Leaf_L1 => (item=3)
included: /mnt/c/Users/nh1221/data-center/_v3/roles/sonic_base/tasks/preflight_ssh_probe_attempt.yml for Leaf_L1 => (item=4)
included: /mnt/c/Users/nh1221/data-center/_v3/roles/sonic_base/tasks/preflight_ssh_probe_attempt.yml for Leaf_L1 => (item=5)
included: /mnt/c/Users/nh1221/data-center/_v3/roles/sonic_base/tasks/preflight_ssh_probe_attempt.yml for Leaf_L1 => (item=6)

TASK [sonic_base : preflight | Probe raw SSH stability before Ansible session] **********************************************************************************************************************************
skipping: [Leaf_L4]

TASK [sonic_base : preflight | Record raw SSH stability before Ansible session result] **************************************************************************************************************************
ok: [Leaf_L2]

TASK [sonic_base : preflight | Report raw SSH stability before Ansible session progress] ************************************************************************************************************************
skipping: [Leaf_L3]

TASK [sonic_base : preflight | Report raw SSH stability before Ansible session progress] ************************************************************************************************************************
skipping: [Leaf_L2]

TASK [sonic_base : preflight | Record raw SSH stability before Ansible session result] **************************************************************************************************************************
skipping: [Leaf_L4]

TASK [sonic_base : preflight | Wait before retrying raw SSH stability before Ansible session] *******************************************************************************************************************
skipping: [Leaf_L2]

TASK [sonic_base : preflight | Wait before retrying raw SSH stability before Ansible session] *******************************************************************************************************************
skipping: [Leaf_L3]

TASK [sonic_base : preflight | Report raw SSH stability before Ansible session progress] ************************************************************************************************************************
skipping: [Leaf_L4]

TASK [sonic_base : preflight | Probe raw SSH stability before Ansible session] **********************************************************************************************************************************
skipping: [Leaf_L2]

TASK [sonic_base : preflight | Probe raw SSH stability before Ansible session] **********************************************************************************************************************************
skipping: [Leaf_L3]

TASK [sonic_base : preflight | Wait before retrying raw SSH stability before Ansible session] *******************************************************************************************************************
skipping: [Leaf_L4]

TASK [sonic_base : preflight | Record raw SSH stability before Ansible session result] **************************************************************************************************************************
skipping: [Leaf_L2]

TASK [sonic_base : preflight | Record raw SSH stability before Ansible session result] **************************************************************************************************************************
skipping: [Leaf_L3]

TASK [sonic_base : preflight | Probe raw SSH stability before Ansible session] **********************************************************************************************************************************
skipping: [Leaf_L4]

TASK [sonic_base : preflight | Report raw SSH stability before Ansible session progress] ************************************************************************************************************************
skipping: [Leaf_L2]

TASK [sonic_base : preflight | Report raw SSH stability before Ansible session progress] ************************************************************************************************************************
skipping: [Leaf_L3]

TASK [sonic_base : preflight | Wait before retrying raw SSH stability before Ansible session] *******************************************************************************************************************
skipping: [Leaf_L2]

TASK [sonic_base : preflight | Record raw SSH stability before Ansible session result] **************************************************************************************************************************
skipping: [Leaf_L4]

TASK [sonic_base : preflight | Probe raw SSH stability before Ansible session] **********************************************************************************************************************************
skipping: [Leaf_L2]

TASK [sonic_base : preflight | Wait before retrying raw SSH stability before Ansible session] *******************************************************************************************************************
skipping: [Leaf_L3]

TASK [sonic_base : preflight | Report raw SSH stability before Ansible session progress] ************************************************************************************************************************
skipping: [Leaf_L4]

TASK [sonic_base : preflight | Record raw SSH stability before Ansible session result] **************************************************************************************************************************
skipping: [Leaf_L2]

TASK [sonic_base : preflight | Probe raw SSH stability before Ansible session] **********************************************************************************************************************************
skipping: [Leaf_L3]

TASK [sonic_base : preflight | Report raw SSH stability before Ansible session progress] ************************************************************************************************************************
skipping: [Leaf_L2]

TASK [sonic_base : preflight | Wait before retrying raw SSH stability before Ansible session] *******************************************************************************************************************
skipping: [Leaf_L4]

TASK [sonic_base : preflight | Wait before retrying raw SSH stability before Ansible session] *******************************************************************************************************************
skipping: [Leaf_L2]

TASK [sonic_base : preflight | Record raw SSH stability before Ansible session result] **************************************************************************************************************************
skipping: [Leaf_L3]

TASK [sonic_base : preflight | Fail fast when raw SSH is unstable] **********************************************************************************************************************************************
skipping: [Leaf_L4]

TASK [sonic_base : preflight | Probe raw SSH stability before Ansible session] **********************************************************************************************************************************
skipping: [Leaf_L2]

TASK [sonic_base : preflight | Report raw SSH stability before Ansible session progress] ************************************************************************************************************************
skipping: [Leaf_L3]

TASK [sonic_base : preflight | Record raw SSH stability before Ansible session result] **************************************************************************************************************************
skipping: [Leaf_L2]

TASK [sonic_base : preflight | Wait before retrying raw SSH stability before Ansible session] *******************************************************************************************************************
skipping: [Leaf_L3]

TASK [sonic_base : preflight | Report raw SSH stability before Ansible session progress] ************************************************************************************************************************
skipping: [Leaf_L2]

TASK [sonic_base : preflight | Probe raw SSH stability before Ansible session] **********************************************************************************************************************************
skipping: [Leaf_L3]

TASK [sonic_base : preflight | Wait before retrying raw SSH stability before Ansible session] *******************************************************************************************************************
skipping: [Leaf_L2]

TASK [sonic_base : preflight | Record raw SSH stability before Ansible session result] **************************************************************************************************************************
skipping: [Leaf_L3]

TASK [sonic_base : preflight | Fail fast when raw SSH is unstable] **********************************************************************************************************************************************
skipping: [Leaf_L2]

TASK [sonic_base : preflight | Report raw SSH stability before Ansible session progress] ************************************************************************************************************************
skipping: [Leaf_L3]

TASK [sonic_base : preflight | Wait before retrying raw SSH stability before Ansible session] *******************************************************************************************************************
skipping: [Leaf_L3]

TASK [sonic_base : preflight | Initialize SSH handoff probe state] **********************************************************************************************************************************************
ok: [Leaf_L4]

TASK [sonic_base : preflight | Fail fast when raw SSH is unstable] **********************************************************************************************************************************************
skipping: [Leaf_L3]

TASK [sonic_base : preflight | Initialize SSH handoff probe state] **********************************************************************************************************************************************
ok: [Leaf_L2]

TASK [sonic_base : preflight | Confirm SSH is reachable for Ansible handoff] ************************************************************************************************************************************
included: /mnt/c/Users/nh1221/data-center/_v3/roles/sonic_base/tasks/preflight_ssh_probe_attempt.yml for Leaf_L4 => (item=1)
included: /mnt/c/Users/nh1221/data-center/_v3/roles/sonic_base/tasks/preflight_ssh_probe_attempt.yml for Leaf_L4 => (item=2)
included: /mnt/c/Users/nh1221/data-center/_v3/roles/sonic_base/tasks/preflight_ssh_probe_attempt.yml for Leaf_L4 => (item=3)
included: /mnt/c/Users/nh1221/data-center/_v3/roles/sonic_base/tasks/preflight_ssh_probe_attempt.yml for Leaf_L4 => (item=4)
included: /mnt/c/Users/nh1221/data-center/_v3/roles/sonic_base/tasks/preflight_ssh_probe_attempt.yml for Leaf_L4 => (item=5)
included: /mnt/c/Users/nh1221/data-center/_v3/roles/sonic_base/tasks/preflight_ssh_probe_attempt.yml for Leaf_L4 => (item=6)

TASK [sonic_base : preflight | Initialize SSH handoff probe state] **********************************************************************************************************************************************
ok: [Leaf_L3]

TASK [sonic_base : preflight | Confirm SSH is reachable for Ansible handoff] ************************************************************************************************************************************
included: /mnt/c/Users/nh1221/data-center/_v3/roles/sonic_base/tasks/preflight_ssh_probe_attempt.yml for Leaf_L2 => (item=1)
included: /mnt/c/Users/nh1221/data-center/_v3/roles/sonic_base/tasks/preflight_ssh_probe_attempt.yml for Leaf_L2 => (item=2)
included: /mnt/c/Users/nh1221/data-center/_v3/roles/sonic_base/tasks/preflight_ssh_probe_attempt.yml for Leaf_L2 => (item=3)
included: /mnt/c/Users/nh1221/data-center/_v3/roles/sonic_base/tasks/preflight_ssh_probe_attempt.yml for Leaf_L2 => (item=4)
included: /mnt/c/Users/nh1221/data-center/_v3/roles/sonic_base/tasks/preflight_ssh_probe_attempt.yml for Leaf_L2 => (item=5)
included: /mnt/c/Users/nh1221/data-center/_v3/roles/sonic_base/tasks/preflight_ssh_probe_attempt.yml for Leaf_L2 => (item=6)

TASK [sonic_base : preflight | Probe SSH handoff to Ansible] ****************************************************************************************************************************************************
ok: [Leaf_L1 -> localhost]

TASK [sonic_base : preflight | Confirm SSH is reachable for Ansible handoff] ************************************************************************************************************************************
included: /mnt/c/Users/nh1221/data-center/_v3/roles/sonic_base/tasks/preflight_ssh_probe_attempt.yml for Leaf_L3 => (item=1)
included: /mnt/c/Users/nh1221/data-center/_v3/roles/sonic_base/tasks/preflight_ssh_probe_attempt.yml for Leaf_L3 => (item=2)
included: /mnt/c/Users/nh1221/data-center/_v3/roles/sonic_base/tasks/preflight_ssh_probe_attempt.yml for Leaf_L3 => (item=3)
included: /mnt/c/Users/nh1221/data-center/_v3/roles/sonic_base/tasks/preflight_ssh_probe_attempt.yml for Leaf_L3 => (item=4)
included: /mnt/c/Users/nh1221/data-center/_v3/roles/sonic_base/tasks/preflight_ssh_probe_attempt.yml for Leaf_L3 => (item=5)
included: /mnt/c/Users/nh1221/data-center/_v3/roles/sonic_base/tasks/preflight_ssh_probe_attempt.yml for Leaf_L3 => (item=6)

TASK [sonic_base : preflight | Record SSH handoff to Ansible result] ********************************************************************************************************************************************
ok: [Leaf_L1]

TASK [sonic_base : preflight | Report SSH handoff to Ansible progress] ******************************************************************************************************************************************
skipping: [Leaf_L1]

TASK [sonic_base : preflight | Wait before retrying SSH handoff to Ansible] *************************************************************************************************************************************
skipping: [Leaf_L1]

TASK [sonic_base : preflight | Probe SSH handoff to Ansible] ****************************************************************************************************************************************************
skipping: [Leaf_L1]

TASK [sonic_base : preflight | Record SSH handoff to Ansible result] ********************************************************************************************************************************************
skipping: [Leaf_L1]

TASK [sonic_base : preflight | Report SSH handoff to Ansible progress] ******************************************************************************************************************************************
skipping: [Leaf_L1]

TASK [sonic_base : preflight | Wait before retrying SSH handoff to Ansible] *************************************************************************************************************************************
skipping: [Leaf_L1]

TASK [sonic_base : preflight | Probe SSH handoff to Ansible] ****************************************************************************************************************************************************
skipping: [Leaf_L1]

TASK [sonic_base : preflight | Record SSH handoff to Ansible result] ********************************************************************************************************************************************
skipping: [Leaf_L1]

TASK [sonic_base : preflight | Report SSH handoff to Ansible progress] ******************************************************************************************************************************************
skipping: [Leaf_L1]

TASK [sonic_base : preflight | Wait before retrying SSH handoff to Ansible] *************************************************************************************************************************************
skipping: [Leaf_L1]

TASK [sonic_base : preflight | Probe SSH handoff to Ansible] ****************************************************************************************************************************************************
skipping: [Leaf_L1]

TASK [sonic_base : preflight | Record SSH handoff to Ansible result] ********************************************************************************************************************************************
skipping: [Leaf_L1]

TASK [sonic_base : preflight | Report SSH handoff to Ansible progress] ******************************************************************************************************************************************
skipping: [Leaf_L1]

TASK [sonic_base : preflight | Wait before retrying SSH handoff to Ansible] *************************************************************************************************************************************
skipping: [Leaf_L1]

TASK [sonic_base : preflight | Probe SSH handoff to Ansible] ****************************************************************************************************************************************************
ok: [Leaf_L4 -> localhost]

TASK [sonic_base : preflight | Probe SSH handoff to Ansible] ****************************************************************************************************************************************************
skipping: [Leaf_L1]

TASK [sonic_base : preflight | Record SSH handoff to Ansible result] ********************************************************************************************************************************************
skipping: [Leaf_L1]

TASK [sonic_base : preflight | Report SSH handoff to Ansible progress] ******************************************************************************************************************************************
skipping: [Leaf_L1]

TASK [sonic_base : preflight | Wait before retrying SSH handoff to Ansible] *************************************************************************************************************************************
skipping: [Leaf_L1]

TASK [sonic_base : preflight | Probe SSH handoff to Ansible] ****************************************************************************************************************************************************
skipping: [Leaf_L1]

TASK [sonic_base : preflight | Record SSH handoff to Ansible result] ********************************************************************************************************************************************
skipping: [Leaf_L1]

TASK [sonic_base : preflight | Report SSH handoff to Ansible progress] ******************************************************************************************************************************************
skipping: [Leaf_L1]

TASK [sonic_base : preflight | Wait before retrying SSH handoff to Ansible] *************************************************************************************************************************************
skipping: [Leaf_L1]

TASK [sonic_base : preflight | Probe SSH handoff to Ansible] ****************************************************************************************************************************************************
ok: [Leaf_L2 -> localhost]

TASK [sonic_base : preflight | Fail fast when SSH handoff is unstable] ******************************************************************************************************************************************
skipping: [Leaf_L1]

TASK [sonic_base : preflight | Record SSH handoff to Ansible result] ********************************************************************************************************************************************
ok: [Leaf_L4]

TASK [sonic_base : preflight | Report SSH handoff to Ansible progress] ******************************************************************************************************************************************
skipping: [Leaf_L4]

TASK [sonic_base : preflight | Wait before retrying SSH handoff to Ansible] *************************************************************************************************************************************
skipping: [Leaf_L4]

TASK [sonic_base : preflight | Probe SSH handoff to Ansible] ****************************************************************************************************************************************************
skipping: [Leaf_L4]

TASK [sonic_base : preflight | Record SSH handoff to Ansible result] ********************************************************************************************************************************************
skipping: [Leaf_L4]

TASK [sonic_base : preflight | Report SSH handoff to Ansible progress] ******************************************************************************************************************************************
skipping: [Leaf_L4]

TASK [sonic_base : preflight | Wait before retrying SSH handoff to Ansible] *************************************************************************************************************************************
skipping: [Leaf_L4]

TASK [sonic_base : preflight | Record SSH handoff to Ansible result] ********************************************************************************************************************************************
ok: [Leaf_L2]

TASK [sonic_base : preflight | Probe SSH handoff to Ansible] ****************************************************************************************************************************************************
skipping: [Leaf_L4]

TASK [sonic_base : preflight | Report SSH handoff to Ansible progress] ******************************************************************************************************************************************
skipping: [Leaf_L2]

TASK [sonic_base : preflight | Record SSH handoff to Ansible result] ********************************************************************************************************************************************
skipping: [Leaf_L4]

TASK [sonic_base : preflight | Wait before retrying SSH handoff to Ansible] *************************************************************************************************************************************
skipping: [Leaf_L2]

TASK [sonic_base : preflight | Report SSH handoff to Ansible progress] ******************************************************************************************************************************************
skipping: [Leaf_L4]

TASK [sonic_base : preflight | Probe SSH handoff to Ansible] ****************************************************************************************************************************************************
skipping: [Leaf_L2]

TASK [sonic_base : preflight | Wait before retrying SSH handoff to Ansible] *************************************************************************************************************************************
skipping: [Leaf_L4]

TASK [sonic_base : preflight | Record SSH handoff to Ansible result] ********************************************************************************************************************************************
skipping: [Leaf_L2]

TASK [sonic_base : preflight | Probe SSH handoff to Ansible] ****************************************************************************************************************************************************
ok: [Leaf_L3 -> localhost]

TASK [sonic_base : preflight | Probe SSH handoff to Ansible] ****************************************************************************************************************************************************
skipping: [Leaf_L4]

TASK [sonic_base : preflight | Report SSH handoff to Ansible progress] ******************************************************************************************************************************************
skipping: [Leaf_L2]

TASK [sonic_base : preflight | Record SSH handoff to Ansible result] ********************************************************************************************************************************************
skipping: [Leaf_L4]

TASK [sonic_base : preflight | Wait before retrying SSH handoff to Ansible] *************************************************************************************************************************************
skipping: [Leaf_L2]

TASK [sonic_base : preflight | Report SSH handoff to Ansible progress] ******************************************************************************************************************************************
skipping: [Leaf_L4]

TASK [sonic_base : preflight | Probe SSH handoff to Ansible] ****************************************************************************************************************************************************
skipping: [Leaf_L2]

TASK [sonic_base : preflight | Wait before retrying SSH handoff to Ansible] *************************************************************************************************************************************
skipping: [Leaf_L4]

TASK [sonic_base : preflight | Record SSH handoff to Ansible result] ********************************************************************************************************************************************
skipping: [Leaf_L2]

TASK [sonic_base : preflight | Probe SSH handoff to Ansible] ****************************************************************************************************************************************************
skipping: [Leaf_L4]

TASK [sonic_base : preflight | Report SSH handoff to Ansible progress] ******************************************************************************************************************************************
skipping: [Leaf_L2]

TASK [sonic_base : preflight | Record SSH handoff to Ansible result] ********************************************************************************************************************************************
skipping: [Leaf_L4]

TASK [sonic_base : preflight | Wait before retrying SSH handoff to Ansible] *************************************************************************************************************************************
skipping: [Leaf_L2]

TASK [sonic_base : preflight | Report SSH handoff to Ansible progress] ******************************************************************************************************************************************
skipping: [Leaf_L4]

TASK [sonic_base : preflight | Probe SSH handoff to Ansible] ****************************************************************************************************************************************************
skipping: [Leaf_L2]

TASK [sonic_base : preflight | Wait before retrying SSH handoff to Ansible] *************************************************************************************************************************************
skipping: [Leaf_L4]

TASK [sonic_base : preflight | Record SSH handoff to Ansible result] ********************************************************************************************************************************************
skipping: [Leaf_L2]

TASK [sonic_base : preflight | Record SSH handoff to Ansible result] ********************************************************************************************************************************************
ok: [Leaf_L3]

TASK [sonic_base : preflight | Probe SSH handoff to Ansible] ****************************************************************************************************************************************************
skipping: [Leaf_L4]

TASK [sonic_base : preflight | Report SSH handoff to Ansible progress] ******************************************************************************************************************************************
skipping: [Leaf_L2]

TASK [sonic_base : preflight | Wait before retrying SSH handoff to Ansible] *************************************************************************************************************************************
skipping: [Leaf_L2]

TASK [sonic_base : preflight | Report SSH handoff to Ansible progress] ******************************************************************************************************************************************
skipping: [Leaf_L3]

TASK [sonic_base : preflight | Record SSH handoff to Ansible result] ********************************************************************************************************************************************
skipping: [Leaf_L4]

TASK [sonic_base : preflight | Probe SSH handoff to Ansible] ****************************************************************************************************************************************************
skipping: [Leaf_L2]

TASK [sonic_base : preflight | Wait before retrying SSH handoff to Ansible] *************************************************************************************************************************************
skipping: [Leaf_L3]

TASK [sonic_base : preflight | Report SSH handoff to Ansible progress] ******************************************************************************************************************************************
skipping: [Leaf_L4]

TASK [sonic_base : preflight | Record SSH handoff to Ansible result] ********************************************************************************************************************************************
skipping: [Leaf_L2]

TASK [sonic_base : preflight | Probe SSH handoff to Ansible] ****************************************************************************************************************************************************
skipping: [Leaf_L3]

TASK [sonic_base : preflight | Report SSH handoff to Ansible progress] ******************************************************************************************************************************************
skipping: [Leaf_L2]

TASK [sonic_base : preflight | Wait before retrying SSH handoff to Ansible] *************************************************************************************************************************************
skipping: [Leaf_L4]

TASK [sonic_base : preflight | Wait before retrying SSH handoff to Ansible] *************************************************************************************************************************************
skipping: [Leaf_L2]

TASK [sonic_base : preflight | Record SSH handoff to Ansible result] ********************************************************************************************************************************************
skipping: [Leaf_L3]

TASK [sonic_base : preflight | Probe SSH handoff to Ansible] ****************************************************************************************************************************************************
skipping: [Leaf_L2]

TASK [sonic_base : preflight | Fail fast when SSH handoff is unstable] ******************************************************************************************************************************************
skipping: [Leaf_L4]

TASK [sonic_base : preflight | Report SSH handoff to Ansible progress] ******************************************************************************************************************************************
skipping: [Leaf_L3]

TASK [sonic_base : preflight | Record SSH handoff to Ansible result] ********************************************************************************************************************************************
skipping: [Leaf_L2]

TASK [sonic_base : preflight | Report SSH handoff to Ansible progress] ******************************************************************************************************************************************
skipping: [Leaf_L2]

TASK [sonic_base : preflight | Wait before retrying SSH handoff to Ansible] *************************************************************************************************************************************
skipping: [Leaf_L3]

TASK [sonic_base : preflight | Wait for critical SONiC services to be active] ***********************************************************************************************************************************
ok: [Leaf_L1 -> localhost]

TASK [sonic_base : preflight | Wait before retrying SSH handoff to Ansible] *************************************************************************************************************************************
skipping: [Leaf_L2]

TASK [sonic_base : preflight | Probe SSH handoff to Ansible] ****************************************************************************************************************************************************
skipping: [Leaf_L3]

TASK [sonic_base : preflight | Fail fast when SSH handoff is unstable] ******************************************************************************************************************************************
skipping: [Leaf_L2]

TASK [sonic_base : preflight | Record SSH handoff to Ansible result] ********************************************************************************************************************************************
skipping: [Leaf_L3]

TASK [sonic_base : preflight | Report SSH handoff to Ansible progress] ******************************************************************************************************************************************
skipping: [Leaf_L3]

TASK [sonic_base : preflight | Wait before retrying SSH handoff to Ansible] *************************************************************************************************************************************
skipping: [Leaf_L3]

TASK [sonic_base : preflight | Probe SSH handoff to Ansible] ****************************************************************************************************************************************************
skipping: [Leaf_L3]

TASK [sonic_base : preflight | Record SSH handoff to Ansible result] ********************************************************************************************************************************************
skipping: [Leaf_L3]

TASK [sonic_base : preflight | Report SSH handoff to Ansible progress] ******************************************************************************************************************************************
skipping: [Leaf_L3]

TASK [sonic_base : preflight | Wait before retrying SSH handoff to Ansible] *************************************************************************************************************************************
skipping: [Leaf_L3]

TASK [sonic_base : preflight | Probe SSH handoff to Ansible] ****************************************************************************************************************************************************
skipping: [Leaf_L3]

TASK [sonic_base : preflight | Record SSH handoff to Ansible result] ********************************************************************************************************************************************
skipping: [Leaf_L3]

TASK [sonic_base : preflight | Report SSH handoff to Ansible progress] ******************************************************************************************************************************************
skipping: [Leaf_L3]

TASK [sonic_base : preflight | Wait before retrying SSH handoff to Ansible] *************************************************************************************************************************************
skipping: [Leaf_L3]

TASK [sonic_base : preflight | Probe SSH handoff to Ansible] ****************************************************************************************************************************************************
skipping: [Leaf_L3]

TASK [sonic_base : preflight | Kill stale ControlMaster after services gate] ************************************************************************************************************************************
ok: [Leaf_L1 -> localhost]

TASK [sonic_base : preflight | Record SSH handoff to Ansible result] ********************************************************************************************************************************************
skipping: [Leaf_L3]

TASK [sonic_base : preflight | Report SSH handoff to Ansible progress] ******************************************************************************************************************************************
skipping: [Leaf_L3]

TASK [sonic_base : preflight | Wait before retrying SSH handoff to Ansible] *************************************************************************************************************************************
skipping: [Leaf_L3]

TASK [sonic_base : preflight | Fail fast when SSH handoff is unstable] ******************************************************************************************************************************************
skipping: [Leaf_L3]

TASK [sonic_base : preflight | Wait for critical SONiC services to be active] ***********************************************************************************************************************************
ok: [Leaf_L2 -> localhost]

TASK [sonic_base : preflight | Wait for critical SONiC services to be active] ***********************************************************************************************************************************
ok: [Leaf_L4 -> localhost]

TASK [sonic_base : preflight | Kill stale ControlMaster after services gate] ************************************************************************************************************************************
ok: [Leaf_L2 -> localhost]

TASK [sonic_base : preflight | Kill stale ControlMaster after services gate] ************************************************************************************************************************************
ok: [Leaf_L4 -> localhost]

TASK [sonic_base : preflight | Wait for SSH port 22 to stabilize after services gate] ***************************************************************************************************************************
ok: [Leaf_L1 -> localhost]

TASK [sonic_base : preflight | Wait for critical SONiC services to be active] ***********************************************************************************************************************************
ok: [Leaf_L3 -> localhost]

TASK [sonic_base : preflight | Kill stale ControlMaster after services gate] ************************************************************************************************************************************
ok: [Leaf_L3 -> localhost]

TASK [sonic_base : preflight | Wait for SSH port 22 to stabilize after services gate] ***************************************************************************************************************************
ok: [Leaf_L2 -> localhost]

TASK [sonic_base : preflight | Re-establish SSH after services gate] ********************************************************************************************************************************************
ok: [Leaf_L1 -> localhost]

TASK [sonic_base : preflight | Wait for SSH port 22 to stabilize after services gate] ***************************************************************************************************************************
ok: [Leaf_L4 -> localhost]

TASK [sonic_base : preflight | Pin conservative SSH transport for remaining preflight] **************************************************************************************************************************
ok: [Leaf_L1]

TASK [sonic_base : preflight | Host prep phase] *****************************************************************************************************************************************************************
included: /mnt/c/Users/nh1221/data-center/_v3/roles/sonic_base/tasks/preflight_host_prep.yml for Leaf_L1

TASK [sonic_base : preflight | Wait for SSH port 22 to stabilize after services gate] ***************************************************************************************************************************
ok: [Leaf_L3 -> localhost]

TASK [sonic_base : preflight | Re-establish SSH after services gate] ********************************************************************************************************************************************
ok: [Leaf_L2 -> localhost]

TASK [sonic_base : preflight | Pin conservative SSH transport for remaining preflight] **************************************************************************************************************************
ok: [Leaf_L2]

TASK [sonic_base : preflight | Re-establish SSH after services gate] ********************************************************************************************************************************************
ok: [Leaf_L4 -> localhost]

TASK [sonic_base : preflight | Host prep phase] *****************************************************************************************************************************************************************
included: /mnt/c/Users/nh1221/data-center/_v3/roles/sonic_base/tasks/preflight_host_prep.yml for Leaf_L2

TASK [sonic_base : preflight | Pin conservative SSH transport for remaining preflight] **************************************************************************************************************************
ok: [Leaf_L4]

TASK [sonic_base : preflight | Host prep phase] *****************************************************************************************************************************************************************
included: /mnt/c/Users/nh1221/data-center/_v3/roles/sonic_base/tasks/preflight_host_prep.yml for Leaf_L4

TASK [sonic_base : preflight | Re-establish SSH after services gate] ********************************************************************************************************************************************
ok: [Leaf_L3 -> localhost]

TASK [sonic_base : preflight | Pin conservative SSH transport for remaining preflight] **************************************************************************************************************************
ok: [Leaf_L3]

TASK [sonic_base : preflight | Host prep phase] *****************************************************************************************************************************************************************
included: /mnt/c/Users/nh1221/data-center/_v3/roles/sonic_base/tasks/preflight_host_prep.yml for Leaf_L3

TASK [sonic_base : preflight | Wait for Ansible connection to stabilise before host prep] ***********************************************************************************************************************
ok: [Leaf_L1]

TASK [sonic_base : preflight | Wait for Ansible connection to stabilise before host prep] ***********************************************************************************************************************
ok: [Leaf_L2]

TASK [sonic_base : preflight | Wait for Ansible connection to stabilise before host prep] ***********************************************************************************************************************
ok: [Leaf_L4]

TASK [sonic_base : preflight | Wait for Ansible connection to stabilise before host prep] ***********************************************************************************************************************
ok: [Leaf_L3]

TASK [sonic_base : preflight | Check if swap is already active] *************************************************************************************************************************************************
ok: [Leaf_L1]

TASK [sonic_base : preflight | Check if swap is already active] *************************************************************************************************************************************************
ok: [Leaf_L2]

TASK [sonic_base : preflight | Check if swap is already active] *************************************************************************************************************************************************
ok: [Leaf_L4]

TASK [sonic_base : preflight | Check if swap is already active] *************************************************************************************************************************************************
ok: [Leaf_L3]

TASK [sonic_base : preflight | Check if /swapfile exists] *******************************************************************************************************************************************************
ok: [Leaf_L1]

TASK [sonic_base : preflight | Activate existing swapfile] ******************************************************************************************************************************************************
skipping: [Leaf_L1]

TASK [sonic_base : preflight | Check if /swapfile exists] *******************************************************************************************************************************************************
ok: [Leaf_L2]

TASK [sonic_base : preflight | Activate existing swapfile] ******************************************************************************************************************************************************
skipping: [Leaf_L2]

TASK [sonic_base : preflight | Check if /swapfile exists] *******************************************************************************************************************************************************
ok: [Leaf_L4]

TASK [sonic_base : preflight | Activate existing swapfile] ******************************************************************************************************************************************************
skipping: [Leaf_L4]

TASK [sonic_base : preflight | Check if /swapfile exists] *******************************************************************************************************************************************************
ok: [Leaf_L3]

TASK [sonic_base : preflight | Activate existing swapfile] ******************************************************************************************************************************************************
skipping: [Leaf_L3]

TASK [sonic_base : preflight | Re-check swap status] ************************************************************************************************************************************************************
ok: [Leaf_L1]

TASK [sonic_base : preflight | Re-check swap status] ************************************************************************************************************************************************************
ok: [Leaf_L2]

TASK [sonic_base : preflight | Re-check swap status] ************************************************************************************************************************************************************
ok: [Leaf_L4]

TASK [sonic_base : preflight | Re-check swap status] ************************************************************************************************************************************************************
ok: [Leaf_L3]

TASK [sonic_base : preflight | Create 1GB swap for OOM protection] **********************************************************************************************************************************************
changed: [Leaf_L1]

TASK [sonic_base : preflight | Kill stale ControlMaster after swap setup] ***************************************************************************************************************************************
ok: [Leaf_L1 -> localhost]

TASK [sonic_base : preflight | Wait for SSH port 22 after swap setup] *******************************************************************************************************************************************
ok: [Leaf_L1 -> localhost]

TASK [sonic_base : preflight | Re-establish SSH after swap setup] ***********************************************************************************************************************************************
ok: [Leaf_L1 -> localhost]

TASK [sonic_base : preflight | Identity phase] ******************************************************************************************************************************************************************
included: /mnt/c/Users/nh1221/data-center/_v3/roles/sonic_base/tasks/preflight_identity.yml for Leaf_L1

TASK [sonic_base : preflight | Gather SONiC build version (probe)] **********************************************************************************************************************************************
ok: [Leaf_L1 -> localhost]

TASK [sonic_base : preflight | Mark whether SONiC probe needs recovery] *****************************************************************************************************************************************
ok: [Leaf_L1]

TASK [sonic_base : preflight | Kill stale ControlMaster (recovery after probe failure)] *************************************************************************************************************************
skipping: [Leaf_L1]

TASK [sonic_base : preflight | Wait for SSH port 22 (recovery after probe failure)] *****************************************************************************************************************************
skipping: [Leaf_L1]

TASK [sonic_base : preflight | Re-establish SSH (recovery after probe failure)] *********************************************************************************************************************************
skipping: [Leaf_L1]

TASK [sonic_base : preflight | Gather SONiC build version (retry)] **********************************************************************************************************************************************
skipping: [Leaf_L1]

TASK [sonic_base : preflight | Set sonic hostname fact] *********************************************************************************************************************************************************
ok: [Leaf_L1]

TASK [sonic_base : preflight | Gather platform identity from ConfigDB] ******************************************************************************************************************************************
ok: [Leaf_L1 -> localhost]

TASK [sonic_base : preflight | Display platform identity] *******************************************************************************************************************************************************
ok: [Leaf_L1] =>
    msg: |-
        hostname=Warning: Permanently added '192.168.9.198' (ED25519) to the list of known hosts.
        Warning: Permanently added '172.16.2.21' (RSA) to the list of known hosts.
        Debian GNU/Linux 12 \n \l

        sonic | metadata=Warning: Permanently added '192.168.9.198' (ED25519) to the list of known hosts.
        Warning: Permanently added '172.16.2.21' (RSA) to the list of known hosts.
        Debian GNU/Linux 12 \n \l

        {'bgp_asn': '65100', 'buffer_model': 'traditional', 'default_bgp_status': 'up', 'default_pfcwd_status': 'disable', 'hostname': 'sonic', 'hwsku': 'Force10-S6000', 'mac': '22:27:b0:28:e3:ae', 'platform': 'x86_64-kvm_x86_64-r0', 'timezone': 'UTC', 'type': 'LeafRouter'}

TASK [sonic_base : preflight | Verify config_db.json exists] ****************************************************************************************************************************************************
ok: [Leaf_L1 -> localhost]

TASK [sonic_base : preflight | Report config_db.json status] ****************************************************************************************************************************************************
ok: [Leaf_L1] =>
    msg: config_db.json exists at /etc/sonic/config_db.json

TASK [Phase 0 | Apply system hardening (UseDNS, /etc/hosts)] ****************************************************************************************************************************************************
included: sonic_base for Leaf_L1

TASK [sonic_base : hardening | Set target admin password fact] **************************************************************************************************************************************************
ok: [Leaf_L1]

TASK [sonic_base : preflight | Create 1GB swap for OOM protection] **********************************************************************************************************************************************
changed: [Leaf_L2]

TASK [sonic_base : preflight | Create 1GB swap for OOM protection] **********************************************************************************************************************************************
changed: [Leaf_L4]

TASK [sonic_base : preflight | Create 1GB swap for OOM protection] **********************************************************************************************************************************************
changed: [Leaf_L3]

TASK [sonic_base : preflight | Kill stale ControlMaster after swap setup] ***************************************************************************************************************************************
ok: [Leaf_L2 -> localhost]

TASK [sonic_base : preflight | Kill stale ControlMaster after swap setup] ***************************************************************************************************************************************
ok: [Leaf_L3 -> localhost]

TASK [sonic_base : preflight | Kill stale ControlMaster after swap setup] ***************************************************************************************************************************************
ok: [Leaf_L4 -> localhost]

TASK [sonic_base : preflight | Wait for SSH port 22 after swap setup] *******************************************************************************************************************************************
ok: [Leaf_L2 -> localhost]

TASK [sonic_base : preflight | Wait for SSH port 22 after swap setup] *******************************************************************************************************************************************
ok: [Leaf_L3 -> localhost]

TASK [sonic_base : preflight | Wait for SSH port 22 after swap setup] *******************************************************************************************************************************************
ok: [Leaf_L4 -> localhost]

TASK [sonic_base : preflight | Re-establish SSH after swap setup] ***********************************************************************************************************************************************
ok: [Leaf_L2 -> localhost]

TASK [sonic_base : preflight | Identity phase] ******************************************************************************************************************************************************************
included: /mnt/c/Users/nh1221/data-center/_v3/roles/sonic_base/tasks/preflight_identity.yml for Leaf_L2

TASK [sonic_base : preflight | Re-establish SSH after swap setup] ***********************************************************************************************************************************************
ok: [Leaf_L3 -> localhost]

TASK [sonic_base : preflight | Re-establish SSH after swap setup] ***********************************************************************************************************************************************
ok: [Leaf_L4 -> localhost]

TASK [sonic_base : preflight | Identity phase] ******************************************************************************************************************************************************************
included: /mnt/c/Users/nh1221/data-center/_v3/roles/sonic_base/tasks/preflight_identity.yml for Leaf_L3

TASK [sonic_base : preflight | Identity phase] ******************************************************************************************************************************************************************
included: /mnt/c/Users/nh1221/data-center/_v3/roles/sonic_base/tasks/preflight_identity.yml for Leaf_L4

TASK [sonic_base : preflight | Gather SONiC build version (probe)] **********************************************************************************************************************************************
ok: [Leaf_L3 -> localhost]

TASK [sonic_base : preflight | Gather SONiC build version (probe)] **********************************************************************************************************************************************
ok: [Leaf_L4 -> localhost]

TASK [sonic_base : preflight | Gather SONiC build version (probe)] **********************************************************************************************************************************************
ok: [Leaf_L2 -> localhost]

TASK [sonic_base : preflight | Mark whether SONiC probe needs recovery] *****************************************************************************************************************************************
ok: [Leaf_L3]

TASK [sonic_base : preflight | Mark whether SONiC probe needs recovery] *****************************************************************************************************************************************
ok: [Leaf_L4]

TASK [sonic_base : preflight | Kill stale ControlMaster (recovery after probe failure)] *************************************************************************************************************************
skipping: [Leaf_L3]

TASK [sonic_base : preflight | Mark whether SONiC probe needs recovery] *****************************************************************************************************************************************
ok: [Leaf_L2]

TASK [sonic_base : preflight | Kill stale ControlMaster (recovery after probe failure)] *************************************************************************************************************************
skipping: [Leaf_L4]

TASK [sonic_base : preflight | Wait for SSH port 22 (recovery after probe failure)] *****************************************************************************************************************************
skipping: [Leaf_L3]

TASK [sonic_base : preflight | Kill stale ControlMaster (recovery after probe failure)] *************************************************************************************************************************
skipping: [Leaf_L2]

TASK [sonic_base : preflight | Wait for SSH port 22 (recovery after probe failure)] *****************************************************************************************************************************
skipping: [Leaf_L4]

TASK [sonic_base : preflight | Re-establish SSH (recovery after probe failure)] *********************************************************************************************************************************
skipping: [Leaf_L3]

TASK [sonic_base : preflight | Wait for SSH port 22 (recovery after probe failure)] *****************************************************************************************************************************
skipping: [Leaf_L2]

TASK [sonic_base : preflight | Re-establish SSH (recovery after probe failure)] *********************************************************************************************************************************
skipping: [Leaf_L4]

TASK [sonic_base : preflight | Gather SONiC build version (retry)] **********************************************************************************************************************************************
skipping: [Leaf_L3]

TASK [sonic_base : preflight | Re-establish SSH (recovery after probe failure)] *********************************************************************************************************************************
skipping: [Leaf_L2]

TASK [sonic_base : preflight | Gather SONiC build version (retry)] **********************************************************************************************************************************************
skipping: [Leaf_L4]

TASK [sonic_base : preflight | Gather SONiC build version (retry)] **********************************************************************************************************************************************
skipping: [Leaf_L2]

TASK [sonic_base : preflight | Set sonic hostname fact] *********************************************************************************************************************************************************
ok: [Leaf_L3]

TASK [sonic_base : preflight | Set sonic hostname fact] *********************************************************************************************************************************************************
ok: [Leaf_L4]

TASK [sonic_base : preflight | Set sonic hostname fact] *********************************************************************************************************************************************************
ok: [Leaf_L2]

TASK [sonic_base : preflight | Gather platform identity from ConfigDB] ******************************************************************************************************************************************
ok: [Leaf_L4 -> localhost]

TASK [sonic_base : preflight | Gather platform identity from ConfigDB] ******************************************************************************************************************************************
ok: [Leaf_L2 -> localhost]

TASK [sonic_base : preflight | Display platform identity] *******************************************************************************************************************************************************
ok: [Leaf_L4] =>
    msg: |-
        hostname=Warning: Permanently added '192.168.9.198' (ED25519) to the list of known hosts.
        Warning: Permanently added '172.16.2.24' (RSA) to the list of known hosts.
        Debian GNU/Linux 12 \n \l

        sonic | metadata=Warning: Permanently added '192.168.9.198' (ED25519) to the list of known hosts.
        Warning: Permanently added '172.16.2.24' (RSA) to the list of known hosts.
        Debian GNU/Linux 12 \n \l

        {'bgp_asn': '65100', 'buffer_model': 'traditional', 'default_bgp_status': 'up', 'default_pfcwd_status': 'disable', 'hostname': 'sonic', 'hwsku': 'Force10-S6000', 'mac': '22:1f:6a:8e:f3:a2', 'platform': 'x86_64-kvm_x86_64-r0', 'timezone': 'UTC', 'type': 'LeafRouter'}

TASK [sonic_base : preflight | Gather platform identity from ConfigDB] ******************************************************************************************************************************************
ok: [Leaf_L3 -> localhost]

TASK [sonic_base : preflight | Display platform identity] *******************************************************************************************************************************************************
ok: [Leaf_L2] =>
    msg: |-
        hostname=Warning: Permanently added '192.168.9.198' (ED25519) to the list of known hosts.
        Warning: Permanently added '172.16.2.22' (RSA) to the list of known hosts.
        Debian GNU/Linux 12 \n \l

        sonic | metadata=Warning: Permanently added '192.168.9.198' (ED25519) to the list of known hosts.
        Warning: Permanently added '172.16.2.22' (RSA) to the list of known hosts.
        Debian GNU/Linux 12 \n \l

        {'bgp_asn': '65100', 'buffer_model': 'traditional', 'default_bgp_status': 'up', 'default_pfcwd_status': 'disable', 'hostname': 'sonic', 'hwsku': 'Force10-S6000', 'mac': '22:4a:80:71:72:3b', 'platform': 'x86_64-kvm_x86_64-r0', 'timezone': 'UTC', 'type': 'LeafRouter'}

TASK [sonic_base : preflight | Display platform identity] *******************************************************************************************************************************************************
ok: [Leaf_L3] =>
    msg: |-
        hostname=Warning: Permanently added '192.168.9.198' (ED25519) to the list of known hosts.
        Warning: Permanently added '172.16.2.23' (RSA) to the list of known hosts.
        Debian GNU/Linux 12 \n \l

        sonic | metadata=Warning: Permanently added '192.168.9.198' (ED25519) to the list of known hosts.
        Warning: Permanently added '172.16.2.23' (RSA) to the list of known hosts.
        Debian GNU/Linux 12 \n \l

        {'bgp_asn': '65100', 'buffer_model': 'traditional', 'default_bgp_status': 'up', 'default_pfcwd_status': 'disable', 'hostname': 'sonic', 'hwsku': 'Force10-S6000', 'mac': '22:03:d2:59:50:fa', 'platform': 'x86_64-kvm_x86_64-r0', 'timezone': 'UTC', 'type': 'LeafRouter'}

TASK [sonic_base : preflight | Verify config_db.json exists] ****************************************************************************************************************************************************
ok: [Leaf_L4 -> localhost]

TASK [sonic_base : preflight | Verify config_db.json exists] ****************************************************************************************************************************************************
ok: [Leaf_L2 -> localhost]

TASK [sonic_base : preflight | Report config_db.json status] ****************************************************************************************************************************************************
ok: [Leaf_L2] =>
    msg: config_db.json exists at /etc/sonic/config_db.json

TASK [sonic_base : preflight | Report config_db.json status] ****************************************************************************************************************************************************
ok: [Leaf_L4] =>
    msg: config_db.json exists at /etc/sonic/config_db.json

TASK [Phase 0 | Apply system hardening (UseDNS, /etc/hosts)] ****************************************************************************************************************************************************
included: sonic_base for Leaf_L2

TASK [sonic_base : preflight | Verify config_db.json exists] ****************************************************************************************************************************************************
ok: [Leaf_L3 -> localhost]

TASK [Phase 0 | Apply system hardening (UseDNS, /etc/hosts)] ****************************************************************************************************************************************************
included: sonic_base for Leaf_L4

TASK [sonic_base : hardening | Set target admin password fact] **************************************************************************************************************************************************
ok: [Leaf_L2]

TASK [sonic_base : preflight | Report config_db.json status] ****************************************************************************************************************************************************
ok: [Leaf_L3] =>
    msg: config_db.json exists at /etc/sonic/config_db.json

TASK [sonic_base : hardening | Set target admin password fact] **************************************************************************************************************************************************
ok: [Leaf_L4]

TASK [Phase 0 | Apply system hardening (UseDNS, /etc/hosts)] ****************************************************************************************************************************************************
included: sonic_base for Leaf_L3

TASK [sonic_base : hardening | Set target admin password fact] **************************************************************************************************************************************************
ok: [Leaf_L3]

TASK [sonic_base : hardening | Re-establish SSH before password sync] *******************************************************************************************************************************************
ok: [Leaf_L1]

TASK [sonic_base : hardening | Re-establish SSH before password sync] *******************************************************************************************************************************************
ok: [Leaf_L2]

TASK [sonic_base : hardening | Re-establish SSH before password sync] *******************************************************************************************************************************************
ok: [Leaf_L3]

TASK [sonic_base : hardening | Re-establish SSH before password sync] *******************************************************************************************************************************************
ok: [Leaf_L4]

TASK [sonic_base : hardening | Ensure admin password is synchronized] *******************************************************************************************************************************************
[ERROR]: Task failed: Failed to connect to the host via ssh: <error censored due to no log>

Task failed.
Origin: /mnt/c/Users/nh1221/data-center/_v3/roles/sonic_base/tasks/system_hardening.yml:32:3

30 # value inventory has. The broken 'su' check (which always returned 'ok' when
31 # running as root) is removed.
32 - name: "hardening | Ensure admin password is synchronized"
     ^ column 3

<<< caused by >>>

Failed to connect to the host via ssh: <error censored due to no log>

fatal: [Leaf_L1]: UNREACHABLE! =>
    censored: 'the output has been hidden due to the fact that ''no_log: true'' was specified
        for this result'
    changed: false

TASK [sonic_base : hardening | Ensure admin password is synchronized] *******************************************************************************************************************************************
fatal: [Leaf_L4]: UNREACHABLE! =>
    censored: 'the output has been hidden due to the fact that ''no_log: true'' was specified
        for this result'
    changed: false

TASK [sonic_base : hardening | Ensure admin password is synchronized] *******************************************************************************************************************************************
fatal: [Leaf_L3]: UNREACHABLE! =>
    censored: 'the output has been hidden due to the fact that ''no_log: true'' was specified
        for this result'
    changed: false

TASK [sonic_base : hardening | Ensure admin password is synchronized] *******************************************************************************************************************************************
fatal: [Leaf_L2]: UNREACHABLE! =>
    censored: 'the output has been hidden due to the fact that ''no_log: true'' was specified
        for this result'
    changed: false

NO MORE HOSTS LEFT **********************************************************************************************************************************************************************************************

PLAY RECAP ******************************************************************************************************************************************************************************************************
Border_Leaf1               : ok=111  changed=15   unreachable=0    failed=0    skipped=66   rescued=0    ignored=0
Border_Leaf2               : ok=111  changed=16   unreachable=0    failed=0    skipped=66   rescued=0    ignored=0
Leaf_L1                    : ok=49   changed=1    unreachable=1    failed=0    skipped=45   rescued=0    ignored=0
Leaf_L2                    : ok=49   changed=1    unreachable=1    failed=0    skipped=45   rescued=0    ignored=0
Leaf_L3                    : ok=49   changed=1    unreachable=1    failed=0    skipped=45   rescued=0    ignored=0
Leaf_L4                    : ok=49   changed=1    unreachable=1    failed=0    skipped=45   rescued=0    ignored=0
Spine_S1                   : ok=111  changed=15   unreachable=0    failed=0    skipped=66   rescued=0    ignored=0
Spine_S2                   : ok=111  changed=15   unreachable=0    failed=0    skipped=66   rescued=0    ignored=0

(venv) nh1221@Lab-ControlNode:/mnt/c/Users/nh1221/data-center/_v3$
