C:\Users\nh1221>ssh Host12_1 "sudo ls -al /root"
Warning: Permanently added '172.16.2.40' (ED25519) to the list of known hosts.
ubuntu@172.16.2.40's password:
total 28
drwx------  4 root root 4096 Jun  5 18:14 .
drwxr-xr-x 22 root root 4096 Jun  5 15:36 ..
drwxr-xr-x  3 root root 4096 Jun  5 18:12 .ansible
-rw-r--r--  1 root root 3106 Apr 22  2024 .bashrc
-rw-------  1 root root   34 Jun  5 23:24 .history_frr
-rw-r--r--  1 root root  161 Apr 22  2024 .profile
drwx------  2 root root 4096 Jun  5 15:36 .ssh

C:\Users\nh1221>ssh -J nh1221@R810 ubuntu@172.16.2.40 "curl -x http://172.16.2.1:8888 http://archive.ubuntu.com/ubuntu/dists/noble/Release -o /dev/null -w '%{http_code}' -s"
Warning: Permanently added '172.16.2.40' (ED25519) to the list of known hosts.
ubuntu@172.16.2.40's password:
200
C:\Users\nh1221>ssh R810
Welcome to Ubuntu 26.04 LTS (GNU/Linux 7.0.0-22-generic x86_64)

 * Documentation:  https://docs.ubuntu.com
 * Management:     https://landscape.canonical.com
 * Support:        https://ubuntu.com/pro

Expanded Security Maintenance for Applications is not enabled.

15 updates can be applied immediately.
To see these additional updates run: apt list --upgradable

Enable ESM Apps to receive additional future security updates.
See https://ubuntu.com/esm or run: sudo pro status

Last login: Sat Jun  6 06:00:34 2026 from 192.168.9.199
nh1221@PowerEdge-R810:~$ grep -i "^Allow" /etc/tinyproxy/tinyproxy.conf
Allow 127.0.0.1
Allow 172.16.2.0/24
Allow ::1
nh1221@PowerEdge-R810:~$ curl -x http://127.0.0.1:8888 -I https://registry.k8s.io/v2/
HTTP/1.1 200 Connection established
Proxy-agent: tinyproxy

HTTP/2 200
docker-distribution-api-version: registry/2.0
date: Sat, 06 Jun 2026 14:05:48 GMT
content-type: text/html
server: Google Frontend
via: 1.1 google
alt-svc: h3=":443"; ma=2592000

nh1221@PowerEdge-R810:~$ ssh Host12_1
@@@@@@@@@@@@@@@@@@@@@@@@@@@@@@@@@@@@@@@@@@@@@@@@@@@@@@@@@@@
@    WARNING: REMOTE HOST IDENTIFICATION HAS CHANGED!     @
@@@@@@@@@@@@@@@@@@@@@@@@@@@@@@@@@@@@@@@@@@@@@@@@@@@@@@@@@@@
IT IS POSSIBLE THAT SOMEONE IS DOING SOMETHING NASTY!
Someone could be eavesdropping on you right now (man-in-the-middle attack)!
It is also possible that a host key has just been changed.
The fingerprint for the ED25519 key sent by the remote host is
SHA256:E9Xdxev6kEp+FiNMeskV1UaTv5NGWEz37bQiPtl4DnA.
Please contact your system administrator.
Add correct host key in /home/nh1221/.ssh/known_hosts to get rid of this message.
Offending ECDSA key in /home/nh1221/.ssh/known_hosts:4
  remove with:
  ssh-keygen -f '/home/nh1221/.ssh/known_hosts' -R 'host12_1'
Host key for host12_1 has changed and you have requested strict checking.
Host key verification failed.
nh1221@PowerEdge-R810:~$ ssh ubuntu@Host12_1
@@@@@@@@@@@@@@@@@@@@@@@@@@@@@@@@@@@@@@@@@@@@@@@@@@@@@@@@@@@
@    WARNING: REMOTE HOST IDENTIFICATION HAS CHANGED!     @
@@@@@@@@@@@@@@@@@@@@@@@@@@@@@@@@@@@@@@@@@@@@@@@@@@@@@@@@@@@
IT IS POSSIBLE THAT SOMEONE IS DOING SOMETHING NASTY!
Someone could be eavesdropping on you right now (man-in-the-middle attack)!
It is also possible that a host key has just been changed.
The fingerprint for the ED25519 key sent by the remote host is
SHA256:E9Xdxev6kEp+FiNMeskV1UaTv5NGWEz37bQiPtl4DnA.
Please contact your system administrator.
Add correct host key in /home/nh1221/.ssh/known_hosts to get rid of this message.
Offending ECDSA key in /home/nh1221/.ssh/known_hosts:4
  remove with:
  ssh-keygen -f '/home/nh1221/.ssh/known_hosts' -R 'host12_1'
Host key for host12_1 has changed and you have requested strict checking.
Host key verification failed.
nh1221@PowerEdge-R810:~$ ssh ubuntu@172.16.2.40
@@@@@@@@@@@@@@@@@@@@@@@@@@@@@@@@@@@@@@@@@@@@@@@@@@@@@@@@@@@
@    WARNING: REMOTE HOST IDENTIFICATION HAS CHANGED!     @
@@@@@@@@@@@@@@@@@@@@@@@@@@@@@@@@@@@@@@@@@@@@@@@@@@@@@@@@@@@
IT IS POSSIBLE THAT SOMEONE IS DOING SOMETHING NASTY!
Someone could be eavesdropping on you right now (man-in-the-middle attack)!
It is also possible that a host key has just been changed.
The fingerprint for the ED25519 key sent by the remote host is
SHA256:E9Xdxev6kEp+FiNMeskV1UaTv5NGWEz37bQiPtl4DnA.
Please contact your system administrator.
Add correct host key in /home/nh1221/.ssh/known_hosts to get rid of this message.
Offending ED25519 key in /home/nh1221/.ssh/known_hosts:7
  remove with:
  ssh-keygen -f '/home/nh1221/.ssh/known_hosts' -R '172.16.2.40'
Host key for 172.16.2.40 has changed and you have requested strict checking.
Host key verification failed.
nh1221@PowerEdge-R810:~$ exit
logout
Connection to 192.168.9.198 closed.

C:\Users\nh1221>ssh Host12_1
Warning: Permanently added '172.16.2.40' (ED25519) to the list of known hosts.
ubuntu@172.16.2.40's password:
Welcome to Ubuntu 24.04.4 LTS (GNU/Linux 6.8.0-117-generic x86_64)

 * Documentation:  https://help.ubuntu.com
 * Management:     https://landscape.canonical.com
 * Support:        https://ubuntu.com/pro

 System information as of Sat Jun  6 14:07:42 UTC 2026

  System load: 0.0               Memory usage: 1%   Processes:       240
  Usage of /:  2.9% of 76.45GB   Swap usage:   0%   Users logged in: 1


Expanded Security Maintenance for Applications is not enabled.

33 updates can be applied immediately.
29 of these updates are standard security updates.
To see these additional updates run: apt list --upgradable

Enable ESM Apps to receive additional future security updates.
See https://ubuntu.com/esm or run: sudo pro status


*** System restart required ***
Last login: Sat Jun  6 14:01:46 2026 from 172.16.2.1
ubuntu@host12-1:~$ export https_proxy=http://172.16.2.1:8888
ubuntu@host12-1:~$ curl -v https://registry.k8s.io/v2/
* Uses proxy env variable https_proxy == 'http://172.16.2.1:8888'
*   Trying 172.16.2.1:8888...
* Connected to 172.16.2.1 (172.16.2.1) port 8888
* CONNECT tunnel: HTTP/1.1 negotiated
* allocate connect buffer
* Establish HTTP proxy tunnel to registry.k8s.io:443
> CONNECT registry.k8s.io:443 HTTP/1.1
> Host: registry.k8s.io:443
> User-Agent: curl/8.5.0
> Proxy-Connection: Keep-Alive
>
< HTTP/1.1 200 Connection established
< Proxy-agent: tinyproxy
<
* CONNECT phase completed
* CONNECT tunnel established, response 200
* ALPN: curl offers h2,http/1.1
* TLSv1.3 (OUT), TLS handshake, Client hello (1):
*  CAfile: /etc/ssl/certs/ca-certificates.crt
*  CApath: /etc/ssl/certs
* TLSv1.3 (IN), TLS handshake, Server hello (2):
* TLSv1.3 (IN), TLS handshake, Encrypted Extensions (8):
* TLSv1.3 (IN), TLS handshake, Certificate (11):
* TLSv1.3 (IN), TLS handshake, CERT verify (15):
* TLSv1.3 (IN), TLS handshake, Finished (20):
* TLSv1.3 (OUT), TLS change cipher, Change cipher spec (1):
* TLSv1.3 (OUT), TLS handshake, Finished (20):
* SSL connection using TLSv1.3 / TLS_AES_256_GCM_SHA384 / X25519 / RSASSA-PSS
* ALPN: server accepted h2
* Server certificate:
*  subject: CN=registry.k8s.io
*  start date: May 28 02:11:51 2026 GMT
*  expire date: Aug 26 03:07:46 2026 GMT
*  subjectAltName: host "registry.k8s.io" matched cert's "registry.k8s.io"
*  issuer: C=US; O=Google Trust Services; CN=WR3
*  SSL certificate verify ok.
*   Certificate level 0: Public key type RSA (2048/112 Bits/secBits), signed using sha256WithRSAEncryption
*   Certificate level 1: Public key type RSA (2048/112 Bits/secBits), signed using sha256WithRSAEncryption
*   Certificate level 2: Public key type RSA (4096/152 Bits/secBits), signed using sha384WithRSAEncryption
* using HTTP/2
* [HTTP/2] [1] OPENED stream for https://registry.k8s.io/v2/
* [HTTP/2] [1] [:method: GET]
* [HTTP/2] [1] [:scheme: https]
* [HTTP/2] [1] [:authority: registry.k8s.io]
* [HTTP/2] [1] [:path: /v2/]
* [HTTP/2] [1] [user-agent: curl/8.5.0]
* [HTTP/2] [1] [accept: */*]
> GET /v2/ HTTP/2
> Host: registry.k8s.io
> User-Agent: curl/8.5.0
> Accept: */*
>
* TLSv1.3 (IN), TLS handshake, Newsession Ticket (4):
* TLSv1.3 (IN), TLS handshake, Newsession Ticket (4):
* old SSL session ID is stale, removing
< HTTP/2 200
< docker-distribution-api-version: registry/2.0
< x-cloud-trace-context: dfa9977681aff9947e8dde0cdd77f1f0
< date: Sat, 06 Jun 2026 14:08:47 GMT
< content-type: text/html
< server: Google Frontend
< content-length: 0
< via: 1.1 google
< alt-svc: h3=":443"; ma=2592000
<
* Connection #0 to host 172.16.2.1 left intact
ubuntu@host12-1:~$

However still just now receiving the following:

(venv) nh1221@Lab-ControlNode:/mnt/c/Users/nh1221/data-center/_v3$ ansible-playbook -i inventory/hosts.yml playbooks/reused/deploy_kubespray.yml -v
Using /mnt/c/Users/nh1221/data-center/_v3/ansible.cfg as config file

PLAY [Phase 1: Prepare Deployer Machine for KubeSpray] **********************************************************************************************************************************************************

TASK [Gathering Facts] ******************************************************************************************************************************************************************************************
ok: [localhost]

TASK [Check if preflight cache already has KubeSpray] ***********************************************************************************************************************************************************
ok: [localhost] =>
    changed: false
    stat:
        atime: 1780702676.2516725
        attr_flags: e
        attributes:
        - extents
        block_size: 4096
        blocks: 8
        charset: us-ascii
        checksum: 839788fd9abeb621a45d90f4402e50452d2c5fae
        ctime: 1780348752.9773448
        dev: 2096
        device_type: 0
        executable: false
        exists: true
        gid: 0
        gr_name: root
        inode: 215624
        isblk: false
        ischr: false
        isdir: false
        isfifo: false
        isgid: false
        islnk: false
        isreg: true
        issock: false
        isuid: false
        mimetype: text/plain
        mode: '0644'
        mtime: 1780348752.9773448
        nlink: 1
        path: /opt/fabric-cache/kubespray/src/cluster.yml
        pw_name: root
        readable: true
        rgrp: true
        roth: true
        rusr: true
        size: 88
        uid: 0
        version: '1215577206'
        wgrp: false
        woth: false
        writeable: true
        wusr: true
        xgrp: false
        xoth: false
        xusr: false

TASK [Display automation profile] *******************************************************************************************************************************************************************************
ok: [localhost] =>
    msg: |-
        Automation Profile: ubuntu_r810_kvm
        KubeSpray dir: /opt/fabric-cache/kubespray/src (already cached)
        Controllers: Host12_1, Host34_1, HostB12_1
        Workers: Host12_2, Host12_3, Host34_2
        All kube_nodes: Host12_1, Host34_1, HostB12_1, Host12_2, Host12_3, Host34_2

TASK [Install system packages for KubeSpray] ********************************************************************************************************************************************************************
ok: [localhost] =>
    cache_update_time: 1780713988
    cache_updated: false
    changed: false

TASK [Clone KubeSpray repository (skipped if preflight cache available)] ****************************************************************************************************************************************
skipping: [localhost] =>
    changed: false
    false_condition: not _cache_stat.stat.exists
    skip_reason: Conditional result was False

TASK [Create Python virtual environment] ************************************************************************************************************************************************************************
ok: [localhost] =>
    changed: false
    cmd:
    - python3
    - -m
    - venv
    - /opt/fabric-cache/kubespray/venv
    delta: null
    end: null
    msg: Did not run command since '/opt/fabric-cache/kubespray/venv/bin/activate' exists
    rc: 0
    start: null
    stderr: ''
    stderr_lines: <omitted>
    stdout: skipped, since /opt/fabric-cache/kubespray/venv/bin/activate exists
    stdout_lines: <omitted>

TASK [Install KubeSpray requirements in venv] *******************************************************************************************************************************************************************
ok: [localhost] =>
    changed: false
    cmd:
    - /opt/fabric-cache/kubespray/venv/bin/pip3
    - install
    - -r
    - /opt/fabric-cache/kubespray/src/requirements.txt
    name: null
    requirements: /opt/fabric-cache/kubespray/src/requirements.txt
    state: present
    stderr: ''
    stderr_lines: <omitted>
    stdout: |-
        Requirement already satisfied: ansible==9.5.1 in /opt/fabric-cache/kubespray/venv/lib/python3.12/site-packages (from -r /opt/fabric-cache/kubespray/src/requirements.txt (line 1)) (9.5.1)
        Requirement already satisfied: cryptography==42.0.7 in /opt/fabric-cache/kubespray/venv/lib/python3.12/site-packages (from -r /opt/fabric-cache/kubespray/src/requirements.txt (line 2)) (42.0.7)
        Requirement already satisfied: jinja2==3.1.4 in /opt/fabric-cache/kubespray/venv/lib/python3.12/site-packages (from -r /opt/fabric-cache/kubespray/src/requirements.txt (line 3)) (3.1.4)
        Requirement already satisfied: jmespath==1.0.1 in /opt/fabric-cache/kubespray/venv/lib/python3.12/site-packages (from -r /opt/fabric-cache/kubespray/src/requirements.txt (line 4)) (1.0.1)
        Requirement already satisfied: MarkupSafe==2.1.5 in /opt/fabric-cache/kubespray/venv/lib/python3.12/site-packages (from -r /opt/fabric-cache/kubespray/src/requirements.txt (line 5)) (2.1.5)
        Requirement already satisfied: netaddr==1.2.1 in /opt/fabric-cache/kubespray/venv/lib/python3.12/site-packages (from -r /opt/fabric-cache/kubespray/src/requirements.txt (line 6)) (1.2.1)
        Requirement already satisfied: pbr==6.0.0 in /opt/fabric-cache/kubespray/venv/lib/python3.12/site-packages (from -r /opt/fabric-cache/kubespray/src/requirements.txt (line 7)) (6.0.0)
        Requirement already satisfied: ruamel.yaml==0.18.6 in /opt/fabric-cache/kubespray/venv/lib/python3.12/site-packages (from -r /opt/fabric-cache/kubespray/src/requirements.txt (line 8)) (0.18.6)
        Requirement already satisfied: ruamel.yaml.clib==0.2.8 in /opt/fabric-cache/kubespray/venv/lib/python3.12/site-packages (from -r /opt/fabric-cache/kubespray/src/requirements.txt (line 9)) (0.2.8)
        Requirement already satisfied: jsonschema==4.22.0 in /opt/fabric-cache/kubespray/venv/lib/python3.12/site-packages (from -r /opt/fabric-cache/kubespray/src/requirements.txt (line 10)) (4.22.0)
        Requirement already satisfied: ansible-core~=2.16.6 in /opt/fabric-cache/kubespray/venv/lib/python3.12/site-packages (from ansible==9.5.1->-r /opt/fabric-cache/kubespray/src/requirements.txt (line 1)) (2.16.18)
        Requirement already satisfied: cffi>=1.12 in /opt/fabric-cache/kubespray/venv/lib/python3.12/site-packages (from cryptography==42.0.7->-r /opt/fabric-cache/kubespray/src/requirements.txt (line 2)) (2.0.0)
        Requirement already satisfied: attrs>=22.2.0 in /opt/fabric-cache/kubespray/venv/lib/python3.12/site-packages (from jsonschema==4.22.0->-r /opt/fabric-cache/kubespray/src/requirements.txt (line 10)) (26.1.0)
        Requirement already satisfied: jsonschema-specifications>=2023.03.6 in /opt/fabric-cache/kubespray/venv/lib/python3.12/site-packages (from jsonschema==4.22.0->-r /opt/fabric-cache/kubespray/src/requirements.txt (line 10)) (2025.9.1)
        Requirement already satisfied: referencing>=0.28.4 in /opt/fabric-cache/kubespray/venv/lib/python3.12/site-packages (from jsonschema==4.22.0->-r /opt/fabric-cache/kubespray/src/requirements.txt (line 10)) (0.37.0)
        Requirement already satisfied: rpds-py>=0.7.1 in /opt/fabric-cache/kubespray/venv/lib/python3.12/site-packages (from jsonschema==4.22.0->-r /opt/fabric-cache/kubespray/src/requirements.txt (line 10)) (2026.5.1)
        Requirement already satisfied: PyYAML>=5.1 in /opt/fabric-cache/kubespray/venv/lib/python3.12/site-packages (from ansible-core~=2.16.6->ansible==9.5.1->-r /opt/fabric-cache/kubespray/src/requirements.txt (line 1)) (6.0.3)
        Requirement already satisfied: packaging in /opt/fabric-cache/kubespray/venv/lib/python3.12/site-packages (from ansible-core~=2.16.6->ansible==9.5.1->-r /opt/fabric-cache/kubespray/src/requirements.txt (line 1)) (26.2)
        Requirement already satisfied: resolvelib<1.1.0,>=0.5.3 in /opt/fabric-cache/kubespray/venv/lib/python3.12/site-packages (from ansible-core~=2.16.6->ansible==9.5.1->-r /opt/fabric-cache/kubespray/src/requirements.txt (line 1)) (1.0.1)
        Requirement already satisfied: pycparser in /opt/fabric-cache/kubespray/venv/lib/python3.12/site-packages (from cffi>=1.12->cryptography==42.0.7->-r /opt/fabric-cache/kubespray/src/requirements.txt (line 2)) (3.0)
        Requirement already satisfied: typing-extensions>=4.4.0 in /opt/fabric-cache/kubespray/venv/lib/python3.12/site-packages (from referencing>=0.28.4->jsonschema==4.22.0->-r /opt/fabric-cache/kubespray/src/requirements.txt (line 10)) (4.15.0)
    stdout_lines: <omitted>
    version: null
    virtualenv: /opt/fabric-cache/kubespray/venv

TASK [Ensure KubeSpray download cache directory exists] *********************************************************************************************************************************************************
ok: [localhost] =>
    changed: false
    gid: 0
    group: root
    mode: '0755'
    owner: root
    path: /opt/fabric-cache/kubespray/download-cache
    size: 4096
    state: directory
    uid: 0

TASK [Verify tinyproxy is reachable on R810 hypervisor (air-gapped proxy)] **************************************************************************************************************************************
ok: [localhost] =>
    body: |-
        <?xml version="1.0" encoding="UTF-8" ?>
        <!DOCTYPE html PUBLIC "-//W3C//DTD XHTML 1.1//EN" "http://www.w3.org/TR/xhtml11/DTD/xhtml11.dtd">

        <html xmlns="http://www.w3.org/1999/xhtml" xml:lang="en">

        <head>
        <title>403 Access denied</title>
        <meta http-equiv="Content-Type" content="text/html; charset=UTF-8" />
        </head>

        <body>

        <h1>Access denied</h1>

        <p>The administrator of this proxy has not configured it to service requests from your host.</p>

        <hr />

        <p><em>Generated by <a href="https://tinyproxy.github.io/">tinyproxy</a>.</em></p>

        </body>

        </html>
    changed: false
    connection: close
    content_type: text/html
    elapsed: 0
    failed_when_result: false
    msg: 'HTTP Error 403: Access denied'
    redirected: false
    server: tinyproxy
    status: 403
    url: http://R810:8888

TASK [Warn if tinyproxy not reachable on R810] ******************************************************************************************************************************************************************
skipping: [localhost] =>
    false_condition: _proxy_check is failed or (_proxy_check.status | default(-1)) ==
        -1

TASK [Install Helm binary on deployer] **************************************************************************************************************************************************************************
ok: [localhost] =>
    changed: false
    cmd: |-
        if ! command -v helm &>/dev/null; then
          curl -fsSL https://raw.githubusercontent.com/helm/helm/main/scripts/get-helm-3 | bash
        fi
        helm version --short
    delta: '0:00:00.480945'
    end: '2026-06-06 08:51:43.762782'
    msg: ''
    rc: 0
    start: '2026-06-06 08:51:43.281837'
    stderr: ''
    stderr_lines: <omitted>
    stdout: |-
        /usr/local/bin/helm
        Helm v3.21.0 is already latest
        v3.21.0+ge0878d4
    stdout_lines: <omitted>

TASK [Display KubeSpray readiness] ******************************************************************************************************************************************************************************
ok: [localhost] =>
    msg: |-
        KubeSpray v2.24.1 ready at: /opt/fabric-cache/kubespray/src
        Virtual env: /opt/fabric-cache/kubespray/venv
        Helm: /usr/local/bin/helm
        Helm v3.21.0 is already latest
        v3.21.0+ge0878d4
        Profile: ubuntu_r810_kvm
        Source: preflight cache

PLAY [Phase 2: Generate KubeSpray Inventory (multi-node, profile-aware)] ****************************************************************************************************************************************

TASK [Validate kube_nodes group is populated] *******************************************************************************************************************************************************************
ok: [localhost] =>
    changed: false
    msg: All assertions passed

TASK [Create KubeSpray inventory directory] *********************************************************************************************************************************************************************
ok: [localhost] =>
    changed: false
    gid: 0
    group: root
    mode: '0755'
    owner: root
    path: /opt/fabric-cache/kubespray/src/inventory/dc-lab/group_vars/all
    size: 4096
    state: directory
    uid: 0

TASK [Create KubeSpray inventory directory (k8s-cluster)] *******************************************************************************************************************************************************
ok: [localhost] =>
    changed: false
    gid: 0
    group: root
    mode: '0755'
    owner: root
    path: /opt/fabric-cache/kubespray/src/inventory/dc-lab/group_vars/k8s_cluster
    size: 4096
    state: directory
    uid: 0

TASK [Generate KubeSpray hosts.yml] *****************************************************************************************************************************************************************************
ok: [localhost] =>
    changed: false
    checksum: ec13de1bebc11fa15b63382aca6bb63e5929d046
    dest: /opt/fabric-cache/kubespray/src/inventory/dc-lab/hosts.yml
    gid: 0
    group: root
    mode: '0644'
    owner: root
    path: /opt/fabric-cache/kubespray/src/inventory/dc-lab/hosts.yml
    size: 1734
    state: file
    uid: 0

TASK [Generate KubeSpray all.yml vars] **************************************************************************************************************************************************************************
changed: [localhost] =>
    changed: true
    checksum: 4c35870794841bffe3872530a5a6d4fe164d2d86
    dest: /opt/fabric-cache/kubespray/src/inventory/dc-lab/group_vars/all/all.yml
    gid: 0
    group: root
    md5sum: 79b3611295dc3ae55b01c428a5c1190b
    mode: '0644'
    owner: root
    size: 2448
    src: /home/nh1221/.ansible/tmp/ansible-tmp-1780753907.301742-480342-191880843335141/.source.yml
    state: file
    uid: 0

TASK [Generate KubeSpray k8s-cluster.yml vars] ******************************************************************************************************************************************************************
ok: [localhost] =>
    changed: false
    checksum: 17dae6501499b01aed972ca7749614e675243583
    dest: /opt/fabric-cache/kubespray/src/inventory/dc-lab/group_vars/k8s_cluster/k8s-cluster.yml
    gid: 0
    group: root
    mode: '0644'
    owner: root
    path: /opt/fabric-cache/kubespray/src/inventory/dc-lab/group_vars/k8s_cluster/k8s-cluster.yml
    size: 1759
    state: file
    uid: 0

TASK [Generate KubeSpray addons.yml] ****************************************************************************************************************************************************************************
ok: [localhost] =>
    changed: false
    checksum: 3784ee4db54f6a123647a3b6f79c7883dc57782a
    dest: /opt/fabric-cache/kubespray/src/inventory/dc-lab/group_vars/k8s_cluster/addons.yml
    gid: 0
    group: root
    mode: '0644'
    owner: root
    path: /opt/fabric-cache/kubespray/src/inventory/dc-lab/group_vars/k8s_cluster/addons.yml
    size: 1032
    state: file
    uid: 0

TASK [Display generated inventory summary] **********************************************************************************************************************************************************************
ok: [localhost] =>
    msg: |-
        KubeSpray inventory generated at: /opt/fabric-cache/kubespray/src/inventory/dc-lab
        Profile: ubuntu_r810_kvm
        Controllers (kube_control_plane + etcd): Host12_1, Host34_1, HostB12_1
        Workers (kube_node): Host12_2, Host12_3, Host34_2

PLAY [Phase 3: Prepare All Kubernetes Nodes] ********************************************************************************************************************************************************************

TASK [Gathering Facts] ******************************************************************************************************************************************************************************************
ok: [Host12_1]
ok: [Host34_1]
ok: [HostB12_1]
ok: [Host12_2]
ok: [Host12_3]
ok: [Host34_2]

TASK [Disable swap (required by kubelet)] ***********************************************************************************************************************************************************************
changed: [Host12_1] =>
    changed: true
    cmd: |-
        swapoff -a
        sed -i '/\sswap\s/d' /etc/fstab
    delta: '0:00:00.013452'
    end: '2026-06-06 13:52:03.220958'
    msg: ''
    rc: 0
    start: '2026-06-06 13:52:03.207506'
    stderr: ''
    stderr_lines: <omitted>
    stdout: ''
    stdout_lines: <omitted>
changed: [Host34_1] =>
    changed: true
    cmd: |-
        swapoff -a
        sed -i '/\sswap\s/d' /etc/fstab
    delta: '0:00:00.015556'
    end: '2026-06-06 13:52:03.325652'
    msg: ''
    rc: 0
    start: '2026-06-06 13:52:03.310096'
    stderr: ''
    stderr_lines: <omitted>
    stdout: ''
    stdout_lines: <omitted>
changed: [HostB12_1] =>
    changed: true
    cmd: |-
        swapoff -a
        sed -i '/\sswap\s/d' /etc/fstab
    delta: '0:00:00.013383'
    end: '2026-06-06 13:52:03.692862'
    msg: ''
    rc: 0
    start: '2026-06-06 13:52:03.679479'
    stderr: ''
    stderr_lines: <omitted>
    stdout: ''
    stdout_lines: <omitted>
changed: [Host12_2] =>
    changed: true
    cmd: |-
        swapoff -a
        sed -i '/\sswap\s/d' /etc/fstab
    delta: '0:00:00.014259'
    end: '2026-06-06 13:52:03.644376'
    msg: ''
    rc: 0
    start: '2026-06-06 13:52:03.630117'
    stderr: ''
    stderr_lines: <omitted>
    stdout: ''
    stdout_lines: <omitted>
changed: [Host12_3] =>
    changed: true
    cmd: |-
        swapoff -a
        sed -i '/\sswap\s/d' /etc/fstab
    delta: '0:00:00.017138'
    end: '2026-06-06 13:52:03.931452'
    msg: ''
    rc: 0
    start: '2026-06-06 13:52:03.914314'
    stderr: ''
    stderr_lines: <omitted>
    stdout: ''
    stdout_lines: <omitted>
changed: [Host34_2] =>
    changed: true
    cmd: |-
        swapoff -a
        sed -i '/\sswap\s/d' /etc/fstab
    delta: '0:00:00.013108'
    end: '2026-06-06 13:52:05.448918'
    msg: ''
    rc: 0
    start: '2026-06-06 13:52:05.435810'
    stderr: ''
    stderr_lines: <omitted>
    stdout: ''
    stdout_lines: <omitted>

TASK [Stop and disable unattended-upgrades and apt-daily (prevents apt lock)] ***********************************************************************************************************************************
changed: [Host12_1] =>
    changed: true
    cmd: |-
        systemctl stop unattended-upgrades.service 2>/dev/null || true
        systemctl disable unattended-upgrades.service 2>/dev/null || true
        systemctl stop apt-daily.timer apt-daily-upgrade.timer 2>/dev/null || true
        systemctl disable apt-daily.timer apt-daily-upgrade.timer 2>/dev/null || true
        systemctl stop apt-daily.service apt-daily-upgrade.service 2>/dev/null || true
        systemctl kill --signal=SIGTERM apt-daily.service 2>/dev/null || true
        # Wait for any running apt/dpkg process to finish (max 60s)
        for i in $(seq 1 60); do
          if fuser /var/lib/apt/lists/lock /var/lib/dpkg/lock-frontend /var/lib/dpkg/lock 2>/dev/null; then
            sleep 1
          else
            break
          fi
        done
        # Remove stale lock files only if no process holds them
        if ! fuser /var/lib/apt/lists/lock 2>/dev/null; then
          rm -f /var/lib/apt/lists/lock
        fi
        if ! fuser /var/lib/dpkg/lock-frontend 2>/dev/null; then
          rm -f /var/lib/dpkg/lock-frontend
        fi
        if ! fuser /var/lib/dpkg/lock 2>/dev/null; then
          rm -f /var/lib/dpkg/lock
        fi
    delta: '0:00:02.644286'
    end: '2026-06-06 13:52:10.360742'
    msg: ''
    rc: 0
    start: '2026-06-06 13:52:07.716456'
    stderr: ''
    stderr_lines: <omitted>
    stdout: ''
    stdout_lines: <omitted>
changed: [Host34_1] =>
    changed: true
    cmd: |-
        systemctl stop unattended-upgrades.service 2>/dev/null || true
        systemctl disable unattended-upgrades.service 2>/dev/null || true
        systemctl stop apt-daily.timer apt-daily-upgrade.timer 2>/dev/null || true
        systemctl disable apt-daily.timer apt-daily-upgrade.timer 2>/dev/null || true
        systemctl stop apt-daily.service apt-daily-upgrade.service 2>/dev/null || true
        systemctl kill --signal=SIGTERM apt-daily.service 2>/dev/null || true
        # Wait for any running apt/dpkg process to finish (max 60s)
        for i in $(seq 1 60); do
          if fuser /var/lib/apt/lists/lock /var/lib/dpkg/lock-frontend /var/lib/dpkg/lock 2>/dev/null; then
            sleep 1
          else
            break
          fi
        done
        # Remove stale lock files only if no process holds them
        if ! fuser /var/lib/apt/lists/lock 2>/dev/null; then
          rm -f /var/lib/apt/lists/lock
        fi
        if ! fuser /var/lib/dpkg/lock-frontend 2>/dev/null; then
          rm -f /var/lib/dpkg/lock-frontend
        fi
        if ! fuser /var/lib/dpkg/lock 2>/dev/null; then
          rm -f /var/lib/dpkg/lock
        fi
    delta: '0:00:02.645019'
    end: '2026-06-06 13:52:10.570382'
    msg: ''
    rc: 0
    start: '2026-06-06 13:52:07.925363'
    stderr: ''
    stderr_lines: <omitted>
    stdout: ''
    stdout_lines: <omitted>
changed: [Host12_2] =>
    changed: true
    cmd: |-
        systemctl stop unattended-upgrades.service 2>/dev/null || true
        systemctl disable unattended-upgrades.service 2>/dev/null || true
        systemctl stop apt-daily.timer apt-daily-upgrade.timer 2>/dev/null || true
        systemctl disable apt-daily.timer apt-daily-upgrade.timer 2>/dev/null || true
        systemctl stop apt-daily.service apt-daily-upgrade.service 2>/dev/null || true
        systemctl kill --signal=SIGTERM apt-daily.service 2>/dev/null || true
        # Wait for any running apt/dpkg process to finish (max 60s)
        for i in $(seq 1 60); do
          if fuser /var/lib/apt/lists/lock /var/lib/dpkg/lock-frontend /var/lib/dpkg/lock 2>/dev/null; then
            sleep 1
          else
            break
          fi
        done
        # Remove stale lock files only if no process holds them
        if ! fuser /var/lib/apt/lists/lock 2>/dev/null; then
          rm -f /var/lib/apt/lists/lock
        fi
        if ! fuser /var/lib/dpkg/lock-frontend 2>/dev/null; then
          rm -f /var/lib/dpkg/lock-frontend
        fi
        if ! fuser /var/lib/dpkg/lock 2>/dev/null; then
          rm -f /var/lib/dpkg/lock
        fi
    delta: '0:00:02.533987'
    end: '2026-06-06 13:52:10.671812'
    msg: ''
    rc: 0
    start: '2026-06-06 13:52:08.137825'
    stderr: ''
    stderr_lines: <omitted>
    stdout: ''
    stdout_lines: <omitted>
changed: [Host12_3] =>
    changed: true
    cmd: |-
        systemctl stop unattended-upgrades.service 2>/dev/null || true
        systemctl disable unattended-upgrades.service 2>/dev/null || true
        systemctl stop apt-daily.timer apt-daily-upgrade.timer 2>/dev/null || true
        systemctl disable apt-daily.timer apt-daily-upgrade.timer 2>/dev/null || true
        systemctl stop apt-daily.service apt-daily-upgrade.service 2>/dev/null || true
        systemctl kill --signal=SIGTERM apt-daily.service 2>/dev/null || true
        # Wait for any running apt/dpkg process to finish (max 60s)
        for i in $(seq 1 60); do
          if fuser /var/lib/apt/lists/lock /var/lib/dpkg/lock-frontend /var/lib/dpkg/lock 2>/dev/null; then
            sleep 1
          else
            break
          fi
        done
        # Remove stale lock files only if no process holds them
        if ! fuser /var/lib/apt/lists/lock 2>/dev/null; then
          rm -f /var/lib/apt/lists/lock
        fi
        if ! fuser /var/lib/dpkg/lock-frontend 2>/dev/null; then
          rm -f /var/lib/dpkg/lock-frontend
        fi
        if ! fuser /var/lib/dpkg/lock 2>/dev/null; then
          rm -f /var/lib/dpkg/lock
        fi
    delta: '0:00:02.663957'
    end: '2026-06-06 13:52:10.858240'
    msg: ''
    rc: 0
    start: '2026-06-06 13:52:08.194283'
    stderr: ''
    stderr_lines: <omitted>
    stdout: ''
    stdout_lines: <omitted>
changed: [HostB12_1] =>
    changed: true
    cmd: |-
        systemctl stop unattended-upgrades.service 2>/dev/null || true
        systemctl disable unattended-upgrades.service 2>/dev/null || true
        systemctl stop apt-daily.timer apt-daily-upgrade.timer 2>/dev/null || true
        systemctl disable apt-daily.timer apt-daily-upgrade.timer 2>/dev/null || true
        systemctl stop apt-daily.service apt-daily-upgrade.service 2>/dev/null || true
        systemctl kill --signal=SIGTERM apt-daily.service 2>/dev/null || true
        # Wait for any running apt/dpkg process to finish (max 60s)
        for i in $(seq 1 60); do
          if fuser /var/lib/apt/lists/lock /var/lib/dpkg/lock-frontend /var/lib/dpkg/lock 2>/dev/null; then
            sleep 1
          else
            break
          fi
        done
        # Remove stale lock files only if no process holds them
        if ! fuser /var/lib/apt/lists/lock 2>/dev/null; then
          rm -f /var/lib/apt/lists/lock
        fi
        if ! fuser /var/lib/dpkg/lock-frontend 2>/dev/null; then
          rm -f /var/lib/dpkg/lock-frontend
        fi
        if ! fuser /var/lib/dpkg/lock 2>/dev/null; then
          rm -f /var/lib/dpkg/lock
        fi
    delta: '0:00:03.251970'
    end: '2026-06-06 13:52:11.268259'
    msg: ''
    rc: 0
    start: '2026-06-06 13:52:08.016289'
    stderr: ''
    stderr_lines: <omitted>
    stdout: ''
    stdout_lines: <omitted>
changed: [Host34_2] =>
    changed: true
    cmd: |-
        systemctl stop unattended-upgrades.service 2>/dev/null || true
        systemctl disable unattended-upgrades.service 2>/dev/null || true
        systemctl stop apt-daily.timer apt-daily-upgrade.timer 2>/dev/null || true
        systemctl disable apt-daily.timer apt-daily-upgrade.timer 2>/dev/null || true
        systemctl stop apt-daily.service apt-daily-upgrade.service 2>/dev/null || true
        systemctl kill --signal=SIGTERM apt-daily.service 2>/dev/null || true
        # Wait for any running apt/dpkg process to finish (max 60s)
        for i in $(seq 1 60); do
          if fuser /var/lib/apt/lists/lock /var/lib/dpkg/lock-frontend /var/lib/dpkg/lock 2>/dev/null; then
            sleep 1
          else
            break
          fi
        done
        # Remove stale lock files only if no process holds them
        if ! fuser /var/lib/apt/lists/lock 2>/dev/null; then
          rm -f /var/lib/apt/lists/lock
        fi
        if ! fuser /var/lib/dpkg/lock-frontend 2>/dev/null; then
          rm -f /var/lib/dpkg/lock-frontend
        fi
        if ! fuser /var/lib/dpkg/lock 2>/dev/null; then
          rm -f /var/lib/dpkg/lock
        fi
    delta: '0:01:05.266935'
    end: '2026-06-06 13:53:18.053721'
    msg: ''
    rc: 0
    start: '2026-06-06 13:52:12.786786'
    stderr: ''
    stderr_lines: <omitted>
    stdout: ' 112273 112273 112273 112273 112273 112273 112273 112273 112273 112273 112273
        112273 112273 112273 112273 112273 112273 112273 112273 112273 112273 112273 112273
        112273 112273 112273 112273 112273 112273 112273 112273 112273 112273 112273 112273
        112273 112273 112273 112273 112273 112273 112273 112273 112273 112273 112273 112273
        112273 112273 112273 112273 112273 112273 112273 112273 112273 112273 112273 112273
        112273 112273'
    stdout_lines: <omitted>

TASK [Load required kernel modules] *****************************************************************************************************************************************************************************
ok: [Host12_1] => (item=br_netfilter) =>
    ansible_loop_var: item
    changed: false
    item: br_netfilter
    name: br_netfilter
    params: ''
    state: present
ok: [Host12_3] => (item=br_netfilter) =>
    ansible_loop_var: item
    changed: false
    item: br_netfilter
    name: br_netfilter
    params: ''
    state: present
ok: [Host34_1] => (item=br_netfilter) =>
    ansible_loop_var: item
    changed: false
    item: br_netfilter
    name: br_netfilter
    params: ''
    state: present
ok: [HostB12_1] => (item=br_netfilter) =>
    ansible_loop_var: item
    changed: false
    item: br_netfilter
    name: br_netfilter
    params: ''
    state: present
ok: [Host12_2] => (item=br_netfilter) =>
    ansible_loop_var: item
    changed: false
    item: br_netfilter
    name: br_netfilter
    params: ''
    state: present
ok: [Host12_1] => (item=overlay) =>
    ansible_loop_var: item
    changed: false
    item: overlay
    name: overlay
    params: ''
    state: present
ok: [Host34_1] => (item=overlay) =>
    ansible_loop_var: item
    changed: false
    item: overlay
    name: overlay
    params: ''
    state: present
ok: [Host12_3] => (item=overlay) =>
    ansible_loop_var: item
    changed: false
    item: overlay
    name: overlay
    params: ''
    state: present
ok: [Host12_2] => (item=overlay) =>
    ansible_loop_var: item
    changed: false
    item: overlay
    name: overlay
    params: ''
    state: present
ok: [HostB12_1] => (item=overlay) =>
    ansible_loop_var: item
    changed: false
    item: overlay
    name: overlay
    params: ''
    state: present
ok: [Host12_1] => (item=ip_vs) =>
    ansible_loop_var: item
    changed: false
    item: ip_vs
    name: ip_vs
    params: ''
    state: present
ok: [Host34_1] => (item=ip_vs) =>
    ansible_loop_var: item
    changed: false
    item: ip_vs
    name: ip_vs
    params: ''
    state: present
ok: [Host12_3] => (item=ip_vs) =>
    ansible_loop_var: item
    changed: false
    item: ip_vs
    name: ip_vs
    params: ''
    state: present
ok: [Host12_2] => (item=ip_vs) =>
    ansible_loop_var: item
    changed: false
    item: ip_vs
    name: ip_vs
    params: ''
    state: present
ok: [HostB12_1] => (item=ip_vs) =>
    ansible_loop_var: item
    changed: false
    item: ip_vs
    name: ip_vs
    params: ''
    state: present
ok: [Host12_1] => (item=ip_vs_rr) =>
    ansible_loop_var: item
    changed: false
    item: ip_vs_rr
    name: ip_vs_rr
    params: ''
    state: present
ok: [Host34_1] => (item=ip_vs_rr) =>
    ansible_loop_var: item
    changed: false
    item: ip_vs_rr
    name: ip_vs_rr
    params: ''
    state: present
ok: [Host12_3] => (item=ip_vs_rr) =>
    ansible_loop_var: item
    changed: false
    item: ip_vs_rr
    name: ip_vs_rr
    params: ''
    state: present
ok: [Host12_2] => (item=ip_vs_rr) =>
    ansible_loop_var: item
    changed: false
    item: ip_vs_rr
    name: ip_vs_rr
    params: ''
    state: present
ok: [HostB12_1] => (item=ip_vs_rr) =>
    ansible_loop_var: item
    changed: false
    item: ip_vs_rr
    name: ip_vs_rr
    params: ''
    state: present
ok: [Host12_1] => (item=ip_vs_wrr) =>
    ansible_loop_var: item
    changed: false
    item: ip_vs_wrr
    name: ip_vs_wrr
    params: ''
    state: present
ok: [Host34_1] => (item=ip_vs_wrr) =>
    ansible_loop_var: item
    changed: false
    item: ip_vs_wrr
    name: ip_vs_wrr
    params: ''
    state: present
ok: [Host12_3] => (item=ip_vs_wrr) =>
    ansible_loop_var: item
    changed: false
    item: ip_vs_wrr
    name: ip_vs_wrr
    params: ''
    state: present
ok: [Host12_2] => (item=ip_vs_wrr) =>
    ansible_loop_var: item
    changed: false
    item: ip_vs_wrr
    name: ip_vs_wrr
    params: ''
    state: present
ok: [HostB12_1] => (item=ip_vs_wrr) =>
    ansible_loop_var: item
    changed: false
    item: ip_vs_wrr
    name: ip_vs_wrr
    params: ''
    state: present
ok: [Host12_1] => (item=ip_vs_sh) =>
    ansible_loop_var: item
    changed: false
    item: ip_vs_sh
    name: ip_vs_sh
    params: ''
    state: present
ok: [Host34_1] => (item=ip_vs_sh) =>
    ansible_loop_var: item
    changed: false
    item: ip_vs_sh
    name: ip_vs_sh
    params: ''
    state: present
ok: [Host12_2] => (item=ip_vs_sh) =>
    ansible_loop_var: item
    changed: false
    item: ip_vs_sh
    name: ip_vs_sh
    params: ''
    state: present
ok: [Host12_3] => (item=ip_vs_sh) =>
    ansible_loop_var: item
    changed: false
    item: ip_vs_sh
    name: ip_vs_sh
    params: ''
    state: present
ok: [HostB12_1] => (item=ip_vs_sh) =>
    ansible_loop_var: item
    changed: false
    item: ip_vs_sh
    name: ip_vs_sh
    params: ''
    state: present
ok: [Host34_2] => (item=br_netfilter) =>
    ansible_loop_var: item
    changed: false
    item: br_netfilter
    name: br_netfilter
    params: ''
    state: present
ok: [Host34_2] => (item=overlay) =>
    ansible_loop_var: item
    changed: false
    item: overlay
    name: overlay
    params: ''
    state: present
ok: [Host34_2] => (item=ip_vs) =>
    ansible_loop_var: item
    changed: false
    item: ip_vs
    name: ip_vs
    params: ''
    state: present
ok: [Host34_2] => (item=ip_vs_rr) =>
    ansible_loop_var: item
    changed: false
    item: ip_vs_rr
    name: ip_vs_rr
    params: ''
    state: present
ok: [Host34_2] => (item=ip_vs_wrr) =>
    ansible_loop_var: item
    changed: false
    item: ip_vs_wrr
    name: ip_vs_wrr
    params: ''
    state: present
ok: [Host34_2] => (item=ip_vs_sh) =>
    ansible_loop_var: item
    changed: false
    item: ip_vs_sh
    name: ip_vs_sh
    params: ''
    state: present

TASK [Persist kernel modules] ***********************************************************************************************************************************************************************************
ok: [HostB12_1] =>
    changed: false
    checksum: 8b5cfdb1c25aa2f17b8c7fdc34af47a30030e535
    dest: /etc/modules-load.d/k8s.conf
    gid: 0
    group: root
    mode: '0644'
    owner: root
    path: /etc/modules-load.d/k8s.conf
    size: 55
    state: file
    uid: 0
ok: [Host12_1] =>
    changed: false
    checksum: 8b5cfdb1c25aa2f17b8c7fdc34af47a30030e535
    dest: /etc/modules-load.d/k8s.conf
    gid: 0
    group: root
    mode: '0644'
    owner: root
    path: /etc/modules-load.d/k8s.conf
    size: 55
    state: file
    uid: 0
ok: [Host12_2] =>
    changed: false
    checksum: 8b5cfdb1c25aa2f17b8c7fdc34af47a30030e535
    dest: /etc/modules-load.d/k8s.conf
    gid: 0
    group: root
    mode: '0644'
    owner: root
    path: /etc/modules-load.d/k8s.conf
    size: 55
    state: file
    uid: 0
ok: [Host12_3] =>
    changed: false
    checksum: 8b5cfdb1c25aa2f17b8c7fdc34af47a30030e535
    dest: /etc/modules-load.d/k8s.conf
    gid: 0
    group: root
    mode: '0644'
    owner: root
    path: /etc/modules-load.d/k8s.conf
    size: 55
    state: file
    uid: 0
ok: [Host34_1] =>
    changed: false
    checksum: 8b5cfdb1c25aa2f17b8c7fdc34af47a30030e535
    dest: /etc/modules-load.d/k8s.conf
    gid: 0
    group: root
    mode: '0644'
    owner: root
    path: /etc/modules-load.d/k8s.conf
    size: 55
    state: file
    uid: 0
ok: [Host34_2] =>
    changed: false
    checksum: 8b5cfdb1c25aa2f17b8c7fdc34af47a30030e535
    dest: /etc/modules-load.d/k8s.conf
    gid: 0
    group: root
    mode: '0644'
    owner: root
    path: /etc/modules-load.d/k8s.conf
    size: 55
    state: file
    uid: 0

TASK [Set sysctl parameters for Kubernetes] *********************************************************************************************************************************************************************
ok: [Host12_3] => (item={'key': 'net.bridge.bridge-nf-call-iptables', 'value': '1'}) =>
    ansible_loop_var: item
    changed: false
    item:
        key: net.bridge.bridge-nf-call-iptables
        value: '1'
ok: [HostB12_1] => (item={'key': 'net.bridge.bridge-nf-call-iptables', 'value': '1'}) =>
    ansible_loop_var: item
    changed: false
    item:
        key: net.bridge.bridge-nf-call-iptables
        value: '1'
ok: [Host12_1] => (item={'key': 'net.bridge.bridge-nf-call-iptables', 'value': '1'}) =>
    ansible_loop_var: item
    changed: false
    item:
        key: net.bridge.bridge-nf-call-iptables
        value: '1'
ok: [Host34_1] => (item={'key': 'net.bridge.bridge-nf-call-iptables', 'value': '1'}) =>
    ansible_loop_var: item
    changed: false
    item:
        key: net.bridge.bridge-nf-call-iptables
        value: '1'
ok: [Host12_2] => (item={'key': 'net.bridge.bridge-nf-call-iptables', 'value': '1'}) =>
    ansible_loop_var: item
    changed: false
    item:
        key: net.bridge.bridge-nf-call-iptables
        value: '1'
ok: [HostB12_1] => (item={'key': 'net.bridge.bridge-nf-call-ip6tables', 'value': '1'}) =>
    ansible_loop_var: item
    changed: false
    item:
        key: net.bridge.bridge-nf-call-ip6tables
        value: '1'
ok: [Host12_3] => (item={'key': 'net.bridge.bridge-nf-call-ip6tables', 'value': '1'}) =>
    ansible_loop_var: item
    changed: false
    item:
        key: net.bridge.bridge-nf-call-ip6tables
        value: '1'
ok: [Host12_1] => (item={'key': 'net.bridge.bridge-nf-call-ip6tables', 'value': '1'}) =>
    ansible_loop_var: item
    changed: false
    item:
        key: net.bridge.bridge-nf-call-ip6tables
        value: '1'
ok: [Host12_2] => (item={'key': 'net.bridge.bridge-nf-call-ip6tables', 'value': '1'}) =>
    ansible_loop_var: item
    changed: false
    item:
        key: net.bridge.bridge-nf-call-ip6tables
        value: '1'
ok: [Host34_1] => (item={'key': 'net.bridge.bridge-nf-call-ip6tables', 'value': '1'}) =>
    ansible_loop_var: item
    changed: false
    item:
        key: net.bridge.bridge-nf-call-ip6tables
        value: '1'
ok: [Host12_3] => (item={'key': 'net.ipv4.ip_forward', 'value': '1'}) =>
    ansible_loop_var: item
    changed: false
    item:
        key: net.ipv4.ip_forward
        value: '1'
ok: [HostB12_1] => (item={'key': 'net.ipv4.ip_forward', 'value': '1'}) =>
    ansible_loop_var: item
    changed: false
    item:
        key: net.ipv4.ip_forward
        value: '1'
ok: [Host12_1] => (item={'key': 'net.ipv4.ip_forward', 'value': '1'}) =>
    ansible_loop_var: item
    changed: false
    item:
        key: net.ipv4.ip_forward
        value: '1'
ok: [Host12_2] => (item={'key': 'net.ipv4.ip_forward', 'value': '1'}) =>
    ansible_loop_var: item
    changed: false
    item:
        key: net.ipv4.ip_forward
        value: '1'
ok: [Host34_1] => (item={'key': 'net.ipv4.ip_forward', 'value': '1'}) =>
    ansible_loop_var: item
    changed: false
    item:
        key: net.ipv4.ip_forward
        value: '1'
ok: [Host12_3] => (item={'key': 'net.ipv6.conf.all.forwarding', 'value': '1'}) =>
    ansible_loop_var: item
    changed: false
    item:
        key: net.ipv6.conf.all.forwarding
        value: '1'
ok: [HostB12_1] => (item={'key': 'net.ipv6.conf.all.forwarding', 'value': '1'}) =>
    ansible_loop_var: item
    changed: false
    item:
        key: net.ipv6.conf.all.forwarding
        value: '1'
ok: [Host12_1] => (item={'key': 'net.ipv6.conf.all.forwarding', 'value': '1'}) =>
    ansible_loop_var: item
    changed: false
    item:
        key: net.ipv6.conf.all.forwarding
        value: '1'
ok: [Host12_2] => (item={'key': 'net.ipv6.conf.all.forwarding', 'value': '1'}) =>
    ansible_loop_var: item
    changed: false
    item:
        key: net.ipv6.conf.all.forwarding
        value: '1'
ok: [Host34_1] => (item={'key': 'net.ipv6.conf.all.forwarding', 'value': '1'}) =>
    ansible_loop_var: item
    changed: false
    item:
        key: net.ipv6.conf.all.forwarding
        value: '1'
ok: [Host34_2] => (item={'key': 'net.bridge.bridge-nf-call-iptables', 'value': '1'}) =>
    ansible_loop_var: item
    changed: false
    item:
        key: net.bridge.bridge-nf-call-iptables
        value: '1'
ok: [Host34_2] => (item={'key': 'net.bridge.bridge-nf-call-ip6tables', 'value': '1'}) =>
    ansible_loop_var: item
    changed: false
    item:
        key: net.bridge.bridge-nf-call-ip6tables
        value: '1'
ok: [Host34_2] => (item={'key': 'net.ipv4.ip_forward', 'value': '1'}) =>
    ansible_loop_var: item
    changed: false
    item:
        key: net.ipv4.ip_forward
        value: '1'
ok: [Host34_2] => (item={'key': 'net.ipv6.conf.all.forwarding', 'value': '1'}) =>
    ansible_loop_var: item
    changed: false
    item:
        key: net.ipv6.conf.all.forwarding
        value: '1'

TASK [Identify missing prerequisite packages] *******************************************************************************************************************************************************************
ok: [Host12_1] =>
    changed: false
    cmd: |-
        missing=""
        for pkg in apt-transport-https ca-certificates curl gnupg lsb-release conntrack socat ipset libipset13 ipvsadm; do
          if ! dpkg -s "$pkg" >/dev/null 2>&1; then
            missing="$missing $pkg"
          fi
        done
        echo "$missing"
    delta: '0:00:00.177395'
    end: '2026-06-06 13:54:20.557761'
    failed_when_result: false
    msg: ''
    rc: 0
    start: '2026-06-06 13:54:20.380366'
    stderr: ''
    stderr_lines: <omitted>
    stdout: ' libipset13'
    stdout_lines: <omitted>
ok: [HostB12_1] =>
    changed: false
    cmd: |-
        missing=""
        for pkg in apt-transport-https ca-certificates curl gnupg lsb-release conntrack socat ipset libipset13 ipvsadm; do
          if ! dpkg -s "$pkg" >/dev/null 2>&1; then
            missing="$missing $pkg"
          fi
        done
        echo "$missing"
    delta: '0:00:00.189569'
    end: '2026-06-06 13:54:21.130309'
    failed_when_result: false
    msg: ''
    rc: 0
    start: '2026-06-06 13:54:20.940740'
    stderr: ''
    stderr_lines: <omitted>
    stdout: ' libipset13'
    stdout_lines: <omitted>
ok: [Host12_3] =>
    changed: false
    cmd: |-
        missing=""
        for pkg in apt-transport-https ca-certificates curl gnupg lsb-release conntrack socat ipset libipset13 ipvsadm; do
          if ! dpkg -s "$pkg" >/dev/null 2>&1; then
            missing="$missing $pkg"
          fi
        done
        echo "$missing"
    delta: '0:00:00.198497'
    end: '2026-06-06 13:54:21.176429'
    failed_when_result: false
    msg: ''
    rc: 0
    start: '2026-06-06 13:54:20.977932'
    stderr: ''
    stderr_lines: <omitted>
    stdout: ' apt-transport-https conntrack socat ipset libipset13 ipvsadm'
    stdout_lines: <omitted>
ok: [Host34_1] =>
    changed: false
    cmd: |-
        missing=""
        for pkg in apt-transport-https ca-certificates curl gnupg lsb-release conntrack socat ipset libipset13 ipvsadm; do
          if ! dpkg -s "$pkg" >/dev/null 2>&1; then
            missing="$missing $pkg"
          fi
        done
        echo "$missing"
    delta: '0:00:00.209184'
    end: '2026-06-06 13:54:21.201978'
    failed_when_result: false
    msg: ''
    rc: 0
    start: '2026-06-06 13:54:20.992794'
    stderr: ''
    stderr_lines: <omitted>
    stdout: ' libipset13'
    stdout_lines: <omitted>
ok: [Host12_2] =>
    changed: false
    cmd: |-
        missing=""
        for pkg in apt-transport-https ca-certificates curl gnupg lsb-release conntrack socat ipset libipset13 ipvsadm; do
          if ! dpkg -s "$pkg" >/dev/null 2>&1; then
            missing="$missing $pkg"
          fi
        done
        echo "$missing"
    delta: '0:00:00.212923'
    end: '2026-06-06 13:54:21.193257'
    failed_when_result: false
    msg: ''
    rc: 0
    start: '2026-06-06 13:54:20.980334'
    stderr: ''
    stderr_lines: <omitted>
    stdout: ' libipset13'
    stdout_lines: <omitted>
ok: [Host34_2] =>
    changed: false
    cmd: |-
        missing=""
        for pkg in apt-transport-https ca-certificates curl gnupg lsb-release conntrack socat ipset libipset13 ipvsadm; do
          if ! dpkg -s "$pkg" >/dev/null 2>&1; then
            missing="$missing $pkg"
          fi
        done
        echo "$missing"
    delta: '0:00:00.274551'
    end: '2026-06-06 13:54:23.045754'
    failed_when_result: false
    msg: ''
    rc: 0
    start: '2026-06-06 13:54:22.771203'
    stderr: ''
    stderr_lines: <omitted>
    stdout: ' libipset13'
    stdout_lines: <omitted>

TASK [Install prerequisite packages (no cache update - air-gapped)] *********************************************************************************************************************************************
[ERROR]: Task failed: Module failed: '/usr/bin/apt-get -y -o "Dpkg::Options::=--force-confdef" -o "Dpkg::Options::=--force-confold" -o DPkg::Lock::Timeout=60       install 'libipset13=7.19-1ubuntu2'' failed: E: Failed to fetch http://archive.ubuntu.com/ubuntu/pool/main/i/ipset/libipset13_7.19-1ubuntu2_amd64.deb  Temporary failure resolving 'archive.ubuntu.com'
E: Unable to fetch some archives, maybe run apt-get update or try with --fix-missing?

Origin: /mnt/c/Users/nh1221/data-center/_v3/playbooks/reused/deploy_kubespray.yml:302:7

300       failed_when: false
301
302     - name: Install prerequisite packages (no cache update - air-gapped)
          ^ column 7

fatal: [Host34_1]: FAILED! =>
    cache_update_time: 1780687020
    cache_updated: false
    changed: false
    msg: |-
        '/usr/bin/apt-get -y -o "Dpkg::Options::=--force-confdef" -o "Dpkg::Options::=--force-confold" -o DPkg::Lock::Timeout=60       install 'libipset13=7.19-1ubuntu2'' failed: E: Failed to fetch http://archive.ubuntu.com/ubuntu/pool/main/i/ipset/libipset13_7.19-1ubuntu2_amd64.deb  Temporary failure resolving 'archive.ubuntu.com'
        E: Unable to fetch some archives, maybe run apt-get update or try with --fix-missing?
    rc: 100
    stderr: |-
        E: Failed to fetch http://archive.ubuntu.com/ubuntu/pool/main/i/ipset/libipset13_7.19-1ubuntu2_amd64.deb  Temporary failure resolving 'archive.ubuntu.com'
        E: Unable to fetch some archives, maybe run apt-get update or try with --fix-missing?
    stderr_lines: <omitted>
    stdout: |-
        Reading package lists...
        Building dependency tree...
        Reading state information...
        The following NEW packages will be installed:
          libipset13
        0 upgraded, 1 newly installed, 0 to remove and 27 not upgraded.
        1 not fully installed or removed.
        Need to get 61.5 kB of archives.
        After this operation, 253 kB of additional disk space will be used.
        Ign:1 http://archive.ubuntu.com/ubuntu noble/main amd64 libipset13 amd64 7.19-1ubuntu2
        Ign:1 http://archive.ubuntu.com/ubuntu noble/main amd64 libipset13 amd64 7.19-1ubuntu2
        Ign:1 http://archive.ubuntu.com/ubuntu noble/main amd64 libipset13 amd64 7.19-1ubuntu2
        Err:1 http://archive.ubuntu.com/ubuntu noble/main amd64 libipset13 amd64 7.19-1ubuntu2
          Temporary failure resolving 'archive.ubuntu.com'
    stdout_lines: <omitted>
...ignoring
fatal: [HostB12_1]: FAILED! =>
    cache_update_time: 1780687106
    cache_updated: false
    changed: false
    msg: |-
        '/usr/bin/apt-get -y -o "Dpkg::Options::=--force-confdef" -o "Dpkg::Options::=--force-confold" -o DPkg::Lock::Timeout=60       install 'libipset13=7.19-1ubuntu2'' failed: E: Failed to fetch http://archive.ubuntu.com/ubuntu/pool/main/i/ipset/libipset13_7.19-1ubuntu2_amd64.deb  Temporary failure resolving 'archive.ubuntu.com'
        E: Unable to fetch some archives, maybe run apt-get update or try with --fix-missing?
    rc: 100
    stderr: |-
        E: Failed to fetch http://archive.ubuntu.com/ubuntu/pool/main/i/ipset/libipset13_7.19-1ubuntu2_amd64.deb  Temporary failure resolving 'archive.ubuntu.com'
        E: Unable to fetch some archives, maybe run apt-get update or try with --fix-missing?
    stderr_lines: <omitted>
    stdout: |-
        Reading package lists...
        Building dependency tree...
        Reading state information...
        The following NEW packages will be installed:
          libipset13
        0 upgraded, 1 newly installed, 0 to remove and 27 not upgraded.
        1 not fully installed or removed.
        Need to get 61.5 kB of archives.
        After this operation, 253 kB of additional disk space will be used.
        Ign:1 http://archive.ubuntu.com/ubuntu noble/main amd64 libipset13 amd64 7.19-1ubuntu2
        Ign:1 http://archive.ubuntu.com/ubuntu noble/main amd64 libipset13 amd64 7.19-1ubuntu2
        Ign:1 http://archive.ubuntu.com/ubuntu noble/main amd64 libipset13 amd64 7.19-1ubuntu2
        Err:1 http://archive.ubuntu.com/ubuntu noble/main amd64 libipset13 amd64 7.19-1ubuntu2
          Temporary failure resolving 'archive.ubuntu.com'
    stdout_lines: <omitted>
...ignoring
fatal: [Host12_2]: FAILED! =>
    cache_update_time: 1780687022
    cache_updated: false
    changed: false
    msg: |-
        '/usr/bin/apt-get -y -o "Dpkg::Options::=--force-confdef" -o "Dpkg::Options::=--force-confold" -o DPkg::Lock::Timeout=60       install 'libipset13=7.19-1ubuntu2'' failed: E: Failed to fetch http://archive.ubuntu.com/ubuntu/pool/main/i/ipset/libipset13_7.19-1ubuntu2_amd64.deb  Temporary failure resolving 'archive.ubuntu.com'
        E: Unable to fetch some archives, maybe run apt-get update or try with --fix-missing?
    rc: 100
    stderr: |-
        E: Failed to fetch http://archive.ubuntu.com/ubuntu/pool/main/i/ipset/libipset13_7.19-1ubuntu2_amd64.deb  Temporary failure resolving 'archive.ubuntu.com'
        E: Unable to fetch some archives, maybe run apt-get update or try with --fix-missing?
    stderr_lines: <omitted>
    stdout: |-
        Reading package lists...
        Building dependency tree...
        Reading state information...
        The following NEW packages will be installed:
          libipset13
        0 upgraded, 1 newly installed, 0 to remove and 27 not upgraded.
        1 not fully installed or removed.
        Need to get 61.5 kB of archives.
        After this operation, 253 kB of additional disk space will be used.
        Ign:1 http://archive.ubuntu.com/ubuntu noble/main amd64 libipset13 amd64 7.19-1ubuntu2
        Ign:1 http://archive.ubuntu.com/ubuntu noble/main amd64 libipset13 amd64 7.19-1ubuntu2
        Ign:1 http://archive.ubuntu.com/ubuntu noble/main amd64 libipset13 amd64 7.19-1ubuntu2
        Err:1 http://archive.ubuntu.com/ubuntu noble/main amd64 libipset13 amd64 7.19-1ubuntu2
          Temporary failure resolving 'archive.ubuntu.com'
    stdout_lines: <omitted>
...ignoring
fatal: [Host12_1]: FAILED! =>
    cache_update_time: 1780687194
    cache_updated: false
    changed: false
    msg: |-
        '/usr/bin/apt-get -y -o "Dpkg::Options::=--force-confdef" -o "Dpkg::Options::=--force-confold" -o DPkg::Lock::Timeout=60       install 'libipset13=7.19-1ubuntu2'' failed: E: Failed to fetch http://archive.ubuntu.com/ubuntu/pool/main/i/ipset/libipset13_7.19-1ubuntu2_amd64.deb  Temporary failure resolving 'archive.ubuntu.com'
        E: Unable to fetch some archives, maybe run apt-get update or try with --fix-missing?
    rc: 100
    stderr: |-
        E: Failed to fetch http://archive.ubuntu.com/ubuntu/pool/main/i/ipset/libipset13_7.19-1ubuntu2_amd64.deb  Temporary failure resolving 'archive.ubuntu.com'
        E: Unable to fetch some archives, maybe run apt-get update or try with --fix-missing?
    stderr_lines: <omitted>
    stdout: |-
        Reading package lists...
        Building dependency tree...
        Reading state information...
        The following NEW packages will be installed:
          libipset13
        0 upgraded, 1 newly installed, 0 to remove and 27 not upgraded.
        1 not fully installed or removed.
        Need to get 61.5 kB of archives.
        After this operation, 253 kB of additional disk space will be used.
        Ign:1 http://archive.ubuntu.com/ubuntu noble/main amd64 libipset13 amd64 7.19-1ubuntu2
        Ign:1 http://archive.ubuntu.com/ubuntu noble/main amd64 libipset13 amd64 7.19-1ubuntu2
        Ign:1 http://archive.ubuntu.com/ubuntu noble/main amd64 libipset13 amd64 7.19-1ubuntu2
        Err:1 http://archive.ubuntu.com/ubuntu noble/main amd64 libipset13 amd64 7.19-1ubuntu2
          Temporary failure resolving 'archive.ubuntu.com'
    stdout_lines: <omitted>
...ignoring
fatal: [Host34_2]: FAILED! =>
    cache_update_time: 1780687020
    cache_updated: false
    changed: false
    msg: |-
        '/usr/bin/apt-get -y -o "Dpkg::Options::=--force-confdef" -o "Dpkg::Options::=--force-confold" -o DPkg::Lock::Timeout=60       install 'libipset13=7.19-1ubuntu2'' failed: E: Failed to fetch http://archive.ubuntu.com/ubuntu/pool/main/i/ipset/libipset13_7.19-1ubuntu2_amd64.deb  Temporary failure resolving 'archive.ubuntu.com'
        E: Unable to fetch some archives, maybe run apt-get update or try with --fix-missing?
    rc: 100
    stderr: |-
        E: Failed to fetch http://archive.ubuntu.com/ubuntu/pool/main/i/ipset/libipset13_7.19-1ubuntu2_amd64.deb  Temporary failure resolving 'archive.ubuntu.com'
        E: Unable to fetch some archives, maybe run apt-get update or try with --fix-missing?
    stderr_lines: <omitted>
    stdout: |-
        Reading package lists...
        Building dependency tree...
        Reading state information...
        The following NEW packages will be installed:
          libipset13
        0 upgraded, 1 newly installed, 0 to remove and 27 not upgraded.
        1 not fully installed or removed.
        Need to get 61.5 kB of archives.
        After this operation, 253 kB of additional disk space will be used.
        Ign:1 http://archive.ubuntu.com/ubuntu noble/main amd64 libipset13 amd64 7.19-1ubuntu2
        Ign:1 http://archive.ubuntu.com/ubuntu noble/main amd64 libipset13 amd64 7.19-1ubuntu2
        Ign:1 http://archive.ubuntu.com/ubuntu noble/main amd64 libipset13 amd64 7.19-1ubuntu2
        Err:1 http://archive.ubuntu.com/ubuntu noble/main amd64 libipset13 amd64 7.19-1ubuntu2
          Temporary failure resolving 'archive.ubuntu.com'
    stdout_lines: <omitted>
...ignoring
[ERROR]: Task failed: Module failed: '/usr/bin/apt-get -y -o "Dpkg::Options::=--force-confdef" -o "Dpkg::Options::=--force-confold" -o DPkg::Lock::Timeout=60       install 'apt-transport-https=2.8.3' 'conntrack=1:1.4.8-1ubuntu1' 'socat=1.8.0.0-4build3' 'ipset=7.19-1ubuntu2' 'libipset13=7.19-1ubuntu2' 'ipvsadm=1:1.31-1ubuntu0.1'' failed: E: Failed to fetch http://archive.ubuntu.com/ubuntu/pool/universe/a/apt/apt-transport-https_2.8.3_all.deb  Temporary failure resolving 'archive.ubuntu.com'
E: Failed to fetch http://archive.ubuntu.com/ubuntu/pool/main/c/conntrack-tools/conntrack_1.4.8-1ubuntu1_amd64.deb  Temporary failure resolving 'archive.ubuntu.com'
E: Failed to fetch http://archive.ubuntu.com/ubuntu/pool/main/i/ipset/libipset13_7.19-1ubuntu2_amd64.deb  Temporary failure resolving 'archive.ubuntu.com'
E: Failed to fetch http://archive.ubuntu.com/ubuntu/pool/main/i/ipset/ipset_7.19-1ubuntu2_amd64.deb  Temporary failure resolving 'archive.ubuntu.com'
E: Failed to fetch http://archive.ubuntu.com/ubuntu/pool/main/i/ipvsadm/ipvsadm_1.31-1ubuntu0.1_amd64.deb  Temporary failure resolving 'archive.ubuntu.com'
E: Failed to fetch http://archive.ubuntu.com/ubuntu/pool/main/s/socat/socat_1.8.0.0-4build3_amd64.deb  Temporary failure resolving 'archive.ubuntu.com'
E: Unable to fetch some archives, maybe run apt-get update or try with --fix-missing?

Origin: /mnt/c/Users/nh1221/data-center/_v3/playbooks/reused/deploy_kubespray.yml:302:7

300       failed_when: false
301
302     - name: Install prerequisite packages (no cache update - air-gapped)
          ^ column 7

fatal: [Host12_3]: FAILED! =>
    cache_update_time: 1780687020
    cache_updated: false
    changed: false
    msg: |-
        '/usr/bin/apt-get -y -o "Dpkg::Options::=--force-confdef" -o "Dpkg::Options::=--force-confold" -o DPkg::Lock::Timeout=60       install 'apt-transport-https=2.8.3' 'conntrack=1:1.4.8-1ubuntu1' 'socat=1.8.0.0-4build3' 'ipset=7.19-1ubuntu2' 'libipset13=7.19-1ubuntu2' 'ipvsadm=1:1.31-1ubuntu0.1'' failed: E: Failed to fetch http://archive.ubuntu.com/ubuntu/pool/universe/a/apt/apt-transport-https_2.8.3_all.deb  Temporary failure resolving 'archive.ubuntu.com'
        E: Failed to fetch http://archive.ubuntu.com/ubuntu/pool/main/c/conntrack-tools/conntrack_1.4.8-1ubuntu1_amd64.deb  Temporary failure resolving 'archive.ubuntu.com'
        E: Failed to fetch http://archive.ubuntu.com/ubuntu/pool/main/i/ipset/libipset13_7.19-1ubuntu2_amd64.deb  Temporary failure resolving 'archive.ubuntu.com'
        E: Failed to fetch http://archive.ubuntu.com/ubuntu/pool/main/i/ipset/ipset_7.19-1ubuntu2_amd64.deb  Temporary failure resolving 'archive.ubuntu.com'
        E: Failed to fetch http://archive.ubuntu.com/ubuntu/pool/main/i/ipvsadm/ipvsadm_1.31-1ubuntu0.1_amd64.deb  Temporary failure resolving 'archive.ubuntu.com'
        E: Failed to fetch http://archive.ubuntu.com/ubuntu/pool/main/s/socat/socat_1.8.0.0-4build3_amd64.deb  Temporary failure resolving 'archive.ubuntu.com'
        E: Unable to fetch some archives, maybe run apt-get update or try with --fix-missing?
    rc: 100
    stderr: |-
        E: Failed to fetch http://archive.ubuntu.com/ubuntu/pool/universe/a/apt/apt-transport-https_2.8.3_all.deb  Temporary failure resolving 'archive.ubuntu.com'
        E: Failed to fetch http://archive.ubuntu.com/ubuntu/pool/main/c/conntrack-tools/conntrack_1.4.8-1ubuntu1_amd64.deb  Temporary failure resolving 'archive.ubuntu.com'
        E: Failed to fetch http://archive.ubuntu.com/ubuntu/pool/main/i/ipset/libipset13_7.19-1ubuntu2_amd64.deb  Temporary failure resolving 'archive.ubuntu.com'
        E: Failed to fetch http://archive.ubuntu.com/ubuntu/pool/main/i/ipset/ipset_7.19-1ubuntu2_amd64.deb  Temporary failure resolving 'archive.ubuntu.com'
        E: Failed to fetch http://archive.ubuntu.com/ubuntu/pool/main/i/ipvsadm/ipvsadm_1.31-1ubuntu0.1_amd64.deb  Temporary failure resolving 'archive.ubuntu.com'
        E: Failed to fetch http://archive.ubuntu.com/ubuntu/pool/main/s/socat/socat_1.8.0.0-4build3_amd64.deb  Temporary failure resolving 'archive.ubuntu.com'
        E: Unable to fetch some archives, maybe run apt-get update or try with --fix-missing?
    stderr_lines: <omitted>
    stdout: |-
        Reading package lists...
        Building dependency tree...
        Reading state information...
        Suggested packages:
          heartbeat keepalived ldirectord
        The following NEW packages will be installed:
          apt-transport-https conntrack ipset ipvsadm libipset13 socat
        0 upgraded, 6 newly installed, 0 to remove and 27 not upgraded.
        Need to get 550 kB of archives.
        After this operation, 2304 kB of additional disk space will be used.
        Ign:1 http://archive.ubuntu.com/ubuntu noble-updates/universe amd64 apt-transport-https all 2.8.3
        Ign:2 http://archive.ubuntu.com/ubuntu noble/main amd64 conntrack amd64 1:1.4.8-1ubuntu1
        Ign:3 http://archive.ubuntu.com/ubuntu noble/main amd64 libipset13 amd64 7.19-1ubuntu2
        Ign:4 http://archive.ubuntu.com/ubuntu noble/main amd64 ipset amd64 7.19-1ubuntu2
        Ign:5 http://archive.ubuntu.com/ubuntu noble-updates/main amd64 ipvsadm amd64 1:1.31-1ubuntu0.1
        Ign:6 http://archive.ubuntu.com/ubuntu noble/main amd64 socat amd64 1.8.0.0-4build3
        Ign:1 http://archive.ubuntu.com/ubuntu noble-updates/universe amd64 apt-transport-https all 2.8.3
        Ign:2 http://archive.ubuntu.com/ubuntu noble/main amd64 conntrack amd64 1:1.4.8-1ubuntu1
        Ign:3 http://archive.ubuntu.com/ubuntu noble/main amd64 libipset13 amd64 7.19-1ubuntu2
        Ign:4 http://archive.ubuntu.com/ubuntu noble/main amd64 ipset amd64 7.19-1ubuntu2
        Ign:5 http://archive.ubuntu.com/ubuntu noble-updates/main amd64 ipvsadm amd64 1:1.31-1ubuntu0.1
        Ign:6 http://archive.ubuntu.com/ubuntu noble/main amd64 socat amd64 1.8.0.0-4build3
        Ign:1 http://archive.ubuntu.com/ubuntu noble-updates/universe amd64 apt-transport-https all 2.8.3
        Ign:2 http://archive.ubuntu.com/ubuntu noble/main amd64 conntrack amd64 1:1.4.8-1ubuntu1
        Ign:3 http://archive.ubuntu.com/ubuntu noble/main amd64 libipset13 amd64 7.19-1ubuntu2
        Ign:4 http://archive.ubuntu.com/ubuntu noble/main amd64 ipset amd64 7.19-1ubuntu2
        Ign:5 http://archive.ubuntu.com/ubuntu noble-updates/main amd64 ipvsadm amd64 1:1.31-1ubuntu0.1
        Ign:6 http://archive.ubuntu.com/ubuntu noble/main amd64 socat amd64 1.8.0.0-4build3
        Err:1 http://archive.ubuntu.com/ubuntu noble-updates/universe amd64 apt-transport-https all 2.8.3
          Temporary failure resolving 'archive.ubuntu.com'
        Err:2 http://archive.ubuntu.com/ubuntu noble/main amd64 conntrack amd64 1:1.4.8-1ubuntu1
          Temporary failure resolving 'archive.ubuntu.com'
        Err:3 http://archive.ubuntu.com/ubuntu noble/main amd64 libipset13 amd64 7.19-1ubuntu2
          Temporary failure resolving 'archive.ubuntu.com'
        Err:4 http://archive.ubuntu.com/ubuntu noble/main amd64 ipset amd64 7.19-1ubuntu2
          Temporary failure resolving 'archive.ubuntu.com'
        Err:5 http://archive.ubuntu.com/ubuntu noble-updates/main amd64 ipvsadm amd64 1:1.31-1ubuntu0.1
          Temporary failure resolving 'archive.ubuntu.com'
        Err:6 http://archive.ubuntu.com/ubuntu noble/main amd64 socat amd64 1.8.0.0-4build3
          Temporary failure resolving 'archive.ubuntu.com'
    stdout_lines: <omitted>
...ignoring

TASK [Find matching .deb files in preflight cache] **************************************************************************************************************************************************************
ok: [Host12_2 -> localhost] =>
    changed: false
    examined: 258
    files:
    -   atime: 1712595803.0
        ctime: 1780714186.1014242
        dev: 2096
        gid: 0
        gr_name: root
        inode: 10717
        isblk: false
        ischr: false
        isdir: false
        isfifo: false
        isgid: false
        islnk: false
        isreg: true
        issock: false
        isuid: false
        mode: '0644'
        mtime: 1712595803.0
        nlink: 1
        path: /opt/fabric-cache/apt-packages/libipset13_7.19-1ubuntu2_amd64.deb
        pw_name: root
        rgrp: true
        roth: true
        rusr: true
        size: 61496
        uid: 0
        wgrp: false
        woth: false
        wusr: true
        xgrp: false
        xoth: false
        xusr: false
    matched: 1
    msg: All paths examined
    skipped_paths: {}
ok: [HostB12_1 -> localhost] =>
    changed: false
    examined: 258
    files:
    -   atime: 1712595803.0
        ctime: 1780714186.1014242
        dev: 2096
        gid: 0
        gr_name: root
        inode: 10717
        isblk: false
        ischr: false
        isdir: false
        isfifo: false
        isgid: false
        islnk: false
        isreg: true
        issock: false
        isuid: false
        mode: '0644'
        mtime: 1712595803.0
        nlink: 1
        path: /opt/fabric-cache/apt-packages/libipset13_7.19-1ubuntu2_amd64.deb
        pw_name: root
        rgrp: true
        roth: true
        rusr: true
        size: 61496
        uid: 0
        wgrp: false
        woth: false
        wusr: true
        xgrp: false
        xoth: false
        xusr: false
    matched: 1
    msg: All paths examined
    skipped_paths: {}
ok: [Host12_3 -> localhost] =>
    changed: false
    examined: 258
    files:
    -   atime: 1712595803.0
        ctime: 1780714186.1014242
        dev: 2096
        gid: 0
        gr_name: root
        inode: 10717
        isblk: false
        ischr: false
        isdir: false
        isfifo: false
        isgid: false
        islnk: false
        isreg: true
        issock: false
        isuid: false
        mode: '0644'
        mtime: 1712595803.0
        nlink: 1
        path: /opt/fabric-cache/apt-packages/libipset13_7.19-1ubuntu2_amd64.deb
        pw_name: root
        rgrp: true
        roth: true
        rusr: true
        size: 61496
        uid: 0
        wgrp: false
        woth: false
        wusr: true
        xgrp: false
        xoth: false
        xusr: false
    -   atime: 1780748597.6862004
        ctime: 1780714129.1054614
        dev: 2096
        gid: 0
        gr_name: root
        inode: 10713
        isblk: false
        ischr: false
        isdir: false
        isfifo: false
        isgid: false
        islnk: false
        isreg: true
        issock: false
        isuid: false
        mode: '0644'
        mtime: 1723802238.0
        nlink: 1
        path: /opt/fabric-cache/apt-packages/ipvsadm_1%3a1.31-1ubuntu0.1_amd64.deb
        pw_name: root
        rgrp: true
        roth: true
        rusr: true
        size: 40290
        uid: 0
        wgrp: false
        woth: false
        wusr: true
        xgrp: false
        xoth: false
        xusr: false
    -   atime: 1780748597.698202
        ctime: 1780714128.8116148
        dev: 2096
        gid: 0
        gr_name: root
        inode: 10708
        isblk: false
        ischr: false
        isdir: false
        isfifo: false
        isgid: false
        islnk: false
        isreg: true
        issock: false
        isuid: false
        mode: '0644'
        mtime: 1712589645.0
        nlink: 1
        path: /opt/fabric-cache/apt-packages/socat_1.8.0.0-4build3_amd64.deb
        pw_name: root
        rgrp: true
        roth: true
        rusr: true
        size: 373594
        uid: 0
        wgrp: false
        woth: false
        wusr: true
        xgrp: false
        xoth: false
        xusr: false
    -   atime: 1780748633.093992
        ctime: 1780714129.1054614
        dev: 2096
        gid: 0
        gr_name: root
        inode: 10714
        isblk: false
        ischr: false
        isdir: false
        isfifo: false
        isgid: false
        islnk: false
        isreg: true
        issock: false
        isuid: false
        mode: '0644'
        mtime: 1743198754.0
        nlink: 1
        path: /opt/fabric-cache/apt-packages/apt-transport-https_2.8.3_all.deb
        pw_name: root
        rgrp: true
        roth: true
        rusr: true
        size: 3970
        uid: 0
        wgrp: false
        woth: false
        wusr: true
        xgrp: false
        xoth: false
        xusr: false
    -   atime: 1780748663.779439
        ctime: 1780714128.4264133
        dev: 2096
        gid: 0
        gr_name: root
        inode: 2954
        isblk: false
        ischr: false
        isdir: false
        isfifo: false
        isgid: false
        islnk: false
        isreg: true
        issock: false
        isuid: false
        mode: '0644'
        mtime: 1712258168.0
        nlink: 1
        path: /opt/fabric-cache/apt-packages/conntrack_1%3a1.4.8-1ubuntu1_amd64.deb
        pw_name: root
        rgrp: true
        roth: true
        rusr: true
        size: 37856
        uid: 0
        wgrp: false
        woth: false
        wusr: true
        xgrp: false
        xoth: false
        xusr: false
    -   atime: 1780748698.7623367
        ctime: 1780714128.4502401
        dev: 2096
        gid: 0
        gr_name: root
        inode: 10700
        isblk: false
        ischr: false
        isdir: false
        isfifo: false
        isgid: false
        islnk: false
        isreg: true
        issock: false
        isuid: false
        mode: '0644'
        mtime: 1712595803.0
        nlink: 1
        path: /opt/fabric-cache/apt-packages/ipset_7.19-1ubuntu2_amd64.deb
        pw_name: root
        rgrp: true
        roth: true
        rusr: true
        size: 32618
        uid: 0
        wgrp: false
        woth: false
        wusr: true
        xgrp: false
        xoth: false
        xusr: false
    matched: 6
    msg: All paths examined
    skipped_paths: {}
ok: [Host12_1 -> localhost] =>
    changed: false
    examined: 258
    files:
    -   atime: 1712595803.0
        ctime: 1780714186.1014242
        dev: 2096
        gid: 0
        gr_name: root
        inode: 10717
        isblk: false
        ischr: false
        isdir: false
        isfifo: false
        isgid: false
        islnk: false
        isreg: true
        issock: false
        isuid: false
        mode: '0644'
        mtime: 1712595803.0
        nlink: 1
        path: /opt/fabric-cache/apt-packages/libipset13_7.19-1ubuntu2_amd64.deb
        pw_name: root
        rgrp: true
        roth: true
        rusr: true
        size: 61496
        uid: 0
        wgrp: false
        woth: false
        wusr: true
        xgrp: false
        xoth: false
        xusr: false
    matched: 1
    msg: All paths examined
    skipped_paths: {}
ok: [Host34_1 -> localhost] =>
    changed: false
    examined: 258
    files:
    -   atime: 1712595803.0
        ctime: 1780714186.1014242
        dev: 2096
        gid: 0
        gr_name: root
        inode: 10717
        isblk: false
        ischr: false
        isdir: false
        isfifo: false
        isgid: false
        islnk: false
        isreg: true
        issock: false
        isuid: false
        mode: '0644'
        mtime: 1712595803.0
        nlink: 1
        path: /opt/fabric-cache/apt-packages/libipset13_7.19-1ubuntu2_amd64.deb
        pw_name: root
        rgrp: true
        roth: true
        rusr: true
        size: 61496
        uid: 0
        wgrp: false
        woth: false
        wusr: true
        xgrp: false
        xoth: false
        xusr: false
    matched: 1
    msg: All paths examined
    skipped_paths: {}
ok: [Host34_2 -> localhost] =>
    changed: false
    examined: 258
    files:
    -   atime: 1712595803.0
        ctime: 1780714186.1014242
        dev: 2096
        gid: 0
        gr_name: root
        inode: 10717
        isblk: false
        ischr: false
        isdir: false
        isfifo: false
        isgid: false
        islnk: false
        isreg: true
        issock: false
        isuid: false
        mode: '0644'
        mtime: 1712595803.0
        nlink: 1
        path: /opt/fabric-cache/apt-packages/libipset13_7.19-1ubuntu2_amd64.deb
        pw_name: root
        rgrp: true
        roth: true
        rusr: true
        size: 61496
        uid: 0
        wgrp: false
        woth: false
        wusr: true
        xgrp: false
        xoth: false
        xusr: false
    matched: 1
    msg: All paths examined
    skipped_paths: {}

TASK [Create temp deb staging directory on nodes] ***************************************************************************************************************************************************************
ok: [Host12_3] =>
    changed: false
    gid: 0
    group: root
    mode: '0755'
    owner: root
    path: /tmp/preflight-debs
    size: 4096
    state: directory
    uid: 0
changed: [Host12_1] =>
    changed: true
    gid: 0
    group: root
    mode: '0755'
    owner: root
    path: /tmp/preflight-debs
    size: 4096
    state: directory
    uid: 0
changed: [HostB12_1] =>
    changed: true
    gid: 0
    group: root
    mode: '0755'
    owner: root
    path: /tmp/preflight-debs
    size: 4096
    state: directory
    uid: 0
changed: [Host34_1] =>
    changed: true
    gid: 0
    group: root
    mode: '0755'
    owner: root
    path: /tmp/preflight-debs
    size: 4096
    state: directory
    uid: 0
changed: [Host12_2] =>
    changed: true
    gid: 0
    group: root
    mode: '0755'
    owner: root
    path: /tmp/preflight-debs
    size: 4096
    state: directory
    uid: 0
changed: [Host34_2] =>
    changed: true
    gid: 0
    group: root
    mode: '0755'
    owner: root
    path: /tmp/preflight-debs
    size: 4096
    state: directory
    uid: 0

TASK [Push .deb packages to nodes] ******************************************************************************************************************************************************************************
changed: [HostB12_1] => (item=libipset13_7.19-1ubuntu2_amd64.deb) =>
    ansible_loop_var: item
    changed: true
    checksum: 9c28d9c6ac99bcc6c7943dc83b0fbac967ef8d90
    dest: /tmp/preflight-debs/libipset13_7.19-1ubuntu2_amd64.deb
    gid: 0
    group: root
    item:
        atime: 1712595803.0
        ctime: 1780714186.1014242
        dev: 2096
        gid: 0
        gr_name: root
        inode: 10717
        isblk: false
        ischr: false
        isdir: false
        isfifo: false
        isgid: false
        islnk: false
        isreg: true
        issock: false
        isuid: false
        mode: '0644'
        mtime: 1712595803.0
        nlink: 1
        path: /opt/fabric-cache/apt-packages/libipset13_7.19-1ubuntu2_amd64.deb
        pw_name: root
        rgrp: true
        roth: true
        rusr: true
        size: 61496
        uid: 0
        wgrp: false
        woth: false
        wusr: true
        xgrp: false
        xoth: false
        xusr: false
    md5sum: 5dcbf0b1634d9197df36bbee455977fc
    mode: '0644'
    owner: root
    size: 61496
    src: /home/ubuntu/.ansible/tmp/ansible-tmp-1780754802.0889282-481386-28471103448034/.source.deb
    state: file
    uid: 0
changed: [Host34_1] => (item=libipset13_7.19-1ubuntu2_amd64.deb) =>
    ansible_loop_var: item
    changed: true
    checksum: 9c28d9c6ac99bcc6c7943dc83b0fbac967ef8d90
    dest: /tmp/preflight-debs/libipset13_7.19-1ubuntu2_amd64.deb
    gid: 0
    group: root
    item:
        atime: 1712595803.0
        ctime: 1780714186.1014242
        dev: 2096
        gid: 0
        gr_name: root
        inode: 10717
        isblk: false
        ischr: false
        isdir: false
        isfifo: false
        isgid: false
        islnk: false
        isreg: true
        issock: false
        isuid: false
        mode: '0644'
        mtime: 1712595803.0
        nlink: 1
        path: /opt/fabric-cache/apt-packages/libipset13_7.19-1ubuntu2_amd64.deb
        pw_name: root
        rgrp: true
        roth: true
        rusr: true
        size: 61496
        uid: 0
        wgrp: false
        woth: false
        wusr: true
        xgrp: false
        xoth: false
        xusr: false
    md5sum: 5dcbf0b1634d9197df36bbee455977fc
    mode: '0644'
    owner: root
    size: 61496
    src: /home/ubuntu/.ansible/tmp/ansible-tmp-1780754802.1088028-481385-266775707105647/.source.deb
    state: file
    uid: 0
changed: [Host12_3] => (item=libipset13_7.19-1ubuntu2_amd64.deb) =>
    ansible_loop_var: item
    changed: true
    checksum: 9c28d9c6ac99bcc6c7943dc83b0fbac967ef8d90
    dest: /tmp/preflight-debs/libipset13_7.19-1ubuntu2_amd64.deb
    gid: 0
    group: root
    item:
        atime: 1712595803.0
        ctime: 1780714186.1014242
        dev: 2096
        gid: 0
        gr_name: root
        inode: 10717
        isblk: false
        ischr: false
        isdir: false
        isfifo: false
        isgid: false
        islnk: false
        isreg: true
        issock: false
        isuid: false
        mode: '0644'
        mtime: 1712595803.0
        nlink: 1
        path: /opt/fabric-cache/apt-packages/libipset13_7.19-1ubuntu2_amd64.deb
        pw_name: root
        rgrp: true
        roth: true
        rusr: true
        size: 61496
        uid: 0
        wgrp: false
        woth: false
        wusr: true
        xgrp: false
        xoth: false
        xusr: false
    md5sum: 5dcbf0b1634d9197df36bbee455977fc
    mode: '0644'
    owner: root
    size: 61496
    src: /home/ubuntu/.ansible/tmp/ansible-tmp-1780754802.2395806-481388-166003192703086/.source.deb
    state: file
    uid: 0
changed: [Host12_2] => (item=libipset13_7.19-1ubuntu2_amd64.deb) =>
    ansible_loop_var: item
    changed: true
    checksum: 9c28d9c6ac99bcc6c7943dc83b0fbac967ef8d90
    dest: /tmp/preflight-debs/libipset13_7.19-1ubuntu2_amd64.deb
    gid: 0
    group: root
    item:
        atime: 1712595803.0
        ctime: 1780714186.1014242
        dev: 2096
        gid: 0
        gr_name: root
        inode: 10717
        isblk: false
        ischr: false
        isdir: false
        isfifo: false
        isgid: false
        islnk: false
        isreg: true
        issock: false
        isuid: false
        mode: '0644'
        mtime: 1712595803.0
        nlink: 1
        path: /opt/fabric-cache/apt-packages/libipset13_7.19-1ubuntu2_amd64.deb
        pw_name: root
        rgrp: true
        roth: true
        rusr: true
        size: 61496
        uid: 0
        wgrp: false
        woth: false
        wusr: true
        xgrp: false
        xoth: false
        xusr: false
    md5sum: 5dcbf0b1634d9197df36bbee455977fc
    mode: '0644'
    owner: root
    size: 61496
    src: /home/ubuntu/.ansible/tmp/ansible-tmp-1780754802.1448805-481387-75806838773/.source.deb
    state: file
    uid: 0
changed: [Host12_1] => (item=libipset13_7.19-1ubuntu2_amd64.deb) =>
    ansible_loop_var: item
    changed: true
    checksum: 9c28d9c6ac99bcc6c7943dc83b0fbac967ef8d90
    dest: /tmp/preflight-debs/libipset13_7.19-1ubuntu2_amd64.deb
    gid: 0
    group: root
    item:
        atime: 1712595803.0
        ctime: 1780714186.1014242
        dev: 2096
        gid: 0
        gr_name: root
        inode: 10717
        isblk: false
        ischr: false
        isdir: false
        isfifo: false
        isgid: false
        islnk: false
        isreg: true
        issock: false
        isuid: false
        mode: '0644'
        mtime: 1712595803.0
        nlink: 1
        path: /opt/fabric-cache/apt-packages/libipset13_7.19-1ubuntu2_amd64.deb
        pw_name: root
        rgrp: true
        roth: true
        rusr: true
        size: 61496
        uid: 0
        wgrp: false
        woth: false
        wusr: true
        xgrp: false
        xoth: false
        xusr: false
    md5sum: 5dcbf0b1634d9197df36bbee455977fc
    mode: '0644'
    owner: root
    size: 61496
    src: /home/ubuntu/.ansible/tmp/ansible-tmp-1780754802.166187-481384-150019159346359/.source.deb
    state: file
    uid: 0
changed: [Host12_3] => (item=ipvsadm_1%3a1.31-1ubuntu0.1_amd64.deb) =>
    ansible_loop_var: item
    changed: true
    checksum: cb1472bcd6d417b534234d95c316d58a01dfe2a3
    dest: /tmp/preflight-debs/ipvsadm_1%3a1.31-1ubuntu0.1_amd64.deb
    gid: 0
    group: root
    item:
        atime: 1780748597.6862004
        ctime: 1780714129.1054614
        dev: 2096
        gid: 0
        gr_name: root
        inode: 10713
        isblk: false
        ischr: false
        isdir: false
        isfifo: false
        isgid: false
        islnk: false
        isreg: true
        issock: false
        isuid: false
        mode: '0644'
        mtime: 1723802238.0
        nlink: 1
        path: /opt/fabric-cache/apt-packages/ipvsadm_1%3a1.31-1ubuntu0.1_amd64.deb
        pw_name: root
        rgrp: true
        roth: true
        rusr: true
        size: 40290
        uid: 0
        wgrp: false
        woth: false
        wusr: true
        xgrp: false
        xoth: false
        xusr: false
    md5sum: bd4f0c865dfad5b94a30f44fc50bc242
    mode: '0644'
    owner: root
    size: 40290
    src: /home/ubuntu/.ansible/tmp/ansible-tmp-1780754811.6313603-481388-33089549489036/.source.deb
    state: file
    uid: 0
changed: [Host34_2] => (item=libipset13_7.19-1ubuntu2_amd64.deb) =>
    ansible_loop_var: item
    changed: true
    checksum: 9c28d9c6ac99bcc6c7943dc83b0fbac967ef8d90
    dest: /tmp/preflight-debs/libipset13_7.19-1ubuntu2_amd64.deb
    gid: 0
    group: root
    item:
        atime: 1712595803.0
        ctime: 1780714186.1014242
        dev: 2096
        gid: 0
        gr_name: root
        inode: 10717
        isblk: false
        ischr: false
        isdir: false
        isfifo: false
        isgid: false
        islnk: false
        isreg: true
        issock: false
        isuid: false
        mode: '0644'
        mtime: 1712595803.0
        nlink: 1
        path: /opt/fabric-cache/apt-packages/libipset13_7.19-1ubuntu2_amd64.deb
        pw_name: root
        rgrp: true
        roth: true
        rusr: true
        size: 61496
        uid: 0
        wgrp: false
        woth: false
        wusr: true
        xgrp: false
        xoth: false
        xusr: false
    md5sum: 5dcbf0b1634d9197df36bbee455977fc
    mode: '0644'
    owner: root
    size: 61496
    src: /home/ubuntu/.ansible/tmp/ansible-tmp-1780754812.2538962-481571-228104819291416/.source.deb
    state: file
    uid: 0
ok: [Host12_3] => (item=socat_1.8.0.0-4build3_amd64.deb) =>
    ansible_loop_var: item
    changed: false
    checksum: 36e4f68b64fdf984aae9257252f130972497fe3b
    dest: /tmp/preflight-debs/socat_1.8.0.0-4build3_amd64.deb
    gid: 0
    group: root
    item:
        atime: 1780748597.698202
        ctime: 1780714128.8116148
        dev: 2096
        gid: 0
        gr_name: root
        inode: 10708
        isblk: false
        ischr: false
        isdir: false
        isfifo: false
        isgid: false
        islnk: false
        isreg: true
        issock: false
        isuid: false
        mode: '0644'
        mtime: 1712589645.0
        nlink: 1
        path: /opt/fabric-cache/apt-packages/socat_1.8.0.0-4build3_amd64.deb
        pw_name: root
        rgrp: true
        roth: true
        rusr: true
        size: 373594
        uid: 0
        wgrp: false
        woth: false
        wusr: true
        xgrp: false
        xoth: false
        xusr: false
    mode: '0644'
    owner: root
    path: /tmp/preflight-debs/socat_1.8.0.0-4build3_amd64.deb
    size: 373594
    state: file
    uid: 0
ok: [Host12_3] => (item=apt-transport-https_2.8.3_all.deb) =>
    ansible_loop_var: item
    changed: false
    checksum: 3a09824ebc894a1223bb1e6b8fdf1b5453123f8c
    dest: /tmp/preflight-debs/apt-transport-https_2.8.3_all.deb
    gid: 0
    group: root
    item:
        atime: 1780748633.093992
        ctime: 1780714129.1054614
        dev: 2096
        gid: 0
        gr_name: root
        inode: 10714
        isblk: false
        ischr: false
        isdir: false
        isfifo: false
        isgid: false
        islnk: false
        isreg: true
        issock: false
        isuid: false
        mode: '0644'
        mtime: 1743198754.0
        nlink: 1
        path: /opt/fabric-cache/apt-packages/apt-transport-https_2.8.3_all.deb
        pw_name: root
        rgrp: true
        roth: true
        rusr: true
        size: 3970
        uid: 0
        wgrp: false
        woth: false
        wusr: true
        xgrp: false
        xoth: false
        xusr: false
    mode: '0644'
    owner: root
    path: /tmp/preflight-debs/apt-transport-https_2.8.3_all.deb
    size: 3970
    state: file
    uid: 0
ok: [Host12_3] => (item=conntrack_1%3a1.4.8-1ubuntu1_amd64.deb) =>
    ansible_loop_var: item
    changed: false
    checksum: 1732351d9d6b5364529af9f1c7bdb06346116e0e
    dest: /tmp/preflight-debs/conntrack_1%3a1.4.8-1ubuntu1_amd64.deb
    gid: 0
    group: root
    item:
        atime: 1780748663.779439
        ctime: 1780714128.4264133
        dev: 2096
        gid: 0
        gr_name: root
        inode: 2954
        isblk: false
        ischr: false
        isdir: false
        isfifo: false
        isgid: false
        islnk: false
        isreg: true
        issock: false
        isuid: false
        mode: '0644'
        mtime: 1712258168.0
        nlink: 1
        path: /opt/fabric-cache/apt-packages/conntrack_1%3a1.4.8-1ubuntu1_amd64.deb
        pw_name: root
        rgrp: true
        roth: true
        rusr: true
        size: 37856
        uid: 0
        wgrp: false
        woth: false
        wusr: true
        xgrp: false
        xoth: false
        xusr: false
    mode: '0644'
    owner: root
    path: /tmp/preflight-debs/conntrack_1%3a1.4.8-1ubuntu1_amd64.deb
    size: 37856
    state: file
    uid: 0
ok: [Host12_3] => (item=ipset_7.19-1ubuntu2_amd64.deb) =>
    ansible_loop_var: item
    changed: false
    checksum: 63a4d18fbcdd6f6496b524ada414b7082883b40d
    dest: /tmp/preflight-debs/ipset_7.19-1ubuntu2_amd64.deb
    gid: 0
    group: root
    item:
        atime: 1780748698.7623367
        ctime: 1780714128.4502401
        dev: 2096
        gid: 0
        gr_name: root
        inode: 10700
        isblk: false
        ischr: false
        isdir: false
        isfifo: false
        isgid: false
        islnk: false
        isreg: true
        issock: false
        isuid: false
        mode: '0644'
        mtime: 1712595803.0
        nlink: 1
        path: /opt/fabric-cache/apt-packages/ipset_7.19-1ubuntu2_amd64.deb
        pw_name: root
        rgrp: true
        roth: true
        rusr: true
        size: 32618
        uid: 0
        wgrp: false
        woth: false
        wusr: true
        xgrp: false
        xoth: false
        xusr: false
    mode: '0644'
    owner: root
    path: /tmp/preflight-debs/ipset_7.19-1ubuntu2_amd64.deb
    size: 32618
    state: file
    uid: 0

TASK [Install .deb packages via dpkg] ***************************************************************************************************************************************************************************
changed: [HostB12_1] =>
    changed: true
    cmd: |-
        dpkg -i /tmp/preflight-debs/*.deb 2>&1 || true
    delta: '0:00:01.976818'
    end: '2026-06-06 14:07:30.770702'
    msg: ''
    rc: 0
    start: '2026-06-06 14:07:28.793884'
    stderr: ''
    stderr_lines: <omitted>
    stdout: |-
        Selecting previously unselected package libipset13:amd64.
        (Reading database ... 82640 files and directories currently installed.)
        Preparing to unpack .../libipset13_7.19-1ubuntu2_amd64.deb ...
        Unpacking libipset13:amd64 (7.19-1ubuntu2) ...
        Setting up libipset13:amd64 (7.19-1ubuntu2) ...
        Processing triggers for libc-bin (2.39-0ubuntu8.7) ...
    stdout_lines: <omitted>
changed: [Host34_1] =>
    changed: true
    cmd: |-
        dpkg -i /tmp/preflight-debs/*.deb 2>&1 || true
    delta: '0:00:02.157445'
    end: '2026-06-06 14:07:30.768305'
    msg: ''
    rc: 0
    start: '2026-06-06 14:07:28.610860'
    stderr: ''
    stderr_lines: <omitted>
    stdout: |-
        Selecting previously unselected package libipset13:amd64.
        (Reading database ... 82640 files and directories currently installed.)
        Preparing to unpack .../libipset13_7.19-1ubuntu2_amd64.deb ...
        Unpacking libipset13:amd64 (7.19-1ubuntu2) ...
        Setting up libipset13:amd64 (7.19-1ubuntu2) ...
        Processing triggers for libc-bin (2.39-0ubuntu8.7) ...
    stdout_lines: <omitted>
changed: [Host12_1] =>
    changed: true
    cmd: |-
        dpkg -i /tmp/preflight-debs/*.deb 2>&1 || true
    delta: '0:00:02.550198'
    end: '2026-06-06 14:07:30.746745'
    msg: ''
    rc: 0
    start: '2026-06-06 14:07:28.196547'
    stderr: ''
    stderr_lines: <omitted>
    stdout: |-
        Selecting previously unselected package libipset13:amd64.
        (Reading database ... 82640 files and directories currently installed.)
        Preparing to unpack .../libipset13_7.19-1ubuntu2_amd64.deb ...
        Unpacking libipset13:amd64 (7.19-1ubuntu2) ...
        Setting up libipset13:amd64 (7.19-1ubuntu2) ...
        Processing triggers for libc-bin (2.39-0ubuntu8.7) ...
    stdout_lines: <omitted>
changed: [Host12_2] =>
    changed: true
    cmd: |-
        dpkg -i /tmp/preflight-debs/*.deb 2>&1 || true
    delta: '0:00:01.822567'
    end: '2026-06-06 14:07:30.727658'
    msg: ''
    rc: 0
    start: '2026-06-06 14:07:28.905091'
    stderr: ''
    stderr_lines: <omitted>
    stdout: |-
        Selecting previously unselected package libipset13:amd64.
        (Reading database ... 82640 files and directories currently installed.)
        Preparing to unpack .../libipset13_7.19-1ubuntu2_amd64.deb ...
        Unpacking libipset13:amd64 (7.19-1ubuntu2) ...
        Setting up libipset13:amd64 (7.19-1ubuntu2) ...
        Processing triggers for libc-bin (2.39-0ubuntu8.7) ...
    stdout_lines: <omitted>
changed: [Host34_2] =>
    changed: true
    cmd: |-
        dpkg -i /tmp/preflight-debs/*.deb 2>&1 || true
    delta: '0:00:00.957164'
    end: '2026-06-06 14:07:34.576856'
    msg: ''
    rc: 0
    start: '2026-06-06 14:07:33.619692'
    stderr: ''
    stderr_lines: <omitted>
    stdout: |-
        Selecting previously unselected package libipset13:amd64.
        (Reading database ... 82640 files and directories currently installed.)
        Preparing to unpack .../libipset13_7.19-1ubuntu2_amd64.deb ...
        Unpacking libipset13:amd64 (7.19-1ubuntu2) ...
        Setting up libipset13:amd64 (7.19-1ubuntu2) ...
        Processing triggers for libc-bin (2.39-0ubuntu8.7) ...
    stdout_lines: <omitted>
changed: [Host12_3] =>
    changed: true
    cmd: |-
        dpkg -i /tmp/preflight-debs/*.deb 2>&1 || true
    delta: '0:00:06.322803'
    end: '2026-06-06 14:07:34.645895'
    msg: ''
    rc: 0
    start: '2026-06-06 14:07:28.323092'
    stderr: ''
    stderr_lines: <omitted>
    stdout: |-
        Selecting previously unselected package apt-transport-https.
        (Reading database ... 82564 files and directories currently installed.)
        Preparing to unpack .../apt-transport-https_2.8.3_all.deb ...
        Unpacking apt-transport-https (2.8.3) ...
        Selecting previously unselected package conntrack.
        Preparing to unpack .../conntrack_1%3a1.4.8-1ubuntu1_amd64.deb ...
        Unpacking conntrack (1:1.4.8-1ubuntu1) ...
        Selecting previously unselected package ipset.
        Preparing to unpack .../ipset_7.19-1ubuntu2_amd64.deb ...
        Unpacking ipset (7.19-1ubuntu2) ...
        Selecting previously unselected package ipvsadm.
        Preparing to unpack .../ipvsadm_1%3a1.31-1ubuntu0.1_amd64.deb ...
        Unpacking ipvsadm (1:1.31-1ubuntu0.1) ...
        Selecting previously unselected package libipset13:amd64.
        Preparing to unpack .../libipset13_7.19-1ubuntu2_amd64.deb ...
        Unpacking libipset13:amd64 (7.19-1ubuntu2) ...
        Selecting previously unselected package socat.
        Preparing to unpack .../socat_1.8.0.0-4build3_amd64.deb ...
        Unpacking socat (1.8.0.0-4build3) ...
        Setting up apt-transport-https (2.8.3) ...
        Setting up conntrack (1:1.4.8-1ubuntu1) ...
        Setting up ipvsadm (1:1.31-1ubuntu0.1) ...
        Setting up libipset13:amd64 (7.19-1ubuntu2) ...
        Setting up socat (1.8.0.0-4build3) ...
        Setting up ipset (7.19-1ubuntu2) ...
        Processing triggers for man-db (2.12.0-4build2) ...
        Processing triggers for libc-bin (2.39-0ubuntu8.7) ...
    stdout_lines: <omitted>

TASK [Verify packages after dpkg install] ***********************************************************************************************************************************************************************
ok: [Host34_1] =>
    changed: false
    cmd: |-
        still_missing=""
        for pkg in  libipset13; do
          if ! dpkg -s "$pkg" >/dev/null 2>&1; then
            still_missing="$still_missing $pkg"
          fi
        done
        echo "$still_missing"
    delta: '0:00:00.039417'
    end: '2026-06-06 14:07:36.993619'
    msg: ''
    rc: 0
    start: '2026-06-06 14:07:36.954202'
    stderr: ''
    stderr_lines: <omitted>
    stdout: ''
    stdout_lines: <omitted>
ok: [Host12_1] =>
    changed: false
    cmd: |-
        still_missing=""
        for pkg in  libipset13; do
          if ! dpkg -s "$pkg" >/dev/null 2>&1; then
            still_missing="$still_missing $pkg"
          fi
        done
        echo "$still_missing"
    delta: '0:00:00.027426'
    end: '2026-06-06 14:07:37.221613'
    msg: ''
    rc: 0
    start: '2026-06-06 14:07:37.194187'
    stderr: ''
    stderr_lines: <omitted>
    stdout: ''
    stdout_lines: <omitted>
ok: [HostB12_1] =>
    changed: false
    cmd: |-
        still_missing=""
        for pkg in  libipset13; do
          if ! dpkg -s "$pkg" >/dev/null 2>&1; then
            still_missing="$still_missing $pkg"
          fi
        done
        echo "$still_missing"
    delta: '0:00:00.028743'
    end: '2026-06-06 14:07:37.574917'
    msg: ''
    rc: 0
    start: '2026-06-06 14:07:37.546174'
    stderr: ''
    stderr_lines: <omitted>
    stdout: ''
    stdout_lines: <omitted>
ok: [Host12_2] =>
    changed: false
    cmd: |-
        still_missing=""
        for pkg in  libipset13; do
          if ! dpkg -s "$pkg" >/dev/null 2>&1; then
            still_missing="$still_missing $pkg"
          fi
        done
        echo "$still_missing"
    delta: '0:00:00.030699'
    end: '2026-06-06 14:07:37.551936'
    msg: ''
    rc: 0
    start: '2026-06-06 14:07:37.521237'
    stderr: ''
    stderr_lines: <omitted>
    stdout: ''
    stdout_lines: <omitted>
ok: [Host12_3] =>
    changed: false
    cmd: |-
        still_missing=""
        for pkg in  apt-transport-https conntrack socat ipset libipset13 ipvsadm; do
          if ! dpkg -s "$pkg" >/dev/null 2>&1; then
            still_missing="$still_missing $pkg"
          fi
        done
        echo "$still_missing"
    delta: '0:00:00.116585'
    end: '2026-06-06 14:07:38.050225'
    msg: ''
    rc: 0
    start: '2026-06-06 14:07:37.933640'
    stderr: ''
    stderr_lines: <omitted>
    stdout: ''
    stdout_lines: <omitted>
ok: [Host34_2] =>
    changed: false
    cmd: |-
        still_missing=""
        for pkg in  libipset13; do
          if ! dpkg -s "$pkg" >/dev/null 2>&1; then
            still_missing="$still_missing $pkg"
          fi
        done
        echo "$still_missing"
    delta: '0:00:00.027902'
    end: '2026-06-06 14:07:39.851190'
    msg: ''
    rc: 0
    start: '2026-06-06 14:07:39.823288'
    stderr: ''
    stderr_lines: <omitted>
    stdout: ''
    stdout_lines: <omitted>

TASK [Warn if packages still missing after dpkg fallback] *******************************************************************************************************************************************************
skipping: [Host12_1] =>
    false_condition: _still_missing.stdout | trim | length > 0
skipping: [Host34_1] =>
    false_condition: _still_missing.stdout | trim | length > 0
skipping: [HostB12_1] =>
    false_condition: _still_missing.stdout | trim | length > 0
skipping: [Host12_2] =>
    false_condition: _still_missing.stdout | trim | length > 0
skipping: [Host12_3] =>
    false_condition: _still_missing.stdout | trim | length > 0
skipping: [Host34_2] =>
    false_condition: _still_missing.stdout | trim | length > 0

TASK [Clean up temp deb staging] ********************************************************************************************************************************************************************************
changed: [Host12_3] =>
    changed: true
    path: /tmp/preflight-debs
    state: absent
changed: [Host34_1] =>
    changed: true
    path: /tmp/preflight-debs
    state: absent
changed: [Host12_1] =>
    changed: true
    path: /tmp/preflight-debs
    state: absent
changed: [HostB12_1] =>
    changed: true
    path: /tmp/preflight-debs
    state: absent
changed: [Host12_2] =>
    changed: true
    path: /tmp/preflight-debs
    state: absent
changed: [Host34_2] =>
    changed: true
    path: /tmp/preflight-debs
    state: absent

TASK [Set hostname to kube_node_name] ***************************************************************************************************************************************************************************
ok: [Host12_2] =>
    ansible_facts:
        ansible_domain: ''
        ansible_fqdn: host12-2
        ansible_hostname: host12-2
        ansible_nodename: host12-2
    changed: false
    name: host12-2
ok: [HostB12_1] =>
    ansible_facts:
        ansible_domain: ''
        ansible_fqdn: hostb12-1
        ansible_hostname: hostb12-1
        ansible_nodename: hostb12-1
    changed: false
    name: hostb12-1
ok: [Host34_1] =>
    ansible_facts:
        ansible_domain: ''
        ansible_fqdn: host34-1
        ansible_hostname: host34-1
        ansible_nodename: host34-1
    changed: false
    name: host34-1
ok: [Host12_1] =>
    ansible_facts:
        ansible_domain: ''
        ansible_fqdn: host12-1
        ansible_hostname: host12-1
        ansible_nodename: host12-1
    changed: false
    name: host12-1
ok: [Host12_3] =>
    ansible_facts:
        ansible_domain: ''
        ansible_fqdn: host12-3
        ansible_hostname: host12-3
        ansible_nodename: host12-3
    changed: false
    name: host12-3
ok: [Host34_2] =>
    ansible_facts:
        ansible_domain: ''
        ansible_fqdn: host34-2
        ansible_hostname: host34-2
        ansible_nodename: host34-2
    changed: false
    name: host34-2

TASK [preflight_hw | Check disk write latency for etcd (real hardware)] *****************************************************************************************************************************************
skipping: [Host12_1] =>
    changed: false
    false_condition: automation_profile == 'real_hardware'
    skip_reason: Conditional result was False
skipping: [Host34_1] =>
    changed: false
    false_condition: automation_profile == 'real_hardware'
    skip_reason: Conditional result was False
skipping: [HostB12_1] =>
    changed: false
    false_condition: automation_profile == 'real_hardware'
    skip_reason: Conditional result was False
skipping: [Host12_2] =>
    changed: false
    false_condition: automation_profile == 'real_hardware'
    skip_reason: Conditional result was False
skipping: [Host12_3] =>
    changed: false
    false_condition: automation_profile == 'real_hardware'
    skip_reason: Conditional result was False
skipping: [Host34_2] =>
    changed: false
    false_condition: automation_profile == 'real_hardware'
    skip_reason: Conditional result was False

TASK [preflight_hw | Report disk IOPS result] *******************************************************************************************************************************************************************
skipping: [Host12_1] =>
    false_condition: automation_profile == 'real_hardware'
skipping: [Host34_1] =>
    false_condition: automation_profile == 'real_hardware'
skipping: [HostB12_1] =>
    false_condition: automation_profile == 'real_hardware'
skipping: [Host12_2] =>
    false_condition: automation_profile == 'real_hardware'
skipping: [Host12_3] =>
    false_condition: automation_profile == 'real_hardware'
skipping: [Host34_2] =>
    false_condition: automation_profile == 'real_hardware'

PLAY [Phase 4: Execute KubeSpray cluster.yml] *******************************************************************************************************************************************************************

TASK [Display deployment plan] **********************************************************************************************************************************************************************************
ok: [localhost] =>
    msg: |-
        Deploying Kubernetes cluster via KubeSpray
        Profile: ubuntu_r810_kvm
        Timeout: 180s
        SSH user: ubuntu
        ProxyJump: nh1221@R810
        Inventory: /opt/fabric-cache/kubespray/src/inventory/dc-lab/hosts.yml

TASK [Clear stale SSH ControlMaster sockets] ********************************************************************************************************************************************************************
ok: [localhost] =>
    changed: false
    cmd: rm -f ~/.ansible/cp/* /tmp/ansible-ssh-* 2>/dev/null || true
    delta: '0:00:00.007236'
    end: '2026-06-06 09:08:01.031975'
    msg: ''
    rc: 0
    start: '2026-06-06 09:08:01.024739'
    stderr: ''
    stderr_lines: <omitted>
    stdout: ''
    stdout_lines: <omitted>

TASK [Write ProxyCommand wrapper script for R810 hop] ***********************************************************************************************************************************************************
ok: [localhost] =>
    changed: false
    checksum: 08ab1d209dd412967f74bc7606419b7529ab1fb5
    dest: /tmp/kube-proxy-jump.sh
    gid: 0
    group: root
    mode: '0755'
    owner: root
    path: /tmp/kube-proxy-jump.sh
    size: 360
    state: file
    uid: 0

TASK [Patch kubespray ansible.cfg — disable host key checking] **************************************************************************************************************************************************
ok: [localhost] =>
    backup: ''
    changed: false
    msg: ''

TASK [Patch kubespray ansible.cfg — SSH args via ProxyCommand script] *******************************************************************************************************************************************
ok: [localhost] =>
    backup: ''
    changed: false
    msg: ''

TASK [Patch kubespray ansible.cfg — SSH args (no proxy)] ********************************************************************************************************************************************************
skipping: [localhost] =>
    changed: false
    false_condition: proxy_jump_resolved | default('') | length == 0
    skip_reason: Conditional result was False

TASK [Patch kubespray ansible.cfg — disable pipelining] *********************************************************************************************************************************************************
ok: [localhost] =>
    backup: ''
    changed: false
    msg: ''

TASK [Run KubeSpray cluster.yml] ********************************************************************************************************************************************************************************
