It failed again. Verify all these below "UNREACHEABLE" and investigate this, whther it will fail our this kubespray playbook run as well:
We are going back and forth with this a lot...
(venv) nh1221@Lab-ControlNode:/mnt/c/Users/nh1221/data-center/_v3$ ansible-playbook -i inventory/hosts.yml playbooks/reused/deploy_kubespray.yml -v
Using /mnt/c/Users/nh1221/data-center/_v3/ansible.cfg as config file

PLAY [Phase 1: Prepare Deployer Machine for KubeSpray] **********************************************************************************************************************************************************

TASK [Gathering Facts] ******************************************************************************************************************************************************************************************
ok: [localhost]

TASK [Check if preflight cache already has KubeSpray] ***********************************************************************************************************************************************************
ok: [localhost] =>
    changed: false
    stat:
        atime: 1780702676.2516725
        attr_flags: e
        attributes:
        - extents
        block_size: 4096
        blocks: 8
        charset: us-ascii
        checksum: 839788fd9abeb621a45d90f4402e50452d2c5fae
        ctime: 1780348752.9773448
        dev: 2096
        device_type: 0
        executable: false
        exists: true
        gid: 0
        gr_name: root
        inode: 215624
        isblk: false
        ischr: false
        isdir: false
        isfifo: false
        isgid: false
        islnk: false
        isreg: true
        issock: false
        isuid: false
        mimetype: text/plain
        mode: '0644'
        mtime: 1780348752.9773448
        nlink: 1
        path: /opt/fabric-cache/kubespray/src/cluster.yml
        pw_name: root
        readable: true
        rgrp: true
        roth: true
        rusr: true
        size: 88
        uid: 0
        version: '1215577206'
        wgrp: false
        woth: false
        writeable: true
        wusr: true
        xgrp: false
        xoth: false
        xusr: false

TASK [Display automation profile] *******************************************************************************************************************************************************************************
ok: [localhost] =>
    msg: |-
        Automation Profile: ubuntu_r810_kvm
        KubeSpray dir: /opt/fabric-cache/kubespray/src (already cached)
        Controllers: Host12_1, Host34_1, HostB12_1
        Workers: Host12_2, Host12_3, Host34_2
        All kube_nodes: Host12_1, Host34_1, HostB12_1, Host12_2, Host12_3, Host34_2

TASK [Install system packages for KubeSpray] ********************************************************************************************************************************************************************
ok: [localhost] =>
    cache_update_time: 1780713988
    cache_updated: false
    changed: false

TASK [Clone KubeSpray repository (skipped if preflight cache available)] ****************************************************************************************************************************************
skipping: [localhost] =>
    changed: false
    false_condition: not _cache_stat.stat.exists
    skip_reason: Conditional result was False

TASK [Create Python virtual environment] ************************************************************************************************************************************************************************
ok: [localhost] =>
    changed: false
    cmd:
    - python3
    - -m
    - venv
    - /opt/fabric-cache/kubespray/venv
    delta: null
    end: null
    msg: Did not run command since '/opt/fabric-cache/kubespray/venv/bin/activate' exists
    rc: 0
    start: null
    stderr: ''
    stderr_lines: <omitted>
    stdout: skipped, since /opt/fabric-cache/kubespray/venv/bin/activate exists
    stdout_lines: <omitted>

TASK [Install KubeSpray requirements in venv] *******************************************************************************************************************************************************************
ok: [localhost] =>
    changed: false
    cmd:
    - /opt/fabric-cache/kubespray/venv/bin/pip3
    - install
    - -r
    - /opt/fabric-cache/kubespray/src/requirements.txt
    name: null
    requirements: /opt/fabric-cache/kubespray/src/requirements.txt
    state: present
    stderr: ''
    stderr_lines: <omitted>
    stdout: |-
        Requirement already satisfied: ansible==9.5.1 in /opt/fabric-cache/kubespray/venv/lib/python3.12/site-packages (from -r /opt/fabric-cache/kubespray/src/requirements.txt (line 1)) (9.5.1)
        Requirement already satisfied: cryptography==42.0.7 in /opt/fabric-cache/kubespray/venv/lib/python3.12/site-packages (from -r /opt/fabric-cache/kubespray/src/requirements.txt (line 2)) (42.0.7)
        Requirement already satisfied: jinja2==3.1.4 in /opt/fabric-cache/kubespray/venv/lib/python3.12/site-packages (from -r /opt/fabric-cache/kubespray/src/requirements.txt (line 3)) (3.1.4)
        Requirement already satisfied: jmespath==1.0.1 in /opt/fabric-cache/kubespray/venv/lib/python3.12/site-packages (from -r /opt/fabric-cache/kubespray/src/requirements.txt (line 4)) (1.0.1)
        Requirement already satisfied: MarkupSafe==2.1.5 in /opt/fabric-cache/kubespray/venv/lib/python3.12/site-packages (from -r /opt/fabric-cache/kubespray/src/requirements.txt (line 5)) (2.1.5)
        Requirement already satisfied: netaddr==1.2.1 in /opt/fabric-cache/kubespray/venv/lib/python3.12/site-packages (from -r /opt/fabric-cache/kubespray/src/requirements.txt (line 6)) (1.2.1)
        Requirement already satisfied: pbr==6.0.0 in /opt/fabric-cache/kubespray/venv/lib/python3.12/site-packages (from -r /opt/fabric-cache/kubespray/src/requirements.txt (line 7)) (6.0.0)
        Requirement already satisfied: ruamel.yaml==0.18.6 in /opt/fabric-cache/kubespray/venv/lib/python3.12/site-packages (from -r /opt/fabric-cache/kubespray/src/requirements.txt (line 8)) (0.18.6)
        Requirement already satisfied: ruamel.yaml.clib==0.2.8 in /opt/fabric-cache/kubespray/venv/lib/python3.12/site-packages (from -r /opt/fabric-cache/kubespray/src/requirements.txt (line 9)) (0.2.8)
        Requirement already satisfied: jsonschema==4.22.0 in /opt/fabric-cache/kubespray/venv/lib/python3.12/site-packages (from -r /opt/fabric-cache/kubespray/src/requirements.txt (line 10)) (4.22.0)
        Requirement already satisfied: ansible-core~=2.16.6 in /opt/fabric-cache/kubespray/venv/lib/python3.12/site-packages (from ansible==9.5.1->-r /opt/fabric-cache/kubespray/src/requirements.txt (line 1)) (2.16.18)
        Requirement already satisfied: cffi>=1.12 in /opt/fabric-cache/kubespray/venv/lib/python3.12/site-packages (from cryptography==42.0.7->-r /opt/fabric-cache/kubespray/src/requirements.txt (line 2)) (2.0.0)
        Requirement already satisfied: attrs>=22.2.0 in /opt/fabric-cache/kubespray/venv/lib/python3.12/site-packages (from jsonschema==4.22.0->-r /opt/fabric-cache/kubespray/src/requirements.txt (line 10)) (26.1.0)
        Requirement already satisfied: jsonschema-specifications>=2023.03.6 in /opt/fabric-cache/kubespray/venv/lib/python3.12/site-packages (from jsonschema==4.22.0->-r /opt/fabric-cache/kubespray/src/requirements.txt (line 10)) (2025.9.1)
        Requirement already satisfied: referencing>=0.28.4 in /opt/fabric-cache/kubespray/venv/lib/python3.12/site-packages (from jsonschema==4.22.0->-r /opt/fabric-cache/kubespray/src/requirements.txt (line 10)) (0.37.0)
        Requirement already satisfied: rpds-py>=0.7.1 in /opt/fabric-cache/kubespray/venv/lib/python3.12/site-packages (from jsonschema==4.22.0->-r /opt/fabric-cache/kubespray/src/requirements.txt (line 10)) (2026.5.1)
        Requirement already satisfied: PyYAML>=5.1 in /opt/fabric-cache/kubespray/venv/lib/python3.12/site-packages (from ansible-core~=2.16.6->ansible==9.5.1->-r /opt/fabric-cache/kubespray/src/requirements.txt (line 1)) (6.0.3)
        Requirement already satisfied: packaging in /opt/fabric-cache/kubespray/venv/lib/python3.12/site-packages (from ansible-core~=2.16.6->ansible==9.5.1->-r /opt/fabric-cache/kubespray/src/requirements.txt (line 1)) (26.2)
        Requirement already satisfied: resolvelib<1.1.0,>=0.5.3 in /opt/fabric-cache/kubespray/venv/lib/python3.12/site-packages (from ansible-core~=2.16.6->ansible==9.5.1->-r /opt/fabric-cache/kubespray/src/requirements.txt (line 1)) (1.0.1)
        Requirement already satisfied: pycparser in /opt/fabric-cache/kubespray/venv/lib/python3.12/site-packages (from cffi>=1.12->cryptography==42.0.7->-r /opt/fabric-cache/kubespray/src/requirements.txt (line 2)) (3.0)
        Requirement already satisfied: typing-extensions>=4.4.0 in /opt/fabric-cache/kubespray/venv/lib/python3.12/site-packages (from referencing>=0.28.4->jsonschema==4.22.0->-r /opt/fabric-cache/kubespray/src/requirements.txt (line 10)) (4.15.0)
    stdout_lines: <omitted>
    version: null
    virtualenv: /opt/fabric-cache/kubespray/venv

TASK [Ensure KubeSpray download cache directory exists] *********************************************************************************************************************************************************
ok: [localhost] =>
    changed: false
    gid: 0
    group: root
    mode: '0755'
    owner: root
    path: /opt/fabric-cache/kubespray/download-cache
    size: 4096
    state: directory
    uid: 0

TASK [Verify tinyproxy is reachable on R810 hypervisor (air-gapped proxy)] **************************************************************************************************************************************
ok: [localhost] =>
    body: |-
        <?xml version="1.0" encoding="UTF-8" ?>
        <!DOCTYPE html PUBLIC "-//W3C//DTD XHTML 1.1//EN" "http://www.w3.org/TR/xhtml11/DTD/xhtml11.dtd">

        <html xmlns="http://www.w3.org/1999/xhtml" xml:lang="en">

        <head>
        <title>403 Access denied</title>
        <meta http-equiv="Content-Type" content="text/html; charset=UTF-8" />
        </head>

        <body>

        <h1>Access denied</h1>

        <p>The administrator of this proxy has not configured it to service requests from your host.</p>

        <hr />

        <p><em>Generated by <a href="https://tinyproxy.github.io/">tinyproxy</a>.</em></p>

        </body>

        </html>
    changed: false
    connection: close
    content_type: text/html
    elapsed: 0
    failed_when_result: false
    msg: 'HTTP Error 403: Access denied'
    redirected: false
    server: tinyproxy
    status: 403
    url: http://R810:8888

TASK [Warn if tinyproxy not reachable on R810] ******************************************************************************************************************************************************************
skipping: [localhost] =>
    false_condition: _proxy_check is failed or (_proxy_check.status | default(-1)) ==
        -1

TASK [Install Helm binary on deployer] **************************************************************************************************************************************************************************
ok: [localhost] =>
    changed: false
    cmd: |-
        if ! command -v helm &>/dev/null; then
          curl -fsSL https://raw.githubusercontent.com/helm/helm/main/scripts/get-helm-3 | bash
        fi
        helm version --short
    delta: '0:00:00.436367'
    end: '2026-06-06 06:24:08.279381'
    msg: ''
    rc: 0
    start: '2026-06-06 06:24:07.843014'
    stderr: ''
    stderr_lines: <omitted>
    stdout: |-
        /usr/local/bin/helm
        Helm v3.21.0 is already latest
        v3.21.0+ge0878d4
    stdout_lines: <omitted>

TASK [Display KubeSpray readiness] ******************************************************************************************************************************************************************************
ok: [localhost] =>
    msg: |-
        KubeSpray v2.24.1 ready at: /opt/fabric-cache/kubespray/src
        Virtual env: /opt/fabric-cache/kubespray/venv
        Helm: /usr/local/bin/helm
        Helm v3.21.0 is already latest
        v3.21.0+ge0878d4
        Profile: ubuntu_r810_kvm
        Source: preflight cache

PLAY [Phase 2: Generate KubeSpray Inventory (multi-node, profile-aware)] ****************************************************************************************************************************************

TASK [Validate kube_nodes group is populated] *******************************************************************************************************************************************************************
ok: [localhost] =>
    changed: false
    msg: All assertions passed

TASK [Create KubeSpray inventory directory] *********************************************************************************************************************************************************************
ok: [localhost] =>
    changed: false
    gid: 0
    group: root
    mode: '0755'
    owner: root
    path: /opt/fabric-cache/kubespray/src/inventory/dc-lab/group_vars/all
    size: 4096
    state: directory
    uid: 0

TASK [Create KubeSpray inventory directory (k8s-cluster)] *******************************************************************************************************************************************************
ok: [localhost] =>
    changed: false
    gid: 0
    group: root
    mode: '0755'
    owner: root
    path: /opt/fabric-cache/kubespray/src/inventory/dc-lab/group_vars/k8s_cluster
    size: 4096
    state: directory
    uid: 0

TASK [Generate KubeSpray hosts.yml] *****************************************************************************************************************************************************************************
ok: [localhost] =>
    changed: false
    checksum: ec13de1bebc11fa15b63382aca6bb63e5929d046
    dest: /opt/fabric-cache/kubespray/src/inventory/dc-lab/hosts.yml
    gid: 0
    group: root
    mode: '0644'
    owner: root
    path: /opt/fabric-cache/kubespray/src/inventory/dc-lab/hosts.yml
    size: 1734
    state: file
    uid: 0

TASK [Generate KubeSpray all.yml vars] **************************************************************************************************************************************************************************
ok: [localhost] =>
    changed: false
    checksum: dc73e891dc1ecd87b8a3633c7f8470ccd8b0567b
    dest: /opt/fabric-cache/kubespray/src/inventory/dc-lab/group_vars/all/all.yml
    gid: 0
    group: root
    mode: '0644'
    owner: root
    path: /opt/fabric-cache/kubespray/src/inventory/dc-lab/group_vars/all/all.yml
    size: 2402
    state: file
    uid: 0

TASK [Generate KubeSpray k8s-cluster.yml vars] ******************************************************************************************************************************************************************
ok: [localhost] =>
    changed: false
    checksum: 17dae6501499b01aed972ca7749614e675243583
    dest: /opt/fabric-cache/kubespray/src/inventory/dc-lab/group_vars/k8s_cluster/k8s-cluster.yml
    gid: 0
    group: root
    mode: '0644'
    owner: root
    path: /opt/fabric-cache/kubespray/src/inventory/dc-lab/group_vars/k8s_cluster/k8s-cluster.yml
    size: 1759
    state: file
    uid: 0

TASK [Generate KubeSpray addons.yml] ****************************************************************************************************************************************************************************
ok: [localhost] =>
    changed: false
    checksum: 3784ee4db54f6a123647a3b6f79c7883dc57782a
    dest: /opt/fabric-cache/kubespray/src/inventory/dc-lab/group_vars/k8s_cluster/addons.yml
    gid: 0
    group: root
    mode: '0644'
    owner: root
    path: /opt/fabric-cache/kubespray/src/inventory/dc-lab/group_vars/k8s_cluster/addons.yml
    size: 1032
    state: file
    uid: 0

TASK [Display generated inventory summary] **********************************************************************************************************************************************************************
ok: [localhost] =>
    msg: |-
        KubeSpray inventory generated at: /opt/fabric-cache/kubespray/src/inventory/dc-lab
        Profile: ubuntu_r810_kvm
        Controllers (kube_control_plane + etcd): Host12_1, Host34_1, HostB12_1
        Workers (kube_node): Host12_2, Host12_3, Host34_2

PLAY [Phase 3: Prepare All Kubernetes Nodes] ********************************************************************************************************************************************************************

TASK [Gathering Facts] ******************************************************************************************************************************************************************************************
ok: [Host12_1]
ok: [Host34_1]
ok: [HostB12_1]
ok: [Host12_2]
ok: [Host12_3]
ok: [Host34_2]

TASK [Disable swap (required by kubelet)] ***********************************************************************************************************************************************************************
changed: [Host34_1] =>
    changed: true
    cmd: |-
        swapoff -a
        sed -i '/\sswap\s/d' /etc/fstab
    delta: '0:00:00.015262'
    end: '2026-06-06 11:24:30.199341'
    msg: ''
    rc: 0
    start: '2026-06-06 11:24:30.184079'
    stderr: ''
    stderr_lines: <omitted>
    stdout: ''
    stdout_lines: <omitted>
changed: [Host12_1] =>
    changed: true
    cmd: |-
        swapoff -a
        sed -i '/\sswap\s/d' /etc/fstab
    delta: '0:00:00.014874'
    end: '2026-06-06 11:24:30.304722'
    msg: ''
    rc: 0
    start: '2026-06-06 11:24:30.289848'
    stderr: ''
    stderr_lines: <omitted>
    stdout: ''
    stdout_lines: <omitted>
changed: [Host12_2] =>
    changed: true
    cmd: |-
        swapoff -a
        sed -i '/\sswap\s/d' /etc/fstab
    delta: '0:00:00.015304'
    end: '2026-06-06 11:24:30.498693'
    msg: ''
    rc: 0
    start: '2026-06-06 11:24:30.483389'
    stderr: ''
    stderr_lines: <omitted>
    stdout: ''
    stdout_lines: <omitted>
changed: [Host12_3] =>
    changed: true
    cmd: |-
        swapoff -a
        sed -i '/\sswap\s/d' /etc/fstab
    delta: '0:00:00.013054'
    end: '2026-06-06 11:24:30.712997'
    msg: ''
    rc: 0
    start: '2026-06-06 11:24:30.699943'
    stderr: ''
    stderr_lines: <omitted>
    stdout: ''
    stdout_lines: <omitted>
changed: [HostB12_1] =>
    changed: true
    cmd: |-
        swapoff -a
        sed -i '/\sswap\s/d' /etc/fstab
    delta: '0:00:00.026563'
    end: '2026-06-06 11:24:31.121046'
    msg: ''
    rc: 0
    start: '2026-06-06 11:24:31.094483'
    stderr: ''
    stderr_lines: <omitted>
    stdout: ''
    stdout_lines: <omitted>
changed: [Host34_2] =>
    changed: true
    cmd: |-
        swapoff -a
        sed -i '/\sswap\s/d' /etc/fstab
    delta: '0:00:00.013533'
    end: '2026-06-06 11:24:32.671902'
    msg: ''
    rc: 0
    start: '2026-06-06 11:24:32.658369'
    stderr: ''
    stderr_lines: <omitted>
    stdout: ''
    stdout_lines: <omitted>

TASK [Load required kernel modules] *****************************************************************************************************************************************************************************
ok: [Host34_1] => (item=br_netfilter) =>
    ansible_loop_var: item
    changed: false
    item: br_netfilter
    name: br_netfilter
    params: ''
    state: present
ok: [Host12_3] => (item=br_netfilter) =>
    ansible_loop_var: item
    changed: false
    item: br_netfilter
    name: br_netfilter
    params: ''
    state: present
ok: [Host12_1] => (item=br_netfilter) =>
    ansible_loop_var: item
    changed: false
    item: br_netfilter
    name: br_netfilter
    params: ''
    state: present
ok: [HostB12_1] => (item=br_netfilter) =>
    ansible_loop_var: item
    changed: false
    item: br_netfilter
    name: br_netfilter
    params: ''
    state: present
ok: [Host12_2] => (item=br_netfilter) =>
    ansible_loop_var: item
    changed: false
    item: br_netfilter
    name: br_netfilter
    params: ''
    state: present
ok: [Host34_1] => (item=overlay) =>
    ansible_loop_var: item
    changed: false
    item: overlay
    name: overlay
    params: ''
    state: present
ok: [Host12_3] => (item=overlay) =>
    ansible_loop_var: item
    changed: false
    item: overlay
    name: overlay
    params: ''
    state: present
ok: [HostB12_1] => (item=overlay) =>
    ansible_loop_var: item
    changed: false
    item: overlay
    name: overlay
    params: ''
    state: present
ok: [Host12_1] => (item=overlay) =>
    ansible_loop_var: item
    changed: false
    item: overlay
    name: overlay
    params: ''
    state: present
ok: [Host12_2] => (item=overlay) =>
    ansible_loop_var: item
    changed: false
    item: overlay
    name: overlay
    params: ''
    state: present
ok: [Host34_1] => (item=ip_vs) =>
    ansible_loop_var: item
    changed: false
    item: ip_vs
    name: ip_vs
    params: ''
    state: present
ok: [Host12_3] => (item=ip_vs) =>
    ansible_loop_var: item
    changed: false
    item: ip_vs
    name: ip_vs
    params: ''
    state: present
ok: [Host12_2] => (item=ip_vs) =>
    ansible_loop_var: item
    changed: false
    item: ip_vs
    name: ip_vs
    params: ''
    state: present
ok: [Host12_1] => (item=ip_vs) =>
    ansible_loop_var: item
    changed: false
    item: ip_vs
    name: ip_vs
    params: ''
    state: present
ok: [HostB12_1] => (item=ip_vs) =>
    ansible_loop_var: item
    changed: false
    item: ip_vs
    name: ip_vs
    params: ''
    state: present
ok: [Host34_1] => (item=ip_vs_rr) =>
    ansible_loop_var: item
    changed: false
    item: ip_vs_rr
    name: ip_vs_rr
    params: ''
    state: present
ok: [Host12_3] => (item=ip_vs_rr) =>
    ansible_loop_var: item
    changed: false
    item: ip_vs_rr
    name: ip_vs_rr
    params: ''
    state: present
ok: [Host12_2] => (item=ip_vs_rr) =>
    ansible_loop_var: item
    changed: false
    item: ip_vs_rr
    name: ip_vs_rr
    params: ''
    state: present
ok: [HostB12_1] => (item=ip_vs_rr) =>
    ansible_loop_var: item
    changed: false
    item: ip_vs_rr
    name: ip_vs_rr
    params: ''
    state: present
ok: [Host12_1] => (item=ip_vs_rr) =>
    ansible_loop_var: item
    changed: false
    item: ip_vs_rr
    name: ip_vs_rr
    params: ''
    state: present
ok: [Host34_1] => (item=ip_vs_wrr) =>
    ansible_loop_var: item
    changed: false
    item: ip_vs_wrr
    name: ip_vs_wrr
    params: ''
    state: present
ok: [Host12_3] => (item=ip_vs_wrr) =>
    ansible_loop_var: item
    changed: false
    item: ip_vs_wrr
    name: ip_vs_wrr
    params: ''
    state: present
ok: [Host12_2] => (item=ip_vs_wrr) =>
    ansible_loop_var: item
    changed: false
    item: ip_vs_wrr
    name: ip_vs_wrr
    params: ''
    state: present
ok: [HostB12_1] => (item=ip_vs_wrr) =>
    ansible_loop_var: item
    changed: false
    item: ip_vs_wrr
    name: ip_vs_wrr
    params: ''
    state: present
ok: [Host12_1] => (item=ip_vs_wrr) =>
    ansible_loop_var: item
    changed: false
    item: ip_vs_wrr
    name: ip_vs_wrr
    params: ''
    state: present
ok: [Host12_3] => (item=ip_vs_sh) =>
    ansible_loop_var: item
    changed: false
    item: ip_vs_sh
    name: ip_vs_sh
    params: ''
    state: present
ok: [Host34_1] => (item=ip_vs_sh) =>
    ansible_loop_var: item
    changed: false
    item: ip_vs_sh
    name: ip_vs_sh
    params: ''
    state: present
ok: [Host12_2] => (item=ip_vs_sh) =>
    ansible_loop_var: item
    changed: false
    item: ip_vs_sh
    name: ip_vs_sh
    params: ''
    state: present
ok: [HostB12_1] => (item=ip_vs_sh) =>
    ansible_loop_var: item
    changed: false
    item: ip_vs_sh
    name: ip_vs_sh
    params: ''
    state: present
ok: [Host12_1] => (item=ip_vs_sh) =>
    ansible_loop_var: item
    changed: false
    item: ip_vs_sh
    name: ip_vs_sh
    params: ''
    state: present
ok: [Host34_2] => (item=br_netfilter) =>
    ansible_loop_var: item
    changed: false
    item: br_netfilter
    name: br_netfilter
    params: ''
    state: present
ok: [Host34_2] => (item=overlay) =>
    ansible_loop_var: item
    changed: false
    item: overlay
    name: overlay
    params: ''
    state: present
ok: [Host34_2] => (item=ip_vs) =>
    ansible_loop_var: item
    changed: false
    item: ip_vs
    name: ip_vs
    params: ''
    state: present
ok: [Host34_2] => (item=ip_vs_rr) =>
    ansible_loop_var: item
    changed: false
    item: ip_vs_rr
    name: ip_vs_rr
    params: ''
    state: present
ok: [Host34_2] => (item=ip_vs_wrr) =>
    ansible_loop_var: item
    changed: false
    item: ip_vs_wrr
    name: ip_vs_wrr
    params: ''
    state: present
ok: [Host34_2] => (item=ip_vs_sh) =>
    ansible_loop_var: item
    changed: false
    item: ip_vs_sh
    name: ip_vs_sh
    params: ''
    state: present

TASK [Persist kernel modules] ***********************************************************************************************************************************************************************************
ok: [HostB12_1] =>
    changed: false
    checksum: 8b5cfdb1c25aa2f17b8c7fdc34af47a30030e535
    dest: /etc/modules-load.d/k8s.conf
    gid: 0
    group: root
    mode: '0644'
    owner: root
    path: /etc/modules-load.d/k8s.conf
    size: 55
    state: file
    uid: 0
ok: [Host34_1] =>
    changed: false
    checksum: 8b5cfdb1c25aa2f17b8c7fdc34af47a30030e535
    dest: /etc/modules-load.d/k8s.conf
    gid: 0
    group: root
    mode: '0644'
    owner: root
    path: /etc/modules-load.d/k8s.conf
    size: 55
    state: file
    uid: 0
ok: [Host12_2] =>
    changed: false
    checksum: 8b5cfdb1c25aa2f17b8c7fdc34af47a30030e535
    dest: /etc/modules-load.d/k8s.conf
    gid: 0
    group: root
    mode: '0644'
    owner: root
    path: /etc/modules-load.d/k8s.conf
    size: 55
    state: file
    uid: 0
ok: [Host12_3] =>
    changed: false
    checksum: 8b5cfdb1c25aa2f17b8c7fdc34af47a30030e535
    dest: /etc/modules-load.d/k8s.conf
    gid: 0
    group: root
    mode: '0644'
    owner: root
    path: /etc/modules-load.d/k8s.conf
    size: 55
    state: file
    uid: 0
ok: [Host12_1] =>
    changed: false
    checksum: 8b5cfdb1c25aa2f17b8c7fdc34af47a30030e535
    dest: /etc/modules-load.d/k8s.conf
    gid: 0
    group: root
    mode: '0644'
    owner: root
    path: /etc/modules-load.d/k8s.conf
    size: 55
    state: file
    uid: 0
ok: [Host34_2] =>
    changed: false
    checksum: 8b5cfdb1c25aa2f17b8c7fdc34af47a30030e535
    dest: /etc/modules-load.d/k8s.conf
    gid: 0
    group: root
    mode: '0644'
    owner: root
    path: /etc/modules-load.d/k8s.conf
    size: 55
    state: file
    uid: 0

TASK [Set sysctl parameters for Kubernetes] *********************************************************************************************************************************************************************
ok: [Host34_1] => (item={'key': 'net.bridge.bridge-nf-call-iptables', 'value': '1'}) =>
    ansible_loop_var: item
    changed: false
    item:
        key: net.bridge.bridge-nf-call-iptables
        value: '1'
ok: [Host12_3] => (item={'key': 'net.bridge.bridge-nf-call-iptables', 'value': '1'}) =>
    ansible_loop_var: item
    changed: false
    item:
        key: net.bridge.bridge-nf-call-iptables
        value: '1'
ok: [HostB12_1] => (item={'key': 'net.bridge.bridge-nf-call-iptables', 'value': '1'}) =>
    ansible_loop_var: item
    changed: false
    item:
        key: net.bridge.bridge-nf-call-iptables
        value: '1'
ok: [Host12_1] => (item={'key': 'net.bridge.bridge-nf-call-iptables', 'value': '1'}) =>
    ansible_loop_var: item
    changed: false
    item:
        key: net.bridge.bridge-nf-call-iptables
        value: '1'
ok: [Host12_2] => (item={'key': 'net.bridge.bridge-nf-call-iptables', 'value': '1'}) =>
    ansible_loop_var: item
    changed: false
    item:
        key: net.bridge.bridge-nf-call-iptables
        value: '1'
ok: [Host34_1] => (item={'key': 'net.bridge.bridge-nf-call-ip6tables', 'value': '1'}) =>
    ansible_loop_var: item
    changed: false
    item:
        key: net.bridge.bridge-nf-call-ip6tables
        value: '1'
ok: [HostB12_1] => (item={'key': 'net.bridge.bridge-nf-call-ip6tables', 'value': '1'}) =>
    ansible_loop_var: item
    changed: false
    item:
        key: net.bridge.bridge-nf-call-ip6tables
        value: '1'
[ERROR]: Task failed: Data could not be sent to remote host "172.16.2.45". Make sure this host can be reached over ssh: ssh: connect to host 192.168.9.198 port 22: Network is unreachable
Connection closed by UNKNOWN port 65535
Origin: /mnt/c/Users/nh1221/data-center/_v3/playbooks/reused/deploy_kubespray.yml:244:7

242         mode: '0644'
243
244     - name: Set sysctl parameters for Kubernetes
          ^ column 7

failed: [HostB12_1] (item={'key': 'net.ipv4.ip_forward', 'value': '1'}) =>
    ansible_loop_var: item
    changed: false
    item:
        key: net.ipv4.ip_forward
        value: '1'
    msg: |-
        Task failed: Data could not be sent to remote host "172.16.2.45". Make sure this host can be reached over ssh: ssh: connect to host 192.168.9.198 port 22: Network is unreachable
        Connection closed by UNKNOWN port 65535
    unreachable: true
ok: [Host12_3] => (item={'key': 'net.bridge.bridge-nf-call-ip6tables', 'value': '1'}) =>
    ansible_loop_var: item
    changed: false
    item:
        key: net.bridge.bridge-nf-call-ip6tables
        value: '1'
ok: [Host12_1] => (item={'key': 'net.bridge.bridge-nf-call-ip6tables', 'value': '1'}) =>
    ansible_loop_var: item
    changed: false
    item:
        key: net.bridge.bridge-nf-call-ip6tables
        value: '1'
ok: [Host12_2] => (item={'key': 'net.bridge.bridge-nf-call-ip6tables', 'value': '1'}) =>
    ansible_loop_var: item
    changed: false
    item:
        key: net.bridge.bridge-nf-call-ip6tables
        value: '1'
ok: [Host34_1] => (item={'key': 'net.ipv4.ip_forward', 'value': '1'}) =>
    ansible_loop_var: item
    changed: false
    item:
        key: net.ipv4.ip_forward
        value: '1'
ok: [Host12_3] => (item={'key': 'net.ipv4.ip_forward', 'value': '1'}) =>
    ansible_loop_var: item
    changed: false
    item:
        key: net.ipv4.ip_forward
        value: '1'
ok: [Host12_1] => (item={'key': 'net.ipv4.ip_forward', 'value': '1'}) =>
    ansible_loop_var: item
    changed: false
    item:
        key: net.ipv4.ip_forward
        value: '1'
ok: [HostB12_1] => (item={'key': 'net.ipv6.conf.all.forwarding', 'value': '1'}) =>
    ansible_loop_var: item
    changed: false
    item:
        key: net.ipv6.conf.all.forwarding
        value: '1'
fatal: [HostB12_1]: UNREACHABLE! =>
    changed: false
    msg: All items completed
    results:
    -   ansible_loop_var: item
        changed: false
        failed: false
        invocation:
            module_args:
                ignoreerrors: false
                name: net.bridge.bridge-nf-call-iptables
                reload: true
                state: present
                sysctl_file: /etc/sysctl.d/99-kubernetes.conf
                sysctl_set: false
                value: '1'
        item:
            key: net.bridge.bridge-nf-call-iptables
            value: '1'
    -   ansible_loop_var: item
        changed: false
        failed: false
        invocation:
            module_args:
                ignoreerrors: false
                name: net.bridge.bridge-nf-call-ip6tables
                reload: true
                state: present
                sysctl_file: /etc/sysctl.d/99-kubernetes.conf
                sysctl_set: false
                value: '1'
        item:
            key: net.bridge.bridge-nf-call-ip6tables
            value: '1'
    -   ansible_loop_var: item
        changed: false
        exception: (traceback unavailable)
        item:
            key: net.ipv4.ip_forward
            value: '1'
        msg: |-
            Task failed: Data could not be sent to remote host "172.16.2.45". Make sure this host can be reached over ssh: ssh: connect to host 192.168.9.198 port 22: Network is unreachable
            Connection closed by UNKNOWN port 65535
        unreachable: true
    -   ansible_loop_var: item
        changed: false
        failed: false
        invocation:
            module_args:
                ignoreerrors: false
                name: net.ipv6.conf.all.forwarding
                reload: true
                state: present
                sysctl_file: /etc/sysctl.d/99-kubernetes.conf
                sysctl_set: false
                value: '1'
        item:
            key: net.ipv6.conf.all.forwarding
            value: '1'
    unreachable: true
ok: [Host12_2] => (item={'key': 'net.ipv4.ip_forward', 'value': '1'}) =>
    ansible_loop_var: item
    changed: false
    item:
        key: net.ipv4.ip_forward
        value: '1'
ok: [Host34_1] => (item={'key': 'net.ipv6.conf.all.forwarding', 'value': '1'}) =>
    ansible_loop_var: item
    changed: false
    item:
        key: net.ipv6.conf.all.forwarding
        value: '1'
ok: [Host12_3] => (item={'key': 'net.ipv6.conf.all.forwarding', 'value': '1'}) =>
    ansible_loop_var: item
    changed: false
    item:
        key: net.ipv6.conf.all.forwarding
        value: '1'
ok: [Host12_1] => (item={'key': 'net.ipv6.conf.all.forwarding', 'value': '1'}) =>
    ansible_loop_var: item
    changed: false
    item:
        key: net.ipv6.conf.all.forwarding
        value: '1'
ok: [Host12_2] => (item={'key': 'net.ipv6.conf.all.forwarding', 'value': '1'}) =>
    ansible_loop_var: item
    changed: false
    item:
        key: net.ipv6.conf.all.forwarding
        value: '1'
ok: [Host34_2] => (item={'key': 'net.bridge.bridge-nf-call-iptables', 'value': '1'}) =>
    ansible_loop_var: item
    changed: false
    item:
        key: net.bridge.bridge-nf-call-iptables
        value: '1'
ok: [Host34_2] => (item={'key': 'net.bridge.bridge-nf-call-ip6tables', 'value': '1'}) =>
    ansible_loop_var: item
    changed: false
    item:
        key: net.bridge.bridge-nf-call-ip6tables
        value: '1'
ok: [Host34_2] => (item={'key': 'net.ipv4.ip_forward', 'value': '1'}) =>
    ansible_loop_var: item
    changed: false
    item:
        key: net.ipv4.ip_forward
        value: '1'
ok: [Host34_2] => (item={'key': 'net.ipv6.conf.all.forwarding', 'value': '1'}) =>
    ansible_loop_var: item
    changed: false
    item:
        key: net.ipv6.conf.all.forwarding
        value: '1'

TASK [Identify missing prerequisite packages] *******************************************************************************************************************************************************************
ok: [Host12_1] =>
    changed: false
    cmd: |-
        missing=""
        for pkg in apt-transport-https ca-certificates curl gnupg lsb-release conntrack socat ipset ipvsadm; do
          if ! dpkg -s "$pkg" &>/dev/null; then
            missing="$missing $pkg"
          fi
        done
        echo "$missing"
    delta: '0:00:00.054679'
    end: '2026-06-06 11:25:44.814471'
    failed_when_result: false
    msg: ''
    rc: 0
    start: '2026-06-06 11:25:44.759792'
    stderr: |-
        dpkg-query: package 'apt-transport-https' is not installed and no information is available
        Use dpkg --info (= dpkg-deb --info) to examine archive files.
        dpkg-query: package 'ipvsadm' is not installed and no information is available
        Use dpkg --info (= dpkg-deb --info) to examine archive files.
        dpkg-query: package 'conntrack' is not installed and no information is available
        Use dpkg --info (= dpkg-deb --info) to examine archive files.
        dpkg-query: package 'ipset' is not installed and no information is available
        Use dpkg --info (= dpkg-deb --info) to examine archive files.
        dpkg-query: package 'socat' is not installed and no information is available
        Use dpkg --info (= dpkg-deb --info) to examine archive files.
    stderr_lines: <omitted>
    stdout: |4-
         apt-transport-https ca-certificates curl gnupg lsb-release conntrack socat ipset ipvsadm
        Package: curl
        Status: install ok installed
        Priority: optional
        Section: web
        Installed-Size: 522
        Maintainer: Ubuntu Developers <ubuntu-devel-discuss@lists.ubuntu.com>
        Architecture: amd64
        Multi-Arch: foreign
        Version: 8.5.0-2ubuntu10.9
        Depends: libc6 (>= 2.34), libcurl4t64 (= 8.5.0-2ubuntu10.9), zlib1g (>= 1:1.1.4)
        Description: command line tool for transferring data with URL syntax
         curl is a command line tool for transferring data with URL syntax, supporting
         DICT, FILE, FTP, FTPS, GOPHER, HTTP, HTTPS, IMAP, IMAPS, LDAP, LDAPS, POP3,
         POP3S, RTMP, RTSP, SCP, SFTP, SMTP, SMTPS, TELNET and TFTP.
         .
         curl supports SSL certificates, HTTP POST, HTTP PUT, FTP uploading, HTTP form
         based upload, proxies, cookies, user+password authentication (Basic, Digest,
         NTLM, Negotiate, kerberos...), file transfer resume, proxy tunneling and a
         busload of other useful tricks.
        Homepage: https://curl.se/
        Original-Maintainer: Debian Curl Maintainers <team+curl@tracker.debian.org>
        Package: ca-certificates
        Status: install ok installed
        Priority: important
        Section: misc
        Installed-Size: 386
        Maintainer: Ubuntu Developers <ubuntu-devel-discuss@lists.ubuntu.com>
        Architecture: all
        Multi-Arch: foreign
        Version: 20240203
        Depends: openssl (>= 1.1.1), debconf (>= 0.5) | debconf-2.0
        Breaks: ca-certificates-java (<< 20121112+nmu1)
        Enhances: openssl
        Description: Common CA certificates
         Contains the certificate authorities shipped with Mozilla's browser to allow
         SSL-based applications to check for the authenticity of SSL connections.
         .
         Please note that Debian can neither confirm nor deny whether the
         certificate authorities whose certificates are included in this package
         have in any way been audited for trustworthiness or RFC 3647 compliance.
         Full responsibility to assess them belongs to the local system
         administrator.
        Original-Maintainer: Julien Cristau <jcristau@debian.org>
        Package: lsb-release
        Status: install ok installed
        Priority: important
        Section: misc
        Installed-Size: 17
        Maintainer: Ubuntu Developers <ubuntu-devel-discuss@lists.ubuntu.com>
        Architecture: all
        Multi-Arch: foreign
        Source: lsb-release-minimal
        Version: 12.0-2
        Description: Linux Standard Base version reporting utility (minimal implementation)
         The Linux Standard Base (http://www.linuxbase.org/) is a standard
         core system that third-party applications written for Linux can
         depend upon.
         .
         The lsb_release command is a simple tool to help identify the Linux
         distribution being used and its compliance with the Linux Standard Base.
         .
         This package contains a bare-bones implementation that uses the
         information in /etc/os-release instead of relying on LSB packages.
        Original-Maintainer: Gioele Barabucci <gioele@svario.it>
        Homepage: https://gioele.io/lsb-release-minimal
        Package: gnupg
        Status: install ok installed
        Priority: optional
        Section: utils
        Installed-Size: 509
        Maintainer: Ubuntu Developers <ubuntu-devel-discuss@lists.ubuntu.com>
        Architecture: all
        Multi-Arch: foreign
        Source: gnupg2
        Version: 2.4.4-2ubuntu17.4
        Depends: dirmngr (<< 2.4.4-2ubuntu17.4.1~), dirmngr (>= 2.4.4-2ubuntu17.4), gnupg-utils (<< 2.4.4-2ubuntu17.4.1~), gnupg-utils (>= 2.4.4-2ubuntu17.4), gpg (<< 2.4.4-2ubuntu17.4.1~), gpg (>= 2.4.4-2ubuntu17.4), gpg-agent (<< 2.4.4-2ubuntu17.4.1~), gpg-agent (>= 2.4.4-2ubuntu17.4), gpgsm (<< 2.4.4-2ubuntu17.4.1~), gpgsm (>= 2.4.4-2ubuntu17.4), gpgv (<< 2.4.4-2ubuntu17.4.1~), gpgv (>= 2.4.4-2ubuntu17.4), keyboxd (<< 2.4.4-2ubuntu17.4.1~), keyboxd (>= 2.4.4-2ubuntu17.4)
        Recommends: gnupg-l10n (= 2.4.4-2ubuntu17.4), gpg-wks-client (<< 2.4.4-2ubuntu17.4.1~), gpg-wks-client (>= 2.4.4-2ubuntu17.4)
        Suggests: parcimonie, xloadimage, gpg-wks-server (<< 2.4.4-2ubuntu17.4.1~), gpg-wks-server (>= 2.4.4-2ubuntu17.4)
        Breaks: debsig-verify (<< 0.15), dirmngr (<< 2.4.4-2ubuntu17.4), libgnupg-interface-perl (<< 0.52-3), libgnupg-perl (<= 0.19-1), libmail-gnupg-perl (<= 0.22-1), monkeysphere (<< 0.38~), php-crypt-gpg (<= 1.4.1-1), python-apt (<= 1.1.0~beta4), python-gnupg (<< 0.3.8-3), python3-apt (<= 1.1.0~beta4)
        Description: GNU privacy guard - a free PGP replacement
         GnuPG is GNU's tool for secure communication and data storage.
         It can be used to encrypt data and to create digital signatures.
         It includes an advanced key management facility and is compliant
         with the proposed OpenPGP Internet standard as described in RFC4880.
         .
         This package contains the full suite of GnuPG tools for cryptographic
         communications and data storage.
        Homepage: https://www.gnupg.org/
        Original-Maintainer: Debian GnuPG Maintainers <pkg-gnupg-maint@lists.alioth.debian.org>
    stdout_lines: <omitted>
ok: [Host12_3] =>
    changed: false
    cmd: |-
        missing=""
        for pkg in apt-transport-https ca-certificates curl gnupg lsb-release conntrack socat ipset ipvsadm; do
          if ! dpkg -s "$pkg" &>/dev/null; then
            missing="$missing $pkg"
          fi
        done
        echo "$missing"
    delta: '0:00:00.039845'
    end: '2026-06-06 11:25:44.958081'
    failed_when_result: false
    msg: ''
    rc: 0
    start: '2026-06-06 11:25:44.918236'
    stderr: |-
        dpkg-query: package 'ipvsadm' is not installed and no information is available
        Use dpkg --info (= dpkg-deb --info) to examine archive files.
        dpkg-query: package 'conntrack' is not installed and no information is available
        Use dpkg --info (= dpkg-deb --info) to examine archive files.
        dpkg-query: package 'apt-transport-https' is not installed and no information is available
        Use dpkg --info (= dpkg-deb --info) to examine archive files.
        dpkg-query: package 'socat' is not installed and no information is available
        Use dpkg --info (= dpkg-deb --info) to examine archive files.
        dpkg-query: package 'ipset' is not installed and no information is available
        Use dpkg --info (= dpkg-deb --info) to examine archive files.
    stderr_lines: <omitted>
    stdout: |4-
         apt-transport-https ca-certificates curl gnupg lsb-release conntrack socat ipset ipvsadm
        Package: curl
        Status: install ok installed
        Priority: optional
        Section: web
        Installed-Size: 522
        Maintainer: Ubuntu Developers <ubuntu-devel-discuss@lists.ubuntu.com>
        Architecture: amd64
        Multi-Arch: foreign
        Version: 8.5.0-2ubuntu10.9
        Depends: libc6 (>= 2.34), libcurl4t64 (= 8.5.0-2ubuntu10.9), zlib1g (>= 1:1.1.4)
        Description: command line tool for transferring data with URL syntax
         curl is a command line tool for transferring data with URL syntax, supporting
         DICT, FILE, FTP, FTPS, GOPHER, HTTP, HTTPS, IMAP, IMAPS, LDAP, LDAPS, POP3,
         POP3S, RTMP, RTSP, SCP, SFTP, SMTP, SMTPS, TELNET and TFTP.
         .
         curl supports SSL certificates, HTTP POST, HTTP PUT, FTP uploading, HTTP form
         based upload, proxies, cookies, user+password authentication (Basic, Digest,
         NTLM, Negotiate, kerberos...), file transfer resume, proxy tunneling and a
         busload of other useful tricks.
        Homepage: https://curl.se/
        Original-Maintainer: Debian Curl Maintainers <team+curl@tracker.debian.org>
        Package: ca-certificates
        Status: install ok installed
        Priority: important
        Section: misc
        Installed-Size: 386
        Maintainer: Ubuntu Developers <ubuntu-devel-discuss@lists.ubuntu.com>
        Architecture: all
        Multi-Arch: foreign
        Version: 20240203
        Depends: openssl (>= 1.1.1), debconf (>= 0.5) | debconf-2.0
        Breaks: ca-certificates-java (<< 20121112+nmu1)
        Enhances: openssl
        Description: Common CA certificates
         Contains the certificate authorities shipped with Mozilla's browser to allow
         SSL-based applications to check for the authenticity of SSL connections.
         .
         Please note that Debian can neither confirm nor deny whether the
         certificate authorities whose certificates are included in this package
         have in any way been audited for trustworthiness or RFC 3647 compliance.
         Full responsibility to assess them belongs to the local system
         administrator.
        Original-Maintainer: Julien Cristau <jcristau@debian.org>
        Package: gnupg
        Status: install ok installed
        Priority: optional
        Section: utils
        Installed-Size: 509
        Maintainer: Ubuntu Developers <ubuntu-devel-discuss@lists.ubuntu.com>
        Architecture: all
        Multi-Arch: foreign
        Source: gnupg2
        Version: 2.4.4-2ubuntu17.4
        Depends: dirmngr (<< 2.4.4-2ubuntu17.4.1~), dirmngr (>= 2.4.4-2ubuntu17.4), gnupg-utils (<< 2.4.4-2ubuntu17.4.1~), gnupg-utils (>= 2.4.4-2ubuntu17.4), gpg (<< 2.4.4-2ubuntu17.4.1~), gpg (>= 2.4.4-2ubuntu17.4), gpg-agent (<< 2.4.4-2ubuntu17.4.1~), gpg-agent (>= 2.4.4-2ubuntu17.4), gpgsm (<< 2.4.4-2ubuntu17.4.1~), gpgsm (>= 2.4.4-2ubuntu17.4), gpgv (<< 2.4.4-2ubuntu17.4.1~), gpgv (>= 2.4.4-2ubuntu17.4), keyboxd (<< 2.4.4-2ubuntu17.4.1~), keyboxd (>= 2.4.4-2ubuntu17.4)
        Recommends: gnupg-l10n (= 2.4.4-2ubuntu17.4), gpg-wks-client (<< 2.4.4-2ubuntu17.4.1~), gpg-wks-client (>= 2.4.4-2ubuntu17.4)
        Suggests: parcimonie, xloadimage, gpg-wks-server (<< 2.4.4-2ubuntu17.4.1~), gpg-wks-server (>= 2.4.4-2ubuntu17.4)
        Breaks: debsig-verify (<< 0.15), dirmngr (<< 2.4.4-2ubuntu17.4), libgnupg-interface-perl (<< 0.52-3), libgnupg-perl (<= 0.19-1), libmail-gnupg-perl (<= 0.22-1), monkeysphere (<< 0.38~), php-crypt-gpg (<= 1.4.1-1), python-apt (<= 1.1.0~beta4), python-gnupg (<< 0.3.8-3), python3-apt (<= 1.1.0~beta4)
        Description: GNU privacy guard - a free PGP replacement
         GnuPG is GNU's tool for secure communication and data storage.
         It can be used to encrypt data and to create digital signatures.
         It includes an advanced key management facility and is compliant
         with the proposed OpenPGP Internet standard as described in RFC4880.
         .
         This package contains the full suite of GnuPG tools for cryptographic
         communications and data storage.
        Homepage: https://www.gnupg.org/
        Original-Maintainer: Debian GnuPG Maintainers <pkg-gnupg-maint@lists.alioth.debian.org>
        Package: lsb-release
        Status: install ok installed
        Priority: important
        Section: misc
        Installed-Size: 17
        Maintainer: Ubuntu Developers <ubuntu-devel-discuss@lists.ubuntu.com>
        Architecture: all
        Multi-Arch: foreign
        Source: lsb-release-minimal
        Version: 12.0-2
        Description: Linux Standard Base version reporting utility (minimal implementation)
         The Linux Standard Base (http://www.linuxbase.org/) is a standard
         core system that third-party applications written for Linux can
         depend upon.
         .
         The lsb_release command is a simple tool to help identify the Linux
         distribution being used and its compliance with the Linux Standard Base.
         .
         This package contains a bare-bones implementation that uses the
         information in /etc/os-release instead of relying on LSB packages.
        Original-Maintainer: Gioele Barabucci <gioele@svario.it>
        Homepage: https://gioele.io/lsb-release-minimal
    stdout_lines: <omitted>
ok: [Host34_2] =>
    changed: false
    cmd: |-
        missing=""
        for pkg in apt-transport-https ca-certificates curl gnupg lsb-release conntrack socat ipset ipvsadm; do
          if ! dpkg -s "$pkg" &>/dev/null; then
            missing="$missing $pkg"
          fi
        done
        echo "$missing"
    delta: '0:00:00.031249'
    end: '2026-06-06 11:25:45.238857'
    failed_when_result: false
    msg: ''
    rc: 0
    start: '2026-06-06 11:25:45.207608'
    stderr: |-
        dpkg-query: package 'conntrack' is not installed and no information is available
        Use dpkg --info (= dpkg-deb --info) to examine archive files.
        dpkg-query: package 'apt-transport-https' is not installed and no information is available
        Use dpkg --info (= dpkg-deb --info) to examine archive files.
        dpkg-query: package 'socat' is not installed and no information is available
        Use dpkg --info (= dpkg-deb --info) to examine archive files.
        dpkg-query: package 'ipvsadm' is not installed and no information is available
        Use dpkg --info (= dpkg-deb --info) to examine archive files.
        dpkg-query: package 'ipset' is not installed and no information is available
        Use dpkg --info (= dpkg-deb --info) to examine archive files.
    stderr_lines: <omitted>
    stdout: |4-
         apt-transport-https ca-certificates curl gnupg lsb-release conntrack socat ipset ipvsadm
        Package: ca-certificates
        Status: install ok installed
        Priority: important
        Section: misc
        Installed-Size: 386
        Maintainer: Ubuntu Developers <ubuntu-devel-discuss@lists.ubuntu.com>
        Architecture: all
        Multi-Arch: foreign
        Version: 20240203
        Depends: openssl (>= 1.1.1), debconf (>= 0.5) | debconf-2.0
        Breaks: ca-certificates-java (<< 20121112+nmu1)
        Enhances: openssl
        Description: Common CA certificates
         Contains the certificate authorities shipped with Mozilla's browser to allow
         SSL-based applications to check for the authenticity of SSL connections.
         .
         Please note that Debian can neither confirm nor deny whether the
         certificate authorities whose certificates are included in this package
         have in any way been audited for trustworthiness or RFC 3647 compliance.
         Full responsibility to assess them belongs to the local system
         administrator.
        Original-Maintainer: Julien Cristau <jcristau@debian.org>
        Package: gnupg
        Status: install ok installed
        Priority: optional
        Section: utils
        Installed-Size: 509
        Maintainer: Ubuntu Developers <ubuntu-devel-discuss@lists.ubuntu.com>
        Architecture: all
        Multi-Arch: foreign
        Source: gnupg2
        Version: 2.4.4-2ubuntu17.4
        Depends: dirmngr (<< 2.4.4-2ubuntu17.4.1~), dirmngr (>= 2.4.4-2ubuntu17.4), gnupg-utils (<< 2.4.4-2ubuntu17.4.1~), gnupg-utils (>= 2.4.4-2ubuntu17.4), gpg (<< 2.4.4-2ubuntu17.4.1~), gpg (>= 2.4.4-2ubuntu17.4), gpg-agent (<< 2.4.4-2ubuntu17.4.1~), gpg-agent (>= 2.4.4-2ubuntu17.4), gpgsm (<< 2.4.4-2ubuntu17.4.1~), gpgsm (>= 2.4.4-2ubuntu17.4), gpgv (<< 2.4.4-2ubuntu17.4.1~), gpgv (>= 2.4.4-2ubuntu17.4), keyboxd (<< 2.4.4-2ubuntu17.4.1~), keyboxd (>= 2.4.4-2ubuntu17.4)
        Recommends: gnupg-l10n (= 2.4.4-2ubuntu17.4), gpg-wks-client (<< 2.4.4-2ubuntu17.4.1~), gpg-wks-client (>= 2.4.4-2ubuntu17.4)
        Suggests: parcimonie, xloadimage, gpg-wks-server (<< 2.4.4-2ubuntu17.4.1~), gpg-wks-server (>= 2.4.4-2ubuntu17.4)
        Breaks: debsig-verify (<< 0.15), dirmngr (<< 2.4.4-2ubuntu17.4), libgnupg-interface-perl (<< 0.52-3), libgnupg-perl (<= 0.19-1), libmail-gnupg-perl (<= 0.22-1), monkeysphere (<< 0.38~), php-crypt-gpg (<= 1.4.1-1), python-apt (<= 1.1.0~beta4), python-gnupg (<< 0.3.8-3), python3-apt (<= 1.1.0~beta4)
        Description: GNU privacy guard - a free PGP replacement
         GnuPG is GNU's tool for secure communication and data storage.
         It can be used to encrypt data and to create digital signatures.
         It includes an advanced key management facility and is compliant
         with the proposed OpenPGP Internet standard as described in RFC4880.
         .
         This package contains the full suite of GnuPG tools for cryptographic
         communications and data storage.
        Homepage: https://www.gnupg.org/
        Original-Maintainer: Debian GnuPG Maintainers <pkg-gnupg-maint@lists.alioth.debian.org>
        Package: curl
        Status: install ok installed
        Priority: optional
        Section: web
        Installed-Size: 522
        Maintainer: Ubuntu Developers <ubuntu-devel-discuss@lists.ubuntu.com>
        Architecture: amd64
        Multi-Arch: foreign
        Version: 8.5.0-2ubuntu10.9
        Depends: libc6 (>= 2.34), libcurl4t64 (= 8.5.0-2ubuntu10.9), zlib1g (>= 1:1.1.4)
        Description: command line tool for transferring data with URL syntax
         curl is a command line tool for transferring data with URL syntax, supporting
         DICT, FILE, FTP, FTPS, GOPHER, HTTP, HTTPS, IMAP, IMAPS, LDAP, LDAPS, POP3,
         POP3S, RTMP, RTSP, SCP, SFTP, SMTP, SMTPS, TELNET and TFTP.
         .
         curl supports SSL certificates, HTTP POST, HTTP PUT, FTP uploading, HTTP form
         based upload, proxies, cookies, user+password authentication (Basic, Digest,
         NTLM, Negotiate, kerberos...), file transfer resume, proxy tunneling and a
         busload of other useful tricks.
        Homepage: https://curl.se/
        Original-Maintainer: Debian Curl Maintainers <team+curl@tracker.debian.org>
        Package: lsb-release
        Status: install ok installed
        Priority: important
        Section: misc
        Installed-Size: 17
        Maintainer: Ubuntu Developers <ubuntu-devel-discuss@lists.ubuntu.com>
        Architecture: all
        Multi-Arch: foreign
        Source: lsb-release-minimal
        Version: 12.0-2
        Description: Linux Standard Base version reporting utility (minimal implementation)
         The Linux Standard Base (http://www.linuxbase.org/) is a standard
         core system that third-party applications written for Linux can
         depend upon.
         .
         The lsb_release command is a simple tool to help identify the Linux
         distribution being used and its compliance with the Linux Standard Base.
         .
         This package contains a bare-bones implementation that uses the
         information in /etc/os-release instead of relying on LSB packages.
        Original-Maintainer: Gioele Barabucci <gioele@svario.it>
        Homepage: https://gioele.io/lsb-release-minimal
    stdout_lines: <omitted>
ok: [Host12_2] =>
    changed: false
    cmd: |-
        missing=""
        for pkg in apt-transport-https ca-certificates curl gnupg lsb-release conntrack socat ipset ipvsadm; do
          if ! dpkg -s "$pkg" &>/dev/null; then
            missing="$missing $pkg"
          fi
        done
        echo "$missing"
    delta: '0:00:00.049015'
    end: '2026-06-06 11:25:45.481371'
    failed_when_result: false
    msg: ''
    rc: 0
    start: '2026-06-06 11:25:45.432356'
    stderr: |-
        dpkg-query: package 'apt-transport-https' is not installed and no information is available
        dpkg-query: package 'ipvsadm' is not installed and no information is available
        Use dpkg --info (= dpkg-deb --info) to examine archive files.
        Use dpkg --info (= dpkg-deb --info) to examine archive files.
        dpkg-query: package 'socat' is not installed and no information is available
        Use dpkg --info (= dpkg-deb --info) to examine archive files.
        dpkg-query: package 'ipset' is not installed and no information is available
        Use dpkg --info (= dpkg-deb --info) to examine archive files.
        dpkg-query: package 'conntrack' is not installed and no information is available
        Use dpkg --info (= dpkg-deb --info) to examine archive files.
    stderr_lines: <omitted>
    stdout: |4-
         apt-transport-https ca-certificates curl gnupg lsb-release conntrack socat ipset ipvsadm
        Package: lsb-release
        Status: install ok installed
        Priority: important
        Section: misc
        Installed-Size: 17
        Maintainer: Ubuntu Developers <ubuntu-devel-discuss@lists.ubuntu.com>
        Architecture: all
        Multi-Arch: foreign
        Source: lsb-release-minimal
        Version: 12.0-2
        Description: Linux Standard Base version reporting utility (minimal implementation)
         The Linux Standard Base (http://www.linuxbase.org/) is a standard
         core system that third-party applications written for Linux can
         depend upon.
         .
         The lsb_release command is a simple tool to help identify the Linux
         distribution being used and its compliance with the Linux Standard Base.
         .
         This package contains a bare-bones implementation that uses the
         information in /etc/os-release instead of relying on LSB packages.
        Original-Maintainer: Gioele Barabucci <gioele@svario.it>
        Homepage: https://gioele.io/lsb-release-minimal
        Package: curl
        Status: install ok installed
        Priority: optional
        Section: web
        Installed-Size: 522
        Maintainer: Ubuntu Developers <ubuntu-devel-discuss@lists.ubuntu.com>
        Architecture: amd64
        Multi-Arch: foreign
        Version: 8.5.0-2ubuntu10.9
        Depends: libc6 (>= 2.34), libcurl4t64 (= 8.5.0-2ubuntu10.9), zlib1g (>= 1:1.1.4)
        Description: command line tool for transferring data with URL syntax
         curl is a command line tool for transferring data with URL syntax, supporting
         DICT, FILE, FTP, FTPS, GOPHER, HTTP, HTTPS, IMAP, IMAPS, LDAP, LDAPS, POP3,
         POP3S, RTMP, RTSP, SCP, SFTP, SMTP, SMTPS, TELNET and TFTP.
         .
         curl supports SSL certificates, HTTP POST, HTTP PUT, FTP uploading, HTTP form
         based upload, proxies, cookies, user+password authentication (Basic, Digest,
         NTLM, Negotiate, kerberos...), file transfer resume, proxy tunneling and a
         busload of other useful tricks.
        Homepage: https://curl.se/
        Original-Maintainer: Debian Curl Maintainers <team+curl@tracker.debian.org>
        Package: gnupg
        Status: install ok installed
        Priority: optional
        Section: utils
        Installed-Size: 509
        Maintainer: Ubuntu Developers <ubuntu-devel-discuss@lists.ubuntu.com>
        Architecture: all
        Multi-Arch: foreign
        Source: gnupg2
        Version: 2.4.4-2ubuntu17.4
        Depends: dirmngr (<< 2.4.4-2ubuntu17.4.1~), dirmngr (>= 2.4.4-2ubuntu17.4), gnupg-utils (<< 2.4.4-2ubuntu17.4.1~), gnupg-utils (>= 2.4.4-2ubuntu17.4), gpg (<< 2.4.4-2ubuntu17.4.1~), gpg (>= 2.4.4-2ubuntu17.4), gpg-agent (<< 2.4.4-2ubuntu17.4.1~), gpg-agent (>= 2.4.4-2ubuntu17.4), gpgsm (<< 2.4.4-2ubuntu17.4.1~), gpgsm (>= 2.4.4-2ubuntu17.4), gpgv (<< 2.4.4-2ubuntu17.4.1~), gpgv (>= 2.4.4-2ubuntu17.4), keyboxd (<< 2.4.4-2ubuntu17.4.1~), keyboxd (>= 2.4.4-2ubuntu17.4)
        Recommends: gnupg-l10n (= 2.4.4-2ubuntu17.4), gpg-wks-client (<< 2.4.4-2ubuntu17.4.1~), gpg-wks-client (>= 2.4.4-2ubuntu17.4)
        Suggests: parcimonie, xloadimage, gpg-wks-server (<< 2.4.4-2ubuntu17.4.1~), gpg-wks-server (>= 2.4.4-2ubuntu17.4)
        Breaks: debsig-verify (<< 0.15), dirmngr (<< 2.4.4-2ubuntu17.4), libgnupg-interface-perl (<< 0.52-3), libgnupg-perl (<= 0.19-1), libmail-gnupg-perl (<= 0.22-1), monkeysphere (<< 0.38~), php-crypt-gpg (<= 1.4.1-1), python-apt (<= 1.1.0~beta4), python-gnupg (<< 0.3.8-3), python3-apt (<= 1.1.0~beta4)
        Description: GNU privacy guard - a free PGP replacement
         GnuPG is GNU's tool for secure communication and data storage.
         It can be used to encrypt data and to create digital signatures.
         It includes an advanced key management facility and is compliant
         with the proposed OpenPGP Internet standard as described in RFC4880.
         .
         This package contains the full suite of GnuPG tools for cryptographic
         communications and data storage.
        Homepage: https://www.gnupg.org/
        Original-Maintainer: Debian GnuPG Maintainers <pkg-gnupg-maint@lists.alioth.debian.org>
        Package: ca-certificates
        Status: install ok installed
        Priority: important
        Section: misc
        Installed-Size: 386
        Maintainer: Ubuntu Developers <ubuntu-devel-discuss@lists.ubuntu.com>
        Architecture: all
        Multi-Arch: foreign
        Version: 20240203
        Depends: openssl (>= 1.1.1), debconf (>= 0.5) | debconf-2.0
        Breaks: ca-certificates-java (<< 20121112+nmu1)
        Enhances: openssl
        Description: Common CA certificates
         Contains the certificate authorities shipped with Mozilla's browser to allow
         SSL-based applications to check for the authenticity of SSL connections.
         .
         Please note that Debian can neither confirm nor deny whether the
         certificate authorities whose certificates are included in this package
         have in any way been audited for trustworthiness or RFC 3647 compliance.
         Full responsibility to assess them belongs to the local system
         administrator.
        Original-Maintainer: Julien Cristau <jcristau@debian.org>
    stdout_lines: <omitted>
ok: [Host34_1] =>
    changed: false
    cmd: |-
        missing=""
        for pkg in apt-transport-https ca-certificates curl gnupg lsb-release conntrack socat ipset ipvsadm; do
          if ! dpkg -s "$pkg" &>/dev/null; then
            missing="$missing $pkg"
          fi
        done
        echo "$missing"
    delta: '0:00:00.035857'
    end: '2026-06-06 11:25:45.680884'
    failed_when_result: false
    msg: ''
    rc: 0
    start: '2026-06-06 11:25:45.645027'
    stderr: |-
        dpkg-query: package 'apt-transport-https' is not installed and no information is available
        Use dpkg --info (= dpkg-deb --info) to examine archive files.
        dpkg-query: package 'socat' is not installed and no information is available
        Use dpkg --info (= dpkg-deb --info) to examine archive files.
        dpkg-query: package 'ipvsadm' is not installed and no information is available
        Use dpkg --info (= dpkg-deb --info) to examine archive files.
        dpkg-query: package 'ipset' is not installed and no information is available
        Use dpkg --info (= dpkg-deb --info) to examine archive files.
        dpkg-query: package 'conntrack' is not installed and no information is available
        Use dpkg --info (= dpkg-deb --info) to examine archive files.
    stderr_lines: <omitted>
    stdout: |4-
         apt-transport-https ca-certificates curl gnupg lsb-release conntrack socat ipset ipvsadm
        Package: ca-certificates
        Status: install ok installed
        Priority: important
        Section: misc
        Installed-Size: 386
        Maintainer: Ubuntu Developers <ubuntu-devel-discuss@lists.ubuntu.com>
        Architecture: all
        Multi-Arch: foreign
        Version: 20240203
        Depends: openssl (>= 1.1.1), debconf (>= 0.5) | debconf-2.0
        Breaks: ca-certificates-java (<< 20121112+nmu1)
        Enhances: openssl
        Description: Common CA certificates
         Contains the certificate authorities shipped with Mozilla's browser to allow
         SSL-based applications to check for the authenticity of SSL connections.
         .
         Please note that Debian can neither confirm nor deny whether the
         certificate authorities whose certificates are included in this package
         have in any way been audited for trustworthiness or RFC 3647 compliance.
         Full responsibility to assess them belongs to the local system
         administrator.
        Original-Maintainer: Julien Cristau <jcristau@debian.org>
        Package: curl
        Status: install ok installed
        Priority: optional
        Section: web
        Installed-Size: 522
        Maintainer: Ubuntu Developers <ubuntu-devel-discuss@lists.ubuntu.com>
        Architecture: amd64
        Multi-Arch: foreign
        Version: 8.5.0-2ubuntu10.9
        Depends: libc6 (>= 2.34), libcurl4t64 (= 8.5.0-2ubuntu10.9), zlib1g (>= 1:1.1.4)
        Description: command line tool for transferring data with URL syntax
         curl is a command line tool for transferring data with URL syntax, supporting
         DICT, FILE, FTP, FTPS, GOPHER, HTTP, HTTPS, IMAP, IMAPS, LDAP, LDAPS, POP3,
         POP3S, RTMP, RTSP, SCP, SFTP, SMTP, SMTPS, TELNET and TFTP.
         .
         curl supports SSL certificates, HTTP POST, HTTP PUT, FTP uploading, HTTP form
         based upload, proxies, cookies, user+password authentication (Basic, Digest,
         NTLM, Negotiate, kerberos...), file transfer resume, proxy tunneling and a
         busload of other useful tricks.
        Homepage: https://curl.se/
        Original-Maintainer: Debian Curl Maintainers <team+curl@tracker.debian.org>
        Package: lsb-release
        Status: install ok installed
        Priority: important
        Section: misc
        Installed-Size: 17
        Maintainer: Ubuntu Developers <ubuntu-devel-discuss@lists.ubuntu.com>
        Architecture: all
        Multi-Arch: foreign
        Source: lsb-release-minimal
        Version: 12.0-2
        Description: Linux Standard Base version reporting utility (minimal implementation)
         The Linux Standard Base (http://www.linuxbase.org/) is a standard
         core system that third-party applications written for Linux can
         depend upon.
         .
         The lsb_release command is a simple tool to help identify the Linux
         distribution being used and its compliance with the Linux Standard Base.
         .
         This package contains a bare-bones implementation that uses the
         information in /etc/os-release instead of relying on LSB packages.
        Original-Maintainer: Gioele Barabucci <gioele@svario.it>
        Homepage: https://gioele.io/lsb-release-minimal
        Package: gnupg
        Status: install ok installed
        Priority: optional
        Section: utils
        Installed-Size: 509
        Maintainer: Ubuntu Developers <ubuntu-devel-discuss@lists.ubuntu.com>
        Architecture: all
        Multi-Arch: foreign
        Source: gnupg2
        Version: 2.4.4-2ubuntu17.4
        Depends: dirmngr (<< 2.4.4-2ubuntu17.4.1~), dirmngr (>= 2.4.4-2ubuntu17.4), gnupg-utils (<< 2.4.4-2ubuntu17.4.1~), gnupg-utils (>= 2.4.4-2ubuntu17.4), gpg (<< 2.4.4-2ubuntu17.4.1~), gpg (>= 2.4.4-2ubuntu17.4), gpg-agent (<< 2.4.4-2ubuntu17.4.1~), gpg-agent (>= 2.4.4-2ubuntu17.4), gpgsm (<< 2.4.4-2ubuntu17.4.1~), gpgsm (>= 2.4.4-2ubuntu17.4), gpgv (<< 2.4.4-2ubuntu17.4.1~), gpgv (>= 2.4.4-2ubuntu17.4), keyboxd (<< 2.4.4-2ubuntu17.4.1~), keyboxd (>= 2.4.4-2ubuntu17.4)
        Recommends: gnupg-l10n (= 2.4.4-2ubuntu17.4), gpg-wks-client (<< 2.4.4-2ubuntu17.4.1~), gpg-wks-client (>= 2.4.4-2ubuntu17.4)
        Suggests: parcimonie, xloadimage, gpg-wks-server (<< 2.4.4-2ubuntu17.4.1~), gpg-wks-server (>= 2.4.4-2ubuntu17.4)
        Breaks: debsig-verify (<< 0.15), dirmngr (<< 2.4.4-2ubuntu17.4), libgnupg-interface-perl (<< 0.52-3), libgnupg-perl (<= 0.19-1), libmail-gnupg-perl (<= 0.22-1), monkeysphere (<< 0.38~), php-crypt-gpg (<= 1.4.1-1), python-apt (<= 1.1.0~beta4), python-gnupg (<< 0.3.8-3), python3-apt (<= 1.1.0~beta4)
        Description: GNU privacy guard - a free PGP replacement
         GnuPG is GNU's tool for secure communication and data storage.
         It can be used to encrypt data and to create digital signatures.
         It includes an advanced key management facility and is compliant
         with the proposed OpenPGP Internet standard as described in RFC4880.
         .
         This package contains the full suite of GnuPG tools for cryptographic
         communications and data storage.
        Homepage: https://www.gnupg.org/
        Original-Maintainer: Debian GnuPG Maintainers <pkg-gnupg-maint@lists.alioth.debian.org>
    stdout_lines: <omitted>

TASK [Install prerequisite packages (no cache update - air-gapped)] *********************************************************************************************************************************************
ok: [Host34_1] =>
    changed: false
    failed_when_result: false
    failed_when_suppressed_exception: (traceback unavailable)
    msg: No package matching 'Package:' is available
ok: [Host12_1] =>
    changed: false
    failed_when_result: false
    failed_when_suppressed_exception: (traceback unavailable)
    msg: No package matching 'Package:' is available
ok: [Host12_3] =>
    changed: false
    failed_when_result: false
    failed_when_suppressed_exception: (traceback unavailable)
    msg: No package matching 'Package:' is available
ok: [Host12_2] =>
    changed: false
    failed_when_result: false
    failed_when_suppressed_exception: (traceback unavailable)
    msg: No package matching 'Package:' is available
ok: [Host34_2] =>
    changed: false
    failed_when_result: false
    failed_when_suppressed_exception: (traceback unavailable)
    msg: No package matching 'Package:' is available

TASK [Find matching .deb files in preflight cache] **************************************************************************************************************************************************************
skipping: [Host34_1] =>
    changed: false
    false_condition: _apt_prereq is failed
    skip_reason: Conditional result was False
skipping: [Host12_1] =>
    changed: false
    false_condition: _apt_prereq is failed
    skip_reason: Conditional result was False
skipping: [Host12_2] =>
    changed: false
    false_condition: _apt_prereq is failed
    skip_reason: Conditional result was False
skipping: [Host12_3] =>
    changed: false
    false_condition: _apt_prereq is failed
    skip_reason: Conditional result was False
skipping: [Host34_2] =>
    changed: false
    false_condition: _apt_prereq is failed
    skip_reason: Conditional result was False

TASK [Create temp deb staging directory on nodes] ***************************************************************************************************************************************************************
skipping: [Host12_1] =>
    changed: false
    false_condition: _apt_prereq is failed
    skip_reason: Conditional result was False
skipping: [Host34_1] =>
    changed: false
    false_condition: _apt_prereq is failed
    skip_reason: Conditional result was False
skipping: [Host12_2] =>
    changed: false
    false_condition: _apt_prereq is failed
    skip_reason: Conditional result was False
skipping: [Host12_3] =>
    changed: false
    false_condition: _apt_prereq is failed
    skip_reason: Conditional result was False
skipping: [Host34_2] =>
    changed: false
    false_condition: _apt_prereq is failed
    skip_reason: Conditional result was False

TASK [Push .deb packages to nodes] ******************************************************************************************************************************************************************************
skipping: [Host12_1] =>
    changed: false
    false_condition: _apt_prereq is failed
    skip_reason: Conditional result was False
skipping: [Host34_1] =>
    changed: false
    false_condition: _apt_prereq is failed
    skip_reason: Conditional result was False
skipping: [Host12_2] =>
    changed: false
    false_condition: _apt_prereq is failed
    skip_reason: Conditional result was False
skipping: [Host12_3] =>
    changed: false
    false_condition: _apt_prereq is failed
    skip_reason: Conditional result was False
skipping: [Host34_2] =>
    changed: false
    false_condition: _apt_prereq is failed
    skip_reason: Conditional result was False

TASK [Install .deb packages via dpkg] ***************************************************************************************************************************************************************************
skipping: [Host12_1] =>
    changed: false
    false_condition: _apt_prereq is failed
    skip_reason: Conditional result was False
skipping: [Host34_1] =>
    changed: false
    false_condition: _apt_prereq is failed
    skip_reason: Conditional result was False
skipping: [Host12_2] =>
    changed: false
    false_condition: _apt_prereq is failed
    skip_reason: Conditional result was False
skipping: [Host12_3] =>
    changed: false
    false_condition: _apt_prereq is failed
    skip_reason: Conditional result was False
skipping: [Host34_2] =>
    changed: false
    false_condition: _apt_prereq is failed
    skip_reason: Conditional result was False

TASK [Verify packages after dpkg install] ***********************************************************************************************************************************************************************
skipping: [Host12_1] =>
    changed: false
    false_condition: _apt_prereq is failed
    skip_reason: Conditional result was False
skipping: [Host34_1] =>
    changed: false
    false_condition: _apt_prereq is failed
    skip_reason: Conditional result was False
skipping: [Host12_2] =>
    changed: false
    false_condition: _apt_prereq is failed
    skip_reason: Conditional result was False
skipping: [Host12_3] =>
    changed: false
    false_condition: _apt_prereq is failed
    skip_reason: Conditional result was False
skipping: [Host34_2] =>
    changed: false
    false_condition: _apt_prereq is failed
    skip_reason: Conditional result was False

TASK [Warn if packages still missing after dpkg fallback] *******************************************************************************************************************************************************
skipping: [Host34_1] =>
    false_condition: _apt_prereq is failed
skipping: [Host12_1] =>
    false_condition: _apt_prereq is failed
skipping: [Host12_2] =>
    false_condition: _apt_prereq is failed
skipping: [Host12_3] =>
    false_condition: _apt_prereq is failed
skipping: [Host34_2] =>
    false_condition: _apt_prereq is failed

TASK [Clean up temp deb staging] ********************************************************************************************************************************************************************************
skipping: [Host12_1] =>
    changed: false
    false_condition: _apt_prereq is failed
    skip_reason: Conditional result was False
skipping: [Host34_1] =>
    changed: false
    false_condition: _apt_prereq is failed
    skip_reason: Conditional result was False
skipping: [Host12_2] =>
    changed: false
    false_condition: _apt_prereq is failed
    skip_reason: Conditional result was False
skipping: [Host12_3] =>
    changed: false
    false_condition: _apt_prereq is failed
    skip_reason: Conditional result was False
skipping: [Host34_2] =>
    changed: false
    false_condition: _apt_prereq is failed
    skip_reason: Conditional result was False

TASK [Set hostname to kube_node_name] ***************************************************************************************************************************************************************************
ok: [Host34_2] =>
    ansible_facts:
        ansible_domain: ''
        ansible_fqdn: host34-2
        ansible_hostname: host34-2
        ansible_nodename: host34-2
    changed: false
    name: host34-2
ok: [Host12_3] =>
    ansible_facts:
        ansible_domain: ''
        ansible_fqdn: host12-3
        ansible_hostname: host12-3
        ansible_nodename: host12-3
    changed: false
    name: host12-3
ok: [Host34_1] =>
    ansible_facts:
        ansible_domain: ''
        ansible_fqdn: host34-1
        ansible_hostname: host34-1
        ansible_nodename: host34-1
    changed: false
    name: host34-1
ok: [Host12_1] =>
    ansible_facts:
        ansible_domain: ''
        ansible_fqdn: host12-1
        ansible_hostname: host12-1
        ansible_nodename: host12-1
    changed: false
    name: host12-1
ok: [Host12_2] =>
    ansible_facts:
        ansible_domain: ''
        ansible_fqdn: host12-2
        ansible_hostname: host12-2
        ansible_nodename: host12-2
    changed: false
    name: host12-2

TASK [preflight_hw | Check disk write latency for etcd (real hardware)] *****************************************************************************************************************************************
skipping: [Host12_1] =>
    changed: false
    false_condition: automation_profile == 'real_hardware'
    skip_reason: Conditional result was False
skipping: [Host34_1] =>
    changed: false
    false_condition: automation_profile == 'real_hardware'
    skip_reason: Conditional result was False
skipping: [Host12_2] =>
    changed: false
    false_condition: automation_profile == 'real_hardware'
    skip_reason: Conditional result was False
skipping: [Host12_3] =>
    changed: false
    false_condition: automation_profile == 'real_hardware'
    skip_reason: Conditional result was False
skipping: [Host34_2] =>
    changed: false
    false_condition: automation_profile == 'real_hardware'
    skip_reason: Conditional result was False

TASK [preflight_hw | Report disk IOPS result] *******************************************************************************************************************************************************************
skipping: [Host12_1] =>
    false_condition: automation_profile == 'real_hardware'
skipping: [Host34_1] =>
    false_condition: automation_profile == 'real_hardware'
skipping: [Host12_2] =>
    false_condition: automation_profile == 'real_hardware'
skipping: [Host12_3] =>
    false_condition: automation_profile == 'real_hardware'
skipping: [Host34_2] =>
    false_condition: automation_profile == 'real_hardware'

PLAY [Phase 4: Execute KubeSpray cluster.yml] *******************************************************************************************************************************************************************

TASK [Display deployment plan] **********************************************************************************************************************************************************************************
ok: [localhost] =>
    msg: |-
        Deploying Kubernetes cluster via KubeSpray
        Profile: ubuntu_r810_kvm
        Timeout: 180s
        SSH user: ubuntu
        ProxyJump: nh1221@R810
        Inventory: /opt/fabric-cache/kubespray/src/inventory/dc-lab/hosts.yml

TASK [Clear stale SSH ControlMaster sockets] ********************************************************************************************************************************************************************
ok: [localhost] =>
    changed: false
    cmd: rm -f ~/.ansible/cp/* /tmp/ansible-ssh-* 2>/dev/null || true
    delta: '0:00:00.018819'
    end: '2026-06-06 06:26:10.598589'
    msg: ''
    rc: 0
    start: '2026-06-06 06:26:10.579770'
    stderr: ''
    stderr_lines: <omitted>
    stdout: ''
    stdout_lines: <omitted>

TASK [Write ProxyCommand wrapper script for R810 hop] ***********************************************************************************************************************************************************
ok: [localhost] =>
    changed: false
    checksum: 08ab1d209dd412967f74bc7606419b7529ab1fb5
    dest: /tmp/kube-proxy-jump.sh
    gid: 0
    group: root
    mode: '0755'
    owner: root
    path: /tmp/kube-proxy-jump.sh
    size: 360
    state: file
    uid: 0

TASK [Patch kubespray ansible.cfg — disable host key checking] **************************************************************************************************************************************************
ok: [localhost] =>
    backup: ''
    changed: false
    msg: ''

TASK [Patch kubespray ansible.cfg — SSH args via ProxyCommand script] *******************************************************************************************************************************************
ok: [localhost] =>
    backup: ''
    changed: false
    msg: ''

TASK [Patch kubespray ansible.cfg — SSH args (no proxy)] ********************************************************************************************************************************************************
skipping: [localhost] =>
    changed: false
    false_condition: proxy_jump_resolved | default('') | length == 0
    skip_reason: Conditional result was False

TASK [Patch kubespray ansible.cfg — disable pipelining] *********************************************************************************************************************************************************
ok: [localhost] =>
    backup: ''
    changed: false
    msg: ''

TASK [Run KubeSpray cluster.yml] ********************************************************************************************************************************************************************************
[ERROR]: Task failed: Module failed: non-zero return code
Origin: /mnt/c/Users/nh1221/data-center/_v3/playbooks/reused/deploy_kubespray.yml:477:7

475         insertafter: '^\[ssh_connection\]'
476
477     - name: Run KubeSpray cluster.yml
          ^ column 7

fatal: [localhost]: FAILED! =>
    changed: false
    cmd: |-
        set -o pipefail
        source /opt/fabric-cache/kubespray/venv/bin/activate
        cd /opt/fabric-cache/kubespray/src
        ansible-playbook -i /opt/fabric-cache/kubespray/src/inventory/dc-lab/hosts.yml  cluster.yml  --become --become-user=root  -e "ansible_user=ubuntu"  -e "ansible_ssh_pass=amolla01"  -e "ansible_become_pass=amolla01"  --timeout=180  2>&1 | tee /tmp/kubespray_deploy.log
    delta: '0:10:43.734953'
    end: '2026-06-06 06:37:04.354003'
    msg: non-zero return code
    rc: 2
    start: '2026-06-06 06:26:20.619050'
    stderr: ''
    stderr_lines: <omitted>
    stdout: |-
        [WARNING]: While constructing a mapping from /opt/fabric-
        cache/kubespray/src/roles/bootstrap-os/tasks/main.yml, line 29, column 7, found
        a duplicate dict key (paths). Using last defined value only.
        [WARNING]: Skipping callback plugin 'ara_default', unable to load

        PLAY [Check Ansible version] ***************************************************
        Saturday 06 June 2026  06:26:22 -0500 (0:00:00.014)       0:00:00.014 *********

        TASK [Check 2.16.4 <= Ansible version < 2.17.0] ********************************
        ok: [host12-1] => {
            "changed": false,
            "msg": "All assertions passed"
        }
        Saturday 06 June 2026  06:26:22 -0500 (0:00:00.035)       0:00:00.050 *********

        TASK [Check that python netaddr is installed] **********************************
        ok: [host12-1] => {
            "changed": false,
            "msg": "All assertions passed"
        }
        Saturday 06 June 2026  06:26:22 -0500 (0:00:00.064)       0:00:00.115 *********
        [WARNING]: Could not match supplied host pattern, ignoring: kube-master
        [WARNING]: Could not match supplied host pattern, ignoring: kube-node
        [WARNING]: Could not match supplied host pattern, ignoring: k8s-cluster
        [WARNING]: Could not match supplied host pattern, ignoring: calico-rr
        [WARNING]: Could not match supplied host pattern, ignoring: no-floating
        [WARNING]: Could not match supplied host pattern, ignoring: bastion

        TASK [Check that jinja is not too old (install via pip)] ***********************
        ok: [host12-1] => {
            "changed": false,
            "msg": "All assertions passed"
        }

        PLAY [Add kube-master nodes to kube_control_plane] *****************************
        skipping: no hosts matched

        PLAY [Add kube-node nodes to kube_node] ****************************************
        skipping: no hosts matched

        PLAY [Add k8s-cluster nodes to k8s_cluster] ************************************
        skipping: no hosts matched

        PLAY [Add calico-rr nodes to calico_rr] ****************************************
        skipping: no hosts matched

        PLAY [Add no-floating nodes to no_floating] ************************************
        skipping: no hosts matched

        PLAY [Install bastion ssh config] **********************************************
        skipping: no hosts matched

        PLAY [Bootstrap hosts for Ansible] *********************************************
        Saturday 06 June 2026  06:26:22 -0500 (0:00:00.035)       0:00:00.150 *********
        Saturday 06 June 2026  06:26:22 -0500 (0:00:00.068)       0:00:00.219 *********
        Saturday 06 June 2026  06:26:22 -0500 (0:00:00.031)       0:00:00.250 *********
        Saturday 06 June 2026  06:26:22 -0500 (0:00:00.078)       0:00:00.329 *********
        Saturday 06 June 2026  06:26:22 -0500 (0:00:00.032)       0:00:00.362 *********
        Saturday 06 June 2026  06:26:22 -0500 (0:00:00.080)       0:00:00.442 *********
        Saturday 06 June 2026  06:26:22 -0500 (0:00:00.092)       0:00:00.535 *********
        [WARNING]: raw module does not support the environment keyword

        TASK [bootstrap-os : Fetch /etc/os-release] ************************************
        ok: [host12-2]
        ok: [host12-1]
        ok: [hostb12-1]
        ok: [host34-1]
        ok: [host12-3]
        ok: [host34-2]
        Saturday 06 June 2026  06:26:25 -0500 (0:00:02.452)       0:00:02.987 *********
        Saturday 06 June 2026  06:26:25 -0500 (0:00:00.094)       0:00:03.081 *********

        TASK [bootstrap-os : Include tasks] ********************************************
        included: /opt/fabric-cache/kubespray/src/roles/bootstrap-os/tasks/ubuntu.yml for host12-1, host34-1, hostb12-1, host12-2, host12-3, host34-2 => (item=/opt/fabric-cache/kubespray/src/roles/bootstrap-os/tasks/ubuntu.yml)
        Saturday 06 June 2026  06:26:25 -0500 (0:00:00.224)       0:00:03.306 *********

        TASK [bootstrap-os : Check if bootstrap is needed] *****************************
        ok: [host12-2]
        ok: [host12-1]
        ok: [host34-1]
        ok: [host12-3]
        ok: [hostb12-1]
        ok: [host34-2]
        Saturday 06 June 2026  06:26:27 -0500 (0:00:01.976)       0:00:05.282 *********

        TASK [bootstrap-os : Check http::proxy in apt configuration files] *************
        ok: [host12-2]
        ok: [host34-1]
        ok: [hostb12-1]
        ok: [host12-1]
        ok: [host12-3]
        ok: [host34-2]
        Saturday 06 June 2026  06:26:29 -0500 (0:00:01.938)       0:00:07.221 *********
        Saturday 06 June 2026  06:26:29 -0500 (0:00:00.086)       0:00:07.307 *********

        TASK [bootstrap-os : Check https::proxy in apt configuration files] ************
        ok: [host34-1]
        ok: [host12-2]
        ok: [hostb12-1]
        ok: [host12-3]
        ok: [host12-1]
        ok: [host34-2]
        Saturday 06 June 2026  06:26:31 -0500 (0:00:02.079)       0:00:09.386 *********
        Saturday 06 June 2026  06:26:31 -0500 (0:00:00.081)       0:00:09.468 *********
        Saturday 06 June 2026  06:26:31 -0500 (0:00:00.072)       0:00:09.540 *********
        Saturday 06 June 2026  06:26:31 -0500 (0:00:00.114)       0:00:09.654 *********

        TASK [bootstrap-os : Create remote_tmp for it is used by another module] *******
        ok: [host34-1]
        ok: [host12-3]
        ok: [host12-1]
        ok: [host12-2]
        ok: [hostb12-1]
        ok: [host34-2]
        Saturday 06 June 2026  06:26:44 -0500 (0:00:12.668)       0:00:22.323 *********

        TASK [bootstrap-os : Gather facts] *********************************************
        ok: [host12-3]
        ok: [hostb12-1]
        ok: [host12-2]
        ok: [host12-1]
        ok: [host34-1]
        ok: [host34-2]
        Saturday 06 June 2026  06:26:58 -0500 (0:00:13.631)       0:00:35.954 *********

        TASK [bootstrap-os : Assign inventory name to unconfigured hostnames (non-CoreOS, non-Flatcar, Suse and ClearLinux, non-Fedora)] ***
        ok: [hostb12-1]
        ok: [host34-1]
        ok: [host12-3]
        ok: [host12-1]
        ok: [host12-2]
        ok: [host34-2]
        Saturday 06 June 2026  06:27:13 -0500 (0:00:15.565)       0:00:51.520 *********
        Saturday 06 June 2026  06:27:13 -0500 (0:00:00.093)       0:00:51.613 *********

        TASK [bootstrap-os : Ensure bash_completion.d folder exists] *******************
        ok: [hostb12-1]
        ok: [host34-1]
        ok: [host12-3]
        ok: [host12-1]
        ok: [host12-2]
        ok: [host34-2]

        PLAY [Gather facts] ************************************************************
        Saturday 06 June 2026  06:27:27 -0500 (0:00:13.298)       0:01:04.911 *********

        TASK [Gather minimal facts] ****************************************************
        ok: [hostb12-1]
        ok: [host34-1]
        ok: [host12-3]
        ok: [host12-2]
        ok: [host12-1]
        ok: [host34-2]
        Saturday 06 June 2026  06:27:40 -0500 (0:00:13.448)       0:01:18.360 *********

        TASK [Gather necessary facts (network)] ****************************************
        ok: [host12-3]
        ok: [host12-1]
        ok: [hostb12-1]
        ok: [host34-1]
        ok: [host12-2]
        ok: [host34-2]
        Saturday 06 June 2026  06:27:54 -0500 (0:00:13.908)       0:01:32.268 *********

        TASK [Gather necessary facts (hardware)] ***************************************
        ok: [host34-1]
        ok: [hostb12-1]
        ok: [host12-3]
        ok: [host12-1]
        ok: [host12-2]
        ok: [host34-2]

        PLAY [Prepare for etcd install] ************************************************
        Saturday 06 June 2026  06:28:10 -0500 (0:00:15.652)       0:01:47.921 *********
        Saturday 06 June 2026  06:28:10 -0500 (0:00:00.099)       0:01:48.020 *********

        TASK [kubespray-defaults : Create fallback_ips_base] ***************************
        ok: [host12-1 -> localhost]
        Saturday 06 June 2026  06:28:10 -0500 (0:00:00.041)       0:01:48.062 *********

        TASK [kubespray-defaults : Set fallback_ips] ***********************************
        ok: [host12-1]
        ok: [host34-1]
        ok: [hostb12-1]
        ok: [host12-2]
        ok: [host12-3]
        ok: [host34-2]
        Saturday 06 June 2026  06:28:10 -0500 (0:00:00.093)       0:01:48.156 *********
        Saturday 06 June 2026  06:28:10 -0500 (0:00:00.030)       0:01:48.186 *********
        Saturday 06 June 2026  06:28:10 -0500 (0:00:00.084)       0:01:48.270 *********
        Saturday 06 June 2026  06:28:10 -0500 (0:00:00.082)       0:01:48.353 *********

        TASK [adduser : User | Create User Group] **************************************
        ok: [host12-2]
        ok: [host34-1]
        ok: [hostb12-1]
        ok: [host12-3]
        ok: [host12-1]
        ok: [host34-2]
        Saturday 06 June 2026  06:28:22 -0500 (0:00:11.970)       0:02:00.324 *********

        TASK [adduser : User | Create User] ********************************************
        ok: [host34-1]
        ok: [host12-2]
        ok: [host12-1]
        ok: [host12-3]
        ok: [hostb12-1]
        ok: [host34-2]
        Saturday 06 June 2026  06:28:34 -0500 (0:00:12.451)       0:02:12.775 *********

        TASK [kubernetes/preinstall : Check if /etc/fstab exists] **********************
        ok: [host12-2]
        ok: [host34-1]
        ok: [host12-3]
        ok: [hostb12-1]
        ok: [host12-1]
        ok: [host34-2]
        Saturday 06 June 2026  06:28:46 -0500 (0:00:11.722)       0:02:24.497 *********

        TASK [kubernetes/preinstall : Remove swapfile from /etc/fstab] *****************
        ok: [host12-3] => (item=swap)
        ok: [hostb12-1] => (item=swap)
        ok: [host34-1] => (item=swap)
        ok: [host12-2] => (item=swap)
        ok: [host12-1] => (item=swap)
        ok: [host12-3] => (item=none)
        ok: [host34-1] => (item=none)
        ok: [hostb12-1] => (item=none)
        ok: [host12-2] => (item=none)
        ok: [host12-1] => (item=none)
        ok: [host34-2] => (item=swap)
        ok: [host34-2] => (item=none)
        Saturday 06 June 2026  06:29:12 -0500 (0:00:25.672)       0:02:50.170 *********

        TASK [kubernetes/preinstall : Mask swap.target (persist swapoff)] **************
        ok: [host12-2]
        ok: [host34-1]
        ok: [hostb12-1]
        ok: [host12-3]
        ok: [host12-1]
        ok: [host34-2]
        Saturday 06 June 2026  06:29:26 -0500 (0:00:13.843)       0:03:04.014 *********

        TASK [kubernetes/preinstall : Disable swap] ************************************
        changed: [host12-2]
        changed: [host12-3]
        changed: [hostb12-1]
        changed: [host34-1]
        changed: [host12-1]
        changed: [host34-2]
        Saturday 06 June 2026  06:29:37 -0500 (0:00:11.548)       0:03:15.562 *********
        Saturday 06 June 2026  06:29:37 -0500 (0:00:00.078)       0:03:15.641 *********

        TASK [kubernetes/preinstall : Check resolvconf] ********************************
        ok: [hostb12-1]
        ok: [host34-1]
        ok: [host12-3]
        ok: [host12-1]
        ok: [host12-2]
        ok: [host34-2]
        Saturday 06 June 2026  06:29:49 -0500 (0:00:11.925)       0:03:27.567 *********

        TASK [kubernetes/preinstall : Check existence of /etc/resolvconf/resolv.conf.d] ***
        ok: [host12-3]
        ok: [host12-1]
        ok: [hostb12-1]
        ok: [host34-1]
        ok: [host12-2]
        ok: [host34-2]
        Saturday 06 June 2026  06:30:01 -0500 (0:00:11.574)       0:03:39.141 *********

        TASK [kubernetes/preinstall : Check status of /etc/resolv.conf] ****************
        ok: [hostb12-1]
        ok: [host12-2]
        ok: [host34-1]
        ok: [host12-1]
        ok: [host12-3]
        ok: [host34-2]
        Saturday 06 June 2026  06:30:13 -0500 (0:00:12.590)       0:03:51.732 *********

        TASK [kubernetes/preinstall : Get content of /etc/resolv.conf] *****************
        ok: [host12-2]
        ok: [hostb12-1]
        ok: [host34-1]
        ok: [host12-3]
        ok: [host12-1]
        ok: [host34-2]
        Saturday 06 June 2026  06:30:25 -0500 (0:00:11.709)       0:04:03.441 *********

        TASK [kubernetes/preinstall : Get currently configured nameservers] ************
        ok: [host12-1]
        ok: [host34-1]
        ok: [hostb12-1]
        ok: [host12-2]
        ok: [host12-3]
        ok: [host34-2]
        Saturday 06 June 2026  06:30:25 -0500 (0:00:00.153)       0:04:03.594 *********
        Saturday 06 June 2026  06:30:25 -0500 (0:00:00.084)       0:04:03.679 *********

        TASK [kubernetes/preinstall : NetworkManager | Check if host has NetworkManager] ***
        ok: [hostb12-1]
        ok: [host34-1]
        ok: [host12-3]
        ok: [host12-2]
        ok: [host12-1]
        ok: [host34-2]
        Saturday 06 June 2026  06:30:37 -0500 (0:00:11.659)       0:04:15.339 *********

        TASK [kubernetes/preinstall : Check systemd-resolved] **************************
        ok: [host34-1]
        ok: [hostb12-1]
        ok: [host12-3]
        ok: [host12-1]
        ok: [host12-2]
        ok: [host34-2]
        Saturday 06 June 2026  06:30:49 -0500 (0:00:11.695)       0:04:27.034 *********

        TASK [kubernetes/preinstall : Set default dns if remove_default_searchdomains is false] ***
        ok: [host12-1]
        ok: [host34-1]
        ok: [hostb12-1]
        ok: [host12-2]
        ok: [host12-3]
        ok: [host34-2]
        Saturday 06 June 2026  06:30:49 -0500 (0:00:00.090)       0:04:27.124 *********

        TASK [kubernetes/preinstall : Set dns facts] ***********************************
        ok: [host12-1]
        ok: [host34-1]
        ok: [hostb12-1]
        ok: [host12-2]
        ok: [host12-3]
        ok: [host34-2]
        Saturday 06 June 2026  06:30:49 -0500 (0:00:00.090)       0:04:27.215 *********

        TASK [kubernetes/preinstall : Check if kubelet is configured] ******************
        ok: [host12-1]
        ok: [host12-3]
        ok: [host34-1]
        ok: [hostb12-1]
        ok: [host12-2]
        ok: [host34-2]
        Saturday 06 June 2026  06:31:00 -0500 (0:00:11.430)       0:04:38.645 *********

        TASK [kubernetes/preinstall : Check if early DNS configuration stage] **********
        ok: [host12-1]
        ok: [host34-1]
        ok: [hostb12-1]
        ok: [host12-2]
        ok: [host12-3]
        ok: [host34-2]
        Saturday 06 June 2026  06:31:00 -0500 (0:00:00.083)       0:04:38.729 *********

        TASK [kubernetes/preinstall : Target resolv.conf files] ************************
        ok: [host12-1]
        ok: [host34-1]
        ok: [hostb12-1]
        ok: [host12-2]
        ok: [host12-3]
        ok: [host34-2]
        Saturday 06 June 2026  06:31:01 -0500 (0:00:00.078)       0:04:38.808 *********
        Saturday 06 June 2026  06:31:01 -0500 (0:00:00.060)       0:04:38.868 *********

        TASK [kubernetes/preinstall : Check if /etc/dhclient.conf exists] **************
        ok: [host12-1]
        ok: [host12-2]
        ok: [host34-1]
        ok: [hostb12-1]
        ok: [host12-3]
        ok: [host34-2]
        Saturday 06 June 2026  06:31:13 -0500 (0:00:12.258)       0:04:51.127 *********
        Saturday 06 June 2026  06:31:13 -0500 (0:00:00.060)       0:04:51.188 *********

        TASK [kubernetes/preinstall : Check if /etc/dhcp/dhclient.conf exists] *********
        ok: [host34-1]
        ok: [hostb12-1]
        ok: [host12-3]
        ok: [host12-1]
        ok: [host12-2]
        ok: [host34-2]
        Saturday 06 June 2026  06:31:24 -0500 (0:00:11.441)       0:05:02.630 *********
        Saturday 06 June 2026  06:31:24 -0500 (0:00:00.069)       0:05:02.699 *********
        Saturday 06 June 2026  06:31:24 -0500 (0:00:00.062)       0:05:02.762 *********

        TASK [kubernetes/preinstall : Target dhclient hook file for Debian family] *****
        ok: [host12-1]
        ok: [host34-1]
        ok: [hostb12-1]
        ok: [host12-2]
        ok: [host12-3]
        ok: [host34-2]
        Saturday 06 June 2026  06:31:25 -0500 (0:00:00.082)       0:05:02.844 *********

        TASK [kubernetes/preinstall : Generate search domains to resolvconf] ***********
        ok: [host12-1]
        ok: [host34-1]
        ok: [hostb12-1]
        ok: [host12-2]
        ok: [host12-3]
        ok: [host34-2]
        Saturday 06 June 2026  06:31:25 -0500 (0:00:00.088)       0:05:02.933 *********

        TASK [kubernetes/preinstall : Pick coredns cluster IP or default resolver] *****
        ok: [host12-1]
        ok: [host34-1]
        ok: [hostb12-1]
        ok: [host12-2]
        ok: [host12-3]
        ok: [host34-2]
        Saturday 06 June 2026  06:31:25 -0500 (0:00:00.147)       0:05:03.080 *********
        Saturday 06 June 2026  06:31:25 -0500 (0:00:00.066)       0:05:03.146 *********

        TASK [kubernetes/preinstall : Generate nameservers for resolvconf, not including cluster DNS] ***
        ok: [host12-1]
        ok: [host34-1]
        ok: [hostb12-1]
        ok: [host12-2]
        ok: [host12-3]
        ok: [host34-2]
        Saturday 06 June 2026  06:31:25 -0500 (0:00:00.097)       0:05:03.243 *********
        Saturday 06 June 2026  06:31:25 -0500 (0:00:00.072)       0:05:03.316 *********

        TASK [kubernetes/preinstall : Check /usr readonly] *****************************
        ok: [host34-1]
        ok: [hostb12-1]
        ok: [host12-2]
        ok: [host12-3]
        ok: [host12-1]
        ok: [host34-2]
        Saturday 06 June 2026  06:31:37 -0500 (0:00:11.595)       0:05:14.911 *********
        Saturday 06 June 2026  06:31:37 -0500 (0:00:00.066)       0:05:14.977 *********

        TASK [kubernetes/preinstall : Stop if either kube_control_plane or kube_node group is empty] ***
        ok: [host12-1] => (item=kube_control_plane) => {
            "ansible_loop_var": "item",
            "changed": false,
            "item": "kube_control_plane",
            "msg": "All assertions passed"
        }
        ok: [host12-1] => (item=kube_node) => {
            "ansible_loop_var": "item",
            "changed": false,
            "item": "kube_node",
            "msg": "All assertions passed"
        }
        Saturday 06 June 2026  06:31:37 -0500 (0:00:00.044)       0:05:15.022 *********

        TASK [kubernetes/preinstall : Stop if etcd group is empty in external etcd mode] ***
        ok: [host12-1] => {
            "changed": false,
            "msg": "All assertions passed"
        }
        Saturday 06 June 2026  06:31:37 -0500 (0:00:00.035)       0:05:15.057 *********

        TASK [kubernetes/preinstall : Stop if non systemd OS type] *********************
        ok: [host12-1] => {
            "changed": false,
            "msg": "All assertions passed"
        }
        ok: [host34-1] => {
            "changed": false,
            "msg": "All assertions passed"
        }
        ok: [hostb12-1] => {
            "changed": false,
            "msg": "All assertions passed"
        }
        ok: [host12-2] => {
            "changed": false,
            "msg": "All assertions passed"
        }
        ok: [host12-3] => {
            "changed": false,
            "msg": "All assertions passed"
        }
        ok: [host34-2] => {
            "changed": false,
            "msg": "All assertions passed"
        }
        Saturday 06 June 2026  06:31:37 -0500 (0:00:00.088)       0:05:15.146 *********

        TASK [kubernetes/preinstall : Stop if the os does not support] *****************
        ok: [host12-1] => {
            "changed": false,
            "msg": "All assertions passed"
        }
        ok: [host34-1] => {
            "changed": false,
            "msg": "All assertions passed"
        }
        ok: [hostb12-1] => {
            "changed": false,
            "msg": "All assertions passed"
        }
        ok: [host12-2] => {
            "changed": false,
            "msg": "All assertions passed"
        }
        ok: [host12-3] => {
            "changed": false,
            "msg": "All assertions passed"
        }
        ok: [host34-2] => {
            "changed": false,
            "msg": "All assertions passed"
        }
        Saturday 06 June 2026  06:31:37 -0500 (0:00:00.093)       0:05:15.240 *********

        TASK [kubernetes/preinstall : Stop if unknown network plugin] ******************
        ok: [host12-1] => {
            "changed": false,
            "msg": "All assertions passed"
        }
        ok: [host34-1] => {
            "changed": false,
            "msg": "All assertions passed"
        }
        ok: [hostb12-1] => {
            "changed": false,
            "msg": "All assertions passed"
        }
        ok: [host12-2] => {
            "changed": false,
            "msg": "All assertions passed"
        }
        ok: [host12-3] => {
            "changed": false,
            "msg": "All assertions passed"
        }
        ok: [host34-2] => {
            "changed": false,
            "msg": "All assertions passed"
        }
        Saturday 06 June 2026  06:31:37 -0500 (0:00:00.092)       0:05:15.332 *********

        TASK [kubernetes/preinstall : Stop if unsupported version of Kubernetes] *******
        ok: [host12-1] => {
            "changed": false,
            "msg": "All assertions passed"
        }
        ok: [host34-1] => {
            "changed": false,
            "msg": "All assertions passed"
        }
        ok: [hostb12-1] => {
            "changed": false,
            "msg": "All assertions passed"
        }
        ok: [host12-2] => {
            "changed": false,
            "msg": "All assertions passed"
        }
        ok: [host12-3] => {
            "changed": false,
            "msg": "All assertions passed"
        }
        ok: [host34-2] => {
            "changed": false,
            "msg": "All assertions passed"
        }
        Saturday 06 June 2026  06:31:37 -0500 (0:00:00.089)       0:05:15.422 *********

        TASK [kubernetes/preinstall : Stop if known booleans are set as strings (Use JSON format on CLI: -e "{'key': true }")] ***
        ok: [host12-1] => (item={'name': 'download_run_once', 'value': True}) => {
            "ansible_loop_var": "item",
            "changed": false,
            "item": {
                "name": "download_run_once",
                "value": true
            },
            "msg": "All assertions passed"
        }
        ok: [host12-1] => (item={'name': 'deploy_netchecker', 'value': False}) => {
            "ansible_loop_var": "item",
            "changed": false,
            "item": {
                "name": "deploy_netchecker",
                "value": false
            },
            "msg": "All assertions passed"
        }
        ok: [host12-1] => (item={'name': 'download_always_pull', 'value': False}) => {
            "ansible_loop_var": "item",
            "changed": false,
            "item": {
                "name": "download_always_pull",
                "value": false
            },
            "msg": "All assertions passed"
        }
        ok: [host12-1] => (item={'name': 'helm_enabled', 'value': True}) => {
            "ansible_loop_var": "item",
            "changed": false,
            "item": {
                "name": "helm_enabled",
                "value": true
            },
            "msg": "All assertions passed"
        }
        ok: [host12-1] => (item={'name': 'openstack_lbaas_enabled', 'value': False}) => {
            "ansible_loop_var": "item",
            "changed": false,
            "item": {
                "name": "openstack_lbaas_enabled",
                "value": false
            },
            "msg": "All assertions passed"
        }
        Saturday 06 June 2026  06:31:37 -0500 (0:00:00.074)       0:05:15.496 *********

        TASK [kubernetes/preinstall : Stop if even number of etcd hosts] ***************
        ok: [host12-1] => {
            "changed": false,
            "msg": "All assertions passed"
        }
        ok: [host34-1] => {
            "changed": false,
            "msg": "All assertions passed"
        }
        ok: [hostb12-1] => {
            "changed": false,
            "msg": "All assertions passed"
        }
        Saturday 06 June 2026  06:31:37 -0500 (0:00:00.076)       0:05:15.573 *********

        TASK [kubernetes/preinstall : Stop if memory is too small for masters] *********
        ok: [host12-1] => {
            "changed": false,
            "msg": "All assertions passed"
        }
        ok: [host34-1] => {
            "changed": false,
            "msg": "All assertions passed"
        }
        ok: [hostb12-1] => {
            "changed": false,
            "msg": "All assertions passed"
        }
        Saturday 06 June 2026  06:31:37 -0500 (0:00:00.076)       0:05:15.650 *********

        TASK [kubernetes/preinstall : Stop if memory is too small for nodes] ***********
        ok: [host12-1] => {
            "changed": false,
            "msg": "All assertions passed"
        }
        ok: [host34-1] => {
            "changed": false,
            "msg": "All assertions passed"
        }
        ok: [hostb12-1] => {
            "changed": false,
            "msg": "All assertions passed"
        }
        ok: [host12-2] => {
            "changed": false,
            "msg": "All assertions passed"
        }
        ok: [host12-3] => {
            "changed": false,
            "msg": "All assertions passed"
        }
        ok: [host34-2] => {
            "changed": false,
            "msg": "All assertions passed"
        }
        Saturday 06 June 2026  06:31:37 -0500 (0:00:00.099)       0:05:15.750 *********

        TASK [kubernetes/preinstall : Stop if cgroups are not enabled on nodes] ********
        ok: [host34-1]
        ok: [host12-2]
        ok: [hostb12-1]
        ok: [host12-1]
        ok: [host12-3]
        ok: [host34-2]
        Saturday 06 June 2026  06:31:49 -0500 (0:00:11.763)       0:05:27.513 *********
        Saturday 06 June 2026  06:31:49 -0500 (0:00:00.086)       0:05:27.600 *********

        TASK [kubernetes/preinstall : Stop if ip var does not match local ips] *********
        ok: [host12-1] => {
            "changed": false,
            "msg": "All assertions passed"
        }
        ok: [host34-1] => {
            "changed": false,
            "msg": "All assertions passed"
        }
        ok: [hostb12-1] => {
            "changed": false,
            "msg": "All assertions passed"
        }
        ok: [host12-2] => {
            "changed": false,
            "msg": "All assertions passed"
        }
        ok: [host12-3] => {
            "changed": false,
            "msg": "All assertions passed"
        }
        ok: [host34-2] => {
            "changed": false,
            "msg": "All assertions passed"
        }
        Saturday 06 June 2026  06:31:49 -0500 (0:00:00.094)       0:05:27.695 *********

        TASK [kubernetes/preinstall : Ensure ping package] *****************************
        ok: [host12-1]
        ok: [host12-3]
        ok: [hostb12-1]
        ok: [host34-1]
        ok: [host12-2]
        ok: [host34-2]
        Saturday 06 June 2026  06:32:04 -0500 (0:00:15.009)       0:05:42.704 *********

        TASK [kubernetes/preinstall : Stop if access_ip is not pingable] ***************
        ok: [host34-1]
        ok: [host12-3]
        ok: [hostb12-1]
        ok: [host12-1]
        ok: [host12-2]
        ok: [host34-2]
        Saturday 06 June 2026  06:32:17 -0500 (0:00:12.540)       0:05:55.245 *********
        Saturday 06 June 2026  06:32:17 -0500 (0:00:00.070)       0:05:55.315 *********
        Saturday 06 June 2026  06:32:17 -0500 (0:00:00.076)       0:05:55.392 *********
        Saturday 06 June 2026  06:32:17 -0500 (0:00:00.102)       0:05:55.495 *********

        TASK [kubernetes/preinstall : Stop if bad hostname] ****************************
        ok: [host12-1] => {
            "changed": false,
            "msg": "All assertions passed"
        }
        ok: [host34-1] => {
            "changed": false,
            "msg": "All assertions passed"
        }
        ok: [hostb12-1] => {
            "changed": false,
            "msg": "All assertions passed"
        }
        ok: [host12-2] => {
            "changed": false,
            "msg": "All assertions passed"
        }
        ok: [host12-3] => {
            "changed": false,
            "msg": "All assertions passed"
        }
        ok: [host34-2] => {
            "changed": false,
            "msg": "All assertions passed"
        }
        Saturday 06 June 2026  06:32:17 -0500 (0:00:00.104)       0:05:55.599 *********
        Saturday 06 June 2026  06:32:17 -0500 (0:00:00.087)       0:05:55.687 *********

        TASK [kubernetes/preinstall : Check that kube_service_addresses is a network range] ***
        ok: [host12-1] => {
            "changed": false,
            "msg": "All assertions passed"
        }
        Saturday 06 June 2026  06:32:17 -0500 (0:00:00.094)       0:05:55.782 *********

        TASK [kubernetes/preinstall : Check that kube_pods_subnet is a network range] ***
        ok: [host12-1] => {
            "changed": false,
            "msg": "All assertions passed"
        }
        Saturday 06 June 2026  06:32:18 -0500 (0:00:00.087)       0:05:55.870 *********

        TASK [kubernetes/preinstall : Check that kube_pods_subnet does not collide with kube_service_addresses] ***
        ok: [host12-1] => {
            "changed": false,
            "msg": "All assertions passed"
        }
        Saturday 06 June 2026  06:32:18 -0500 (0:00:00.102)       0:05:55.972 *********
        Saturday 06 June 2026  06:32:18 -0500 (0:00:00.028)       0:05:56.001 *********

        TASK [kubernetes/preinstall : Stop if unknown dns mode] ************************
        ok: [host12-1] => {
            "changed": false,
            "msg": "All assertions passed"
        }
        Saturday 06 June 2026  06:32:18 -0500 (0:00:00.045)       0:05:56.046 *********

        TASK [kubernetes/preinstall : Stop if unknown kube proxy mode] *****************
        ok: [host12-1] => {
            "changed": false,
            "msg": "All assertions passed"
        }
        Saturday 06 June 2026  06:32:18 -0500 (0:00:00.046)       0:05:56.093 *********

        TASK [kubernetes/preinstall : Stop if unknown cert_management] *****************
        ok: [host12-1] => {
            "changed": false,
            "msg": "All assertions passed"
        }
        Saturday 06 June 2026  06:32:18 -0500 (0:00:00.043)       0:05:56.137 *********

        TASK [kubernetes/preinstall : Stop if unknown resolvconf_mode] *****************
        ok: [host12-1] => {
            "changed": false,
            "msg": "All assertions passed"
        }
        Saturday 06 June 2026  06:32:18 -0500 (0:00:00.043)       0:05:56.181 *********

        TASK [kubernetes/preinstall : Stop if etcd deployment type is not host, docker or kubeadm] ***
        ok: [host12-1] => {
            "changed": false,
            "msg": "All assertions passed"
        }
        ok: [host34-1] => {
            "changed": false,
            "msg": "All assertions passed"
        }
        ok: [hostb12-1] => {
            "changed": false,
            "msg": "All assertions passed"
        }
        Saturday 06 June 2026  06:32:18 -0500 (0:00:00.104)       0:05:56.285 *********

        TASK [kubernetes/preinstall : Stop if container manager is not docker, crio or containerd] ***
        ok: [host12-1] => {
            "changed": false,
            "msg": "All assertions passed"
        }
        Saturday 06 June 2026  06:32:18 -0500 (0:00:00.046)       0:05:56.332 *********

        TASK [kubernetes/preinstall : Stop if etcd deployment type is not host or kubeadm when container_manager != docker] ***
        ok: [host12-1] => {
            "changed": false,
            "msg": "All assertions passed"
        }
        ok: [host34-1] => {
            "changed": false,
            "msg": "All assertions passed"
        }
        ok: [hostb12-1] => {
            "changed": false,
            "msg": "All assertions passed"
        }
        Saturday 06 June 2026  06:32:18 -0500 (0:00:00.099)       0:05:56.431 *********
        Saturday 06 June 2026  06:32:18 -0500 (0:00:00.029)       0:05:56.460 *********
        Saturday 06 June 2026  06:32:18 -0500 (0:00:00.030)       0:05:56.490 *********
        Saturday 06 June 2026  06:32:18 -0500 (0:00:00.092)       0:05:56.583 *********
        Saturday 06 June 2026  06:32:18 -0500 (0:00:00.080)       0:05:56.663 *********
        Saturday 06 June 2026  06:32:18 -0500 (0:00:00.092)       0:05:56.755 *********

        TASK [kubernetes/preinstall : Stop if download_localhost is enabled for Flatcar Container Linux] ***
        ok: [host12-1] => {
            "changed": false,
            "msg": "All assertions passed"
        }
        ok: [host34-1] => {
            "changed": false,
            "msg": "All assertions passed"
        }
        ok: [hostb12-1] => {
            "changed": false,
            "msg": "All assertions passed"
        }
        ok: [host12-2] => {
            "changed": false,
            "msg": "All assertions passed"
        }
        ok: [host12-3] => {
            "changed": false,
            "msg": "All assertions passed"
        }
        ok: [host34-2] => {
            "changed": false,
            "msg": "All assertions passed"
        }
        Saturday 06 June 2026  06:32:19 -0500 (0:00:00.109)       0:05:56.864 *********

        TASK [kubernetes/preinstall : Ensure minimum containerd version] ***************
        ok: [host12-1] => {
            "changed": false,
            "msg": "All assertions passed"
        }
        Saturday 06 June 2026  06:32:19 -0500 (0:00:00.047)       0:05:56.912 *********
        Saturday 06 June 2026  06:32:19 -0500 (0:00:00.084)       0:05:56.996 *********
        Saturday 06 June 2026  06:32:19 -0500 (0:00:00.072)       0:05:57.069 *********
        Saturday 06 June 2026  06:32:19 -0500 (0:00:00.110)       0:05:57.180 *********

        TASK [kubernetes/preinstall : Verify that the packages list structure is valid] ***
        ok: [host12-1]
        ok: [host34-1]
        ok: [hostb12-1]
        ok: [host12-2]
        ok: [host12-3]
        ok: [host34-2]
        Saturday 06 June 2026  06:32:19 -0500 (0:00:00.262)       0:05:57.442 *********

        TASK [kubernetes/preinstall : Verify that the packages list is sorted] *********
        ok: [host12-1] => {
            "changed": false,
            "msg": "All assertions passed"
        }
        ok: [host34-1] => {
            "changed": false,
            "msg": "All assertions passed"
        }
        ok: [hostb12-1] => {
            "changed": false,
            "msg": "All assertions passed"
        }
        ok: [host12-2] => {
            "changed": false,
            "msg": "All assertions passed"
        }
        ok: [host12-3] => {
            "changed": false,
            "msg": "All assertions passed"
        }
        ok: [host34-2] => {
            "changed": false,
            "msg": "All assertions passed"
        }
        Saturday 06 June 2026  06:32:19 -0500 (0:00:00.204)       0:05:57.647 *********

        TASK [kubernetes/preinstall : Create kubernetes directories] *******************
        ok: [host34-1] => (item=/etc/kubernetes)
        ok: [host12-3] => (item=/etc/kubernetes)
        ok: [host12-1] => (item=/etc/kubernetes)
        ok: [host12-2] => (item=/etc/kubernetes)
        ok: [hostb12-1] => (item=/etc/kubernetes)
        ok: [host12-2] => (item=/etc/kubernetes/manifests)
        ok: [host34-1] => (item=/etc/kubernetes/manifests)
        ok: [hostb12-1] => (item=/etc/kubernetes/manifests)
        ok: [host12-3] => (item=/etc/kubernetes/manifests)
        ok: [host12-1] => (item=/etc/kubernetes/manifests)
        ok: [host34-1] => (item=/usr/local/bin/kubernetes-scripts)
        ok: [host12-2] => (item=/usr/local/bin/kubernetes-scripts)
        ok: [hostb12-1] => (item=/usr/local/bin/kubernetes-scripts)
        ok: [host12-3] => (item=/usr/local/bin/kubernetes-scripts)
        ok: [host12-1] => (item=/usr/local/bin/kubernetes-scripts)
        ok: [host34-1] => (item=/usr/libexec/kubernetes/kubelet-plugins/volume/exec)
        ok: [host12-2] => (item=/usr/libexec/kubernetes/kubelet-plugins/volume/exec)
        ok: [hostb12-1] => (item=/usr/libexec/kubernetes/kubelet-plugins/volume/exec)
        ok: [host12-3] => (item=/usr/libexec/kubernetes/kubelet-plugins/volume/exec)
        ok: [host12-1] => (item=/usr/libexec/kubernetes/kubelet-plugins/volume/exec)
        ok: [host34-2] => (item=/etc/kubernetes)
        ok: [host34-2] => (item=/etc/kubernetes/manifests)
        ok: [host34-2] => (item=/usr/local/bin/kubernetes-scripts)
        ok: [host34-2] => (item=/usr/libexec/kubernetes/kubelet-plugins/volume/exec)
        Saturday 06 June 2026  06:33:07 -0500 (0:00:47.233)       0:06:44.880 *********

        TASK [kubernetes/preinstall : Create other directories of root owner] **********
        ok: [host12-3] => (item=/etc/kubernetes/ssl)
        ok: [host12-1] => (item=/etc/kubernetes/ssl)
        ok: [host34-1] => (item=/etc/kubernetes/ssl)
        ok: [hostb12-1] => (item=/etc/kubernetes/ssl)
        ok: [host12-2] => (item=/etc/kubernetes/ssl)
        ok: [host12-3] => (item=/usr/local/bin)
        ok: [host12-1] => (item=/usr/local/bin)
        ok: [host34-1] => (item=/usr/local/bin)
        ok: [hostb12-1] => (item=/usr/local/bin)
        ok: [host12-2] => (item=/usr/local/bin)
        ok: [host34-2] => (item=/etc/kubernetes/ssl)
        ok: [host34-2] => (item=/usr/local/bin)
        Saturday 06 June 2026  06:33:31 -0500 (0:00:24.049)       0:07:08.930 *********

        TASK [kubernetes/preinstall : Check if kubernetes kubeadm compat cert dir exists] ***
        ok: [host34-1]
        ok: [host12-2]
        ok: [hostb12-1]
        ok: [host12-3]
        ok: [host12-1]
        ok: [host34-2]
        Saturday 06 June 2026  06:33:43 -0500 (0:00:12.016)       0:07:20.947 *********
        Saturday 06 June 2026  06:33:43 -0500 (0:00:00.069)       0:07:21.017 *********

        TASK [kubernetes/preinstall : Create cni directories] **************************
        ok: [host34-1] => (item=/etc/cni/net.d)
        ok: [host12-2] => (item=/etc/cni/net.d)
        ok: [host12-3] => (item=/etc/cni/net.d)
        ok: [host12-1] => (item=/etc/cni/net.d)
        ok: [hostb12-1] => (item=/etc/cni/net.d)
        ok: [host12-2] => (item=/opt/cni/bin)
        ok: [host34-1] => (item=/opt/cni/bin)
        ok: [host12-1] => (item=/opt/cni/bin)
        ok: [host12-3] => (item=/opt/cni/bin)
        ok: [hostb12-1] => (item=/opt/cni/bin)
        ok: [host34-2] => (item=/etc/cni/net.d)
        ok: [host34-2] => (item=/opt/cni/bin)
        Saturday 06 June 2026  06:34:06 -0500 (0:00:23.316)       0:07:44.333 *********

        TASK [kubernetes/preinstall : Create calico cni directories] *******************
        ok: [host12-1] => (item=/var/lib/calico)
        ok: [host12-3] => (item=/var/lib/calico)
        ok: [host34-1] => (item=/var/lib/calico)
        ok: [host12-2] => (item=/var/lib/calico)
        ok: [hostb12-1] => (item=/var/lib/calico)
        ok: [host34-2] => (item=/var/lib/calico)
        Saturday 06 June 2026  06:34:18 -0500 (0:00:11.821)       0:07:56.154 *********
        Saturday 06 June 2026  06:34:18 -0500 (0:00:00.084)       0:07:56.239 *********
        Saturday 06 June 2026  06:34:18 -0500 (0:00:00.069)       0:07:56.309 *********
        Saturday 06 June 2026  06:34:18 -0500 (0:00:00.065)       0:07:56.374 *********
        Saturday 06 June 2026  06:34:18 -0500 (0:00:00.112)       0:07:56.487 *********
        Saturday 06 June 2026  06:34:18 -0500 (0:00:00.118)       0:07:56.605 *********
        Saturday 06 June 2026  06:34:18 -0500 (0:00:00.076)       0:07:56.681 *********
        Saturday 06 June 2026  06:34:18 -0500 (0:00:00.072)       0:07:56.753 *********

        TASK [kubernetes/preinstall : Create systemd-resolved drop-in directory] *******
        ok: [host12-2]
        ok: [host34-1]
        ok: [hostb12-1]
        ok: [host12-1]
        ok: [host12-3]
        ok: [host34-2]
        Saturday 06 June 2026  06:34:30 -0500 (0:00:11.794)       0:08:08.548 *********

        TASK [kubernetes/preinstall : Write Kubespray DNS settings to systemd-resolved] ***
        ok: [host34-1]
        ok: [host12-2]
        ok: [hostb12-1]
        ok: [host12-3]
        ok: [host12-1]
        ok: [host34-2]
        Saturday 06 June 2026  06:34:48 -0500 (0:00:18.046)       0:08:26.595 *********
        Saturday 06 June 2026  06:34:48 -0500 (0:00:00.066)       0:08:26.661 *********
        Saturday 06 June 2026  06:34:48 -0500 (0:00:00.063)       0:08:26.725 *********
        Saturday 06 June 2026  06:34:48 -0500 (0:00:00.063)       0:08:26.788 *********
        Saturday 06 June 2026  06:34:49 -0500 (0:00:00.068)       0:08:26.856 *********
        Saturday 06 June 2026  06:34:49 -0500 (0:00:00.069)       0:08:26.926 *********
        Saturday 06 June 2026  06:34:49 -0500 (0:00:00.068)       0:08:26.994 *********
        Saturday 06 June 2026  06:34:49 -0500 (0:00:00.067)       0:08:27.062 *********
        Saturday 06 June 2026  06:34:49 -0500 (0:00:00.068)       0:08:27.130 *********
        Saturday 06 June 2026  06:34:49 -0500 (0:00:00.082)       0:08:27.212 *********
        Saturday 06 June 2026  06:34:49 -0500 (0:00:00.073)       0:08:27.286 *********

        TASK [kubernetes/preinstall : Update package management cache (APT)] ***********
        fatal: [host34-1]: FAILED! => {"changed": false, "msg": "Failed to lock apt for exclusive operation: Failed to lock directory /var/lib/apt/lists/: W:Be aware that removing the lock file is not a solution and may break your system., E:Could not get lock /var/lib/apt/lists/lock. It is held by process 70315 (python3)"}
        fatal: [hostb12-1]: FAILED! => {"changed": false, "msg": "Failed to lock apt for exclusive operation: Failed to lock directory /var/lib/apt/lists/: W:Be aware that removing the lock file is not a solution and may break your system., E:Could not get lock /var/lib/apt/lists/lock. It is held by process 70505 (python3)"}
        fatal: [host12-2]: FAILED! => {"changed": false, "msg": "Failed to lock apt for exclusive operation: Failed to lock directory /var/lib/apt/lists/: W:Be aware that removing the lock file is not a solution and may break your system., E:Could not get lock /var/lib/apt/lists/lock. It is held by process 69551 (python3)"}
        fatal: [host12-1]: FAILED! => {"changed": false, "msg": "Failed to lock apt for exclusive operation: Failed to lock directory /var/lib/apt/lists/: W:Be aware that removing the lock file is not a solution and may break your system., E:Could not get lock /var/lib/apt/lists/lock. It is held by process 71013 (python3)"}
        fatal: [host12-3]: FAILED! => {"changed": false, "msg": "Failed to lock apt for exclusive operation: Failed to lock directory /var/lib/apt/lists/: W:Be aware that removing the lock file is not a solution and may break your system., E:Could not get lock /var/lib/apt/lists/lock. It is held by process 70265 (python3)"}
        fatal: [host34-2]: FAILED! => {"changed": false, "msg": "Failed to lock apt for exclusive operation: Failed to lock directory /var/lib/apt/lists/: W:Be aware that removing the lock file is not a solution and may break your system., E:Could not get lock /var/lib/apt/lists/lock. It is held by process 81099 (python3)"}

        NO MORE HOSTS LEFT *************************************************************

        PLAY RECAP *********************************************************************
        host12-1                   : ok=78   changed=1    unreachable=0    failed=1    skipped=57   rescued=0    ignored=0
        host12-2                   : ok=58   changed=1    unreachable=0    failed=1    skipped=53   rescued=0    ignored=0
        host12-3                   : ok=58   changed=1    unreachable=0    failed=1    skipped=53   rescued=0    ignored=0
        host34-1                   : ok=62   changed=1    unreachable=0    failed=1    skipped=49   rescued=0    ignored=0
        host34-2                   : ok=58   changed=1    unreachable=0    failed=1    skipped=53   rescued=0    ignored=0
        hostb12-1                  : ok=62   changed=1    unreachable=0    failed=1    skipped=49   rescued=0    ignored=0

        Saturday 06 June 2026  06:37:04 -0500 (0:02:14.670)       0:10:41.956 *********
        ===============================================================================
        kubernetes/preinstall : Update package management cache (APT) --------- 134.67s
        kubernetes/preinstall : Create kubernetes directories ------------------ 47.23s
        kubernetes/preinstall : Remove swapfile from /etc/fstab ---------------- 25.67s
        kubernetes/preinstall : Create other directories of root owner --------- 24.05s
        kubernetes/preinstall : Create cni directories ------------------------- 23.32s
        kubernetes/preinstall : Write Kubespray DNS settings to systemd-resolved -- 18.05s
        Gather necessary facts (hardware) -------------------------------------- 15.65s
        bootstrap-os : Assign inventory name to unconfigured hostnames (non-CoreOS, non-Flatcar, Suse and ClearLinux, non-Fedora) -- 15.57s
        kubernetes/preinstall : Ensure ping package ---------------------------- 15.01s
        Gather necessary facts (network) --------------------------------------- 13.91s
        kubernetes/preinstall : Mask swap.target (persist swapoff) ------------- 13.84s
        bootstrap-os : Gather facts -------------------------------------------- 13.63s
        Gather minimal facts --------------------------------------------------- 13.45s
        bootstrap-os : Ensure bash_completion.d folder exists ------------------ 13.30s
        bootstrap-os : Create remote_tmp for it is used by another module ------ 12.67s
        kubernetes/preinstall : Check status of /etc/resolv.conf --------------- 12.59s
        kubernetes/preinstall : Stop if access_ip is not pingable -------------- 12.54s
        adduser : User | Create User ------------------------------------------- 12.45s
        kubernetes/preinstall : Check if /etc/dhclient.conf exists ------------- 12.26s
        kubernetes/preinstall : Check if kubernetes kubeadm compat cert dir exists -- 12.02s
    stdout_lines: <omitted>

PLAY RECAP ******************************************************************************************************************************************************************************************************
Host12_1                   : ok=8    changed=1    unreachable=0    failed=0    skipped=9    rescued=0    ignored=0
Host12_2                   : ok=8    changed=1    unreachable=0    failed=0    skipped=9    rescued=0    ignored=0
Host12_3                   : ok=8    changed=1    unreachable=0    failed=0    skipped=9    rescued=0    ignored=0
Host34_1                   : ok=8    changed=1    unreachable=0    failed=0    skipped=9    rescued=0    ignored=0
Host34_2                   : ok=8    changed=1    unreachable=0    failed=0    skipped=9    rescued=0    ignored=0
HostB12_1                  : ok=4    changed=1    unreachable=1    failed=0    skipped=0    rescued=0    ignored=0
localhost                  : ok=24   changed=0    unreachable=0    failed=1    skipped=3    rescued=0    ignored=0

(venv) nh1221@Lab-ControlNode:/mnt/c/Users/nh1221/data-center/_v3$
